global_rank,date_utc,datetime_utc,hybrid_score,embedding_sim,lexical_sim,tone,source,title,url,relevance_label,review_notes
1,2026-03-25,2026-03-25 20:00:00+00:00,0.7050286848955876,0.8617650270462036,0.23481965844373928,0.78740156,politicalwire.com,Trump Will Visit China In May,https://politicalwire.com/2026/03/25/trump-will-visit-china-in-may/,,
2,2026-03-16,2026-03-16 10:00:00+00:00,0.6443417105721444,0.713205099105835,0.4377515449710729,-0.78125,punchng.com,China Maintaining Communication With Us Over Trump Visit,https://punchng.com/china-maintaining-communication-with-us-over-trump-visit/,,
3,2026-03-16,2026-03-16 09:00:00+00:00,0.6397168058848736,0.6953666806221008,0.4727671816731919,-0.7692308,channelnewsasia.com,China Us Trump Visit Maintaining Communication 5996136,https://www.channelnewsasia.com/east-asia/china-us-trump-visit-maintaining-communication-5996136,,
4,2026-03-16,2026-03-16 10:00:00+00:00,0.6365395568430517,0.7330079674720764,0.3471343249559778,-0.7936508,freemalaysiatoday.com,China Says In Communication With Us Over Trump Visit,https://www.freemalaysiatoday.com/category/world/2026/03/16/china-says-in-communication-with-us-over-trump-visit,,
5,2026-03-17,2026-03-17 19:00:00+00:00,0.6212501924345305,0.8031438589096069,0.07556919300930127,-1.4553014,iraqsun.com,Trump Postpones China Visit By Five Or Six Weeks,http://www.iraqsun.com/news/278928094/trump-postpones-china-visit-by-five-or-six-weeks,,
6,2026-03-17,2026-03-17 23:00:00+00:00,0.6212501924345305,0.8031438589096069,0.07556919300930127,-1.4553014,newyorktelegraph.com,Trump Postpones China Visit By Five Or Six Weeks,http://www.newyorktelegraph.com/news/278928094/trump-postpones-china-visit-by-five-or-six-weeks,,
7,2026-03-17,2026-03-17 20:00:00+00:00,0.6212501924345305,0.8031438589096069,0.07556919300930127,-1.4553014,russiaherald.com,Trump Postpones China Visit By Five Or Six Weeks,http://www.russiaherald.com/news/278928094/trump-postpones-china-visit-by-five-or-six-weeks,,
8,2026-03-17,2026-03-17 20:00:00+00:00,0.6212501924345305,0.8031438589096069,0.07556919300930127,-1.4553014,newyorkstatesman.com,Trump Postpones China Visit By Five Or Six Weeks,http://www.newyorkstatesman.com/news/278928094/trump-postpones-china-visit-by-five-or-six-weeks,,
9,2026-03-17,2026-03-17 19:00:00+00:00,0.6212501924345305,0.8031438589096069,0.07556919300930127,-1.4553014,arabherald.com,Trump Postpones China Visit By Five Or Six Weeks,http://www.arabherald.com/news/278928094/trump-postpones-china-visit-by-five-or-six-weeks,,
10,2026-03-17,2026-03-17 19:00:00+00:00,0.6212501924345305,0.8031438589096069,0.07556919300930127,-1.4553014,newzealandstar.com,Trump Postpones China Visit By Five Or Six Weeks,http://www.newzealandstar.com/news/278928094/trump-postpones-china-visit-by-five-or-six-weeks,,
11,2026-03-17,2026-03-17 20:00:00+00:00,0.6212501924345305,0.8031438589096069,0.07556919300930127,-1.4553014,chinanationalnews.com,Trump Postpones China Visit By Five Or Six Weeks,http://www.chinanationalnews.com/news/278928094/trump-postpones-china-visit-by-five-or-six-weeks,,
12,2026-03-17,2026-03-17 22:00:00+00:00,0.6212501924345305,0.8031438589096069,0.07556919300930127,-1.4553014,shanghainews.net,Trump Postpones China Visit By Five Or Six Weeks,http://www.shanghainews.net/news/278928094/trump-postpones-china-visit-by-five-or-six-weeks,,
13,2026-03-17,2026-03-17 20:00:00+00:00,0.6212501924345305,0.8031438589096069,0.07556919300930127,-1.4553014,heraldglobe.com,Trump Postpones China Visit By Five Or Six Weeks,http://www.heraldglobe.com/news/278928094/trump-postpones-china-visit-by-five-or-six-weeks,,
14,2026-03-17,2026-03-17 20:00:00+00:00,0.6212501924345305,0.8031438589096069,0.07556919300930127,-1.4553014,asiabulletin.com,Trump Postpones China Visit By Five Or Six Weeks,http://www.asiabulletin.com/news/278928094/trump-postpones-china-visit-by-five-or-six-weeks,,
15,2026-03-09,2026-03-09 01:00:00+00:00,0.6188175379819395,0.7799475193023682,0.1354275940206537,0.0,japantimes.co.jp,Trump China Visit Stability,https://www.japantimes.co.jp/news/2026/03/09/asia-pacific/politics/trump-china-visit-stability/,,
16,2026-03-17,2026-03-17 18:00:00+00:00,0.6137089059644977,0.7871265411376953,0.09345600044490465,-1.4613779,newkerala.com,Trump Postpones China Visit Five Six Weeks 931,https://www.newkerala.com/news/a/trump-postpones-china-visit-five-six-weeks-931.htm,,
17,2026-03-16,2026-03-16 12:00:00+00:00,0.6097766725662235,0.684130072593689,0.38671647248382723,-3.1847134,ewn.co.za,China Says Maintaining Communication With Us Over Trump Visit,https://www.ewn.co.za/2026/03/16/china-says-maintaining-communication-with-us-over-trump-visit,,
18,2026-03-16,2026-03-16 14:00:00+00:00,0.6097766725662235,0.684130072593689,0.38671647248382723,-3.6630037,thefrontierpost.com,China Says Maintaining Communication With Us Over Trump Visit,https://thefrontierpost.com/china-says-maintaining-communication-with-us-over-trump-visit/,,
19,2026-03-18,2026-03-18 08:00:00+00:00,0.6089369912885435,0.7034980058670044,0.325253947553161,4.1666665,bignewsnetwork.com,China To Continue Maintaining Communication With Us Regarding Trump Visit Spokesperson,http://www.bignewsnetwork.com/news/278929212/china-to-continue-maintaining-communication-with-us-regarding-trump-visit-spokesperson,,
20,2026-03-25,2026-03-25 23:00:00+00:00,0.6059840129273382,0.7738949656486511,0.10225115476339927,-0.8108108,heraldglobe.com,Trump To Visit China On May 14 15 After Iran War Delay,http://www.heraldglobe.com/news/278944214/trump-to-visit-china-on-may-14-15-after-iran-war-delay,,
21,2026-03-25,2026-03-25 22:00:00+00:00,0.6059840129273382,0.7738949656486511,0.10225115476339927,-0.8108108,russiaherald.com,Trump To Visit China On May 14 15 After Iran War Delay,http://www.russiaherald.com/news/278944214/trump-to-visit-china-on-may-14-15-after-iran-war-delay,,
22,2026-03-25,2026-03-25 22:00:00+00:00,0.6059840129273382,0.7738949656486511,0.10225115476339927,-0.8108108,asiabulletin.com,Trump To Visit China On May 14 15 After Iran War Delay,http://www.asiabulletin.com/news/278944214/trump-to-visit-china-on-may-14-15-after-iran-war-delay,,
23,2026-03-25,2026-03-25 23:00:00+00:00,0.6059840129273382,0.7738949656486511,0.10225115476339927,-0.8108108,chinanationalnews.com,Trump To Visit China On May 14 15 After Iran War Delay,http://www.chinanationalnews.com/news/278944214/trump-to-visit-china-on-may-14-15-after-iran-war-delay,,
24,2026-03-25,2026-03-25 23:00:00+00:00,0.6059840129273382,0.7738949656486511,0.10225115476339927,-0.8108108,australiannews.net,Trump To Visit China On May 14 15 After Iran War Delay,http://www.australiannews.net/news/278944214/trump-to-visit-china-on-may-14-15-after-iran-war-delay,,
25,2026-03-25,2026-03-25 23:00:00+00:00,0.6059840129273382,0.7738949656486511,0.10225115476339927,-0.8108108,taiwansun.com,Trump To Visit China On May 14 15 After Iran War Delay,http://www.taiwansun.com/news/278944214/trump-to-visit-china-on-may-14-15-after-iran-war-delay,,
26,2026-03-25,2026-03-25 23:00:00+00:00,0.6059840129273382,0.7738949656486511,0.10225115476339927,-0.8108108,hongkongherald.com,Trump To Visit China On May 14 15 After Iran War Delay,http://www.hongkongherald.com/news/278944214/trump-to-visit-china-on-may-14-15-after-iran-war-delay,,
27,2026-03-25,2026-03-25 22:00:00+00:00,0.6055276382331652,0.770056962966919,0.11193966403190397,-1.9559902,lasvegassun.com,Trump Will Travel To Beijing For Rescheduled China,https://lasvegassun.com/news/2026/mar/25/trump-will-travel-to-beijing-for-rescheduled-china/,,
28,2026-03-16,2026-03-16 21:00:00+00:00,0.5976093213437722,0.6870415210723877,0.32931272215792556,-3.125,freemalaysiatoday.com,Us China Hold Constructive Talks On Trade But Trump Visit In Doubt,https://www.freemalaysiatoday.com/category/highlight/2026/03/17/us-china-hold-constructive-talks-on-trade-but-trump-visit-in-doubt,,
29,2026-03-09,2026-03-09 16:00:00+00:00,0.5973151010301194,0.7528905272483826,0.13058882237532976,-1.3452915,fultonsun.com,Trumps China Visit Likely Wont Yield Breakthrough,https://www.fultonsun.com/news/2026/mar/09/trumps-china-visit-likely-wont-yield-breakthrough/,,
30,2026-03-09,2026-03-09 10:00:00+00:00,0.5973151010301194,0.7528905272483826,0.13058882237532976,-1.3452915,newstribune.com,Trumps China Visit Likely Wont Yield Breakthrough,https://www.newstribune.com/news/2026/mar/09/trumps-china-visit-likely-wont-yield-breakthrough/,,
31,2026-03-25,2026-03-25 21:00:00+00:00,0.5968008714941861,0.7592401504516602,0.10948303462176429,-0.8108108,aninews.in,Trump To Visit China On May 14 15 After Iran War Delay20260326024204,https://aninews.in/news/world/us/trump-to-visit-china-on-may-14-15-after-iran-war-delay20260326024204/,,
32,2026-03-09,2026-03-09 00:00:00+00:00,0.595791651013144,0.750859260559082,0.13058882237532976,-1.2820513,aol.com,Trumps China Visit Likely Wont 230437497,https://www.aol.com/articles/trumps-china-visit-likely-wont-230437497.html,,
33,2026-03-17,2026-03-17 19:00:00+00:00,0.5932090151925754,0.7636160254478455,0.08198798442676532,-1.6032064,aninews.in,Trump Postpones China Visit By Five Or Six Weeks20260317225535,https://aninews.in/news/world/us/trump-postpones-china-visit-by-five-or-six-weeks20260317225535/,,
34,2026-03-25,2026-03-25 23:00:00+00:00,0.5923006981771608,0.7595463991165161,0.09056359535909472,-1.9607843,ironmountaindailynews.com,Trump Will Travel To Beijing In May,https://www.ironmountaindailynews.com/news/2026/03/trump-will-travel-to-beijing-in-may/,,
35,2026-03-25,2026-03-25 20:00:00+00:00,0.5907204094079329,0.7534631490707397,0.10249219041951246,-7.142857,wn.com,Trump To Visit China On May 1415 After Delay Over Iran War,https://article.wn.com/view/2026/03/25/Trump_to_visit_China_on_May_1415_after_delay_over_Iran_war/,,
36,2026-03-16,2026-03-16 14:00:00+00:00,0.5896709280685953,0.6783046722412109,0.32376969555074847,0.0,scmp.com,China And Us End Trade Talks Doubts Form Over Trump Visit,https://www.scmp.com/economy/global-economy/article/3346787/china-and-us-end-trade-talks-doubts-form-over-trump-visit,,
37,2026-03-16,2026-03-16 20:00:00+00:00,0.5891758431051781,0.6556926965713501,0.389625282706662,-3.1298904,al-monitor.com,Us China Hold Constructive Talks Trade Trump Visit Doubt,https://www.al-monitor.com/originals/2026/03/us-china-hold-constructive-talks-trade-trump-visit-doubt,,
38,2026-03-12,2026-03-12 00:00:00+00:00,0.5886635754186141,0.7558841705322266,0.08700179007777706,-3.5294118,straitstimes.com,Will Xi Shine The Spotlight On Trump In Beijing,https://www.straitstimes.com/opinion/will-xi-shine-the-spotlight-on-trump-in-beijing,,
39,2026-03-16,2026-03-16 13:00:00+00:00,0.5833231161983173,0.6431834697723389,0.40374205547625286,-1.2802275,theguardian.com,China Us Trump Visit Strait Of Hormuz,https://www.theguardian.com/world/2026/mar/16/china-us-trump-visit-strait-of-hormuz,,
40,2026-03-08,2026-03-08 00:00:00+00:00,0.5803896477604502,0.6599912643432617,0.34158479801201586,13.333333,watchingamerica.com,With Trump Visit Coming Up China Hedges Its Bets On Helping Iran,https://watchingamerica.com/2026/03/07/with-trump-visit-coming-up-china-hedges-its-bets-on-helping-iran/,,
41,2026-03-07,2026-03-07 15:00:00+00:00,0.5803896477604502,0.6599912643432617,0.34158479801201586,-1.6949153,cinaradio.com,With Trump Visit Coming Up China Hedges Its Bets On Helping Iran,https://www.cinaradio.com/2026/03/07/with-trump-visit-coming-up-china-hedges-its-bets-on-helping-iran/,,
42,2026-03-17,2026-03-17 15:00:00+00:00,0.5787061899442678,0.7402481436729431,0.09408032875824204,-2.2857144,athens-times.com,The Reason Behind Trumps Postponed China Visit And What To Expect Next,https://athens-times.com/the-reason-behind-trumps-postponed-china-visit-and-what-to-expect-next/,,
43,2026-03-23,2026-03-23 09:00:00+00:00,0.5765819413033998,0.7403737306594849,0.08520657323514466,-3.3507073,warontherocks.com,Trumps Visit To China Wont Fix Much If It Even Happens,https://warontherocks.com/2026/03/trumps-visit-to-china-wont-fix-much-if-it-even-happens/,,
44,2026-03-25,2026-03-25 23:00:00+00:00,0.5740228182286419,0.7383437156677246,0.08106012591139354,-3.0219781,pakobserver.net,White House Confirms Trumps Mid May China Visit Despite Global Tensions,https://pakobserver.net/white-house-confirms-trumps-mid-may-china-visit-despite-global-tensions/,,
45,2026-03-11,2026-03-11 12:00:00+00:00,0.573228019352369,0.7248586416244507,0.11833615253612388,-3.6723163,athens-times.com,Amid Gulf Chaos Trump Prepares For Pivotal China Visit,https://athens-times.com/amid-gulf-chaos-trump-prepares-for-pivotal-china-visit/,,
46,2026-03-17,2026-03-17 08:00:00+00:00,0.5704083228612357,0.6582789421081543,0.30679646512047987,-3.1007752,bignewsnetwork.com,China Us In Communication Regarding Date Of Trump Visit Spokesperson,http://www.bignewsnetwork.com/news/278926940/china-us-in-communication-regarding-date-of-trump-visit-spokesperson,,
47,2026-03-25,2026-03-25 23:00:00+00:00,0.5698613339259845,0.7326699495315552,0.08143548710927222,-3.3986928,dominicanrepublicpost.com,Trump To Visit Xi Jinping In China On May 14 And 15 After Iran War Delay,https://dominicanrepublicpost.com/trump-to-visit-xi-jinping-in-china-on-may-14-and-15-after-iran-war-delay/,,
48,2026-03-25,2026-03-25 21:00:00+00:00,0.5698613339259845,0.7326699495315552,0.08143548710927222,-3.3986928,aljazeera.com,Trump To Visit Xi Jinping In China On May 14 And 15 After Iran War Delay,https://www.aljazeera.com/news/2026/3/25/trump-to-visit-xi-jinping-in-china-on-may-14-and-15-after-iran-war-delay,,
49,2026-03-25,2026-03-25 23:00:00+00:00,0.5698613339259845,0.7326699495315552,0.08143548710927222,-3.3986928,grenadachronicle.com,Trump To Visit Xi Jinping In China On May 14 And 15 After Iran War Delay,https://grenadachronicle.com/trump-to-visit-xi-jinping-in-china-on-may-14-and-15-after-iran-war-delay/,,
50,2026-03-16,2026-03-16 14:00:00+00:00,0.5694267759721751,0.6545110940933228,0.31417382160873186,0.0,indianexpress.com,China This Week Delay Trump Visit Fdi Five Year Plan 10585087,https://indianexpress.com/shorts/explained/explained-global/china-this-week-delay-trump-visit-fdi-five-year-plan-10585087/,,
51,2026-03-16,2026-03-16 14:00:00+00:00,0.5694267759721751,0.6545110940933228,0.31417382160873186,-1.1727079,indianexpress.com,China This Week Delay Trump Visit Fdi Five Year Plan 10585087,https://indianexpress.com/article/explained/explained-global/china-this-week-delay-trump-visit-fdi-five-year-plan-10585087/,,
52,2026-03-25,2026-03-25 21:00:00+00:00,0.5685156060079367,0.7211962938308716,0.1104735425391321,1.2944983,fox7austin.com,President Trumps Visit China Set May After Being Postponed Iran War,https://www.fox7austin.com/news/president-trumps-visit-china-set-may-after-being-postponed-iran-war,,
53,2026-03-25,2026-03-25 20:00:00+00:00,0.5685156060079367,0.7211962938308716,0.1104735425391321,1.2944983,fox26houston.com,President Trumps Visit China Set May After Being Postponed Iran War,https://www.fox26houston.com/news/president-trumps-visit-china-set-may-after-being-postponed-iran-war,,
54,2026-03-25,2026-03-25 21:00:00+00:00,0.5685156060079367,0.7211962938308716,0.1104735425391321,1.2944983,fox13news.com,President Trumps Visit China Set May After Being Postponed Iran War,https://www.fox13news.com/news/president-trumps-visit-china-set-may-after-being-postponed-iran-war,,
55,2026-03-25,2026-03-25 22:00:00+00:00,0.5685156060079367,0.7211962938308716,0.1104735425391321,1.2944983,fox10phoenix.com,President Trumps Visit China Set May After Being Postponed Iran War,https://www.fox10phoenix.com/news/president-trumps-visit-china-set-may-after-being-postponed-iran-war,,
56,2026-03-25,2026-03-25 23:00:00+00:00,0.5685156060079367,0.7211962938308716,0.1104735425391321,1.2944983,fox35orlando.com,President Trumps Visit China Set May After Being Postponed Iran War,https://www.fox35orlando.com/news/president-trumps-visit-china-set-may-after-being-postponed-iran-war,,
57,2026-03-18,2026-03-18 08:00:00+00:00,0.5658788451028154,0.7171787619590759,0.11197909453403387,-2.9498525,wsgw.com,Trump Says China Trip Will Be Delayed Because Of Iran War,https://www.wsgw.com/trump-says-china-trip-will-be-delayed-because-of-iran-war/,,
58,2026-03-09,2026-03-09 00:00:00+00:00,0.5647538445897134,0.7218104004859924,0.0935841769008767,-1.0245901,koreatimes.co.kr,Trumps China Visit Likely Wont Yield Breakthrough Aims To Maintain Stability,https://www.koreatimes.co.kr/world/20260309/trumps-china-visit-likely-wont-yield-breakthrough-aims-to-maintain-stability,,
59,2026-03-16,2026-03-16 06:00:00+00:00,0.563373937461918,0.7133246660232544,0.11352175177790885,-1.826484,marketscreener.com,Trump Could Postpone China Visit If Hormuz Situation Remains Unchanged Ce7E5Edad88Cf525,https://www.marketscreener.com/news/trump-could-postpone-china-visit-if-hormuz-situation-remains-unchanged-ce7e5edad88cf525,,
60,2026-03-25,2026-03-25 20:00:00+00:00,0.5620943836872119,0.7166324853897095,0.09848007857971894,-2.5641026,dailysabah.com,Trump To Visit Xi In China Mid May After Iran Delay,https://www.dailysabah.com/world/americas/trump-to-visit-xi-in-china-mid-may-after-iran-delay,,
61,2026-03-25,2026-03-25 19:00:00+00:00,0.560474798460942,0.7228598594665527,0.07331961544410938,-2.2727273,semissourian.com,Trump Will Travel To Beijing For Rescheduled China Trip May 14 15 After Delay Due To Iran War Dff1Cbc1,https://www.semissourian.com/world/trump-will-travel-to-beijing-for-rescheduled-china-trip-may-14-15-after-delay-due-to-iran-war-dff1cbc1,,
62,2026-03-17,2026-03-17 13:00:00+00:00,0.5604695499196152,0.6306478977203369,0.34993450651744984,-1.7985611,thestar.com.my,China Says Takes Note Of Us 039Clarifications039 On Possible Trump Visit Delay,https://www.thestar.com.my/aseanplus/aseanplus-news/2026/03/17/china-says-takes-note-of-us-039clarifications039-on-possible-trump-visit-delay,,
63,2026-03-18,2026-03-18 15:00:00+00:00,0.5598770836658611,0.7149407267570496,0.09468615439229582,-2.4546425,prescottenews.com,Trump Puts China Visit On Hold Amid Iran War The Epoch Times,https://prescottenews.com/2026/03/16/trump-puts-china-visit-on-hold-amid-iran-war-the-epoch-times/,,
64,2026-03-25,2026-03-25 22:00:00+00:00,0.5584330115518386,0.7201374769210815,0.07331961544410938,-1.9656019,ksat.com,Trump Will Travel To Beijing For Rescheduled China Trip May 14 15 After Delay Due To Iran War,https://www.ksat.com/news/politics/2026/03/25/trump-will-travel-to-beijing-for-rescheduled-china-trip-may-14-15-after-delay-due-to-iran-war/,,
65,2026-03-25,2026-03-25 22:00:00+00:00,0.5584330115518386,0.7201374769210815,0.07331961544410938,-1.5384616,panow.com,Trump Will Travel To Beijing For Rescheduled China Trip May 14 15 After Delay Due To Iran War,https://panow.com/2026/03/25/trump-will-travel-to-beijing-for-rescheduled-china-trip-may-14-15-after-delay-due-to-iran-war/,,
66,2026-03-25,2026-03-25 21:00:00+00:00,0.5584330115518386,0.7201374769210815,0.07331961544410938,-1.8691589,wdio.com,Trump Will Travel To Beijing For Rescheduled China Trip May 14 15 After Delay Due To Iran War,https://www.wdio.com/ap-top-news/ap-top-news-us-headlines/trump-will-travel-to-beijing-for-rescheduled-china-trip-may-14-15-after-delay-due-to-iran-war/,,
67,2026-03-25,2026-03-25 20:00:00+00:00,0.5584330115518386,0.7201374769210815,0.07331961544410938,3.7037036,ctvnews.ca,Trump Will Travel To Beijing For Rescheduled China Trip May 14 15 After Delay Due To Iran War,https://www.ctvnews.ca/world/article/trump-will-travel-to-beijing-for-rescheduled-china-trip-may-14-15-after-delay-due-to-iran-war/,,
68,2026-03-25,2026-03-25 19:00:00+00:00,0.5584330115518386,0.7201374769210815,0.07331961544410938,-1.6877637,brandonsun.com,Trump Will Travel To Beijing For Rescheduled China Trip May 14 15 After Delay Due To Iran War,https://www.brandonsun.com/world/2026/03/25/trump-will-travel-to-beijing-for-rescheduled-china-trip-may-14-15-after-delay-due-to-iran-war,,
69,2026-03-25,2026-03-25 22:00:00+00:00,0.5584330115518386,0.7201374769210815,0.07331961544410938,-1.9656019,latimes.com,Trump Will Travel To Beijing For Rescheduled China Trip May 14 15 After Delay Due To Iran War,https://www.latimes.com/world-nation/story/2026-03-25/trump-will-travel-to-beijing-for-rescheduled-china-trip-may-14-15-after-delay-due-to-iran-war,,
70,2026-03-17,2026-03-17 00:00:00+00:00,0.5558863521773979,0.7072499394416809,0.10179559038454901,-1.875,en.apa.az,Trump Says His Visit To China Can Be Delayed By About A Month 497170,https://en.apa.az/america/trump-says-his-visit-to-china-can-be-delayed-by-about-a-month-497170,,
71,2026-03-17,2026-03-17 05:00:00+00:00,0.554458511951537,0.7040032148361206,0.10582440329778595,-1.3888888,spotlightnepal.com,Trump Asks China Delay His Planned Visit About Month,https://www.spotlightnepal.com/2026/03/17/trump-asks-china-delay-his-planned-visit-about-month/,,
72,2026-03-16,2026-03-16 11:00:00+00:00,0.5539896867672854,0.7095358967781067,0.08735105673482184,-0.31948882,investinglive.com,China Reaffirms That They Are In Communication With Us On Trumps Visit 20260316,https://investinglive.com:443/news/china-reaffirms-that-they-are-in-communication-with-us-on-trumps-visit-20260316/,,
73,2026-03-17,2026-03-17 05:00:00+00:00,0.5509064951343242,0.6984341144561768,0.10832363716876643,-0.40983605,en.tempo.co,Trump Delays China Visit Over Iran War,https://en.tempo.co/read/2093141/trump-delays-china-visit-over-iran-war,,
74,2026-03-18,2026-03-18 03:00:00+00:00,0.5501834629461264,0.7057702541351318,0.08342308937911022,-2.8846154,asianews.network,China Us Stay In Touch On Date Of President Trumps Visit Says Chinese Foreign Ministry,https://asianews.network/china-us-stay-in-touch-on-date-of-president-trumps-visit-says-chinese-foreign-ministry/,,
75,2026-03-16,2026-03-16 11:00:00+00:00,0.5493251182285745,0.7053203582763672,0.08133939808519644,-3.256445,theglobeandmail.com,Article China Urges Trump Not To Delay Planned State Visit,https://www.theglobeandmail.com/world/article-china-urges-trump-not-to-delay-planned-state-visit/,,
76,2026-03-25,2026-03-25 23:00:00+00:00,0.5488290583972097,0.6979343891143799,0.10151306624569918,-3.6745408,washingtonexaminer.com,Trump China Visit Xi Jinping May Iran War,https://www.washingtonexaminer.com/policy/foreign-policy/4503597/trump-china-visit-xi-jinping-may-iran-war/,,
77,2026-03-17,2026-03-17 00:00:00+00:00,0.548759321369742,0.6941428184509277,0.11260883012618492,-5.5555553,theepochtimes.com,Trump Puts China Visit On Hold Amid Iran War 5999624,https://www.theepochtimes.com/us/trump-puts-china-visit-on-hold-amid-iran-war-5999624,,
78,2026-03-10,2026-03-10 08:00:00+00:00,0.5485656348240582,0.70023113489151,0.09356913462170259,-5.1546392,moneycontrol.com,Why China Still Wants Donald Trump To Visit Despite The Iran War Article 13855788,https://www.moneycontrol.com/world/why-china-still-wants-donald-trump-to-visit-despite-the-iran-war-article-13855788.html,,
79,2026-03-17,2026-03-17 17:00:00+00:00,0.5452810619685275,0.6324163675308228,0.28387514528164215,-2.9585798,shanghainews.net,Trump Visit Has Nothing To Do With Strait Of Hormuz Closure China Mfa,http://www.shanghainews.net/news/278927853/trump-visit-has-nothing-to-do-with-strait-of-hormuz-closure-china-mfa,,
80,2026-03-17,2026-03-17 20:00:00+00:00,0.5452810619685275,0.6324163675308228,0.28387514528164215,-2.9585798,newyorkstatesman.com,Trump Visit Has Nothing To Do With Strait Of Hormuz Closure China Mfa,http://www.newyorkstatesman.com/news/278927853/trump-visit-has-nothing-to-do-with-strait-of-hormuz-closure-china-mfa,,
81,2026-03-17,2026-03-17 18:00:00+00:00,0.5452810619685275,0.6324163675308228,0.28387514528164215,-2.9585798,newyorktelegraph.com,Trump Visit Has Nothing To Do With Strait Of Hormuz Closure China Mfa,http://www.newyorktelegraph.com/news/278927853/trump-visit-has-nothing-to-do-with-strait-of-hormuz-closure-china-mfa,,
82,2026-03-17,2026-03-17 17:00:00+00:00,0.5452810619685275,0.6324163675308228,0.28387514528164215,-2.9498525,bignewsnetwork.com,Trump Visit Has Nothing To Do With Strait Of Hormuz Closure China Mfa,http://www.bignewsnetwork.com/news/278927853/trump-visit-has-nothing-to-do-with-strait-of-hormuz-closure-china-mfa,,
83,2026-03-17,2026-03-17 20:00:00+00:00,0.5452810619685275,0.6324163675308228,0.28387514528164215,-2.9585798,chinanationalnews.com,Trump Visit Has Nothing To Do With Strait Of Hormuz Closure China Mfa,http://www.chinanationalnews.com/news/278927853/trump-visit-has-nothing-to-do-with-strait-of-hormuz-closure-china-mfa,,
84,2026-03-10,2026-03-10 02:00:00+00:00,0.5451812588216846,0.6899058818817139,0.11100738964159643,-1.2684989,zerohedge.com,Security Fears Suddenly Emerge Over Trumps Visit China,https://www.zerohedge.com/geopolitical/security-fears-suddenly-emerge-over-trumps-visit-china,,
85,2026-03-16,2026-03-16 09:00:00+00:00,0.5419926409307161,0.691780686378479,0.09262850458742745,-1.1111112,yahoo.com,Donald Trump Might Postpone China 083227964,https://www.yahoo.com/news/articles/donald-trump-might-postpone-china-083227964.html,,
86,2026-03-17,2026-03-17 20:00:00+00:00,0.5385310677366121,0.6939582824707031,0.07224942353433886,-1.7964072,koreatimes.co.kr,Trump Says His Meeting With Chinas Xi Will Take Place In 5 Or 6 Weeks,https://www.koreatimes.co.kr/world/20260318/trump-says-his-meeting-with-chinas-xi-will-take-place-in-5-or-6-weeks,,
87,2026-03-25,2026-03-25 19:00:00+00:00,0.5384542666807864,0.6978781223297119,0.060182699734010164,-1.9138756,ocregister.com,Trump China Trip Rescheduled,https://www.ocregister.com/2026/03/25/trump-china-trip-rescheduled/,,
88,2026-03-25,2026-03-25 22:00:00+00:00,0.5384542666807864,0.6978781223297119,0.060182699734010164,-1.9138756,sgvtribune.com,Trump China Trip Rescheduled,https://www.sgvtribune.com/2026/03/25/trump-china-trip-rescheduled/,,
89,2026-03-25,2026-03-25 22:00:00+00:00,0.5384542666807864,0.6978781223297119,0.060182699734010164,-1.9138756,pasadenastarnews.com,Trump China Trip Rescheduled,https://www.pasadenastarnews.com/2026/03/25/trump-china-trip-rescheduled/,,
90,2026-03-25,2026-03-25 19:00:00+00:00,0.5384542666807864,0.6978781223297119,0.060182699734010164,-1.9138756,troyrecord.com,Trump China Trip Rescheduled,https://www.troyrecord.com/2026/03/25/trump-china-trip-rescheduled/,,
91,2026-03-25,2026-03-25 19:00:00+00:00,0.5384542666807864,0.6978781223297119,0.060182699734010164,-1.9138756,citizensvoice.com,Trump China Trip Rescheduled,https://www.citizensvoice.com/2026/03/25/trump-china-trip-rescheduled/,,
92,2026-03-25,2026-03-25 19:00:00+00:00,0.5384542666807864,0.6978781223297119,0.060182699734010164,-1.9138756,fortmorgantimes.com,Trump China Trip Rescheduled,https://www.fortmorgantimes.com/2026/03/25/trump-china-trip-rescheduled/,,
93,2026-03-25,2026-03-25 19:00:00+00:00,0.5384542666807864,0.6978781223297119,0.060182699734010164,-1.9138756,sun-sentinel.com,Trump China Trip Rescheduled,https://www.sun-sentinel.com/2026/03/25/trump-china-trip-rescheduled/,,
94,2026-03-25,2026-03-25 19:00:00+00:00,0.5384542666807864,0.6978781223297119,0.060182699734010164,-1.9138756,news-herald.com,Trump China Trip Rescheduled,https://www.news-herald.com/2026/03/25/trump-china-trip-rescheduled/,,
95,2026-03-25,2026-03-25 19:00:00+00:00,0.5384542666807864,0.6978781223297119,0.060182699734010164,-1.9138756,courant.com,Trump China Trip Rescheduled,https://www.courant.com/2026/03/25/trump-china-trip-rescheduled/,,
96,2026-03-25,2026-03-25 18:00:00+00:00,0.5384542666807864,0.6978781223297119,0.060182699734010164,-1.9390582,sandiegouniontribune.com,Trump China Trip Rescheduled,https://www.sandiegouniontribune.com/2026/03/25/trump-china-trip-rescheduled/,,
97,2026-03-25,2026-03-25 20:00:00+00:00,0.5384542666807864,0.6978781223297119,0.060182699734010164,-1.9138756,twincities.com,Trump China Trip Rescheduled,https://www.twincities.com/2026/03/25/trump-china-trip-rescheduled/,,
98,2026-03-25,2026-03-25 21:00:00+00:00,0.5384542666807864,0.6978781223297119,0.060182699734010164,-1.9138756,presstelegram.com,Trump China Trip Rescheduled,https://www.presstelegram.com/2026/03/25/trump-china-trip-rescheduled/,,
99,2026-03-25,2026-03-25 22:00:00+00:00,0.5384542666807864,0.6978781223297119,0.060182699734010164,-1.9138756,dailypress.com,Trump China Trip Rescheduled,https://www.dailypress.com/2026/03/25/trump-china-trip-rescheduled/,,
100,2026-03-25,2026-03-25 18:00:00+00:00,0.5384542666807864,0.6978781223297119,0.060182699734010164,-1.9390582,mainlinemedianews.com,Trump China Trip Rescheduled,https://www.mainlinemedianews.com/2026/03/25/trump-china-trip-rescheduled/,,
101,2026-03-25,2026-03-25 20:00:00+00:00,0.5384542666807864,0.6978781223297119,0.060182699734010164,-1.9138756,dailybreeze.com,Trump China Trip Rescheduled,https://www.dailybreeze.com/2026/03/25/trump-china-trip-rescheduled/,,
102,2026-03-25,2026-03-25 21:00:00+00:00,0.5384542666807864,0.6978781223297119,0.060182699734010164,-1.9138756,dailybulletin.com,Trump China Trip Rescheduled,https://www.dailybulletin.com/2026/03/25/trump-china-trip-rescheduled/,,
103,2026-03-25,2026-03-25 21:00:00+00:00,0.5384542666807864,0.6978781223297119,0.060182699734010164,-1.9138756,orlandosentinel.com,Trump China Trip Rescheduled,https://www.orlandosentinel.com/2026/03/25/trump-china-trip-rescheduled/,,
104,2026-03-25,2026-03-25 20:00:00+00:00,0.5384542666807864,0.6978781223297119,0.060182699734010164,-1.9138756,dailynews.com,Trump China Trip Rescheduled,https://www.dailynews.com/2026/03/25/trump-china-trip-rescheduled/,,
105,2026-03-25,2026-03-25 20:00:00+00:00,0.5384542666807864,0.6978781223297119,0.060182699734010164,-1.9138756,whittierdailynews.com,Trump China Trip Rescheduled,https://www.whittierdailynews.com/2026/03/25/trump-china-trip-rescheduled/,,
106,2026-03-25,2026-03-25 20:00:00+00:00,0.5384542666807864,0.6978781223297119,0.060182699734010164,-1.9138756,sbsun.com,Trump China Trip Rescheduled,https://www.sbsun.com/2026/03/25/trump-china-trip-rescheduled/,,
107,2026-03-25,2026-03-25 20:00:00+00:00,0.5384542666807864,0.6978781223297119,0.060182699734010164,-1.9138756,redlandsdailyfacts.com,Trump China Trip Rescheduled,https://www.redlandsdailyfacts.com/2026/03/25/trump-china-trip-rescheduled/,,
108,2026-03-25,2026-03-25 20:00:00+00:00,0.5384542666807864,0.6978781223297119,0.060182699734010164,-1.9138756,capitalgazette.com,Trump China Trip Rescheduled,https://www.capitalgazette.com/2026/03/25/trump-china-trip-rescheduled/,,
109,2026-03-25,2026-03-25 20:00:00+00:00,0.5384542666807864,0.6978781223297119,0.060182699734010164,-1.9138756,journal-advocate.com,Trump China Trip Rescheduled,https://www.journal-advocate.com/2026/03/25/trump-china-trip-rescheduled/,,
110,2026-03-25,2026-03-25 20:00:00+00:00,0.5384542666807864,0.6978781223297119,0.060182699734010164,-1.9138756,republicanherald.com,Trump China Trip Rescheduled,https://www.republicanherald.com/2026/03/25/trump-china-trip-rescheduled/,,
111,2026-03-25,2026-03-25 20:00:00+00:00,0.5384542666807864,0.6978781223297119,0.060182699734010164,-1.9138756,pilotonline.com,Trump China Trip Rescheduled,https://www.pilotonline.com/2026/03/25/trump-china-trip-rescheduled/,,
112,2026-03-25,2026-03-25 20:00:00+00:00,0.5384542666807864,0.6978781223297119,0.060182699734010164,-1.9138756,advocate-news.com,Trump China Trip Rescheduled,https://www.advocate-news.com/2026/03/25/trump-china-trip-rescheduled/,,
113,2026-03-25,2026-03-25 21:00:00+00:00,0.5384542666807864,0.6978781223297119,0.060182699734010164,-1.9138756,morningjournal.com,Trump China Trip Rescheduled,https://www.morningjournal.com/2026/03/25/trump-china-trip-rescheduled/,,
114,2026-03-16,2026-03-16 12:00:00+00:00,0.5353618531467468,0.690538227558136,0.06983272991257937,-0.40281975,nepalitimes.com,Trump S China Trip Aiming For Deliverables,https://nepalitimes.com/opinion/trump-s-china-trip-aiming-for-deliverables,,
115,2026-03-17,2026-03-17 20:00:00+00:00,0.5352651873464102,0.6798925399780273,0.10138312945155857,-1.1904762,chicagotribune.com,Trump China Iran,https://www.chicagotribune.com/2026/03/17/trump-china-iran/,,
116,2026-03-25,2026-03-25 22:00:00+00:00,0.5344813329528593,0.6746624112129211,0.11393809817267367,-4.255319,wn.com,Trump To Visit Xi In China Midmay After Iran Delay,https://article.wn.com/view/2026/03/25/Trump_to_visit_Xi_in_China_midMay_after_Iran_delay/,,
117,2026-03-17,2026-03-17 19:00:00+00:00,0.5342632459275096,0.686177134513855,0.07852158016847342,-2.617801,katc.com,Trump Delays His China Visit By About 5 Or 6 Weeks To Focus On The War In Iran,https://www.katc.com/politics/the-president/trump-delays-his-china-visit-by-about-5-or-6-weeks-to-focus-on-the-war-in-iran,,
118,2026-03-17,2026-03-17 20:00:00+00:00,0.5342632459275096,0.686177134513855,0.07852158016847342,-2.617801,koaa.com,Trump Delays His China Visit By About 5 Or 6 Weeks To Focus On The War In Iran,https://www.koaa.com/politics/the-president/trump-delays-his-china-visit-by-about-5-or-6-weeks-to-focus-on-the-war-in-iran,,
119,2026-03-17,2026-03-17 22:00:00+00:00,0.5342632459275096,0.686177134513855,0.07852158016847342,-2.617801,10news.com,Trump Delays His China Visit By About 5 Or 6 Weeks To Focus On The War In Iran,https://www.10news.com/politics/the-president/trump-delays-his-china-visit-by-about-5-or-6-weeks-to-focus-on-the-war-in-iran,,
120,2026-03-17,2026-03-17 16:00:00+00:00,0.5313656086474732,0.6741880774497986,0.10289820224049713,-2.0771513,virginiabusiness.com,Trump Proposes Delay China Visit Iran War,http://virginiabusiness.com/trump-proposes-delay-china-visit-iran-war/,,
121,2026-03-17,2026-03-17 11:00:00+00:00,0.5305555271657885,0.6349406242370605,0.21740023595197236,-1.7301039,aawsat.com,5252171 China Says Takes Note Us %E2%80%98Clarifications%E2%80%99 Possible Trump Visit Delay,https://english.aawsat.com/world/5252171-china-says-takes-note-us-%E2%80%98clarifications%E2%80%99-possible-trump-visit-delay,,
122,2026-03-09,2026-03-09 08:00:00+00:00,0.5300073200963484,0.6122966408729553,0.283139357766528,-3.6065574,irishtimes.com,China Condemns Us War On Iran But Keeps Welcome Extended For Trump Visit,https://www.irishtimes.com/world/2026/03/09/china-condemns-us-war-on-iran-but-keeps-welcome-extended-for-trump-visit/,,
123,2026-03-25,2026-03-25 19:00:00+00:00,0.5299719655802646,0.6688681244850159,0.11328348886601076,-1.7006803,channelnewsasia.com,Iran China Trump Us Jinping Visit Beijing Trip War 6017171,https://www.channelnewsasia.com/world/iran-china-trump-us-jinping-visit-beijing-trip-war-6017171,,
124,2026-03-03,2026-03-03 21:00:00+00:00,0.5284461212203766,0.682452917098999,0.06642573358450943,-2.4509804,aei.org,How Soft On China Can Trump Get,https://www.aei.org/foreign-and-defense-policy/how-soft-on-china-can-trump-get/,,
125,2026-03-09,2026-03-09 13:00:00+00:00,0.5282501746457984,0.6776119470596313,0.08016485740429957,-1.2269939,scmp.com,Trumps China Visit Limited Beijing Due Tight Schedule And Security Needs Sources,https://www.scmp.com/news/china/politics/article/3345970/trumps-china-visit-limited-beijing-due-tight-schedule-and-security-needs-sources,,
126,2026-03-20,2026-03-20 22:00:00+00:00,0.5275900306647033,0.6773713827133179,0.07824597451885983,-7.920792,scmp.com,What Are Real Reasons Behind Change Date Trumps China Visit,https://www.scmp.com/news/china/diplomacy/article/3347008/what-are-real-reasons-behind-change-date-trumps-china-visit,,
127,2026-03-17,2026-03-17 14:00:00+00:00,0.5260943606761306,0.6682717800140381,0.09956210266240788,-2.9761906,newkerala.com,Trumps Visit Nothing Do Strait Hormuz Closure China 980,https://www.newkerala.com/news/a/trumps-visit-nothing-do-strait-hormuz-closure-china-980.htm,,
128,2026-03-17,2026-03-17 17:00:00+00:00,0.5248375185795296,0.6776058077812195,0.06653265097446004,-1.2326657,inquirer.com,President Trump China Iran 20260317,https://www.inquirer.com/news/nation-world/president-trump-china-iran-20260317.html,,
129,2026-03-16,2026-03-16 06:00:00+00:00,0.5242410062696021,0.6703376770019531,0.0859509940725492,-1.2269939,scmp.com,Trumps China Visit Limited Beijing Due Tight Schedule And Security Needs Sources?Module=Series Trump%E2%80%99S 2026 Trip To China&Pgtype=Homepage,https://www.scmp.com/news/china/politics/article/3345970/trumps-china-visit-limited-beijing-due-tight-schedule-and-security-needs-sources?module=series_trump%E2%80%99s_2026_trip_to_china&pgtype=homepage,,
130,2026-03-04,2026-03-04 13:00:00+00:00,0.5218201154495077,0.5861581563949585,0.3288059926131551,2.5157232,scmp.com,China Vows Boost Economy Adhere Principles Ahead Two Sessions And Trump Visit,https://www.scmp.com/news/china/diplomacy/article/3345464/china-vows-boost-economy-adhere-principles-ahead-two-sessions-and-trump-visit,,
131,2026-03-18,2026-03-18 05:00:00+00:00,0.5215002459450238,0.5989794135093689,0.28906274325198833,-1.8050542,dawn.com,China Says Delay In Trump Visit Not Linked To Hormuz Closure,https://www.dawn.com/news/1983256/china-says-delay-in-trump-visit-not-linked-to-hormuz-closure,,
132,2026-03-17,2026-03-17 08:00:00+00:00,0.5206751595608117,0.6692095398902893,0.07507201857237872,-2.8608582,openthemagazine.com,Iran Conflict Could End Soon Says Trump Signals Possible Delay Of China Visit,https://openthemagazine.com/world/iran-conflict-could-end-soon-says-trump-signals-possible-delay-of-china-visit,,
133,2026-03-22,2026-03-22 12:00:00+00:00,0.5177021574035894,0.4931037127971649,0.591497491222863,-0.79113925,irishcentral.com,Donald Trump Visit Logistical Nightmare,https://www.irishcentral.com/news/politics/donald-trump-visit-logistical-nightmare,,
134,2026-03-09,2026-03-09 10:00:00+00:00,0.5158923868544656,0.6574010848999023,0.09136629271815513,-0.8733624,firstpost.com,Trumps China Visit Unlikely To Yield Breakthrough Focus Likely On Stability In Ties 13987664,https://www.firstpost.com/business/trumps-china-visit-unlikely-to-yield-breakthrough-focus-likely-on-stability-in-ties-13987664.html,,
135,2026-03-15,2026-03-15 10:00:00+00:00,0.5144120079894174,0.639655590057373,0.13868126178555068,-2.2891567,gatestoneinstitute.org,Trump Iran China Dream,https://www.gatestoneinstitute.org/22341/trump-iran-china-dream,,
136,2026-03-16,2026-03-16 22:00:00+00:00,0.512353423585583,0.6528337001800537,0.09091259380217075,-0.79113925,newkerala.com,Trump May Delay China Visit Amid Iran War 241,https://www.newkerala.com/news/a/trump-may-delay-china-visit-amid-iran-war-241.htm,,
137,2026-03-17,2026-03-17 00:00:00+00:00,0.5122723247012391,0.6615912914276123,0.06431542452211919,-5.994898,bangkokpost.com,Trump Shows China How To Handle Taiwan,https://www.bangkokpost.com/opinion/opinion/3218135/trump-shows-china-how-to-handle-taiwan,,
138,2026-03-25,2026-03-25 17:00:00+00:00,0.5102766474532687,0.5406284332275391,0.4192212901304576,-2.012987,marinij.com,King Charles Trump Visit,https://www.marinij.com/2026/03/25/king-charles-trump-visit/,,
139,2026-03-25,2026-03-25 13:00:00+00:00,0.5102766474532687,0.5406284332275391,0.4192212901304576,-2.0116808,mercurynews.com,King Charles Trump Visit,https://www.mercurynews.com/2026/03/25/king-charles-trump-visit/,,
140,2026-03-25,2026-03-25 16:00:00+00:00,0.5102766474532687,0.5406284332275391,0.4192212901304576,-2.0103762,eastbaytimes.com,King Charles Trump Visit,https://www.eastbaytimes.com/2026/03/25/king-charles-trump-visit/,,
141,2026-03-23,2026-03-23 06:00:00+00:00,0.5085916195925643,0.6496274471282959,0.08548413698536936,-5.487805,channelnewsasia.com,China United States Trump Xi Jinping Summit Visit Postpone Reasons Iran War Geopolitics 6010686,https://www.channelnewsasia.com/east-asia/china-united-states-trump-xi-jinping-summit-visit-postpone-reasons-iran-war-geopolitics-6010686,,
142,2026-03-20,2026-03-20 12:00:00+00:00,0.507224696726873,0.5244722366333008,0.4554820770075898,-5.714286,scmp.com,China Offers Us Olive Branch Fentanyl Raids Ahead Possible Trump Visit,https://www.scmp.com/news/china/diplomacy/article/3347368/china-offers-us-olive-branch-fentanyl-raids-ahead-possible-trump-visit,,
143,2026-03-11,2026-03-11 18:00:00+00:00,0.5064831090263381,0.4973444938659668,0.5338989545074518,0.0,rawstory.com,Trump Visit Kentucky Disloyal,https://www.rawstory.com/trump-visit-kentucky-disloyal/,,
144,2026-03-13,2026-03-13 12:00:00+00:00,0.5018173979819243,0.5898956656455994,0.2375825949908988,-8.144796,scmp.com,Beijing Warns Us Over Jimmy Lai Hong Kong And Taiwan Arms Sales Ahead Trump Visit,https://www.scmp.com/news/china/diplomacy/article/3346526/beijing-warns-us-over-jimmy-lai-hong-kong-and-taiwan-arms-sales-ahead-trump-visit,,
145,2026-03-05,2026-03-05 01:00:00+00:00,0.5018161587690658,0.5726532936096191,0.2893047542474058,3.626943,scmp.com,Chinas Annual Two Sessions Kick Amid Planning Trump Visit And Pla Progress,https://www.scmp.com/news/china/politics/article/3345488/chinas-annual-two-sessions-kick-amid-planning-trump-visit-and-pla-progress,,
146,2026-03-16,2026-03-16 14:00:00+00:00,0.4988419548940047,0.6411463618278503,0.0719287340924676,0.0,channelnewsasia.com,Us Treasury Chief Discusses New Tariff Regime Beijing Trump Warns He May Delay China Visit 5996536,https://www.channelnewsasia.com/watch/us-treasury-chief-discusses-new-tariff-regime-beijing-trump-warns-he-may-delay-china-visit-5996536,,
147,2026-03-25,2026-03-25 18:00:00+00:00,0.49492727978553885,0.6376726627349854,0.0666911309371994,-1.5625,newsday.com,Trump China Trip Iran War E62627,https://www.newsday.com/news/nation/trump-china-trip-iran-war-e62627,,
148,2026-03-16,2026-03-16 17:00:00+00:00,0.4947851542581461,0.6275497674942017,0.09649131454997953,-2.1806853,washingtonexaminer.com,Donald Trump Strait Of Hormuz China Visit Xi Jinping,https://www.washingtonexaminer.com/news/world/4492633/donald-trump-strait-of-hormuz-china-visit-xi-jinping/,,
149,2026-03-08,2026-03-08 00:00:00+00:00,0.4938680448731561,0.5187161564826965,0.4193237100445348,-0.38535646,yahoo.com,Trump Visit Kentucky Amid Thomas 233006566,https://www.yahoo.com/news/articles/trump-visit-kentucky-amid-thomas-233006566.html,,
150,2026-03-14,2026-03-14 04:00:00+00:00,0.4938315618323337,0.6349120140075684,0.07059020530662963,1.1764706,dailymail.co.uk,Donald Trump Tiktok Deal Us China,https://www.dailymail.co.uk/news/article-15644941/Donald-Trump-TikTok-deal-US-China.html,,
151,2026-03-12,2026-03-12 15:00:00+00:00,0.4916909942977885,0.5547044277191162,0.30265069403380546,0.0,wcsmradio.com,Trump Cincy Visit,https://www.wcsmradio.com/index.php/news/81940/15/TRUMP-CINCY-VISIT,,
152,2026-03-09,2026-03-09 04:00:00+00:00,0.49025861844492286,0.6224834322929382,0.0935841769008767,0.0,chinatechnews.com,116776 Trumps China Visit Likely Wont Yield Breakthrough Aims To Maintain Stability,https://www.chinatechnews.com/2026/03/09/116776-trumps-china-visit-likely-wont-yield-breakthrough-aims-to-maintain-stability,,
153,2026-03-08,2026-03-08 21:00:00+00:00,0.48914137545418457,0.5338057279586792,0.3551483179407008,1.2658228,wkyt.com,President Trump Visit Northern Kentucky Wednesday,https://www.wkyt.com/2026/03/08/president-trump-visit-northern-kentucky-wednesday/,,
154,2026-03-09,2026-03-09 04:00:00+00:00,0.48914137545418457,0.5338057279586792,0.3551483179407008,1.2658228,fox19.com,President Trump Visit Northern Kentucky Wednesday,https://www.fox19.com/2026/03/08/president-trump-visit-northern-kentucky-wednesday/,,
155,2026-03-04,2026-03-04 03:00:00+00:00,0.4886088925512317,0.6258710622787476,0.07682238336868406,-1.3559322,scmp.com,China And Us Hold High Level Trade Talks Paris Trumps Beijing Visit,https://www.scmp.com/economy/china-economy/article/3345336/china-and-us-hold-high-level-trade-talks-paris-trumps-beijing-visit,,
156,2026-03-24,2026-03-24 01:00:00+00:00,0.4878781163644857,0.5198913812637329,0.39183832166674404,-7.7681875,americanthinker.com,Will Trump Make A Deal With Iran,https://www.americanthinker.com/blog/2026/03/will_trump_make_a_deal_with_iran.html,,
157,2026-03-08,2026-03-08 17:00:00+00:00,0.48472591236117596,0.5929441452026367,0.16007121383679376,0.27453673,bgnes.com,China Will Do Everything To Gain Total Control Over Serbia Trump Will Not Tolerate Vu I,http://www.bgnes.com/politics/china-will-do-everything-to-gain-total-control-over-serbia-trump-will-not-tolerate-vu-i,,
158,2026-03-25,2026-03-25 19:00:00+00:00,0.48456661556731984,0.6073347926139832,0.11626208442732988,-0.8064516,al-monitor.com,Trump Reschedules Iran Delayed China Visit May 14 15,https://www.al-monitor.com/originals/2026/03/trump-reschedules-iran-delayed-china-visit-may-14-15,,
159,2026-03-13,2026-03-13 14:00:00+00:00,0.4821267259454259,0.6177157163619995,0.07535975469570502,-1.7699115,washingtonexaminer.com,Trump Most Favored Nation Threatens Us Competitiveness China,https://www.washingtonexaminer.com/op-eds/4488743/trump-most-favored-nation-threatens-us-competitiveness-china/,,
160,2026-03-06,2026-03-06 19:00:00+00:00,0.48207705505789483,0.5458585023880005,0.29073271306757786,0.7490637,news.az,Boeing Reportedly Nearing 500 Aircraft Deal With China Ahead Of Trump Visit,https://news.az/news/boeing-reportedly-nearing-500-aircraft-deal-with-china-ahead-of-trump-visit,,
161,2026-03-25,2026-03-25 23:00:00+00:00,0.48113127213461127,0.6035212278366089,0.11396140502861847,-0.9174312,dailysignal.com,Trump Reschedules Iran Delayed China Visit For May 14 15,https://www.dailysignal.com/2026/03/25/trump-reschedules-iran-delayed-china-visit-for-may-14-15/,,
162,2026-03-17,2026-03-17 21:00:00+00:00,0.48015319224188024,0.5083463191986084,0.39557381137169584,-3.4267912,irishtimes.com,Taoiseach Manages Trump Visit Successfully With Firm Interjects And No Clashes,https://www.irishtimes.com/politics/2026/03/17/taoiseach-manages-trump-visit-successfully-with-firm-interjects-and-no-clashes/,,
163,2026-03-06,2026-03-06 22:00:00+00:00,0.47980456477668143,0.5082175135612488,0.39456571842297933,3.883495,yahoo.com,President Trump Visit Area City 221705626,https://www.yahoo.com/news/articles/president-trump-visit-area-city-221705626.html,,
164,2026-03-16,2026-03-16 11:00:00+00:00,0.47976032576521865,0.6177895665168762,0.06567260351024595,-1.968504,benzinga.com,Trump May Delay China Visit As He Urges Beijings Action In The Strait Of Hormuz In Two Weeks,https://www.benzinga.com/news/politics/26/03/51262729/trump-may-delay-china-visit-as-he-urges-beijings-action-in-the-strait-of-hormuz-in-two-weeks,,
165,2026-03-10,2026-03-10 20:00:00+00:00,0.4784777291866819,0.4621271789073944,0.5275293800245444,-2.8288543,al-monitor.com,Will Trump Taco Iran,https://www.al-monitor.com/originals/2026/03/will-trump-taco-iran,,
166,2026-03-25,2026-03-25 16:00:00+00:00,0.47811571988354445,0.6004256010055542,0.11118607651751528,11.111111,bloomberg.com,Putin Says He Will Visit Vietnam In 2026 At Talks With Premier,https://www.bloomberg.com:443/news/articles/2026-03-25/putin-says-he-will-visit-vietnam-in-2026-at-talks-with-premier,,
167,2026-03-25,2026-03-25 21:00:00+00:00,0.47786133400873776,0.5887842178344727,0.14509268253153318,0.1908397,aol.co.uk,Trump 15Bn Plan Beat China 211527980,https://www.aol.co.uk/articles/trump-15bn-plan-beat-china-211527980.html,,
168,2026-03-16,2026-03-16 16:00:00+00:00,0.47635273364507086,0.606304407119751,0.08649771322103052,-5.194805,theepochtimes.com,Bessent Says Iran War Not Trade May Delay Trumps China Visit 5999303,https://www.theepochtimes.com/world/bessent-says-iran-war-not-trade-may-delay-trumps-china-visit-5999303,,
169,2026-03-17,2026-03-17 14:00:00+00:00,0.475665839404939,0.6131568551063538,0.06319279230069465,-4.347826,theamericanconservative.com,Trump To Reschedule China Summit With Xi,https://www.theamericanconservative.com/trump-to-reschedule-china-summit-with-xi/,,
170,2026-03-11,2026-03-11 20:00:00+00:00,0.4730444986496613,0.5941346883773804,0.10977392946650404,-4.464286,pakistantoday.com.pk,Trump A Bull In The China Shop,https://www.pakistantoday.com.pk/2026/03/11/trump-a-bull-in-the-china-shop,,
171,2026-03-04,2026-03-04 11:00:00+00:00,0.4727673731914661,0.6019814014434814,0.08512528843542021,2.549575,fermanaghherald.com,Council Rules Out China Visit During Current Mandate,https://fermanaghherald.com/2026/03/council-rules-out-china-visit-during-current-mandate/,,
172,2026-03-25,2026-03-25 11:00:00+00:00,0.4713061641563645,0.6033639907836914,0.07513268427438377,-2.3765996,americanthinker.com,Trump S Trifecta Advancement For America And Setbacks For China,https://www.americanthinker.com/articles/2026/03/trump_s_trifecta_advancement_for_america_and_setbacks_for_china.html,,
173,2026-03-04,2026-03-04 07:00:00+00:00,0.4692769086932007,0.6009764671325684,0.07417823337509778,-3.117207,yahoo.com,Why China Unfazed Trump Epic 060000913,https://www.yahoo.com/news/articles/why-china-unfazed-trump-epic-060000913.html,,
174,2026-03-17,2026-03-17 03:00:00+00:00,0.4683132077217008,0.5984519720077515,0.07789691486354897,-6.042296,firstpost.com,Xi Can Wait Trump Delays China Visit An Admission That Iran War Is Far From Over 13990198,https://www.firstpost.com/world/xi-can-wait-trump-delays-china-visit-an-admission-that-iran-war-is-far-from-over-13990198.html,,
175,2026-03-25,2026-03-25 21:00:00+00:00,0.4672052876327726,0.584953248500824,0.11396140502861847,-0.90909094,en.apa.az,Trump Reschedules Iran Delayed China Visit For May 14 15 498287,https://en.apa.az/america/trump-reschedules-iran-delayed-china-visit-for-may-14-15-498287,,
176,2026-03-13,2026-03-13 08:00:00+00:00,0.46562888471191904,0.49025508761405945,0.3917502760054978,0.0,wvxu.org,Trump Visit Cincinnati City Manager Review,https://www.wvxu.org/show/cincinnati-edition/2026-03-13/trump-visit-cincinnati-city-manager-review,,
177,2026-03-25,2026-03-25 09:00:00+00:00,0.4651333400480338,0.4742093086242676,0.4379054343193325,-5.08647,firstthings.com,Will Trump Need To Compromise With Iran,https://firstthings.com/will-trump-need-to-compromise-with-iran/,,
178,2026-03-05,2026-03-05 00:00:00+00:00,0.4640566341794167,0.5900865793228149,0.08596679874922217,-3.4482758,wkyufm.org,As Trumps Plans Visit To China Arms Package To Taiwan Is Delayed,https://www.wkyufm.org/2026-03-04/as-trumps-plans-visit-to-china-arms-package-to-taiwan-is-delayed,,
179,2026-03-05,2026-03-05 00:00:00+00:00,0.4640566341794167,0.5900865793228149,0.08596679874922217,-3.4482758,knau.org,As Trumps Plans Visit To China Arms Package To Taiwan Is Delayed,https://www.knau.org/2026-03-04/as-trumps-plans-visit-to-china-arms-package-to-taiwan-is-delayed,,
180,2026-03-04,2026-03-04 22:00:00+00:00,0.4640566341794167,0.5900865793228149,0.08596679874922217,-3.8461537,npr.org,As Trumps Plans Visit To China Arms Package To Taiwan Is Delayed,https://www.npr.org/2026/03/04/nx-s1-5727608/as-trumps-plans-visit-to-china-arms-package-to-taiwan-is-delayed,,
181,2026-03-04,2026-03-04 23:00:00+00:00,0.4640566341794167,0.5900865793228149,0.08596679874922217,-3.4482758,redriverradio.org,As Trumps Plans Visit To China Arms Package To Taiwan Is Delayed,https://www.redriverradio.org/2026-03-04/as-trumps-plans-visit-to-china-arms-package-to-taiwan-is-delayed,,
182,2026-03-05,2026-03-05 00:00:00+00:00,0.4640566341794167,0.5900865793228149,0.08596679874922217,-3.4482758,kasu.org,As Trumps Plans Visit To China Arms Package To Taiwan Is Delayed,https://www.kasu.org/2026-03-04/as-trumps-plans-visit-to-china-arms-package-to-taiwan-is-delayed,,
183,2026-03-04,2026-03-04 23:00:00+00:00,0.4640566341794167,0.5900865793228149,0.08596679874922217,-3.4482758,ualrpublicradio.org,As Trumps Plans Visit To China Arms Package To Taiwan Is Delayed,https://www.ualrpublicradio.org/2026-03-04/as-trumps-plans-visit-to-china-arms-package-to-taiwan-is-delayed,,
184,2026-03-04,2026-03-04 23:00:00+00:00,0.4640566341794167,0.5900865793228149,0.08596679874922217,-3.4482758,krcu.org,As Trumps Plans Visit To China Arms Package To Taiwan Is Delayed,https://www.krcu.org/2026-03-04/as-trumps-plans-visit-to-china-arms-package-to-taiwan-is-delayed,,
185,2026-03-04,2026-03-04 23:00:00+00:00,0.4640566341794167,0.5900865793228149,0.08596679874922217,-3.4482758,wcbe.org,As Trumps Plans Visit To China Arms Package To Taiwan Is Delayed,https://www.wcbe.org/2026-03-04/as-trumps-plans-visit-to-china-arms-package-to-taiwan-is-delayed,,
186,2026-03-04,2026-03-04 23:00:00+00:00,0.4640566341794167,0.5900865793228149,0.08596679874922217,-3.4482758,delawarepublic.org,As Trumps Plans Visit To China Arms Package To Taiwan Is Delayed,https://www.delawarepublic.org/2026-03-04/as-trumps-plans-visit-to-china-arms-package-to-taiwan-is-delayed,,
187,2026-03-04,2026-03-04 23:00:00+00:00,0.4640566341794167,0.5900865793228149,0.08596679874922217,-3.4482758,capeandislands.org,As Trumps Plans Visit To China Arms Package To Taiwan Is Delayed,https://www.capeandislands.org/2026-03-04/as-trumps-plans-visit-to-china-arms-package-to-taiwan-is-delayed,,
188,2026-03-04,2026-03-04 23:00:00+00:00,0.4640566341794167,0.5900865793228149,0.08596679874922217,-3.4482758,wbaa.org,As Trumps Plans Visit To China Arms Package To Taiwan Is Delayed,https://www.wbaa.org/2026-03-04/as-trumps-plans-visit-to-china-arms-package-to-taiwan-is-delayed,,
189,2026-03-04,2026-03-04 22:00:00+00:00,0.4640566341794167,0.5900865793228149,0.08596679874922217,-3.4482758,klcc.org,As Trumps Plans Visit To China Arms Package To Taiwan Is Delayed,https://www.klcc.org/npr-world-news/2026-03-04/as-trumps-plans-visit-to-china-arms-package-to-taiwan-is-delayed,,
190,2026-03-05,2026-03-05 00:00:00+00:00,0.4640566341794167,0.5900865793228149,0.08596679874922217,-3.4482758,publicradioeast.org,As Trumps Plans Visit To China Arms Package To Taiwan Is Delayed,https://www.publicradioeast.org/2026-03-04/as-trumps-plans-visit-to-china-arms-package-to-taiwan-is-delayed,,
191,2026-03-04,2026-03-04 23:00:00+00:00,0.4640566341794167,0.5900865793228149,0.08596679874922217,-3.4482758,wxxinews.org,As Trumps Plans Visit To China Arms Package To Taiwan Is Delayed,https://www.wxxinews.org/2026-03-04/as-trumps-plans-visit-to-china-arms-package-to-taiwan-is-delayed,,
192,2026-03-04,2026-03-04 22:00:00+00:00,0.4640566341794167,0.5900865793228149,0.08596679874922217,-3.4482758,kazu.org,As Trumps Plans Visit To China Arms Package To Taiwan Is Delayed,https://www.kazu.org/npr-news/2026-03-04/as-trumps-plans-visit-to-china-arms-package-to-taiwan-is-delayed,,
193,2026-03-05,2026-03-05 01:00:00+00:00,0.4640566341794167,0.5900865793228149,0.08596679874922217,-3.4482758,ksmu.org,As Trumps Plans Visit To China Arms Package To Taiwan Is Delayed,https://www.ksmu.org/2026-03-04/as-trumps-plans-visit-to-china-arms-package-to-taiwan-is-delayed,,
194,2026-03-05,2026-03-05 00:00:00+00:00,0.4640566341794167,0.5900865793228149,0.08596679874922217,-3.4482758,mynspr.org,As Trumps Plans Visit To China Arms Package To Taiwan Is Delayed,https://www.mynspr.org/2026-03-04/as-trumps-plans-visit-to-china-arms-package-to-taiwan-is-delayed,,
195,2026-03-05,2026-03-05 02:00:00+00:00,0.4640566341794167,0.5900865793228149,0.08596679874922217,-3.4482758,ypradio.org,As Trumps Plans Visit To China Arms Package To Taiwan Is Delayed,https://www.ypradio.org/2026-03-04/as-trumps-plans-visit-to-china-arms-package-to-taiwan-is-delayed,,
196,2026-03-05,2026-03-05 02:00:00+00:00,0.4640566341794167,0.5900865793228149,0.08596679874922217,-3.4482758,wnmufm.org,As Trumps Plans Visit To China Arms Package To Taiwan Is Delayed,https://www.wnmufm.org/2026-03-04/as-trumps-plans-visit-to-china-arms-package-to-taiwan-is-delayed,,
197,2026-03-05,2026-03-05 01:00:00+00:00,0.4640566341794167,0.5900865793228149,0.08596679874922217,-3.4482758,kuaf.com,As Trumps Plans Visit To China Arms Package To Taiwan Is Delayed,https://www.kuaf.com/2026-03-04/as-trumps-plans-visit-to-china-arms-package-to-taiwan-is-delayed,,
198,2026-03-04,2026-03-04 22:00:00+00:00,0.4640566341794167,0.5900865793228149,0.08596679874922217,-3.4482758,wwno.org,As Trumps Plans Visit To China Arms Package To Taiwan Is Delayed,https://www.wwno.org/npr-news/2026-03-04/as-trumps-plans-visit-to-china-arms-package-to-taiwan-is-delayed,,
199,2026-03-05,2026-03-05 01:00:00+00:00,0.4640566341794167,0.5900865793228149,0.08596679874922217,-3.4482758,waer.org,As Trumps Plans Visit To China Arms Package To Taiwan Is Delayed,https://www.waer.org/2026-03-04/as-trumps-plans-visit-to-china-arms-package-to-taiwan-is-delayed,,
200,2026-03-05,2026-03-05 01:00:00+00:00,0.4640566341794167,0.5900865793228149,0.08596679874922217,-3.4482758,wboi.org,As Trumps Plans Visit To China Arms Package To Taiwan Is Delayed,https://www.wboi.org/2026-03-04/as-trumps-plans-visit-to-china-arms-package-to-taiwan-is-delayed,,
201,2026-03-05,2026-03-05 01:00:00+00:00,0.4640566341794167,0.5900865793228149,0.08596679874922217,-3.4482758,spokanepublicradio.org,As Trumps Plans Visit To China Arms Package To Taiwan Is Delayed,https://www.spokanepublicradio.org/2026-03-04/as-trumps-plans-visit-to-china-arms-package-to-taiwan-is-delayed,,
202,2026-03-05,2026-03-05 01:00:00+00:00,0.4640566341794167,0.5900865793228149,0.08596679874922217,-3.4482758,wqcs.org,As Trumps Plans Visit To China Arms Package To Taiwan Is Delayed,https://www.wqcs.org/2026-03-04/as-trumps-plans-visit-to-china-arms-package-to-taiwan-is-delayed,,
203,2026-03-05,2026-03-05 00:00:00+00:00,0.4640566341794167,0.5900865793228149,0.08596679874922217,-3.4482758,wknofm.org,As Trumps Plans Visit To China Arms Package To Taiwan Is Delayed,https://www.wknofm.org/2026-03-04/as-trumps-plans-visit-to-china-arms-package-to-taiwan-is-delayed,,
204,2026-03-05,2026-03-05 00:00:00+00:00,0.4640566341794167,0.5900865793228149,0.08596679874922217,-3.4482758,kvnf.org,As Trumps Plans Visit To China Arms Package To Taiwan Is Delayed,https://www.kvnf.org/2026-03-04/as-trumps-plans-visit-to-china-arms-package-to-taiwan-is-delayed,,
205,2026-03-05,2026-03-05 00:00:00+00:00,0.4640566341794167,0.5900865793228149,0.08596679874922217,-3.4482758,wjct.org,As Trumps Plans Visit To China Arms Package To Taiwan Is Delayed,https://news.wjct.org/2026-03-04/as-trumps-plans-visit-to-china-arms-package-to-taiwan-is-delayed,,
206,2026-03-25,2026-03-25 02:00:00+00:00,0.46328673749069105,0.5915865898132324,0.07838718052306702,5.3418803,traveldailynews.asia,China Inbound Tourism Policy,https://www.traveldailynews.asia/asia-pacific/china-inbound-tourism-policy/,,
207,2026-03-11,2026-03-11 23:00:00+00:00,0.46266054469469153,0.4588211178779602,0.4741788251448856,2.2222223,wn.com,Will Trump Taco On Iran,https://article.wn.com/view/2026/03/11/Will_Trump_TACO_on_Iran/,,
208,2026-03-14,2026-03-14 12:00:00+00:00,0.46262683309948394,0.4653829336166382,0.4543585315480211,-1.0928962,thetimes.com,King Iran Trump Visit Us Dxggddm77,https://www.thetimes.com/uk/royal-family/article/king-iran-trump-visit-us-dxggddm77,,
209,2026-03-06,2026-03-06 13:00:00+00:00,0.4625778417675108,0.5836563110351562,0.09934243396457465,-1.0256411,americanthinker.com,Trump Cracks China S Fortune Cookie,https://www.americanthinker.com/articles/2026/03/trump_cracks_china_s_fortune_cookie.html,,
210,2026-03-11,2026-03-11 19:00:00+00:00,0.4611124404443034,0.4839928150177002,0.3924713167241129,3.8461537,baltimoresun.com,Will Trump Stand Up To Putin,https://www.baltimoresun.com/2026/03/11/will-trump-stand-up-to-putin/,,
211,2026-03-09,2026-03-09 06:00:00+00:00,0.46084228792090803,0.5853883028030396,0.0872042432745135,-3.8317056,express.co.uk,China Nostradamus Trump Presidency Iran War,https://www.express.co.uk/news/us/2179078/china-nostradamus-trump-presidency-iran-war,,
212,2026-03-23,2026-03-23 16:00:00+00:00,0.45885638007513296,0.5899580717086792,0.06555130517449423,-3.6764705,time.com,China America Trump Xi War Iran,https://time.com/article/2026/03/20/china-america-trump-xi-war-iran/,,
213,2026-03-16,2026-03-16 18:00:00+00:00,0.4583201299434106,0.5887224674224854,0.06711311750618625,-1.5584415,foreignpolicy.com,Trump China Investment Manufacturing,https://foreignpolicy.com/2026/03/16/trump-china-investment-manufacturing/,,
214,2026-03-08,2026-03-08 16:00:00+00:00,0.4561751858738851,0.5823230147361755,0.0777316992870138,-3.8143675,dailymail.co.uk,China Xueqin Jiang Iran War Donald Trump,https://www.dailymail.co.uk/news/article-15621215/china-xueqin-jiang-iran-war-donald-trump.html,,
215,2026-03-08,2026-03-08 06:00:00+00:00,0.4560486500738691,0.5794484615325928,0.0858492156976981,2.6392963,koreatimes.co.kr,Ex President Moon Says Trumps China Visit Could Offer Momentum For Korean Peninsula Peace,https://www.koreatimes.co.kr/foreignaffairs/northkorea/20260308/ex-president-moon-says-trumps-china-visit-could-offer-momentum-for-korean-peninsula-peace,,
216,2026-03-09,2026-03-09 07:00:00+00:00,0.45601127401715885,0.5845203399658203,0.07048407617117441,-2.4590163,dailycaller.com,Opinion Trump Checkmates China With Oil Steve Milloy,https://dailycaller.com/2026/03/08/opinion-trump-checkmates-china-with-oil-steve-milloy/,,
217,2026-03-17,2026-03-17 16:00:00+00:00,0.455544826656463,0.5834791660308838,0.07174180853320059,-7.5757575,worldpoliticsreview.com,China Xi Us Trump Iran War,https://www.worldpoliticsreview.com/china-xi-us-trump-iran-war/,,
218,2026-03-13,2026-03-13 12:00:00+00:00,0.45514638411195035,0.5824244022369385,0.07331232973698598,-2.6190476,news18.com,Despite Chinese Sanctions Marco Rubio Set To Visit China With Trump What We Know Ws L 9959137,https://www.news18.com/world/despite-chinese-sanctions-marco-rubio-set-to-visit-china-with-trump-what-we-know-ws-l-9959137.html,,
219,2026-03-22,2026-03-22 10:00:00+00:00,0.45350961722025074,0.5310870409011841,0.22077734617745068,2.4425287,koreatimes.co.kr,Will China Ask For Samsungs Investment During Chairmans Visit,https://www.koreatimes.co.kr/business/tech-science/20260322/will-china-ask-for-samsungs-investment-during-chairmans-visit,,
220,2026-03-16,2026-03-16 22:00:00+00:00,0.4534801753797893,0.580101490020752,0.0736162314569013,-2.7863777,cnbc.com,Trump China Iran Xi War Trade,https://www.cnbc.com/2026/03/16/trump-china-iran-xi-war-trade.html,,
221,2026-03-18,2026-03-18 01:00:00+00:00,0.4526520140335467,0.46771204471588135,0.40747192198654286,1.6393442,wsmv.com,President Trump Visit Memphis Monday,https://www.wsmv.com/2026/03/17/president-trump-visit-memphis-monday/,,
222,2026-03-18,2026-03-18 05:00:00+00:00,0.4526520140335467,0.46771204471588135,0.40747192198654286,1.6393442,kait8.com,President Trump Visit Memphis Monday,https://www.kait8.com/2026/03/17/president-trump-visit-memphis-monday/,,
223,2026-03-17,2026-03-17 22:00:00+00:00,0.4526520140335467,0.46771204471588135,0.40747192198654286,1.6393442,actionnews5.com,President Trump Visit Memphis Monday,https://www.actionnews5.com/2026/03/17/president-trump-visit-memphis-monday/,,
224,2026-03-20,2026-03-20 20:00:00+00:00,0.4526520140335467,0.46771204471588135,0.40747192198654286,1.3513514,kfvs12.com,President Trump Visit Memphis Monday,https://www.kfvs12.com/2026/03/20/president-trump-visit-memphis-monday/,,
225,2026-03-13,2026-03-13 11:00:00+00:00,0.4514522931143877,0.5733799338340759,0.0856693709553232,-0.44444445,channelnewsasia.com,China Vietnam Visit Foreign Defence Ministers Wang Yi Dong Jun 5991691,https://www.channelnewsasia.com/east-asia/china-vietnam-visit-foreign-defence-ministers-wang-yi-dong-jun-5991691,,
226,2026-03-09,2026-03-09 03:00:00+00:00,0.45098997935176427,0.48547738790512085,0.34752775369169453,1.980198,13abc.com,President Trump Visit Ohio This Week,https://www.13abc.com/2026/03/09/president-trump-visit-ohio-this-week/,,
227,2026-03-16,2026-03-16 14:00:00+00:00,0.45089027754444494,0.5772354602813721,0.07185472933366346,-2.4182076,independent.co.uk,Trump China Jinping Iran War B2939256,https://www.independent.co.uk/news/world/americas/us-politics/trump-china-jinping-iran-war-b2939256.html,,
228,2026-03-17,2026-03-17 18:00:00+00:00,0.45072654594455724,0.5737733840942383,0.08158603149551415,-2.6190476,pakistantoday.com.pk,China Steps In,https://www.pakistantoday.com.pk/2026/03/17/china-steps-in,,
229,2026-03-16,2026-03-16 11:00:00+00:00,0.4496921701517664,0.5679045915603638,0.0950549059259742,-2.3809524,yahoo.com,Trump Needs China Help Fixing 085504367,https://www.yahoo.com/news/articles/trump-needs-china-help-fixing-085504367.html,,
230,2026-03-05,2026-03-05 08:00:00+00:00,0.4491899889880328,0.4857899248600006,0.33939018137212934,-4.8292108,frontpagemag.com,Will Trump Keep Going Until Regime Change In Iran,https://www.frontpagemag.com/will-trump-keep-going-until-regime-change-in-iran/,,
231,2026-03-08,2026-03-08 22:00:00+00:00,0.4486737825765352,0.5620895028114319,0.1084266218718451,-1.1157601,mb.com.ph,China Hopes 2026 Will Be A Landmark Year For Relationship With Us,https://mb.com.ph/2026/03/09/china-hopes-2026-will-be-a-landmark-year-for-relationship-with-us,,
232,2026-03-08,2026-03-08 08:00:00+00:00,0.4486737825765352,0.5620895028114319,0.1084266218718451,-1.3675214,clickorlando.com,China Hopes 2026 Will Be A Landmark Year For Relationship With Us,https://www.clickorlando.com/news/world/2026/03/08/china-hopes-2026-will-be-a-landmark-year-for-relationship-with-us/,,
233,2026-03-08,2026-03-08 10:00:00+00:00,0.4486737825765352,0.5620895028114319,0.1084266218718451,-1.5332198,seattletimes.com,China Hopes 2026 Will Be A Landmark Year For Relationship With Us,https://www.seattletimes.com/nation-world/nation/china-hopes-2026-will-be-a-landmark-year-for-relationship-with-us/,,
234,2026-03-08,2026-03-08 08:00:00+00:00,0.4486737825765352,0.5620895028114319,0.1084266218718451,-1.3675214,clickondetroit.com,China Hopes 2026 Will Be A Landmark Year For Relationship With Us,https://www.clickondetroit.com/news/world/2026/03/08/china-hopes-2026-will-be-a-landmark-year-for-relationship-with-us/,,
235,2026-03-08,2026-03-08 07:00:00+00:00,0.4486737825765352,0.5620895028114319,0.1084266218718451,-1.3675214,ksat.com,China Hopes 2026 Will Be A Landmark Year For Relationship With Us,https://www.ksat.com/news/world/2026/03/08/china-hopes-2026-will-be-a-landmark-year-for-relationship-with-us/,,
236,2026-03-08,2026-03-08 10:00:00+00:00,0.4486737825765352,0.5620895028114319,0.1084266218718451,-1.3675214,news4jax.com,China Hopes 2026 Will Be A Landmark Year For Relationship With Us,https://www.news4jax.com/news/world/2026/03/08/china-hopes-2026-will-be-a-landmark-year-for-relationship-with-us/,,
237,2026-03-08,2026-03-08 14:00:00+00:00,0.4486737825765352,0.5620895028114319,0.1084266218718451,3.7037036,ctvnews.ca,China Hopes 2026 Will Be A Landmark Year For Relationship With Us,https://www.ctvnews.ca/world/article/china-hopes-2026-will-be-a-landmark-year-for-relationship-with-us/,,
238,2026-03-09,2026-03-09 00:00:00+00:00,0.4486737825765352,0.5620895028114319,0.1084266218718451,-1.2598425,lex18.com,China Hopes 2026 Will Be A Landmark Year For Relationship With Us,https://www.lex18.com/world-news/china-hopes-2026-will-be-a-landmark-year-for-relationship-with-us,,
239,2026-03-08,2026-03-08 05:00:00+00:00,0.4486737825765352,0.5620895028114319,0.1084266218718451,-1.5296367,winnipegfreepress.com,China Hopes 2026 Will Be A Landmark Year For Relationship With Us,https://www.winnipegfreepress.com/world/2026/03/07/china-hopes-2026-will-be-a-landmark-year-for-relationship-with-us,,
240,2026-03-08,2026-03-08 06:00:00+00:00,0.4486737825765352,0.5620895028114319,0.1084266218718451,-1.4285715,wsls.com,China Hopes 2026 Will Be A Landmark Year For Relationship With Us,https://www.wsls.com/news/world/2026/03/08/china-hopes-2026-will-be-a-landmark-year-for-relationship-with-us/,,
241,2026-03-08,2026-03-08 12:00:00+00:00,0.4486737825765352,0.5620895028114319,0.1084266218718451,-1.2718601,cp24.com,China Hopes 2026 Will Be A Landmark Year For Relationship With Us,https://www.cp24.com/news/world/2026/03/08/china-hopes-2026-will-be-a-landmark-year-for-relationship-with-us/,,
242,2026-03-08,2026-03-08 12:00:00+00:00,0.4486737825765352,0.5620895028114319,0.1084266218718451,-1.0191083,durangoherald.com,China Hopes 2026 Will Be A Landmark Year For Relationship With Us,https://www.durangoherald.com/articles/china-hopes-2026-will-be-a-landmark-year-for-relationship-with-us/,,
243,2026-03-17,2026-03-17 18:00:00+00:00,0.44809502880642593,0.5748885273933411,0.06771453304568056,-1.6260163,globalnews.ca,Trump China Meeting Delayed Iran,https://globalnews.ca/news/11734683/trump-china-meeting-delayed-iran/,,
244,2026-03-11,2026-03-11 07:00:00+00:00,0.447266481347317,0.5650752782821655,0.0938400905427714,0.3472222,scmp.com,Webinar Two Sessions 2026 How Will China Pivot Its Economy Under Trumps Pressure,https://www.scmp.com/news/china/article/3346168/webinar-two-sessions-2026-how-will-china-pivot-its-economy-under-trumps-pressure,,
245,2026-03-13,2026-03-13 18:00:00+00:00,0.44662295715540423,0.5735757350921631,0.06576462334512767,-2.1814008,jdsupra.com,Trump Targets China Europe And 14 Other 8372163,https://www.jdsupra.com/legalnews/trump-targets-china-europe-and-14-other-8372163/,,
246,2026-03-12,2026-03-12 21:00:00+00:00,0.446396706036969,0.564599871635437,0.09178720924156503,0.5249344,clickorlando.com,Bessent Will Meet Chinas Vice Premier In Paris Ahead Of Trumps Visit To Beijing,https://www.clickorlando.com/business/2026/03/12/bessent-will-meet-chinas-vice-premier-in-paris-ahead-of-trumps-visit-to-beijing/,,
247,2026-03-13,2026-03-13 10:00:00+00:00,0.446396706036969,0.564599871635437,0.09178720924156503,0.18050541,ksat.com,Bessent Will Meet Chinas Vice Premier In Paris Ahead Of Trumps Visit To Beijing,https://www.ksat.com/business/2026/03/12/bessent-will-meet-chinas-vice-premier-in-paris-ahead-of-trumps-visit-to-beijing/,,
248,2026-03-12,2026-03-12 21:00:00+00:00,0.446396706036969,0.564599871635437,0.09178720924156503,0.25974026,mymotherlode.com,Bessent Will Meet Chinas Vice Premier In Paris Ahead Of Trumps Visit To Beijing,https://mymotherlode.com/news/national/10624163/bessent-will-meet-chinas-vice-premier-in-paris-ahead-of-trumps-visit-to-beijing.html,,
249,2026-03-12,2026-03-12 20:00:00+00:00,0.446396706036969,0.564599871635437,0.09178720924156503,0.5249344,news4jax.com,Bessent Will Meet Chinas Vice Premier In Paris Ahead Of Trumps Visit To Beijing,https://www.news4jax.com/business/2026/03/12/bessent-will-meet-chinas-vice-premier-in-paris-ahead-of-trumps-visit-to-beijing/,,
250,2026-03-12,2026-03-12 20:00:00+00:00,0.446396706036969,0.564599871635437,0.09178720924156503,0.5249344,wsls.com,Bessent Will Meet Chinas Vice Premier In Paris Ahead Of Trumps Visit To Beijing,https://www.wsls.com/business/2026/03/12/bessent-will-meet-chinas-vice-premier-in-paris-ahead-of-trumps-visit-to-beijing/,,
251,2026-03-12,2026-03-12 19:00:00+00:00,0.446396706036969,0.564599871635437,0.09178720924156503,0.5,winnipegfreepress.com,Bessent Will Meet Chinas Vice Premier In Paris Ahead Of Trumps Visit To Beijing,https://www.winnipegfreepress.com/world/2026/03/12/bessent-will-meet-chinas-vice-premier-in-paris-ahead-of-trumps-visit-to-beijing,,
252,2026-03-12,2026-03-12 22:00:00+00:00,0.446396706036969,0.564599871635437,0.09178720924156503,0.5249344,clickondetroit.com,Bessent Will Meet Chinas Vice Premier In Paris Ahead Of Trumps Visit To Beijing,https://www.clickondetroit.com/business/2026/03/12/bessent-will-meet-chinas-vice-premier-in-paris-ahead-of-trumps-visit-to-beijing/,,
253,2026-03-17,2026-03-17 17:00:00+00:00,0.4457535352359604,0.567253589630127,0.08125337205346064,-3.8699691,yahoo.com,Trump Requests Delay Planned China 122752843,https://www.yahoo.com/news/articles/trump-requests-delay-planned-china-122752843.html,,
254,2026-03-11,2026-03-11 02:00:00+00:00,0.4448249652513251,0.4571055471897125,0.40798321943616284,-4.255319,canadiandimension.com,Will Trump Chicken Out Of Iran Invasion,https://canadiandimension.com/articles/view/will-trump-chicken-out-of-iran-invasion,,
255,2026-03-16,2026-03-16 15:00:00+00:00,0.44442786761193687,0.5703186988830566,0.06675537379857746,-2.6449645,chicagotribune.com,Trump China Bessent Strait Hormuz,https://www.chicagotribune.com/2026/03/16/trump-china-bessent-strait-hormuz/,,
256,2026-03-09,2026-03-09 16:00:00+00:00,0.4434356987729132,0.48198142647743225,0.3277985156593561,-2.6778884,lfpress.com,Dimanche Will Trump Slump Continue To Hit U S Tourism In 2026,https://lfpress.com/opinion/columnists/dimanche-will-trump-slump-continue-to-hit-u-s-tourism-in-2026,,
257,2026-03-17,2026-03-17 20:00:00+00:00,0.4417867975290698,0.5456441044807434,0.13021487667404893,-2.7027028,nikkei.com,Takaichi S Us Visit What Will Japan Say To Trump On Iran,https://asia.nikkei.com/spotlight/iran-tensions/takaichi-s-us-visit-what-will-japan-say-to-trump-on-iran,,
258,2026-03-10,2026-03-10 21:00:00+00:00,0.4413017580488831,0.5626392364501953,0.07728932284494644,-4.5521293,dailycaller.com,Donald Trump Iran War America Strikes China,https://dailycaller.com/2026/03/10/donald-trump-iran-war-america-strikes-china/,,
259,2026-03-17,2026-03-17 19:00:00+00:00,0.4392341569444443,0.5616106986999512,0.07210453167792368,-2.8962188,straitstimes.com,Delay In Trumps China Visit Gives Both Sides Time To Hammer Out Trade Deal,https://www.straitstimes.com/asia/east-asia/delay-in-trumps-china-visit-gives-both-sides-time-to-hammer-out-trade-deal,,
260,2026-03-17,2026-03-17 15:00:00+00:00,0.43848960269054593,0.5412478446960449,0.13021487667404893,-2.7027028,nikkei.com,Takaichi S Us Visit What Will Japan Say To Trump On Iran Situation2,https://asia.nikkei.com/spotlight/iran-tensions/takaichi-s-us-visit-what-will-japan-say-to-trump-on-iran-situation2,,
261,2026-03-09,2026-03-09 07:00:00+00:00,0.43442156100194734,0.5384925007820129,0.12220874166175053,-1.2618296,asiaone.com,China Hopes 2026 Will Be Landmark Year Relationship Us,https://www.asiaone.com:443/china/china-hopes-2026-will-be-landmark-year-relationship-us,,
262,2026-03-09,2026-03-09 04:00:00+00:00,0.43442156100194734,0.5384925007820129,0.12220874166175053,-1.2618296,asiaone.com,China Hopes 2026 Will Be Landmark Year Relationship Us,https://www.asiaone.com/china/china-hopes-2026-will-be-landmark-year-relationship-us,,
263,2026-03-16,2026-03-16 08:00:00+00:00,0.434224008557833,0.5494124293327332,0.08865874623313254,-4.0,firstpost.com,China Resumes Taiwan Overflights Ahead Of Trumps Beijing Visit Is It A Warning Or A Warm Up 13989923,https://www.firstpost.com/world/china-resumes-taiwan-overflights-ahead-of-trumps-beijing-visit-is-it-a-warning-or-a-warm-up-13989923.html,,
264,2026-03-16,2026-03-16 11:00:00+00:00,0.4341704163837293,0.5495831966400146,0.08793207561487325,-3.9029536,news18.com,After Trumps Summit Warning Will Iran War Become Next Flashpoint In Us China Rivalry Ws L 9963149,https://www.news18.com/explainers/after-trumps-summit-warning-will-iran-war-become-next-flashpoint-in-us-china-rivalry-ws-l-9963149.html,,
265,2026-03-08,2026-03-08 23:00:00+00:00,0.43388402418155003,0.5527130365371704,0.07739698711468887,-3.262956,express.co.uk,China Professor Predicted Trump Iran War,https://www.express.co.uk/news/world/2179821/china-professor-predicted-trump-iran-war,,
266,2026-03-18,2026-03-18 05:00:00+00:00,0.4338474657956471,0.5531431436538696,0.07596043222097956,-3.037667,siasat.com,China Ignores Trumps Hormuz Request As Iran War Deepens Beijing Visit Delayed 3436772,https://www.siasat.com/china-ignores-trumps-hormuz-request-as-iran-war-deepens-beijing-visit-delayed-3436772/,,
267,2026-03-06,2026-03-06 01:00:00+00:00,0.4336283710958105,0.5536013841629028,0.07370933189453335,4.371585,aol.com,Lionel Messi Expected Visit Trump 173857417,https://www.aol.com/articles/lionel-messi-expected-visit-trump-173857417.html,,
268,2026-03-18,2026-03-18 15:00:00+00:00,0.4324077968323913,0.5489873886108398,0.08266902149704551,-2.7113237,businesstimes.com.sg,Delay Trumps China Visit Gives Both Sides Time Hammer Out Trade Deal,https://www.businesstimes.com.sg/international/delay-trumps-china-visit-gives-both-sides-time-hammer-out-trade-deal,,
269,2026-03-18,2026-03-18 13:00:00+00:00,0.4322666573449656,0.5509178638458252,0.07631303784238681,-2.4663677,newsday.com,Trump Tariffs Manufacturing China K94725,https://www.newsday.com/news/nation/trump-tariffs-manufacturing-china-k94725,,
270,2026-03-06,2026-03-06 12:00:00+00:00,0.43098251079272354,0.511338472366333,0.18991462607189513,-2.714333,foreignaffairs.com,Will China Overplay Its Hand,https://www.foreignaffairs.com/china/will-china-overplay-its-hand,,
271,2026-03-12,2026-03-12 20:00:00+00:00,0.4308865630265146,0.5455653071403503,0.08685033068500746,3.7037036,ctvnews.ca,Us Treasury Secretary Will Meet Chinas Vice Premier In Paris Ahead Of Trumps Visit To Beijing,https://www.ctvnews.ca/world/article/us-treasury-secretary-will-meet-chinas-vice-premier-in-paris-ahead-of-trumps-visit-to-beijing/,,
272,2026-03-09,2026-03-09 05:00:00+00:00,0.4304809454193621,0.4507114291191101,0.36978949432011804,3.409091,afr.com,Will Trump Finally Get His Nobel Peace Prize 20260306 P5O82R,https://www.afr.com/world/middle-east/will-trump-finally-get-his-nobel-peace-prize-20260306-p5o82r,,
273,2026-03-07,2026-03-07 21:00:00+00:00,0.4304809454193621,0.4507114291191101,0.36978949432011804,3.409091,afr.com,Will Trump Finally Get His Nobel Peace Prize 20260306 P5O82R,https://www.afr.com/policy/foreign-affairs/will-trump-finally-get-his-nobel-peace-prize-20260306-p5o82r,,
274,2026-03-07,2026-03-07 17:00:00+00:00,0.4303384130991007,0.5514471530914307,0.06701219312211078,-3.2125206,newsday.com,Trump Iran Latin America China Q33441,https://www.newsday.com/news/nation/trump-iran-latin-america-china-q33441,,
275,2026-03-25,2026-03-25 16:00:00+00:00,0.4300992516718777,0.5402629375457764,0.09960819405018159,-4.4014087,washingtonexaminer.com,Pollution Trump Tariffs China,https://www.washingtonexaminer.com/op-eds/4502069/pollution-trump-tariffs-china/,,
276,2026-03-16,2026-03-16 10:00:00+00:00,0.42992259163348384,0.5520925521850586,0.06341270997875965,-2.5099075,aol.co.uk,Trump Hints Delaying China Summit 101143679,https://www.aol.co.uk/articles/trump-hints-delaying-china-summit-101143679.html,,
277,2026-03-23,2026-03-23 16:00:00+00:00,0.42925938061189284,0.5438036918640137,0.08562644685553036,-5.7894735,thelocal.es,Spains Pm To Visit China For Fourth Time In As Many Years,https://www.thelocal.es/20260323/spains-pm-to-visit-china-for-fourth-time-in-as-many-years,,
278,2026-03-16,2026-03-16 12:00:00+00:00,0.4290641189501676,0.549655556678772,0.06728980576435445,-3.9426522,cnbc.com,Bessent Trump Xi China Iran War,https://www.cnbc.com/2026/03/16/bessent-trump-xi-china-iran-war.html,,
279,2026-03-16,2026-03-16 15:00:00+00:00,0.42884803036423547,0.546881377696991,0.07474798836596887,-3.9215686,scmp.com,Beijing Iran War Trumps China Trade Plan New Ai Arena 7 Us China Relations Reads,https://www.scmp.com/news/china/article/3346569/beijing-iran-war-trumps-china-trade-plan-new-ai-arena-7-us-china-relations-reads,,
280,2026-03-06,2026-03-06 07:00:00+00:00,0.4277589509870829,0.5294619202613831,0.12265004316418247,0.0,japantimes.co.jp,Chinas Iran Interests Will Endure,https://www.japantimes.co.jp/commentary/2026/03/06/world/chinas-iran-interests-will-endure/,,
281,2026-03-07,2026-03-07 09:00:00+00:00,0.4273664705092868,0.5474125146865845,0.0672283379773938,-1.3907285,cbc.ca,China Trump Us Iran 9.7117124,https://www.cbc.ca/news/world/china-trump-us-iran-9.7117124,,
282,2026-03-17,2026-03-17 21:00:00+00:00,0.4272819050789315,0.5398745536804199,0.08950395927446626,-2.5316455,hudson.org,Can Trump Beat China Winning Iran Zineb Riboua,https://www.hudson.org/foreign-policy/can-trump-beat-china-winning-iran-zineb-riboua,,
283,2026-03-08,2026-03-08 00:00:00+00:00,0.4267357489692294,0.5334687232971191,0.10653682598556014,6.904488,slguardian.org,Will China Leapfrog Itself In The Next Five Year Plan,https://slguardian.org/will-china-leapfrog-itself-in-the-next-five-year-plan/,,
284,2026-03-12,2026-03-12 11:00:00+00:00,0.4257221218310917,0.5266052484512329,0.12307274197066807,-1.5267175,scmp.com,Trumps Tariff Investigation Bluff Will Not Work China Analysts Warn,https://www.scmp.com/economy/china-economy/article/3346365/trumps-tariff-investigation-bluff-will-not-work-china-analysts-warn,,
285,2026-03-18,2026-03-18 15:00:00+00:00,0.4250756689826199,0.5442172288894653,0.06765098926208352,-3.524229,cbc.ca,Trump China Summit Negotation 9.7133084,https://www.cbc.ca/news/world/trump-china-summit-negotation-9.7133084,,
286,2026-03-05,2026-03-05 13:00:00+00:00,0.42385894689883874,0.5363936424255371,0.08625486031874373,-0.4178273,hellenicshippingnews.com,China Is Set To Kick Off Its Big Policy Meeting What Will Be The Key Announcements,https://www.hellenicshippingnews.com/china-is-set-to-kick-off-its-big-policy-meeting-what-will-be-the-key-announcements/,,
287,2026-03-24,2026-03-24 03:00:00+00:00,0.4218114175072876,0.5276404619216919,0.10432428426407483,-5.8252425,afr.com,How Trump S War On Iran Will Affect China S Taiwan Calculations 20260323 P5Rny3,https://www.afr.com/policy/foreign-affairs/how-trump-s-war-on-iran-will-affect-china-s-taiwan-calculations-20260323-p5rny3,,
288,2026-03-14,2026-03-14 17:00:00+00:00,0.4211334469080106,0.5322140455245972,0.08789165105825086,-4.0358744,athens-times.com,Trump We Will Open The Strait Of Hormuz Call To Uk China And Allies,https://athens-times.com/trump-we-will-open-the-strait-of-hormuz-call-to-uk-china-and-allies/,,
289,2026-03-07,2026-03-07 18:00:00+00:00,0.4209955057771317,0.5400885343551636,0.06371642004303602,-0.37243947,thestar.com.my,China And Us To Hold High Level Trade Talks In Paris Before Trumps Beijing Visit,https://www.thestar.com.my/aseanplus/aseanplus-news/2026/03/07/china-and-us-to-hold-high-level-trade-talks-in-paris-before-trumps-beijing-visit,,
290,2026-03-16,2026-03-16 10:00:00+00:00,0.4194310821700643,0.5345311164855957,0.07413097922347,-2.486911,fortune.com,Trump Asia Section 301 Probes China Malaysia Tariffs,https://fortune.com/2026/03/16/trump-asia-section-301-probes-china-malaysia-tariffs/,,
291,2026-03-08,2026-03-08 08:00:00+00:00,0.418831882704709,0.5223003029823303,0.1084266218718451,-1.6260163,sitkasentinel.com,"China Hopes 2026 Will Be A Landmark Year For Relationship With Us,123985","http://www.sitkasentinel.com/stories/china-hopes-2026-will-be-a-landmark-year-for-relationship-with-us,123985",,
292,2026-03-17,2026-03-17 03:00:00+00:00,0.4186733324747201,0.5365259647369385,0.06511543568806491,-4.4117646,benzinga.com,Chuck Schumer Blasts Trump For Hoping That China Will Help Us Clear The Hormuz Strait Hes Created A Mess And Has No Plan For How To End It,https://www.benzinga.com/news/politics/26/03/51287724/chuck-schumer-blasts-trump-for-hoping-that-china-will-help-us-clear-the-hormuz-strait-hes-created-a-mess-and-has-no-plan-for-how-to-end-it,,
293,2026-03-16,2026-03-16 21:00:00+00:00,0.41831308056690036,0.5302258729934692,0.08257470328719378,-4.0,marketscreener.com,Will The Trump Xi Summit Go Ahead Ce7E5Edbd98Dff2D,https://www.marketscreener.com/news/will-the-trump-xi-summit-go-ahead-ce7e5edbd98dff2d,,
294,2026-03-19,2026-03-19 13:00:00+00:00,0.4174030445464243,0.5151457190513611,0.12417502103161399,2.9585798,clarechampion.ie,Donald Trump Says He Will Try To Visit Clare This September,https://clarechampion.ie/donald-trump-says-he-will-try-to-visit-clare-this-september/,,
295,2026-03-17,2026-03-17 04:00:00+00:00,0.4161179900659957,0.5261357426643372,0.08606473227097142,-4.4117646,benzinga.com,Chuck Schumer Blasts Trump For Hoping That China Will Help Us Clear The Hormuz Strait Hes Created A,https://www.benzinga.com/news/politics/26/03/51287724/chuck-schumer-blasts-trump-for-hoping-that-china-will-help-us-clear-the-hormuz-strait-hes-created-a,,
296,2026-03-16,2026-03-16 16:00:00+00:00,0.4160388243725947,0.5319352149963379,0.06834965250136521,0.7117438,theweek.com,Trump Demands Allies China Hormuz Escort,https://theweek.com/world-news/trump-demands-allies-china-hormuz-escort,,
297,2026-03-05,2026-03-05 07:00:00+00:00,0.41498291110848234,0.5203009843826294,0.09902869128604114,-1.010101,bignewsnetwork.com,Explainer China Plans China Delivers,http://www.bignewsnetwork.com/news/278903205/explainer-china-plans-china-delivers,,
298,2026-03-19,2026-03-19 13:00:00+00:00,0.4147920595311355,0.5322362780570984,0.062459403953247006,-3.930131,scmp.com,Uncompromising Takaichis Meeting Trump Seen Key China Japan Ties,https://www.scmp.com/news/china/diplomacy/article/3347188/uncompromising-takaichis-meeting-trump-seen-key-china-japan-ties,,
299,2026-03-21,2026-03-21 22:00:00+00:00,0.41446286263370274,0.5255886316299438,0.08108555564497953,-2.4248302,bostonglobe.com,Trump Is Finally Eyeing An Exit Iran Will He Take It,https://www.bostonglobe.com/2026/03/21/world/trump-is-finally-eyeing-an-exit-iran-will-he-take-it/,,
300,2026-03-24,2026-03-24 04:00:00+00:00,0.41446030892391117,0.5257516503334045,0.08058628469543105,1.5050167,cleantechnica.com,China Flexes Its Global Green Hydrogen Muscles Trump Or No Trump,https://cleantechnica.com/2026/03/23/china-flexes-its-global-green-hydrogen-muscles-trump-or-no-trump/,,
301,2026-03-09,2026-03-09 12:00:00+00:00,0.4141561665429811,0.5160660147666931,0.1084266218718451,-1.242236,theitem.com,"China Hopes 2026 Will Be A Landmark Year For Relationship With Us,440472","http://www.theitem.com/stories/china-hopes-2026-will-be-a-landmark-year-for-relationship-with-us,440472",,
302,2026-03-08,2026-03-08 21:00:00+00:00,0.4140784737500665,0.5285234451293945,0.07074355961208251,-1.7985611,dailycaller.com,China Iran America Israel Trump Diplomacy,https://dailycaller.com/2026/03/08/china-iran-america-israel-trump-diplomacy/,,
303,2026-03-24,2026-03-24 11:00:00+00:00,0.4126452819515662,0.5218542814254761,0.08501828352983648,1.6997167,businesstimes.com.sg,Pm Wong Visit China Mar 25 28 Deliver Keynote Speech Asian Davos Forum Hainan,https://www.businesstimes.com.sg/singapore/pm-wong-visit-china-mar-25-28-deliver-keynote-speech-asian-davos-forum-hainan,,
304,2026-03-17,2026-03-17 13:00:00+00:00,0.41226682128789455,0.52881920337677,0.06260967502126817,-1.4984227,livemint.com,Trump Shifts Us China Strategy On Trade To Dealmaking 11773749452454,https://www.livemint.com/global/trump-shifts-us-china-strategy-on-trade-to-dealmaking-11773749452454.html,,
305,2026-03-17,2026-03-17 01:00:00+00:00,0.41226259925620523,0.5286973714828491,0.06295828257627359,-2.1118011,theguardian.com,Trump China Summit Iran War,https://www.theguardian.com/us-news/2026/mar/16/trump-china-summit-iran-war,,
306,2026-03-04,2026-03-04 23:00:00+00:00,0.4117689509817859,0.5286440253257751,0.06114372794981809,-4.637681,yahoo.com,Calls First Minister Answer China 225929653,https://www.yahoo.com/news/articles/calls-first-minister-answer-china-225929653.html,,
307,2026-03-08,2026-03-08 07:00:00+00:00,0.4112982281341295,0.5122554302215576,0.1084266218718451,-1.6260163,morningsun.net,"China Hopes 2026 Will Be A Landmark Year For Relationship With Us,318050","http://www.morningsun.net/stories/china-hopes-2026-will-be-a-landmark-year-for-relationship-with-us,318050",,
308,2026-03-11,2026-03-11 04:00:00+00:00,0.41112776120699235,0.4608461260795593,0.2619726665892914,2.1333334,fox19.com,Trump Visit Tri State Wednesday Stops Ohio Kentucky,https://www.fox19.com/2026/03/11/trump-visit-tri-state-wednesday-stops-ohio-kentucky/,,
309,2026-03-25,2026-03-25 19:00:00+00:00,0.41053949873030815,0.5253756046295166,0.06603118103268278,-1.6746411,theglobeandmail.com,Article Trump Xi China Beijing Iran War,https://www.theglobeandmail.com/world/article-trump-xi-china-beijing-iran-war/,,
310,2026-03-17,2026-03-17 18:00:00+00:00,0.41017691427221126,0.5225706100463867,0.07299582694968476,0.35211268,cnbc.com,Trump Nato Iran War Allies China,https://www.cnbc.com/2026/03/17/trump-nato-iran-war-allies-china.html,,
311,2026-03-15,2026-03-15 14:00:00+00:00,0.40964838120940805,0.524196982383728,0.06600257768644817,3.8461537,theepochtimes.com,Top Us China Trade Negotiators Meet In Paris Ahead Of Trumps Visit To Beijing 5999018,https://www.theepochtimes.com/china/top-us-china-trade-negotiators-meet-in-paris-ahead-of-trumps-visit-to-beijing-5999018,,
312,2026-03-13,2026-03-13 22:00:00+00:00,0.4093486691070782,0.5242907404899597,0.06452245495843362,-2.479339,radaronline.com,Nuclear Doomsday China Trump War World 3,https://radaronline.com/p/nuclear-doomsday-china-trump-war-world-3/,,
313,2026-03-11,2026-03-11 13:00:00+00:00,0.4072993532674608,0.5135098695755005,0.08866780434334176,-4.3117743,dailybreeze.com,Trump Ohio Kentucky Visit,https://www.dailybreeze.com/2026/03/11/trump-ohio-kentucky-visit/,,
314,2026-03-11,2026-03-11 15:00:00+00:00,0.4072993532674608,0.5135098695755005,0.08866780434334176,-4.3117743,citizensvoice.com,Trump Ohio Kentucky Visit,https://www.citizensvoice.com/2026/03/11/trump-ohio-kentucky-visit/,,
315,2026-03-11,2026-03-11 14:00:00+00:00,0.4072993532674608,0.5135098695755005,0.08866780434334176,-4.3117743,pressdemocrat.com,Trump Ohio Kentucky Visit,https://www.pressdemocrat.com/2026/03/11/trump-ohio-kentucky-visit/,,
316,2026-03-11,2026-03-11 13:00:00+00:00,0.4072993532674608,0.5135098695755005,0.08866780434334176,-4.3117743,redlandsdailyfacts.com,Trump Ohio Kentucky Visit,https://www.redlandsdailyfacts.com/2026/03/11/trump-ohio-kentucky-visit/,,
317,2026-03-11,2026-03-11 14:00:00+00:00,0.4072993532674608,0.5135098695755005,0.08866780434334176,-4.3117743,whittierdailynews.com,Trump Ohio Kentucky Visit,https://www.whittierdailynews.com/2026/03/11/trump-ohio-kentucky-visit/,,
318,2026-03-11,2026-03-11 18:00:00+00:00,0.4072993085639772,0.5135098099708557,0.08866780434334176,-3.5548687,sandiegouniontribune.com,Trump Ohio Kentucky Visit,https://www.sandiegouniontribune.com/2026/03/11/trump-ohio-kentucky-visit/,,
319,2026-03-11,2026-03-11 14:00:00+00:00,0.4072993085639772,0.5135098099708557,0.08866780434334176,-4.3117743,sbsun.com,Trump Ohio Kentucky Visit,https://www.sbsun.com/2026/03/11/trump-ohio-kentucky-visit/,,
320,2026-03-11,2026-03-11 14:00:00+00:00,0.4072993085639772,0.5135098099708557,0.08866780434334176,-4.3117743,journal-advocate.com,Trump Ohio Kentucky Visit,https://www.journal-advocate.com/2026/03/11/trump-ohio-kentucky-visit/,,
321,2026-03-11,2026-03-11 14:00:00+00:00,0.4072993085639772,0.5135098099708557,0.08866780434334176,-4.3117743,ocregister.com,Trump Ohio Kentucky Visit,https://www.ocregister.com/2026/03/11/trump-ohio-kentucky-visit/,,
322,2026-03-11,2026-03-11 19:00:00+00:00,0.4072993085639772,0.5135098099708557,0.08866780434334176,-3.5548687,twincities.com,Trump Ohio Kentucky Visit,https://www.twincities.com/2026/03/11/trump-ohio-kentucky-visit/,,
323,2026-03-11,2026-03-11 14:00:00+00:00,0.4072993085639772,0.5135098099708557,0.08866780434334176,-4.3117743,presstelegram.com,Trump Ohio Kentucky Visit,https://www.presstelegram.com/2026/03/11/trump-ohio-kentucky-visit/,,
324,2026-03-11,2026-03-11 14:00:00+00:00,0.4072993085639772,0.5135098099708557,0.08866780434334176,-4.3117743,pilotonline.com,Trump Ohio Kentucky Visit,https://www.pilotonline.com/2026/03/11/trump-ohio-kentucky-visit/,,
325,2026-03-11,2026-03-11 14:00:00+00:00,0.4072993085639772,0.5135098099708557,0.08866780434334176,-4.3117743,canoncitydailyrecord.com,Trump Ohio Kentucky Visit,https://www.canoncitydailyrecord.com/2026/03/11/trump-ohio-kentucky-visit/,,
326,2026-03-11,2026-03-11 17:00:00+00:00,0.4072993085639772,0.5135098099708557,0.08866780434334176,-4.3117743,dailynews.com,Trump Ohio Kentucky Visit,https://www.dailynews.com/2026/03/11/trump-ohio-kentucky-visit/,,
327,2026-03-11,2026-03-11 15:00:00+00:00,0.4072993085639772,0.5135098099708557,0.08866780434334176,-4.3117743,morningjournal.com,Trump Ohio Kentucky Visit,https://www.morningjournal.com/2026/03/11/trump-ohio-kentucky-visit/,,
328,2026-03-11,2026-03-11 13:00:00+00:00,0.4072993085639772,0.5135098099708557,0.08866780434334176,-4.3117743,courant.com,Trump Ohio Kentucky Visit,https://www.courant.com/2026/03/11/trump-ohio-kentucky-visit/,,
329,2026-03-11,2026-03-11 13:00:00+00:00,0.4072993085639772,0.5135098099708557,0.08866780434334176,-4.3117743,sgvtribune.com,Trump Ohio Kentucky Visit,https://www.sgvtribune.com/2026/03/11/trump-ohio-kentucky-visit/,,
330,2026-03-11,2026-03-11 13:00:00+00:00,0.4072993085639772,0.5135098099708557,0.08866780434334176,-4.3117743,republicanherald.com,Trump Ohio Kentucky Visit,https://www.republicanherald.com/2026/03/11/trump-ohio-kentucky-visit/,,
331,2026-03-11,2026-03-11 13:00:00+00:00,0.4072993085639772,0.5135098099708557,0.08866780434334176,-4.3117743,pasadenastarnews.com,Trump Ohio Kentucky Visit,https://www.pasadenastarnews.com/2026/03/11/trump-ohio-kentucky-visit/,,
332,2026-03-11,2026-03-11 16:00:00+00:00,0.4072993085639772,0.5135098099708557,0.08866780434334176,-4.3117743,dailypress.com,Trump Ohio Kentucky Visit,https://www.dailypress.com/2026/03/11/trump-ohio-kentucky-visit/,,
333,2026-03-11,2026-03-11 16:00:00+00:00,0.4072993085639772,0.5135098099708557,0.08866780434334176,-4.3117743,dailybulletin.com,Trump Ohio Kentucky Visit,https://www.dailybulletin.com/2026/03/11/trump-ohio-kentucky-visit/,,
334,2026-03-04,2026-03-04 22:00:00+00:00,0.4071203398773817,0.5048648118972778,0.11388692381769346,2.1978023,scmp.com,Merzs China Visit Shows Pragmatic Diplomacy Still Matters,https://www.scmp.com/opinion/china-opinion/article/3345145/merzs-china-visit-shows-pragmatic-diplomacy-still-matters,,
335,2026-03-23,2026-03-23 09:00:00+00:00,0.4065559285139329,0.5186617970466614,0.07023832291574743,-2.625,foxnews.com,Chad Wolf Trump Serious About China Threat Rebuilding Our Arsenal,https://www.foxnews.com/opinion/chad-wolf-trump-serious-about-china-threat-rebuilding-our-arsenal,,
336,2026-03-08,2026-03-08 09:00:00+00:00,0.4062726816843976,0.5090852379798889,0.09783501279792382,0.0,yahoo.com,President Trump Expected Visit Kentucky 020103509,https://www.yahoo.com/news/articles/president-trump-expected-visit-kentucky-020103509.html,,
337,2026-03-09,2026-03-09 19:00:00+00:00,0.4049409064072708,0.5028989911079407,0.1110666523052612,-2.46114,greanvillepost.com,China Rejects A Joint Us China Hegemony,https://www.greanvillepost.com/2026/03/09/china-rejects-a-joint-us-china-hegemony/,,
338,2026-03-09,2026-03-09 16:00:00+00:00,0.4049409064072708,0.5028989911079407,0.1110666523052612,-2.2031825,dissidentvoice.org,China Rejects A Joint Us China Hegemony,https://dissidentvoice.org/2026/03/china-rejects-a-joint-us-china-hegemony/,,
339,2026-03-09,2026-03-09 13:00:00+00:00,0.4037450290913622,0.5131278038024902,0.07559670495797795,0.9009009,wuky.org,President Donald Trump To Visit Northern Kentucky,https://www.wuky.org/wuky-news/2026-03-09/president-donald-trump-to-visit-northern-kentucky,,
340,2026-03-09,2026-03-09 12:00:00+00:00,0.4035793151707978,0.5087705850601196,0.08800550550283232,-3.5149386,bankingnews.gr,We Will Kill Him Too Trump Warns New Iranian Leader As China Calls For Restraint,https://www.bankingnews.gr/diethni/articles/861227/we-will-kill-him-too-trump-warns-new-iranian-leader-as-china-calls-for-restraint,,
341,2026-03-06,2026-03-06 15:00:00+00:00,0.4032007067510233,0.4872433543205261,0.15107276404251482,3.8251367,clare.fm,Trump Doonbeg Gm Says Us President Will Visit Irish Open If Possible,https://www.clare.fm/news/trump-doonbeg-gm-says-us-president-will-visit-irish-open-if-possible/,,
342,2026-03-17,2026-03-17 12:00:00+00:00,0.4028250664936933,0.504886269569397,0.09664145726658231,-2.1218343,newsweek.com,China Pushes For Us Visit Amid Weakening Iran Ties 11685211,https://www.newsweek.com/china-pushes-for-us-visit-amid-weakening-iran-ties-11685211,,
343,2026-03-07,2026-03-07 02:00:00+00:00,0.4019596484907051,0.5156257152557373,0.060961448195608385,3.0075188,wcpo.com,President Donald Trump To Visit Cincinnati Next Week White House Spokesperson Says,https://www.wcpo.com/news/local-news/hamilton-county/cincinnati/president-donald-trump-to-visit-cincinnati-next-week-white-house-spokesperson-says,,
344,2026-03-09,2026-03-09 12:00:00+00:00,0.4007543394666232,0.489677369594574,0.13398524908277093,-0.95238096,japantimes.co.jp,China Condemns Taiwan Premier Visit,https://www.japantimes.co.jp/news/2026/03/09/asia-pacific/china-condemns-taiwan-premier-visit/,,
345,2026-03-09,2026-03-09 22:00:00+00:00,0.4007543394666232,0.489677369594574,0.13398524908277093,-0.95238096,japantimes.co.jp,China Condemns Taiwan Premier Visit,https://www.japantimes.co.jp/news/2026/03/09/japan/politics/china-condemns-taiwan-premier-visit/,,
346,2026-03-04,2026-03-04 01:00:00+00:00,0.3973254593227432,0.5078113079071045,0.06586791356965943,-1.0440835,watoday.com.au,Xi S China Will Be World Shaping In The Coming Months And Years Our Return To Beijing Could Not Be More Timely Or Urgent 20260228 P5O6Aw,https://www.watoday.com.au/world/asia/xi-s-china-will-be-world-shaping-in-the-coming-months-and-years-our-return-to-beijing-could-not-be-more-timely-or-urgent-20260228-p5o6aw.html,,
347,2026-03-19,2026-03-19 10:00:00+00:00,0.39651689221392944,0.4854204058647156,0.12980635126157106,-0.26917902,gizmodo.com,Will China Beat The Us Back To The Moon 2000733544,https://gizmodo.com/will-china-beat-the-us-back-to-the-moon-2000733544,,
348,2026-03-12,2026-03-12 21:00:00+00:00,0.3962859046288015,0.507953941822052,0.06128179304904994,0.62240666,nypost.com,Scott Bessent Meeting Chinas Vice Premier In Paris For Trade Talks Ahead Of Trumps Visit To China,https://nypost.com/2026/03/12/us-news/scott-bessent-meeting-chinas-vice-premier-in-paris-for-trade-talks-ahead-of-trumps-visit-to-china/,,
349,2026-03-21,2026-03-21 16:00:00+00:00,0.3957208453531506,0.5015366077423096,0.07827355818567368,-2.1828103,dailycaller.com,Liberals Visit Favorite Communist Country In Solidarity Against Trump Threats,https://dailycaller.com/2026/03/21/liberals-visit-favorite-communist-country-in-solidarity-against-trump-threats/,,
350,2026-03-10,2026-03-10 00:00:00+00:00,0.3951281341332535,0.48981529474258423,0.1110666523052612,-2.4111676,greanvillepost.com,China Rejects A Joint Us China Hegemony 2,https://www.greanvillepost.com/2026/03/09/china-rejects-a-joint-us-china-hegemony-2/,,
351,2026-03-18,2026-03-18 04:00:00+00:00,0.3945818314295469,0.5009478330612183,0.07548382653453285,-2.9810297,cnn.com,Trump King Charles Visit Iran Intl,https://www.cnn.com/2026/03/18/europe/trump-king-charles-visit-iran-intl,,
352,2026-03-18,2026-03-18 07:00:00+00:00,0.3945818314295469,0.5009478330612183,0.07548382653453285,-2.9810297,cnn.com,Trump King Charles Visit Iran Intl,https://edition.cnn.com/2026/03/18/europe/trump-king-charles-visit-iran-intl,,
353,2026-03-18,2026-03-18 07:00:00+00:00,0.3945818314295469,0.5009478330612183,0.07548382653453285,-2.9810297,cnn.com,Trump King Charles Visit Iran Intl,https://us.cnn.com/2026/03/18/europe/trump-king-charles-visit-iran-intl,,
354,2026-03-21,2026-03-21 23:00:00+00:00,0.3944774443979521,0.501903772354126,0.0721984605294306,-2.857143,wn.com,Trump Is Finally Eyeing An Exit From Iran But Will He Take I,https://article.wn.com/view/2026/03/21/Trump_Is_Finally_Eyeing_an_Exit_From_Iran_But_Will_He_Take_I/,,
355,2026-03-19,2026-03-19 12:00:00+00:00,0.3944679366459047,0.4782027304172516,0.14326355533186394,-7.6923075,wn.com,Us Intel Doubts China Will Invade Taiwan In 2027,https://article.wn.com/view/2026/03/19/US_intel_doubts_China_will_invade_Taiwan_in_2027/,,
356,2026-03-13,2026-03-13 10:00:00+00:00,0.3937618855803945,0.49817073345184326,0.08053534196604822,-1.312336,slguardian.org,Taiwan Accelerates 40 Billion U S Arms Deal Ahead Of Trumps China Visit,https://slguardian.org/taiwan-accelerates-40-billion-u-s-arms-deal-ahead-of-trumps-china-visit/,,
357,2026-03-18,2026-03-18 16:00:00+00:00,0.39271321081178234,0.4864859879016876,0.1113948795420666,0.0,yahoo.com,Us Assesses China Not Currently 151356368,https://www.yahoo.com/news/articles/us-assesses-china-not-currently-151356368.html,,
358,2026-03-09,2026-03-09 12:00:00+00:00,0.39252219907954644,0.4940277636051178,0.08800550550283232,-3.5149386,bankingnews.gr,We Will Kill Him Too Trump Warns New Iranian Leader As China Calls For Restraint%20Title=,https://www.bankingnews.gr/diethni/articles/861227/we-will-kill-him-too-trump-warns-new-iranian-leader-as-china-calls-for-restraint%20title=,,
359,2026-03-04,2026-03-04 06:00:00+00:00,0.39120026343739184,0.47830358147621155,0.12989030932093268,-4.2328043,kotaku.com,Tencent Trump Divest China Epic Riot Supercell 2000675567,https://kotaku.com/tencent-trump-divest-china-epic-riot-supercell-2000675567,,
360,2026-03-17,2026-03-17 03:00:00+00:00,0.39100209176504924,0.4891738295555115,0.0964868783936625,-7.4074073,bloomberg.com,Will Ai Disruption Force Xi Jinping To Turn China Into A Welfare State,https://www.bloomberg.com:443/news/features/2026-03-06/will-ai-disruption-force-xi-jinping-to-turn-china-into-a-welfare-state,,
361,2026-03-25,2026-03-25 12:00:00+00:00,0.39044160463651767,0.4798562526702881,0.12219766053520634,-2.063492,riotimesonline.com,China Brazil Infrastructure Railways Ports Trump,https://www.riotimesonline.com/china-brazil-infrastructure-railways-ports-trump/,,
362,2026-03-24,2026-03-24 20:00:00+00:00,0.38997291420125324,0.49739158153533936,0.06771691219899495,-5.5555553,wcsufm.org,Will President Trump Act On His Threat To Take Cuba,https://www.wcsufm.org/latest-from-npr/2026-03-24/will-president-trump-act-on-his-threat-to-take-cuba,,
363,2026-03-24,2026-03-24 17:00:00+00:00,0.38997291420125324,0.49739158153533936,0.06771691219899495,-5.5555553,kwbu.org,Will President Trump Act On His Threat To Take Cuba,https://www.kwbu.org/latest-from-npr/2026-03-24/will-president-trump-act-on-his-threat-to-take-cuba,,
364,2026-03-24,2026-03-24 17:00:00+00:00,0.38997291420125324,0.49739158153533936,0.06771691219899495,-5.5555553,iowapublicradio.org,Will President Trump Act On His Threat To Take Cuba,https://www.iowapublicradio.org/news-from-npr/2026-03-24/will-president-trump-act-on-his-threat-to-take-cuba,,
365,2026-03-24,2026-03-24 18:00:00+00:00,0.38997291420125324,0.49739158153533936,0.06771691219899495,-5.5555553,wxxinews.org,Will President Trump Act On His Threat To Take Cuba,https://www.wxxinews.org/npr-news/2026-03-24/will-president-trump-act-on-his-threat-to-take-cuba,,
366,2026-03-24,2026-03-24 18:00:00+00:00,0.38997291420125324,0.49739158153533936,0.06771691219899495,-5.5555553,ketr.org,Will President Trump Act On His Threat To Take Cuba,https://www.ketr.org/2026-03-24/will-president-trump-act-on-his-threat-to-take-cuba,,
367,2026-03-24,2026-03-24 18:00:00+00:00,0.38997291420125324,0.49739158153533936,0.06771691219899495,-5.5555553,kunr.org,Will President Trump Act On His Threat To Take Cuba,https://www.kunr.org/world-headlines/2026-03-24/will-president-trump-act-on-his-threat-to-take-cuba,,
368,2026-03-24,2026-03-24 17:00:00+00:00,0.38997291420125324,0.49739158153533936,0.06771691219899495,-5.5555553,wsiu.org,Will President Trump Act On His Threat To Take Cuba,https://www.wsiu.org/2026-03-24/will-president-trump-act-on-his-threat-to-take-cuba,,
369,2026-03-24,2026-03-24 17:00:00+00:00,0.38997291420125324,0.49739158153533936,0.06771691219899495,-5.5555553,wutc.org,Will President Trump Act On His Threat To Take Cuba,https://www.wutc.org/2026-03-24/will-president-trump-act-on-his-threat-to-take-cuba,,
370,2026-03-24,2026-03-24 20:00:00+00:00,0.38997291420125324,0.49739158153533936,0.06771691219899495,-5.5555553,ksmu.org,Will President Trump Act On His Threat To Take Cuba,https://www.ksmu.org/2026-03-24/will-president-trump-act-on-his-threat-to-take-cuba,,
371,2026-03-24,2026-03-24 18:00:00+00:00,0.38997291420125324,0.49739158153533936,0.06771691219899495,-5.5555553,kunc.org,Will President Trump Act On His Threat To Take Cuba,https://www.kunc.org/npr-news/2026-03-24/will-president-trump-act-on-his-threat-to-take-cuba,,
372,2026-03-24,2026-03-24 18:00:00+00:00,0.38997291420125324,0.49739158153533936,0.06771691219899495,-5.5555553,wjct.org,Will President Trump Act On His Threat To Take Cuba,https://news.wjct.org/national-news/2026-03-24/will-president-trump-act-on-his-threat-to-take-cuba,,
373,2026-03-24,2026-03-24 18:00:00+00:00,0.38997291420125324,0.49739158153533936,0.06771691219899495,-5.5555553,wwno.org,Will President Trump Act On His Threat To Take Cuba,https://www.wwno.org/npr-news/2026-03-24/will-president-trump-act-on-his-threat-to-take-cuba,,
374,2026-03-24,2026-03-24 20:00:00+00:00,0.38997291420125324,0.49739158153533936,0.06771691219899495,-5.5555553,redriverradio.org,Will President Trump Act On His Threat To Take Cuba,https://www.redriverradio.org/2026-03-24/will-president-trump-act-on-his-threat-to-take-cuba,,
375,2026-03-24,2026-03-24 22:00:00+00:00,0.38997291420125324,0.49739158153533936,0.06771691219899495,-1.4881743,wlrn.org,Will President Trump Act On His Threat To Take Cuba,https://www.wlrn.org/npr-breaking-news/2026-03-24/will-president-trump-act-on-his-threat-to-take-cuba,,
376,2026-03-24,2026-03-24 17:00:00+00:00,0.38997291420125324,0.49739158153533936,0.06771691219899495,-5.5555553,kasu.org,Will President Trump Act On His Threat To Take Cuba,https://www.kasu.org/2026-03-24/will-president-trump-act-on-his-threat-to-take-cuba,,
377,2026-03-24,2026-03-24 18:00:00+00:00,0.38997291420125324,0.49739158153533936,0.06771691219899495,-5.5555553,ualrpublicradio.org,Will President Trump Act On His Threat To Take Cuba,https://www.ualrpublicradio.org/npr-news/2026-03-24/will-president-trump-act-on-his-threat-to-take-cuba,,
378,2026-03-24,2026-03-24 17:00:00+00:00,0.38997291420125324,0.49739158153533936,0.06771691219899495,-5.5555553,wcbe.org,Will President Trump Act On His Threat To Take Cuba,https://www.wcbe.org/npr-news/2026-03-24/will-president-trump-act-on-his-threat-to-take-cuba,,
379,2026-03-24,2026-03-24 18:00:00+00:00,0.38997291420125324,0.49739158153533936,0.06771691219899495,-5.5555553,kvnf.org,Will President Trump Act On His Threat To Take Cuba,https://www.kvnf.org/npr-news/2026-03-24/will-president-trump-act-on-his-threat-to-take-cuba,,
380,2026-03-24,2026-03-24 16:00:00+00:00,0.38997291420125324,0.49739158153533936,0.06771691219899495,-5.5555553,wkyufm.org,Will President Trump Act On His Threat To Take Cuba,https://www.wkyufm.org/news/2026-03-24/will-president-trump-act-on-his-threat-to-take-cuba,,
381,2026-03-24,2026-03-24 16:00:00+00:00,0.38997291420125324,0.49739158153533936,0.06771691219899495,-5.5555553,kuaf.com,Will President Trump Act On His Threat To Take Cuba,https://www.kuaf.com/npr-news/2026-03-24/will-president-trump-act-on-his-threat-to-take-cuba,,
382,2026-03-24,2026-03-24 16:00:00+00:00,0.38997291420125324,0.49739158153533936,0.06771691219899495,-5.5555553,wglt.org,Will President Trump Act On His Threat To Take Cuba,https://www.wglt.org/2026-03-24/will-president-trump-act-on-his-threat-to-take-cuba,,
383,2026-03-24,2026-03-24 16:00:00+00:00,0.38997291420125324,0.49739158153533936,0.06771691219899495,-5.5555553,kacu.org,Will President Trump Act On His Threat To Take Cuba,https://www.kacu.org/2026-03-24/will-president-trump-act-on-his-threat-to-take-cuba,,
384,2026-03-24,2026-03-24 16:00:00+00:00,0.38997291420125324,0.49739158153533936,0.06771691219899495,-5.5555553,klcc.org,Will President Trump Act On His Threat To Take Cuba,https://www.klcc.org/npr-news/2026-03-24/will-president-trump-act-on-his-threat-to-take-cuba,,
385,2026-03-24,2026-03-24 16:00:00+00:00,0.38997291420125324,0.49739158153533936,0.06771691219899495,-6.060606,npr.org,Will President Trump Act On His Threat To Take Cuba,https://www.npr.org/2026/03/24/nx-s1-5759180/will-president-trump-act-on-his-threat-to-take-cuba,,
386,2026-03-24,2026-03-24 16:00:00+00:00,0.38997291420125324,0.49739158153533936,0.06771691219899495,-5.5555553,knpr.org,Will President Trump Act On His Threat To Take Cuba,https://knpr.org/npr/2026-03-24/will-president-trump-act-on-his-threat-to-take-cuba,,
387,2026-03-24,2026-03-24 17:00:00+00:00,0.38997291420125324,0.49739158153533936,0.06771691219899495,-5.5555553,publicradiotulsa.org,Will President Trump Act On His Threat To Take Cuba,https://www.publicradiotulsa.org/npr-national-news/2026-03-24/will-president-trump-act-on-his-threat-to-take-cuba,,
388,2026-03-18,2026-03-18 19:00:00+00:00,0.3887767742103454,0.49447065591812134,0.07169512908701753,-0.65789473,vanityfair.com,King Charles Donald Trump State Visit,https://www.vanityfair.com/style/story/king-charles-donald-trump-state-visit,,
389,2026-03-25,2026-03-25 22:00:00+00:00,0.3880871385687668,0.4947184920310974,0.0681930781817749,-1.2345679,gazetaexpress.com,The Trump Xi Meeting In May Will Be A Monumental Event For The American President.,https://www.gazetaexpress.com/en/The-Trump-Xi-meeting-in-May-will-be-a-monumental-event-for-the-American-president./,,
390,2026-03-12,2026-03-12 21:00:00+00:00,0.38762831646223705,0.4946407079696655,0.06659114193995172,-3.3361847,slate.com,Trump Iran War China Oil Crisis,https://slate.com/technology/2026/03/trump-iran-war-china-oil-crisis.html,,
391,2026-03-17,2026-03-17 16:00:00+00:00,0.3859827984061729,0.4794624447822571,0.10554385927792025,-1.5449438,english.pravda.ru,166212 Iran Oil Exports China Trump Delays Beijing Visit,https://english.pravda.ru/world/166212-iran-oil-exports-china-trump-delays-beijing-visit/,,
392,2026-03-10,2026-03-10 00:00:00+00:00,0.3851364244672792,0.4906975328922272,0.06845309919243527,-2.292769,ibtimes.co.uk,Will Donald Trump Invade Iran Potus Breaks Silence Sending Ground Troops Nuclear Sites 1784279,https://www.ibtimes.co.uk/will-donald-trump-invade-iran-potus-breaks-silence-sending-ground-troops-nuclear-sites-1784279,,
393,2026-03-22,2026-03-22 00:00:00+00:00,0.3849409853627329,0.48983216285705566,0.0702674528797646,0.71770334,watchingamerica.com,China Advances Washington Worries,https://watchingamerica.com/2026/03/21/china-advances-washington-worries/,,
394,2026-03-08,2026-03-08 08:00:00+00:00,0.3847274864950239,0.490278959274292,0.06807306815721974,-0.88932806,express.co.uk,King Charles Trump Us State Visit,https://www.express.co.uk/news/royal/2179175/king-charles-trump-us-state-visit,,
395,2026-03-13,2026-03-13 10:00:00+00:00,0.38430857780782157,0.48399388790130615,0.08525264752736783,1.7064847,econotimes.com,Us Prepares Record 14 Billion Taiwan Arms Deal Pending Trumps China Visit 1736191,http://www.econotimes.com/US-Prepares-Record-14-Billion-Taiwan-Arms-Deal-Pending-Trumps-China-Visit-1736191,,
396,2026-03-05,2026-03-05 23:00:00+00:00,0.3835361294311904,0.49089163541793823,0.061469611470946955,-2.393617,marinelink.com,China Talks Iran Safe Passage 536594,https://www.marinelink.com/news/china-talks-iran-safe-passage-536594,,
397,2026-03-06,2026-03-06 03:00:00+00:00,0.38293514191451367,0.4902339279651642,0.061038783762562075,-0.5882353,newsday.com,China Trump Latin America Peru Chile Panama P73097,https://www.newsday.com/news/nation/china-trump-latin-america-peru-chile-panama-p73097,,
398,2026-03-15,2026-03-15 21:00:00+00:00,0.38272432820472907,0.4827280640602112,0.08271312063828283,-0.7751938,columbian.com,U S China Discuss Trade,https://www.columbian.com/news/2026/mar/15/u-s-china-discuss-trade/,,
399,2026-03-18,2026-03-18 14:00:00+00:00,0.3812032299457598,0.48648977279663086,0.06534360139314653,1.6949153,newkerala.com,Japanese Pm Takaichi Visit Us Hold Talks Trump 902,https://www.newkerala.com/news/a/japanese-pm-takaichi-visit-us-hold-talks-trump-902.htm,,
400,2026-03-17,2026-03-17 19:00:00+00:00,0.3809905542828312,0.47157618403434753,0.10923366502828215,0.0,marketscreener.com,Brazil Officials To Visit China For Sanitary Talks Amid Soy Spat Says Minister Ce7E5Ed8Db88F020,https://www.marketscreener.com/news/brazil-officials-to-visit-china-for-sanitary-talks-amid-soy-spat-says-minister-ce7e5ed8db88f020,,
401,2026-03-20,2026-03-20 09:00:00+00:00,0.3802716853436375,0.471361368894577,0.10700263469081886,-1.4662757,scmp.com,Trump Ally Steve Daines Will Be First Sitting Us Senator Visit Hong Kong 2019,https://www.scmp.com/news/china/politics/article/3347302/trump-ally-steve-daines-will-be-first-sitting-us-senator-visit-hong-kong-2019,,
402,2026-03-04,2026-03-04 10:00:00+00:00,0.38010694889600655,0.48188352584838867,0.07477721803886023,-6.8100357,japantimes.co.jp,China Embassy Warning,https://www.japantimes.co.jp/news/2026/03/04/japan/society/china-embassy-warning/,,
403,2026-03-18,2026-03-18 20:00:00+00:00,0.37969862359958617,0.4849309027194977,0.06400178623985156,-4.347826,wn.com,Trump Talk About Taking Over Countries Will Come Back To Bit,https://article.wn.com/view/2026/03/18/Trump_talk_about_taking_over_countries_will_come_back_to_bit/,,
404,2026-03-17,2026-03-17 03:00:00+00:00,0.37916679640359113,0.45778688788414,0.14330652196194452,-3.0821917,businesstimes.com.sg,Will China Send Warships Strait Hormuz,https://www.businesstimes.com.sg/international/will-china-send-warships-strait-hormuz,,
405,2026-03-09,2026-03-09 22:00:00+00:00,0.378937293839653,0.46923381090164185,0.10804774265368648,-4.643963,spacewar.com,China Slams Taiwan Pm Visit To Japan 999,https://www.spacewar.com/reports/China_slams_Taiwan_PM_visit_to_Japan_999.html,,
406,2026-03-20,2026-03-20 21:00:00+00:00,0.37868463861195323,0.4821425974369049,0.06831076213709815,-0.6374502,csmonitor.com,Japan Us Meeting China Security,https://www.csmonitor.com/World/Asia-Pacific/2026/0320/japan-us-meeting-china-security,,
407,2026-03-13,2026-03-13 17:00:00+00:00,0.3784853642324717,0.4821808338165283,0.06739895548030175,0.798722,dailydot.com,Trump White House Prayer Parody Trend China,https://dailydot.com/trump-white-house-prayer-parody-trend-china,,
408,2026-03-11,2026-03-11 14:00:00+00:00,0.37835835131771095,0.4713990390300751,0.09923628818061865,-1.6949153,washingtonexaminer.com,Trump Administration China Pharma Death Grip,https://www.washingtonexaminer.com/policy/healthcare/4486791/trump-administration-china-pharma-death-grip/,,
409,2026-03-09,2026-03-09 14:00:00+00:00,0.3781328074668301,0.48121947050094604,0.06887281836448222,-3.196347,thetimes.com,China Taiwan Trump Invasion L8Xwr2Fr0,https://www.thetimes.com/world/asia/article/china-taiwan-trump-invasion-l8xwr2fr0,,
410,2026-03-06,2026-03-06 03:00:00+00:00,0.37757621735910096,0.4821280837059021,0.06392061831869754,1.048218,cosmeticsdesign-asia.com,China Focus,https://www.cosmeticsdesign-asia.com/Article/2026/03/06/china-focus/,,
411,2026-03-18,2026-03-18 01:00:00+00:00,0.37665895448799075,0.48140591382980347,0.0624180764625526,8.256881,dealstreetasia.com,Greater China Deal Review Q4 2025,https://www.dealstreetasia.com/reports/greater-china-deal-review-q4-2025,,
412,2026-03-23,2026-03-23 05:00:00+00:00,0.37649225159184874,0.4510732889175415,0.15274913961477046,6.048387,capitalfm.co.ke,Han Zheng Kenya Visit China Relations Nairobi,https://www.capitalfm.co.ke/news/2026/03/han-zheng-kenya-visit-china-relations-nairobi/,,
413,2026-03-12,2026-03-12 11:00:00+00:00,0.37579671593226316,0.48005956411361694,0.06300817138820179,0.7821229,aol.com,China Positions Itself Force Global 072129387,https://www.aol.com/articles/china-positions-itself-force-global-072129387.html,,
414,2026-03-25,2026-03-25 14:00:00+00:00,0.3747667781784544,0.4733037054538727,0.07915599635219943,-3.6002939,newsweek.com,Dating Apps Sex China Trump 11732152,https://www.newsweek.com/dating-apps-sex-china-trump-11732152,,
415,2026-03-06,2026-03-06 06:00:00+00:00,0.37473494459663653,0.4697245657444,0.08976608115334601,-0.6237006,scroll.in,Us Will Not Give India Same Economic Advantages It Gave China Says Trump Official,https://scroll.in/latest/1091193/us-will-not-give-india-same-economic-advantages-it-gave-china-says-trump-official,,
416,2026-03-08,2026-03-08 09:00:00+00:00,0.3744157474717436,0.4788607358932495,0.06108078220722591,1.5075377,shanghainews.net,Update Europe Having Correct Perception Of China Crucial To China Europe Relations Fm,http://www.shanghainews.net/news/278908570/update-europe-having-correct-perception-of-china-crucial-to-china-europe-relations-fm,,
417,2026-03-08,2026-03-08 07:00:00+00:00,0.3744157474717436,0.4788607358932495,0.06108078220722591,1.5,bignewsnetwork.com,Update Europe Having Correct Perception Of China Crucial To China Europe Relations Fm,http://www.bignewsnetwork.com/news/278908570/update-europe-having-correct-perception-of-china-crucial-to-china-europe-relations-fm,,
418,2026-03-08,2026-03-08 07:00:00+00:00,0.3744157474717436,0.4788607358932495,0.06108078220722591,1.5075377,japanherald.com,Update Europe Having Correct Perception Of China Crucial To China Europe Relations Fm,http://www.japanherald.com/news/278908570/update-europe-having-correct-perception-of-china-crucial-to-china-europe-relations-fm,,
419,2026-03-25,2026-03-25 23:00:00+00:00,0.3743291166936841,0.4732808470726013,0.07747392555693255,8.116883,travelweekly.com.au,Visit China Easier Than Ever For Australians With New 30 Day Visa Free Policy,https://travelweekly.com.au/visit-china-easier-than-ever-for-australians-with-new-30-day-visa-free-policy/,,
420,2026-03-09,2026-03-09 11:00:00+00:00,0.37344602487030454,0.4668937921524048,0.09310272302400388,-2.997275,dailymaverick.co.za,2026 03 09 China Condemns Evil Designs Of Taiwan Premiers Japan Visit,https://www.dailymaverick.co.za/article/2026-03-09-china-condemns-evil-designs-of-taiwan-premiers-japan-visit/,,
421,2026-03-10,2026-03-10 11:00:00+00:00,0.3731321086141603,0.474691778421402,0.06845309919243527,-2.292769,ibtimes.com,Will Donald Trump Invade Iran Potus Breaks Silence Sending Ground Troops Nuclear Sites 3798789,https://www.ibtimes.com/will-donald-trump-invade-iran-potus-breaks-silence-sending-ground-troops-nuclear-sites-3798789,,
422,2026-03-16,2026-03-16 22:00:00+00:00,0.37308189430474203,0.477317750453949,0.06037432585712121,2.6666667,businesstimes.com.sg,Deals Over Principles Trumps China Gambit Shadow Iran,https://www.businesstimes.com.sg/opinion-features/deals-over-principles-trumps-china-gambit-shadow-iran,,
423,2026-03-12,2026-03-12 01:00:00+00:00,0.37306346757265574,0.4645124673843384,0.09871646813760787,-3.1674209,yahoo.com,Ky Visit Trump Hails Iran 231533014,https://www.yahoo.com/news/articles/ky-visit-trump-hails-iran-231533014.html,,
424,2026-03-11,2026-03-11 14:00:00+00:00,0.3720265982983042,0.47386476397514343,0.0665121012677864,0.0,wn.com,Trump Will Let Iran Play At 2026 World Cup In Us Fifa Chief,https://article.wn.com/view/2026/03/11/Trump_Will_Let_Iran_Play_at_2026_World_Cup_in_US_FIFA_Chief_/,,
425,2026-03-18,2026-03-18 05:00:00+00:00,0.37170560580603357,0.4707285761833191,0.07463669467417694,-4.8076925,scmp.com,Delayed Us China Summit Raises Stakes Takaichi Ahead White House Visit,https://www.scmp.com/news/china/diplomacy/article/3346959/delayed-us-china-summit-raises-stakes-takaichi-ahead-white-house-visit,,
426,2026-03-14,2026-03-14 16:00:00+00:00,0.3711525180775044,0.4640433192253113,0.09248011463408377,-3.7974684,cnbctv18.com,Trump Hopes Us Uk China France Will Send Warships To Free Strait Of Hormuz Ws L 19868459,https://www.cnbctv18.com/world/trump-hopes-us-uk-china-france-will-send-warships-to-free-strait-of-hormuz-ws-l-19868459.htm,,
427,2026-03-11,2026-03-11 03:00:00+00:00,0.37028683698104853,0.4678483009338379,0.07760244512268051,4.28769,theepochtimes.com,Valencian Parliament Member Says Shen Yuns Beauty Is Beyond Words Hopes It Will One Day Return To China 5996923,https://www.theepochtimes.com/shenyun/valencian-parliament-member-says-shen-yuns-beauty-is-beyond-words-hopes-it-will-one-day-return-to-china-5996923,,
428,2026-03-17,2026-03-17 14:00:00+00:00,0.37011714085857955,0.4666779637336731,0.08043467223329895,-1.4925373,express.co.uk,King Charles State Visit Donald Trump,https://www.express.co.uk/news/royal/2183255/king-charles-state-visit-donald-trump,,
429,2026-03-15,2026-03-15 00:00:00+00:00,0.36921442942600075,0.46055999398231506,0.09517773575705771,0.0,dailykos.com,Trump Getting Desperate The Domino Theory Might Have Been Right Or China Will Own The Ev Market,https://www.dailykos.com/stories/2026/3/14/2373195/-Trump-getting-Desperate-The-Domino-Theory-might-have-been-right-Or-China-will-own-the-EV-market,,
430,2026-03-12,2026-03-12 20:00:00+00:00,0.3690816608398446,0.4692794680595398,0.068488239180759,-4.8698573,thetimes.com,Iran War Trump Xi China Vhlm7Dspp,https://www.thetimes.com/world/asia/article/iran-war-trump-xi-china-vhlm7dspp,,
431,2026-03-10,2026-03-10 18:00:00+00:00,0.36834275164372016,0.46872955560684204,0.06718233975435457,-0.37593985,townandcountrymag.com,King Charles 2026 State Visit Us Trump Debate,https://www.townandcountrymag.com/society/tradition/a70696505/king-charles-2026-state-visit-us-trump-debate/,,
432,2026-03-18,2026-03-18 08:00:00+00:00,0.3679678565938753,0.4652731418609619,0.07605200079261563,-3.1837916,express.co.uk,Donald Trump King Charles State Visit Latest,https://www.express.co.uk/news/royal/2183475/donald-trump-king-charles-state-visit-latest,,
433,2026-03-10,2026-03-10 11:00:00+00:00,0.36745721695916034,0.4609925150871277,0.0868513225752582,3.138528,nextbigwhat.com,China Ai Policy,https://nextbigwhat.com/china-ai-policy/,,
434,2026-03-16,2026-03-16 05:00:00+00:00,0.36682989076947015,0.46838581562042236,0.062162116216613564,-2.096774,newsday.com,Trump China Iran Strait Hormuz I75743,https://www.newsday.com/news/nation/trump-china-iran-strait-hormuz-i75743,,
435,2026-03-06,2026-03-06 11:00:00+00:00,0.36568106975365267,0.45753616094589233,0.09011579617693366,1.4373716,livemint.com,Wont Repeat China Mistake Us Deputy Secretary Says Trade Pact With India Will Focus On America First 11772790837450,https://www.livemint.com/news/us-news/wont-repeat-china-mistake-us-deputy-secretary-says-trade-pact-with-india-will-focus-on-america-first-11772790837450.html,,
436,2026-03-09,2026-03-09 14:00:00+00:00,0.3654304150656517,0.45483314990997314,0.09722221053268741,-4.0540543,scmp.com,China Eyes Cross Border Corruption Law Will It Blunt Long Arm West,https://www.scmp.com/news/china/politics/article/3346010/china-eyes-cross-border-corruption-law-will-it-blunt-long-arm-west,,
437,2026-03-23,2026-03-23 19:00:00+00:00,0.3652309164876,0.4616379141807556,0.07600992340813313,1.5300547,nowgrenada.com,2026 China Scholarship Announcement,https://nowgrenada.com/2026/03/2026-china-scholarship-announcement/,,
438,2026-03-12,2026-03-12 13:00:00+00:00,0.3628707137508294,0.45300722122192383,0.09246119133754617,-3.7790697,livemint.com,Xitrump Meeting Us Launches Trade Probe Against China Over Unfair Practices Will It Worsen Ties 11773315859936,https://www.livemint.com/news/us-news/xitrump-meeting-us-launches-trade-probe-against-china-over-unfair-practices-will-it-worsen-ties-11773315859936.html,,
439,2026-03-12,2026-03-12 21:00:00+00:00,0.3628607411735703,0.4602242112159729,0.07077033104636246,0.2624672,lasvegassun.com,Bessent Will Meet Chinas Vice Premier In Paris Ahe,https://lasvegassun.com/news/2026/mar/12/bessent-will-meet-chinas-vice-premier-in-paris-ahe/,,
440,2026-03-08,2026-03-08 13:00:00+00:00,0.36263733222801625,0.45624589920043945,0.08181163131074669,5.107527,techradar.com,Travel In China Without The Roaming Shock Thanks To Jetpacs China Esim,https://www.techradar.com/pro/travel-in-china-without-the-roaming-shock-thanks-to-jetpacs-china-esim,,
441,2026-03-09,2026-03-09 11:00:00+00:00,0.3623128969400541,0.46053701639175415,0.06764053858495399,-1.8754187,victorygirlsblog.com,Will Cuba Make A Deal With Trump To Begin Regime Change,https://victorygirlsblog.com/will-cuba-make-a-deal-with-trump-to-begin-regime-change/,,
442,2026-03-25,2026-03-25 03:00:00+00:00,0.36223420009060264,0.4621671140193939,0.06243545830422881,3.5971222,asianews.network,China Us Should Work In The Same Direction On Trade Ties China Commerce Minister Says,https://asianews.network/china-us-should-work-in-the-same-direction-on-trade-ties-china-commerce-minister-says/,,
443,2026-03-25,2026-03-25 05:00:00+00:00,0.36223420009060264,0.4621671140193939,0.06243545830422881,3.649635,phnompenhpost.com,China Us Should Work In The Same Direction On Trade Ties China Commerce Minister Says,https://www.phnompenhpost.com/international/china-us-should-work-in-the-same-direction-on-trade-ties-china-commerce-minister-says,,
444,2026-03-13,2026-03-13 02:00:00+00:00,0.36183149013729765,0.4532976448535919,0.08743302598841494,1.9212296,kathmandupost.com,Embracing China Embracing Opportunities,https://kathmandupost.com/columns/2026/03/12/embracing-china-embracing-opportunities,,
445,2026-03-11,2026-03-11 23:00:00+00:00,0.360817891136925,0.4600418508052826,0.06314601213185221,-0.8737864,wcpo.com,President Trump Touts Trumprx Pharmaceutical Manufacturing Push In Cincinnati Visit,https://www.wcpo.com/news/local-news/hamilton-county/reading/president-trump-touts-trumprx-pharmaceutical-manufacturing-push-in-cincinnati-visit,,
446,2026-03-04,2026-03-04 05:00:00+00:00,0.36047915086810145,0.4588973820209503,0.06522445740955482,-5.3805776,politico.eu,Heres How Londoners Will Try To Stop Chinas Massive Embassy,https://www.politico.eu/article/heres-how-londoners-will-try-to-stop-chinas-massive-embassy/,,
447,2026-03-06,2026-03-06 16:00:00+00:00,0.3604272297926342,0.45773375034332275,0.0685076681405685,3.387704,ibtimes.co.uk,Barron Trump Messi White House Visit 1783708,https://www.ibtimes.co.uk/barron-trump-messi-white-house-visit-1783708,,
448,2026-03-06,2026-03-06 18:00:00+00:00,0.3601332268681825,0.4568854570388794,0.06987653635609177,-1.6845329,zerohedge.com,Day After Iran China,https://www.zerohedge.com/news/2026-03-06/day-after-iran-china,,
449,2026-03-08,2026-03-08 06:00:00+00:00,0.3598160536770759,0.45713531970977783,0.0678582555789701,-2.0431328,nbcnews.com,Us China Running World Together China Says No Thanks Rcna262278,https://www.nbcnews.com/world/asia/us-china-running-world-together-china-says-no-thanks-rcna262278,,
450,2026-03-19,2026-03-19 07:00:00+00:00,0.3587170596060371,0.4578419029712677,0.06134252951034536,-3.9473684,openthemagazine.com,Will Not Hesitate Trump Warns Of Massive Retaliation After Iran Strikes Qatar Lng Facilities,https://openthemagazine.com/world/will-not-hesitate-trump-warns-of-massive-retaliation-after-iran-strikes-qatar-lng-facilities,,
451,2026-03-12,2026-03-12 19:00:00+00:00,0.3586212570532682,0.45792514085769653,0.06070960563998323,-1.5318334,china-briefing.com,Germany China Relations Under Merz What The First Official Visit To Beijing Means For Business,https://www.china-briefing.com/news/germany-china-relations-under-merz-what-the-first-official-visit-to-beijing-means-for-business/,,
452,2026-03-21,2026-03-21 19:00:00+00:00,0.3576721236351864,0.45375075936317444,0.06943621645122225,0.9708738,southeastagnet.com,Asa Urges Trump Prioritize Soybean Exports China Tariffs,https://southeastagnet.com/2026/03/20/asa-urges-trump-prioritize-soybean-exports-china-tariffs/,,
453,2026-03-16,2026-03-16 10:00:00+00:00,0.3567560240795637,0.45037996768951416,0.07588419324971231,0.0,newstalk.com,Taoiseach Micheal Martin Will Meet With Donald Trump,https://www.newstalk.com/podcasts/highlights-from-newstalk-breakfast/taoiseach-micheal-martin-will-meet-with-donald-trump,,
454,2026-03-13,2026-03-13 06:00:00+00:00,0.35648170083077285,0.4509499967098236,0.07307681319362065,-1.4492754,nuclear-news.net,6 A Trump Hints U S Will Turn To Cuba After Iran Just A Question Of Time,https://nuclear-news.net/2026/03/13/6-a-trump-hints-u-s-will-turn-to-cuba-after-iran-just-a-question-of-time/,,
455,2026-03-24,2026-03-24 12:00:00+00:00,0.3562206424027322,0.4510483145713806,0.07173762589678707,0.2788104,jewishworldreview.com,China Future Food,https://jewishworldreview.com/0326/china_future_food.php,,
456,2026-03-17,2026-03-17 09:00:00+00:00,0.3560536178035774,0.4543994665145874,0.06101607167054737,0.0,wn.com,Despite The War President Trump Expected To Visit Israel For,https://article.wn.com/view/2026/03/17/Despite_the_war_President_Trump_expected_to_visit_Israel_for/,,
457,2026-03-20,2026-03-20 09:00:00+00:00,0.35438983175799066,0.45099616050720215,0.06457084551035613,5.91133,vietnamnet.vn,Prime Minister Pham Minh Chinh To Visit Russia On Official Trip 2499001,https://vietnamnet.vn/en/prime-minister-pham-minh-chinh-to-visit-russia-on-official-trip-2499001.html,,
