global_rank,date_utc,datetime_utc,hybrid_score,embedding_sim,lexical_sim,tone,source,title,url,relevance_label,review_notes
1,2026-03-25,2026-03-25 20:00:00+00:00,0.6819482316189533,0.8309910893440247,0.23481965844373928,0.78740156,politicalwire.com,Trump Will Visit China In May,https://politicalwire.com/2026/03/25/trump-will-visit-china-in-may/,,
2,2026-03-16,2026-03-16 10:00:00+00:00,0.630169991021058,0.6943094730377197,0.4377515449710729,-0.78125,punchng.com,China Maintaining Communication With Us Over Trump Visit,https://punchng.com/china-maintaining-communication-with-us-over-trump-visit/,,
3,2026-03-16,2026-03-16 09:00:00+00:00,0.6261451411939022,0.6772711277008057,0.4727671816731919,-0.7692308,channelnewsasia.com,China Us Trump Visit Maintaining Communication 5996136,https://www.channelnewsasia.com/east-asia/china-us-trump-visit-maintaining-communication-5996136,,
4,2026-03-16,2026-03-16 13:00:00+00:00,0.6250820707233112,0.6988620758056641,0.40374205547625286,-1.2802275,theguardian.com,China Us Trump Visit Strait Of Hormuz,https://www.theguardian.com/world/2026/mar/16/china-us-trump-visit-strait-of-hormuz,,
5,2026-03-16,2026-03-16 10:00:00+00:00,0.6191315285980795,0.7097972631454468,0.3471343249559778,-0.7936508,freemalaysiatoday.com,China Says In Communication With Us Over Trump Visit,https://www.freemalaysiatoday.com/category/world/2026/03/16/china-says-in-communication-with-us-over-trump-visit,,
6,2026-03-16,2026-03-16 20:00:00+00:00,0.6170169491623452,0.6928141713142395,0.389625282706662,-3.1298904,al-monitor.com,Us China Hold Constructive Talks Trade Trump Visit Doubt,https://www.al-monitor.com/originals/2026/03/us-china-hold-constructive-talks-trade-trump-visit-doubt,,
7,2026-03-16,2026-03-16 14:00:00+00:00,0.6142939595821384,0.6901531219482422,0.38671647248382723,-3.6630037,thefrontierpost.com,China Says Maintaining Communication With Us Over Trump Visit,https://thefrontierpost.com/china-says-maintaining-communication-with-us-over-trump-visit/,,
8,2026-03-16,2026-03-16 12:00:00+00:00,0.6142939595821384,0.6901531219482422,0.38671647248382723,-3.1847134,ewn.co.za,China Says Maintaining Communication With Us Over Trump Visit,https://www.ewn.co.za/2026/03/16/china-says-maintaining-communication-with-us-over-trump-visit,,
9,2026-03-09,2026-03-09 01:00:00+00:00,0.6080149411744596,0.765544056892395,0.1354275940206537,0.0,japantimes.co.jp,Trump China Visit Stability,https://www.japantimes.co.jp/news/2026/03/09/asia-pacific/politics/trump-china-visit-stability/,,
10,2026-03-18,2026-03-18 05:00:00+00:00,0.6079009854207595,0.6287736892700195,0.5452828738729797,-16.32653,businessghana.com,Will Trump Help Or Hinder Zimbabwe,http://www.businessghana.com/site/news/politics/345210/Will-Trump-help-or-hinder-Zimbabwe,,
11,2026-03-07,2026-03-07 15:00:00+00:00,0.6062719812775248,0.6945010423660278,0.34158479801201586,-1.6949153,cinaradio.com,With Trump Visit Coming Up China Hedges Its Bets On Helping Iran,https://www.cinaradio.com/2026/03/07/with-trump-visit-coming-up-china-hedges-its-bets-on-helping-iran/,,
12,2026-03-08,2026-03-08 00:00:00+00:00,0.6062719812775248,0.6945010423660278,0.34158479801201586,13.333333,watchingamerica.com,With Trump Visit Coming Up China Hedges Its Bets On Helping Iran,https://watchingamerica.com/2026/03/07/with-trump-visit-coming-up-china-hedges-its-bets-on-helping-iran/,,
13,2026-03-25,2026-03-25 23:00:00+00:00,0.6028226912181993,0.7735757231712341,0.09056359535909472,-1.9607843,ironmountaindailynews.com,Trump Will Travel To Beijing In May,https://www.ironmountaindailynews.com/news/2026/03/trump-will-travel-to-beijing-in-may/,,
14,2026-03-20,2026-03-20 12:00:00+00:00,0.6013231156779075,0.6499367952346802,0.4554820770075898,-5.714286,scmp.com,China Offers Us Olive Branch Fentanyl Raids Ahead Possible Trump Visit,https://www.scmp.com/news/china/diplomacy/article/3347368/china-offers-us-olive-branch-fentanyl-raids-ahead-possible-trump-visit,,
15,2026-03-22,2026-03-22 12:00:00+00:00,0.5985976483479749,0.600964367389679,0.591497491222863,-0.79113925,irishcentral.com,Donald Trump Visit Logistical Nightmare,https://www.irishcentral.com/news/politics/donald-trump-visit-logistical-nightmare,,
16,2026-03-17,2026-03-17 08:00:00+00:00,0.5974491918588095,0.6943334341049194,0.30679646512047987,-3.1007752,bignewsnetwork.com,China Us In Communication Regarding Date Of Trump Visit Spokesperson,http://www.bignewsnetwork.com/news/278926940/china-us-in-communication-regarding-date-of-trump-visit-spokesperson,,
17,2026-03-21,2026-03-21 07:00:00+00:00,0.5953291517058577,0.6453474760055542,0.44527417880676784,-0.111856826,winnipegfreepress.com,Will Trump Try The Venezuela Method In Cuba,https://www.winnipegfreepress.com/opinion/analysis/2026/03/21/will-trump-try-the-venezuela-method-in-cuba,,
18,2026-03-25,2026-03-25 22:00:00+00:00,0.5949229884509845,0.7559174299240112,0.11193966403190397,-1.9559902,lasvegassun.com,Trump Will Travel To Beijing For Rescheduled China,https://lasvegassun.com/news/2026/mar/25/trump-will-travel-to-beijing-for-rescheduled-china/,,
19,2026-03-10,2026-03-10 08:00:00+00:00,0.5938533929360119,0.760614812374115,0.09356913462170259,-5.1546392,moneycontrol.com,Why China Still Wants Donald Trump To Visit Despite The Iran War Article 13855788,https://www.moneycontrol.com/world/why-china-still-wants-donald-trump-to-visit-despite-the-iran-war-article-13855788.html,,
20,2026-03-17,2026-03-17 13:00:00+00:00,0.5937489241614441,0.6750203967094421,0.34993450651744984,-1.7985611,thestar.com.my,China Says Takes Note Of Us 039Clarifications039 On Possible Trump Visit Delay,https://www.thestar.com.my/aseanplus/aseanplus-news/2026/03/17/china-says-takes-note-of-us-039clarifications039-on-possible-trump-visit-delay,,
21,2026-03-05,2026-03-05 01:00:00+00:00,0.5936338953947372,0.6950769424438477,0.2893047542474058,3.626943,scmp.com,Chinas Annual Two Sessions Kick Amid Planning Trump Visit And Pla Progress,https://www.scmp.com/news/china/politics/article/3345488/chinas-annual-two-sessions-kick-amid-planning-trump-visit-and-pla-progress,,
22,2026-03-18,2026-03-18 08:00:00+00:00,0.5922419389032133,0.6812379360198975,0.325253947553161,4.1666665,bignewsnetwork.com,China To Continue Maintaining Communication With Us Regarding Trump Visit Spokesperson,http://www.bignewsnetwork.com/news/278929212/china-to-continue-maintaining-communication-with-us-regarding-trump-visit-spokesperson,,
23,2026-03-17,2026-03-17 11:00:00+00:00,0.5908964234146059,0.7153951525688171,0.21740023595197236,-1.7301039,aawsat.com,5252171 China Says Takes Note Us %E2%80%98Clarifications%E2%80%99 Possible Trump Visit Delay,https://english.aawsat.com/world/5252171-china-says-takes-note-us-%E2%80%98clarifications%E2%80%99-possible-trump-visit-delay,,
24,2026-03-19,2026-03-19 18:00:00+00:00,0.5891907580796251,0.6231833696365356,0.4872129234088935,-5.8510637,consortiumnews.com,Will Trump Break The Nuclear Taboo,https://consortiumnews.com/2026/03/19/will-trump-break-the-nuclear-taboo/,,
25,2026-03-20,2026-03-20 12:00:00+00:00,0.5891907580796251,0.6231833696365356,0.4872129234088935,-7.017544,wn.com,Will Trump Break The Nuclear Taboo,https://article.wn.com/view/2026/03/20/Will_Trump_Break_the_Nuclear_Taboo/,,
26,2026-03-16,2026-03-16 14:00:00+00:00,0.5880155580715708,0.6760975122451782,0.32376969555074847,0.0,scmp.com,China And Us End Trade Talks Doubts Form Over Trump Visit,https://www.scmp.com/economy/global-economy/article/3346787/china-and-us-end-trade-talks-doubts-form-over-trump-visit,,
27,2026-03-16,2026-03-16 06:00:00+00:00,0.5858211277867835,0.7524445056915283,0.0859509940725492,-1.2269939,scmp.com,Trumps China Visit Limited Beijing Due Tight Schedule And Security Needs Sources?Module=Series Trump%E2%80%99S 2026 Trip To China&Pgtype=Homepage,https://www.scmp.com/news/china/politics/article/3345970/trumps-china-visit-limited-beijing-due-tight-schedule-and-security-needs-sources?module=series_trump%E2%80%99s_2026_trip_to_china&pgtype=homepage,,
28,2026-03-04,2026-03-04 20:00:00+00:00,0.58527738643474,0.637737512588501,0.42789700797345703,-5.6060605,crooksandliars.com,When Will Trump Declare Mission,https://crooksandliars.com/2026/03/when-will-trump-declare-mission,,
29,2026-03-10,2026-03-10 20:00:00+00:00,0.5843415462228339,0.6032789349555969,0.5275293800245444,-2.8288543,al-monitor.com,Will Trump Taco Iran,https://www.al-monitor.com/originals/2026/03/will-trump-taco-iran,,
30,2026-03-10,2026-03-10 05:00:00+00:00,0.5841981133172158,0.5934410095214844,0.5564694247044102,1.9198664,yahoo.com,Ahead Trump Visit Liberty Warriors 043017951,https://www.yahoo.com/news/articles/ahead-trump-visit-liberty-warriors-043017951.html,,
31,2026-03-16,2026-03-16 12:00:00+00:00,0.5808405845405609,0.7511765360832214,0.06983272991257937,-0.40281975,nepalitimes.com,Trump S China Trip Aiming For Deliverables,https://nepalitimes.com/opinion/trump-s-china-trip-aiming-for-deliverables,,
32,2026-03-16,2026-03-16 14:00:00+00:00,0.580487893025207,0.669259250164032,0.31417382160873186,-1.1727079,indianexpress.com,China This Week Delay Trump Visit Fdi Five Year Plan 10585087,https://indianexpress.com/article/explained/explained-global/china-this-week-delay-trump-visit-fdi-five-year-plan-10585087/,,
33,2026-03-16,2026-03-16 14:00:00+00:00,0.580487893025207,0.669259250164032,0.31417382160873186,0.0,indianexpress.com,China This Week Delay Trump Visit Fdi Five Year Plan 10585087,https://indianexpress.com/shorts/explained/explained-global/china-this-week-delay-trump-visit-fdi-five-year-plan-10585087/,,
34,2026-03-16,2026-03-16 17:00:00+00:00,0.5804209355462931,0.741730809211731,0.09649131454997953,-2.1806853,washingtonexaminer.com,Donald Trump Strait Of Hormuz China Visit Xi Jinping,https://www.washingtonexaminer.com/news/world/4492633/donald-trump-strait-of-hormuz-china-visit-xi-jinping/,,
35,2026-03-09,2026-03-09 03:00:00+00:00,0.5794913499009662,0.6568125486373901,0.34752775369169453,1.980198,13abc.com,President Trump Visit Ohio This Week,https://www.13abc.com/2026/03/09/president-trump-visit-ohio-this-week/,,
36,2026-03-16,2026-03-16 21:00:00+00:00,0.5791938106893227,0.6624875068664551,0.32931272215792556,-3.125,freemalaysiatoday.com,Us China Hold Constructive Talks On Trade But Trump Visit In Doubt,https://www.freemalaysiatoday.com/category/highlight/2026/03/17/us-china-hold-constructive-talks-on-trade-but-trump-visit-in-doubt,,
37,2026-03-21,2026-03-21 22:00:00+00:00,0.5784449884516596,0.6422841548919678,0.38692748913073494,0.0,relevantradio.com,Will Trump Take Cuba And Four Films For Lent,https://relevantradio.com/2026/03/will-trump-take-cuba-and-four-films-for-lent/,,
38,2026-03-04,2026-03-04 13:00:00+00:00,0.5782265239978628,0.6613667011260986,0.3288059926131551,2.5157232,scmp.com,China Vows Boost Economy Adhere Principles Ahead Two Sessions And Trump Visit,https://www.scmp.com/news/china/diplomacy/article/3345464/china-vows-boost-economy-adhere-principles-ahead-two-sessions-and-trump-visit,,
39,2026-03-25,2026-03-25 20:00:00+00:00,0.5777761581090285,0.7362041473388672,0.10249219041951246,-7.142857,wn.com,Trump To Visit China On May 1415 After Delay Over Iran War,https://article.wn.com/view/2026/03/25/Trump_to_visit_China_on_May_1415_after_delay_over_Iran_war/,,
40,2026-03-09,2026-03-09 08:00:00+00:00,0.5768221045039641,0.6747163534164429,0.283139357766528,-3.6065574,irishtimes.com,China Condemns Us War On Iran But Keeps Welcome Extended For Trump Visit,https://www.irishtimes.com/world/2026/03/09/china-condemns-us-war-on-iran-but-keeps-welcome-extended-for-trump-visit/,,
41,2026-03-09,2026-03-09 16:00:00+00:00,0.5758734774615846,0.7243016958236694,0.13058882237532976,-1.3452915,fultonsun.com,Trumps China Visit Likely Wont Yield Breakthrough,https://www.fultonsun.com/news/2026/mar/09/trumps-china-visit-likely-wont-yield-breakthrough/,,
42,2026-03-09,2026-03-09 10:00:00+00:00,0.5758734774615846,0.7243016958236694,0.13058882237532976,-1.3452915,newstribune.com,Trumps China Visit Likely Wont Yield Breakthrough,https://www.newstribune.com/news/2026/mar/09/trumps-china-visit-likely-wont-yield-breakthrough/,,
43,2026-03-25,2026-03-25 21:00:00+00:00,0.5755258578089597,0.7308734655380249,0.10948303462176429,-0.8108108,aninews.in,Trump To Visit China On May 14 15 After Iran War Delay20260326024204,https://aninews.in/news/world/us/trump-to-visit-china-on-may-14-15-after-iran-war-delay20260326024204/,,
44,2026-03-11,2026-03-11 23:00:00+00:00,0.5747719641340073,0.6083030104637146,0.4741788251448856,2.2222223,wn.com,Will Trump Taco On Iran,https://article.wn.com/view/2026/03/11/Will_Trump_TACO_on_Iran/,,
45,2026-03-25,2026-03-25 23:00:00+00:00,0.5736734664324881,0.731060266494751,0.10151306624569918,-3.6745408,washingtonexaminer.com,Trump China Visit Xi Jinping May Iran War,https://www.washingtonexaminer.com/policy/foreign-policy/4503597/trump-china-visit-xi-jinping-may-iran-war/,,
46,2026-03-14,2026-03-14 12:00:00+00:00,0.5731899026814694,0.6128003597259521,0.4543585315480211,-1.0928962,thetimes.com,King Iran Trump Visit Us Dxggddm77,https://www.thetimes.com/uk/royal-family/article/king-iran-trump-visit-us-dxggddm77,,
47,2026-03-25,2026-03-25 22:00:00+00:00,0.5729446036437781,0.7271016240119934,0.1104735425391321,1.2944983,fox10phoenix.com,President Trumps Visit China Set May After Being Postponed Iran War,https://www.fox10phoenix.com/news/president-trumps-visit-china-set-may-after-being-postponed-iran-war,,
48,2026-03-25,2026-03-25 21:00:00+00:00,0.5729446036437781,0.7271016240119934,0.1104735425391321,1.2944983,fox7austin.com,President Trumps Visit China Set May After Being Postponed Iran War,https://www.fox7austin.com/news/president-trumps-visit-china-set-may-after-being-postponed-iran-war,,
49,2026-03-25,2026-03-25 21:00:00+00:00,0.5729446036437781,0.7271016240119934,0.1104735425391321,1.2944983,fox13news.com,President Trumps Visit China Set May After Being Postponed Iran War,https://www.fox13news.com/news/president-trumps-visit-china-set-may-after-being-postponed-iran-war,,
50,2026-03-25,2026-03-25 23:00:00+00:00,0.5729446036437781,0.7271016240119934,0.1104735425391321,1.2944983,fox35orlando.com,President Trumps Visit China Set May After Being Postponed Iran War,https://www.fox35orlando.com/news/president-trumps-visit-china-set-may-after-being-postponed-iran-war,,
51,2026-03-25,2026-03-25 20:00:00+00:00,0.5729446036437781,0.7271016240119934,0.1104735425391321,1.2944983,fox26houston.com,President Trumps Visit China Set May After Being Postponed Iran War,https://www.fox26houston.com/news/president-trumps-visit-china-set-may-after-being-postponed-iran-war,,
52,2026-03-23,2026-03-23 09:00:00+00:00,0.5711134982673204,0.7330824732780457,0.08520657323514466,-3.3507073,warontherocks.com,Trumps Visit To China Wont Fix Much If It Even Happens,https://warontherocks.com/2026/03/trumps-visit-to-china-wont-fix-much-if-it-even-happens/,,
53,2026-03-12,2026-03-12 15:00:00+00:00,0.5680099437587718,0.6564630270004272,0.30265069403380546,0.0,wcsmradio.com,Trump Cincy Visit,https://www.wcsmradio.com/index.php/news/81940/15/TRUMP-CINCY-VISIT,,
54,2026-03-12,2026-03-12 00:00:00+00:00,0.5673917803842056,0.7275217771530151,0.08700179007777706,-3.5294118,straitstimes.com,Will Xi Shine The Spotlight On Trump In Beijing,https://www.straitstimes.com/opinion/will-xi-shine-the-spotlight-on-trump-in-beijing,,
55,2026-03-25,2026-03-25 19:00:00+00:00,0.5672147506764331,0.7185251712799072,0.11328348886601076,-1.7006803,channelnewsasia.com,Iran China Trump Us Jinping Visit Beijing Trip War 6017171,https://www.channelnewsasia.com/world/iran-china-trump-us-jinping-visit-beijing-trip-war-6017171,,
56,2026-03-25,2026-03-25 23:00:00+00:00,0.5670560115173083,0.7289295196533203,0.08143548710927222,-3.3986928,grenadachronicle.com,Trump To Visit Xi Jinping In China On May 14 And 15 After Iran War Delay,https://grenadachronicle.com/trump-to-visit-xi-jinping-in-china-on-may-14-and-15-after-iran-war-delay/,,
57,2026-03-25,2026-03-25 21:00:00+00:00,0.5670560115173083,0.7289295196533203,0.08143548710927222,-3.3986928,aljazeera.com,Trump To Visit Xi Jinping In China On May 14 And 15 After Iran War Delay,https://www.aljazeera.com/news/2026/3/25/trump-to-visit-xi-jinping-in-china-on-may-14-and-15-after-iran-war-delay,,
58,2026-03-25,2026-03-25 23:00:00+00:00,0.5670560115173083,0.7289295196533203,0.08143548710927222,-3.3986928,dominicanrepublicpost.com,Trump To Visit Xi Jinping In China On May 14 And 15 After Iran War Delay,https://dominicanrepublicpost.com/trump-to-visit-xi-jinping-in-china-on-may-14-and-15-after-iran-war-delay/,,
59,2026-03-13,2026-03-13 08:00:00+00:00,0.5670002251655437,0.6254168748855591,0.3917502760054978,0.0,wvxu.org,Trump Visit Cincinnati City Manager Review,https://www.wvxu.org/show/cincinnati-edition/2026-03-13/trump-visit-cincinnati-city-manager-review,,
60,2026-03-15,2026-03-15 10:00:00+00:00,0.5651551557202448,0.7073131203651428,0.13868126178555068,-2.2891567,gatestoneinstitute.org,Trump Iran China Dream,https://www.gatestoneinstitute.org/22341/trump-iran-china-dream,,
61,2026-03-11,2026-03-11 18:00:00+00:00,0.5650868279031768,0.5754827857017517,0.5338989545074518,0.0,rawstory.com,Trump Visit Kentucky Disloyal,https://www.rawstory.com/trump-visit-kentucky-disloyal/,,
62,2026-03-11,2026-03-11 12:00:00+00:00,0.5649748622135445,0.7138544321060181,0.11833615253612388,-3.6723163,athens-times.com,Amid Gulf Chaos Trump Prepares For Pivotal China Visit,https://athens-times.com/amid-gulf-chaos-trump-prepares-for-pivotal-china-visit/,,
63,2026-03-17,2026-03-17 17:00:00+00:00,0.5649360214087589,0.6586229801177979,0.28387514528164215,-2.9498525,bignewsnetwork.com,Trump Visit Has Nothing To Do With Strait Of Hormuz Closure China Mfa,http://www.bignewsnetwork.com/news/278927853/trump-visit-has-nothing-to-do-with-strait-of-hormuz-closure-china-mfa,,
64,2026-03-17,2026-03-17 18:00:00+00:00,0.5649360214087589,0.6586229801177979,0.28387514528164215,-2.9585798,newyorktelegraph.com,Trump Visit Has Nothing To Do With Strait Of Hormuz Closure China Mfa,http://www.newyorktelegraph.com/news/278927853/trump-visit-has-nothing-to-do-with-strait-of-hormuz-closure-china-mfa,,
65,2026-03-17,2026-03-17 20:00:00+00:00,0.5649360214087589,0.6586229801177979,0.28387514528164215,-2.9585798,newyorkstatesman.com,Trump Visit Has Nothing To Do With Strait Of Hormuz Closure China Mfa,http://www.newyorkstatesman.com/news/278927853/trump-visit-has-nothing-to-do-with-strait-of-hormuz-closure-china-mfa,,
66,2026-03-17,2026-03-17 20:00:00+00:00,0.5649360214087589,0.6586229801177979,0.28387514528164215,-2.9585798,chinanationalnews.com,Trump Visit Has Nothing To Do With Strait Of Hormuz Closure China Mfa,http://www.chinanationalnews.com/news/278927853/trump-visit-has-nothing-to-do-with-strait-of-hormuz-closure-china-mfa,,
67,2026-03-17,2026-03-17 17:00:00+00:00,0.5649360214087589,0.6586229801177979,0.28387514528164215,-2.9585798,shanghainews.net,Trump Visit Has Nothing To Do With Strait Of Hormuz Closure China Mfa,http://www.shanghainews.net/news/278927853/trump-visit-has-nothing-to-do-with-strait-of-hormuz-closure-china-mfa,,
68,2026-03-25,2026-03-25 23:00:00+00:00,0.5645265833991018,0.7186183929443359,0.10225115476339927,-0.8108108,hongkongherald.com,Trump To Visit China On May 14 15 After Iran War Delay,http://www.hongkongherald.com/news/278944214/trump-to-visit-china-on-may-14-15-after-iran-war-delay,,
69,2026-03-25,2026-03-25 22:00:00+00:00,0.5645265833991018,0.7186183929443359,0.10225115476339927,-0.8108108,asiabulletin.com,Trump To Visit China On May 14 15 After Iran War Delay,http://www.asiabulletin.com/news/278944214/trump-to-visit-china-on-may-14-15-after-iran-war-delay,,
70,2026-03-25,2026-03-25 22:00:00+00:00,0.5645265833991018,0.7186183929443359,0.10225115476339927,-0.8108108,russiaherald.com,Trump To Visit China On May 14 15 After Iran War Delay,http://www.russiaherald.com/news/278944214/trump-to-visit-china-on-may-14-15-after-iran-war-delay,,
71,2026-03-25,2026-03-25 23:00:00+00:00,0.5645265833991018,0.7186183929443359,0.10225115476339927,-0.8108108,taiwansun.com,Trump To Visit China On May 14 15 After Iran War Delay,http://www.taiwansun.com/news/278944214/trump-to-visit-china-on-may-14-15-after-iran-war-delay,,
72,2026-03-25,2026-03-25 23:00:00+00:00,0.5645265833991018,0.7186183929443359,0.10225115476339927,-0.8108108,australiannews.net,Trump To Visit China On May 14 15 After Iran War Delay,http://www.australiannews.net/news/278944214/trump-to-visit-china-on-may-14-15-after-iran-war-delay,,
73,2026-03-25,2026-03-25 23:00:00+00:00,0.5645265833991018,0.7186183929443359,0.10225115476339927,-0.8108108,chinanationalnews.com,Trump To Visit China On May 14 15 After Iran War Delay,http://www.chinanationalnews.com/news/278944214/trump-to-visit-china-on-may-14-15-after-iran-war-delay,,
74,2026-03-25,2026-03-25 23:00:00+00:00,0.5645265833991018,0.7186183929443359,0.10225115476339927,-0.8108108,heraldglobe.com,Trump To Visit China On May 14 15 After Iran War Delay,http://www.heraldglobe.com/news/278944214/trump-to-visit-china-on-may-14-15-after-iran-war-delay,,
75,2026-03-18,2026-03-18 15:00:00+00:00,0.5640427777834072,0.7204949855804443,0.09468615439229582,-2.4546425,prescottenews.com,Trump Puts China Visit On Hold Amid Iran War The Epoch Times,https://prescottenews.com/2026/03/16/trump-puts-china-visit-on-hold-amid-iran-war-the-epoch-times/,,
76,2026-03-24,2026-03-24 01:00:00+00:00,0.5636912906122273,0.6209756135940552,0.39183832166674404,-7.7681875,americanthinker.com,Will Trump Make A Deal With Iran,https://www.americanthinker.com/blog/2026/03/will_trump_make_a_deal_with_iran.html,,
77,2026-03-03,2026-03-03 21:00:00+00:00,0.5616373848960663,0.726707935333252,0.06642573358450943,-2.4509804,aei.org,How Soft On China Can Trump Get,https://www.aei.org/foreign-and-defense-policy/how-soft-on-china-can-trump-get/,,
78,2026-03-14,2026-03-14 08:00:00+00:00,0.5604061751308579,0.5789950489997864,0.5046395535240724,-0.1572327,express.co.uk,Donald Trump Visit Scotland Cost,https://www.express.co.uk/news/uk/2182057/donald-trump-visit-scotland-cost,,
79,2026-03-25,2026-03-25 23:00:00+00:00,0.5582108384579815,0.7172610759735107,0.08106012591139354,-3.0219781,pakobserver.net,White House Confirms Trumps Mid May China Visit Despite Global Tensions,https://pakobserver.net/white-house-confirms-trumps-mid-may-china-visit-despite-global-tensions/,,
80,2026-03-17,2026-03-17 15:00:00+00:00,0.5578881352682119,0.7124907374382019,0.09408032875824204,-2.2857144,athens-times.com,The Reason Behind Trumps Postponed China Visit And What To Expect Next,https://athens-times.com/the-reason-behind-trumps-postponed-china-visit-and-what-to-expect-next/,,
81,2026-03-25,2026-03-25 19:00:00+00:00,0.5577919635972792,0.7192827463150024,0.07331961544410938,-2.2727273,semissourian.com,Trump Will Travel To Beijing For Rescheduled China Trip May 14 15 After Delay Due To Iran War Dff1Cbc1,https://www.semissourian.com/world/trump-will-travel-to-beijing-for-rescheduled-china-trip-may-14-15-after-delay-due-to-iran-war-dff1cbc1,,
82,2026-03-13,2026-03-13 12:00:00+00:00,0.5571890549958174,0.6637245416641235,0.2375825949908988,-8.144796,scmp.com,Beijing Warns Us Over Jimmy Lai Hong Kong And Taiwan Arms Sales Ahead Trump Visit,https://www.scmp.com/news/china/diplomacy/article/3346526/beijing-warns-us-over-jimmy-lai-hong-kong-and-taiwan-arms-sales-ahead-trump-visit,,
83,2026-03-06,2026-03-06 22:00:00+00:00,0.5569385034468398,0.61106276512146,0.39456571842297933,3.883495,yahoo.com,President Trump Visit Area City 221705626,https://www.yahoo.com/news/articles/president-trump-visit-area-city-221705626.html,,
84,2026-03-25,2026-03-25 18:00:00+00:00,0.5566748158487331,0.7200027108192444,0.0666911309371994,-1.5625,newsday.com,Trump China Trip Iran War E62627,https://www.newsday.com/news/nation/trump-china-trip-iran-war-e62627,,
85,2026-03-25,2026-03-25 16:00:00+00:00,0.5555484464215839,0.6009908318519592,0.4192212901304576,-2.0103762,eastbaytimes.com,King Charles Trump Visit,https://www.eastbaytimes.com/2026/03/25/king-charles-trump-visit/,,
86,2026-03-25,2026-03-25 17:00:00+00:00,0.5555484464215839,0.6009908318519592,0.4192212901304576,-2.012987,marinij.com,King Charles Trump Visit,https://www.marinij.com/2026/03/25/king-charles-trump-visit/,,
87,2026-03-25,2026-03-25 13:00:00+00:00,0.5555484464215839,0.6009908318519592,0.4192212901304576,-2.0116808,mercurynews.com,King Charles Trump Visit,https://www.mercurynews.com/2026/03/25/king-charles-trump-visit/,,
88,2026-03-25,2026-03-25 21:00:00+00:00,0.5555173181429599,0.7206288576126099,0.060182699734010164,-1.9138756,dailybulletin.com,Trump China Trip Rescheduled,https://www.dailybulletin.com/2026/03/25/trump-china-trip-rescheduled/,,
89,2026-03-25,2026-03-25 20:00:00+00:00,0.5555173181429599,0.7206288576126099,0.060182699734010164,-1.9138756,pilotonline.com,Trump China Trip Rescheduled,https://www.pilotonline.com/2026/03/25/trump-china-trip-rescheduled/,,
90,2026-03-25,2026-03-25 22:00:00+00:00,0.5555173181429599,0.7206288576126099,0.060182699734010164,-1.9138756,sgvtribune.com,Trump China Trip Rescheduled,https://www.sgvtribune.com/2026/03/25/trump-china-trip-rescheduled/,,
91,2026-03-25,2026-03-25 22:00:00+00:00,0.5555173181429599,0.7206288576126099,0.060182699734010164,-1.9138756,dailypress.com,Trump China Trip Rescheduled,https://www.dailypress.com/2026/03/25/trump-china-trip-rescheduled/,,
92,2026-03-25,2026-03-25 21:00:00+00:00,0.5555173181429599,0.7206288576126099,0.060182699734010164,-1.9138756,presstelegram.com,Trump China Trip Rescheduled,https://www.presstelegram.com/2026/03/25/trump-china-trip-rescheduled/,,
93,2026-03-25,2026-03-25 20:00:00+00:00,0.5555173181429599,0.7206288576126099,0.060182699734010164,-1.9138756,capitalgazette.com,Trump China Trip Rescheduled,https://www.capitalgazette.com/2026/03/25/trump-china-trip-rescheduled/,,
94,2026-03-25,2026-03-25 20:00:00+00:00,0.5555173181429599,0.7206288576126099,0.060182699734010164,-1.9138756,republicanherald.com,Trump China Trip Rescheduled,https://www.republicanherald.com/2026/03/25/trump-china-trip-rescheduled/,,
95,2026-03-25,2026-03-25 21:00:00+00:00,0.5555173181429599,0.7206288576126099,0.060182699734010164,-1.9138756,orlandosentinel.com,Trump China Trip Rescheduled,https://www.orlandosentinel.com/2026/03/25/trump-china-trip-rescheduled/,,
96,2026-03-25,2026-03-25 21:00:00+00:00,0.5555173181429599,0.7206288576126099,0.060182699734010164,-1.9138756,morningjournal.com,Trump China Trip Rescheduled,https://www.morningjournal.com/2026/03/25/trump-china-trip-rescheduled/,,
97,2026-03-25,2026-03-25 20:00:00+00:00,0.5555173181429599,0.7206288576126099,0.060182699734010164,-1.9138756,dailynews.com,Trump China Trip Rescheduled,https://www.dailynews.com/2026/03/25/trump-china-trip-rescheduled/,,
98,2026-03-25,2026-03-25 20:00:00+00:00,0.5555173181429599,0.7206288576126099,0.060182699734010164,-1.9138756,redlandsdailyfacts.com,Trump China Trip Rescheduled,https://www.redlandsdailyfacts.com/2026/03/25/trump-china-trip-rescheduled/,,
99,2026-03-25,2026-03-25 20:00:00+00:00,0.5555173181429599,0.7206288576126099,0.060182699734010164,-1.9138756,whittierdailynews.com,Trump China Trip Rescheduled,https://www.whittierdailynews.com/2026/03/25/trump-china-trip-rescheduled/,,
100,2026-03-25,2026-03-25 20:00:00+00:00,0.5555173181429599,0.7206288576126099,0.060182699734010164,-1.9138756,journal-advocate.com,Trump China Trip Rescheduled,https://www.journal-advocate.com/2026/03/25/trump-china-trip-rescheduled/,,
101,2026-03-25,2026-03-25 20:00:00+00:00,0.5555173181429599,0.7206288576126099,0.060182699734010164,-1.9138756,advocate-news.com,Trump China Trip Rescheduled,https://www.advocate-news.com/2026/03/25/trump-china-trip-rescheduled/,,
102,2026-03-25,2026-03-25 20:00:00+00:00,0.5555173181429599,0.7206288576126099,0.060182699734010164,-1.9138756,twincities.com,Trump China Trip Rescheduled,https://www.twincities.com/2026/03/25/trump-china-trip-rescheduled/,,
103,2026-03-25,2026-03-25 19:00:00+00:00,0.5555173181429599,0.7206288576126099,0.060182699734010164,-1.9138756,ocregister.com,Trump China Trip Rescheduled,https://www.ocregister.com/2026/03/25/trump-china-trip-rescheduled/,,
104,2026-03-25,2026-03-25 19:00:00+00:00,0.5555173181429599,0.7206288576126099,0.060182699734010164,-1.9138756,news-herald.com,Trump China Trip Rescheduled,https://www.news-herald.com/2026/03/25/trump-china-trip-rescheduled/,,
105,2026-03-25,2026-03-25 20:00:00+00:00,0.5555173181429599,0.7206288576126099,0.060182699734010164,-1.9138756,dailybreeze.com,Trump China Trip Rescheduled,https://www.dailybreeze.com/2026/03/25/trump-china-trip-rescheduled/,,
106,2026-03-25,2026-03-25 19:00:00+00:00,0.5555173181429599,0.7206288576126099,0.060182699734010164,-1.9138756,courant.com,Trump China Trip Rescheduled,https://www.courant.com/2026/03/25/trump-china-trip-rescheduled/,,
107,2026-03-25,2026-03-25 18:00:00+00:00,0.5555173181429599,0.7206288576126099,0.060182699734010164,-1.9390582,sandiegouniontribune.com,Trump China Trip Rescheduled,https://www.sandiegouniontribune.com/2026/03/25/trump-china-trip-rescheduled/,,
108,2026-03-25,2026-03-25 19:00:00+00:00,0.5555173181429599,0.7206288576126099,0.060182699734010164,-1.9138756,sun-sentinel.com,Trump China Trip Rescheduled,https://www.sun-sentinel.com/2026/03/25/trump-china-trip-rescheduled/,,
109,2026-03-25,2026-03-25 18:00:00+00:00,0.5555173181429599,0.7206288576126099,0.060182699734010164,-1.9390582,mainlinemedianews.com,Trump China Trip Rescheduled,https://www.mainlinemedianews.com/2026/03/25/trump-china-trip-rescheduled/,,
110,2026-03-25,2026-03-25 19:00:00+00:00,0.5555173181429599,0.7206288576126099,0.060182699734010164,-1.9138756,troyrecord.com,Trump China Trip Rescheduled,https://www.troyrecord.com/2026/03/25/trump-china-trip-rescheduled/,,
111,2026-03-25,2026-03-25 19:00:00+00:00,0.5555173181429599,0.7206288576126099,0.060182699734010164,-1.9138756,fortmorgantimes.com,Trump China Trip Rescheduled,https://www.fortmorgantimes.com/2026/03/25/trump-china-trip-rescheduled/,,
112,2026-03-25,2026-03-25 20:00:00+00:00,0.5555173181429599,0.7206288576126099,0.060182699734010164,-1.9138756,sbsun.com,Trump China Trip Rescheduled,https://www.sbsun.com/2026/03/25/trump-china-trip-rescheduled/,,
113,2026-03-25,2026-03-25 22:00:00+00:00,0.5555173181429599,0.7206288576126099,0.060182699734010164,-1.9138756,pasadenastarnews.com,Trump China Trip Rescheduled,https://www.pasadenastarnews.com/2026/03/25/trump-china-trip-rescheduled/,,
114,2026-03-25,2026-03-25 19:00:00+00:00,0.5555173181429599,0.7206288576126099,0.060182699734010164,-1.9138756,citizensvoice.com,Trump China Trip Rescheduled,https://www.citizensvoice.com/2026/03/25/trump-china-trip-rescheduled/,,
115,2026-03-18,2026-03-18 20:00:00+00:00,0.5554842617608406,0.5871791839599609,0.4603994951634799,-5.1122193,aawsat.com,5252763 Will Trump Abandon War And Drag Gulf It,https://english.aawsat.com/opinion/5252763-will-trump-abandon-war-and-drag-gulf-it,,
116,2026-03-25,2026-03-25 21:00:00+00:00,0.5543436262807662,0.7146849632263184,0.07331961544410938,-1.8691589,wdio.com,Trump Will Travel To Beijing For Rescheduled China Trip May 14 15 After Delay Due To Iran War,https://www.wdio.com/ap-top-news/ap-top-news-us-headlines/trump-will-travel-to-beijing-for-rescheduled-china-trip-may-14-15-after-delay-due-to-iran-war/,,
117,2026-03-25,2026-03-25 19:00:00+00:00,0.5543436262807662,0.7146849632263184,0.07331961544410938,-1.6877637,brandonsun.com,Trump Will Travel To Beijing For Rescheduled China Trip May 14 15 After Delay Due To Iran War,https://www.brandonsun.com/world/2026/03/25/trump-will-travel-to-beijing-for-rescheduled-china-trip-may-14-15-after-delay-due-to-iran-war,,
118,2026-03-25,2026-03-25 22:00:00+00:00,0.5543436262807662,0.7146849632263184,0.07331961544410938,-1.9656019,ksat.com,Trump Will Travel To Beijing For Rescheduled China Trip May 14 15 After Delay Due To Iran War,https://www.ksat.com/news/politics/2026/03/25/trump-will-travel-to-beijing-for-rescheduled-china-trip-may-14-15-after-delay-due-to-iran-war/,,
119,2026-03-25,2026-03-25 22:00:00+00:00,0.5543436262807662,0.7146849632263184,0.07331961544410938,-1.9656019,latimes.com,Trump Will Travel To Beijing For Rescheduled China Trip May 14 15 After Delay Due To Iran War,https://www.latimes.com/world-nation/story/2026-03-25/trump-will-travel-to-beijing-for-rescheduled-china-trip-may-14-15-after-delay-due-to-iran-war,,
120,2026-03-25,2026-03-25 20:00:00+00:00,0.5543436262807662,0.7146849632263184,0.07331961544410938,3.7037036,ctvnews.ca,Trump Will Travel To Beijing For Rescheduled China Trip May 14 15 After Delay Due To Iran War,https://www.ctvnews.ca/world/article/trump-will-travel-to-beijing-for-rescheduled-china-trip-may-14-15-after-delay-due-to-iran-war/,,
121,2026-03-25,2026-03-25 22:00:00+00:00,0.5543436262807662,0.7146849632263184,0.07331961544410938,-1.5384616,panow.com,Trump Will Travel To Beijing For Rescheduled China Trip May 14 15 After Delay Due To Iran War,https://panow.com/2026/03/25/trump-will-travel-to-beijing-for-rescheduled-china-trip-may-14-15-after-delay-due-to-iran-war/,,
122,2026-03-11,2026-03-11 19:00:00+00:00,0.5533532061351069,0.6069805026054382,0.3924713167241129,3.8461537,baltimoresun.com,Will Trump Stand Up To Putin,https://www.baltimoresun.com/2026/03/11/will-trump-stand-up-to-putin/,,
123,2026-03-09,2026-03-09 13:00:00+00:00,0.5532627571863105,0.7109620571136475,0.08016485740429957,-1.2269939,scmp.com,Trumps China Visit Limited Beijing Due Tight Schedule And Security Needs Sources,https://www.scmp.com/news/china/politics/article/3345970/trumps-china-visit-limited-beijing-due-tight-schedule-and-security-needs-sources,,
124,2026-03-09,2026-03-09 10:00:00+00:00,0.553251624525364,0.7072134017944336,0.09136629271815513,-0.8733624,firstpost.com,Trumps China Visit Unlikely To Yield Breakthrough Focus Likely On Stability In Ties 13987664,https://www.firstpost.com/business/trumps-china-visit-unlikely-to-yield-breakthrough-focus-likely-on-stability-in-ties-13987664.html,,
125,2026-03-25,2026-03-25 09:00:00+00:00,0.5523199745885916,0.5904581546783447,0.4379054343193325,-5.08647,firstthings.com,Will Trump Need To Compromise With Iran,https://firstthings.com/will-trump-need-to-compromise-with-iran/,,
126,2026-03-08,2026-03-08 21:00:00+00:00,0.551247835787055,0.6166143417358398,0.3551483179407008,1.2658228,wkyt.com,President Trump Visit Northern Kentucky Wednesday,https://www.wkyt.com/2026/03/08/president-trump-visit-northern-kentucky-wednesday/,,
127,2026-03-09,2026-03-09 04:00:00+00:00,0.551247835787055,0.6166143417358398,0.3551483179407008,1.2658228,fox19.com,President Trump Visit Northern Kentucky Wednesday,https://www.fox19.com/2026/03/08/president-trump-visit-northern-kentucky-wednesday/,,
128,2026-03-20,2026-03-20 22:00:00+00:00,0.550961548322937,0.7085334062576294,0.07824597451885983,-7.920792,scmp.com,What Are Real Reasons Behind Change Date Trumps China Visit,https://www.scmp.com/news/china/diplomacy/article/3347008/what-are-real-reasons-behind-change-date-trumps-china-visit,,
129,2026-03-16,2026-03-16 11:00:00+00:00,0.5505756370226794,0.7049838304519653,0.08735105673482184,-0.31948882,investinglive.com,China Reaffirms That They Are In Communication With Us On Trumps Visit 20260316,https://investinglive.com:443/news/china-reaffirms-that-they-are-in-communication-with-us-on-trumps-visit-20260316/,,
130,2026-03-11,2026-03-11 04:00:00+00:00,0.5504163505653221,0.646564245223999,0.2619726665892914,2.1333334,fox19.com,Trump Visit Tri State Wednesday Stops Ohio Kentucky,https://www.fox19.com/2026/03/11/trump-visit-tri-state-wednesday-stops-ohio-kentucky/,,
131,2026-03-09,2026-03-09 04:00:00+00:00,0.5497852407403024,0.7018522620201111,0.0935841769008767,0.0,chinatechnews.com,116776 Trumps China Visit Likely Wont Yield Breakthrough Aims To Maintain Stability,https://www.chinatechnews.com/2026/03/09/116776-trumps-china-visit-likely-wont-yield-breakthrough-aims-to-maintain-stability,,
132,2026-03-20,2026-03-20 09:00:00+00:00,0.5497182705385185,0.5779256224632263,0.46509621476439506,-4.9396267,graphic.com.gh,Ghanas Presidential Jet Will Trump Triumph,https://www.graphic.com.gh/features/opinion/ghanas-presidential-jet-will-trump-triumph.html,,
133,2026-03-20,2026-03-20 09:00:00+00:00,0.5497182705385185,0.5779256224632263,0.46509621476439506,-4.9396267,ghanamma.com,Ghanas Presidential Jet Will Trump Triumph,https://www.ghanamma.com/2026/03/20/ghanas-presidential-jet-will-trump-triumph/,,
134,2026-03-09,2026-03-09 00:00:00+00:00,0.5496282868094476,0.7016429901123047,0.0935841769008767,-1.0245901,koreatimes.co.kr,Trumps China Visit Likely Wont Yield Breakthrough Aims To Maintain Stability,https://www.koreatimes.co.kr/world/20260309/trumps-china-visit-likely-wont-yield-breakthrough-aims-to-maintain-stability,,
135,2026-03-06,2026-03-06 19:00:00+00:00,0.5488532412856932,0.6348934173583984,0.29073271306757786,0.7490637,news.az,Boeing Reportedly Nearing 500 Aircraft Deal With China Ahead Of Trump Visit,https://news.az/news/boeing-reportedly-nearing-500-aircraft-deal-with-china-ahead-of-trump-visit,,
136,2026-03-16,2026-03-16 22:00:00+00:00,0.5484582815071833,0.7009735107421875,0.09091259380217075,-0.79113925,newkerala.com,Trump May Delay China Visit Amid Iran War 241,https://www.newkerala.com/news/a/trump-may-delay-china-visit-amid-iran-war-241.htm,,
137,2026-03-23,2026-03-23 15:00:00+00:00,0.5481848221874766,0.5873008966445923,0.4308365988161293,-7.0422535,marketscreener.com,Will Trump Win Iran War With A Gucci Strategy Ce7E5Eddd989F12C,https://www.marketscreener.com/news/will-trump-win-iran-war-with-a-gucci-strategy-ce7e5eddd989f12c,,
138,2026-03-25,2026-03-25 22:00:00+00:00,0.5473132443975233,0.6917716264724731,0.11393809817267367,-4.255319,wn.com,Trump To Visit Xi In China Midmay After Iran Delay,https://article.wn.com/view/2026/03/25/Trump_to_visit_Xi_in_China_midMay_after_Iran_delay/,,
139,2026-03-25,2026-03-25 20:00:00+00:00,0.5470163904134768,0.6965284943580627,0.09848007857971894,-2.5641026,dailysabah.com,Trump To Visit Xi In China Mid May After Iran Delay,https://www.dailysabah.com/world/americas/trump-to-visit-xi-in-china-mid-may-after-iran-delay,,
140,2026-03-18,2026-03-18 05:00:00+00:00,0.5464573569462207,0.5927858352661133,0.40747192198654286,1.6393442,kait8.com,President Trump Visit Memphis Monday,https://www.kait8.com/2026/03/17/president-trump-visit-memphis-monday/,,
141,2026-03-18,2026-03-18 01:00:00+00:00,0.5464573569462207,0.5927858352661133,0.40747192198654286,1.6393442,wsmv.com,President Trump Visit Memphis Monday,https://www.wsmv.com/2026/03/17/president-trump-visit-memphis-monday/,,
142,2026-03-17,2026-03-17 22:00:00+00:00,0.5464573569462207,0.5927858352661133,0.40747192198654286,1.6393442,actionnews5.com,President Trump Visit Memphis Monday,https://www.actionnews5.com/2026/03/17/president-trump-visit-memphis-monday/,,
143,2026-03-20,2026-03-20 20:00:00+00:00,0.5464573569462207,0.5927858352661133,0.40747192198654286,1.3513514,kfvs12.com,President Trump Visit Memphis Monday,https://www.kfvs12.com/2026/03/20/president-trump-visit-memphis-monday/,,
144,2026-03-17,2026-03-17 05:00:00+00:00,0.5459306966095875,0.692632794380188,0.10582440329778595,-1.3888888,spotlightnepal.com,Trump Asks China Delay His Planned Visit About Month,https://www.spotlightnepal.com/2026/03/17/trump-asks-china-delay-his-planned-visit-about-month/,,
145,2026-03-18,2026-03-18 05:00:00+00:00,0.5449284476204388,0.6302170157432556,0.28906274325198833,-1.8050542,dawn.com,China Says Delay In Trump Visit Not Linked To Hormuz Closure,https://www.dawn.com/news/1983256/china-says-delay-in-trump-visit-not-linked-to-hormuz-closure,,
146,2026-03-16,2026-03-16 18:00:00+00:00,0.544842649531881,0.7040858268737793,0.06711311750618625,-1.5584415,foreignpolicy.com,Trump China Investment Manufacturing,https://foreignpolicy.com/2026/03/16/trump-china-investment-manufacturing/,,
147,2026-03-17,2026-03-17 14:00:00+00:00,0.5447189942267745,0.69310462474823,0.09956210266240788,-2.9761906,newkerala.com,Trumps Visit Nothing Do Strait Hormuz Closure China 980,https://www.newkerala.com/news/a/trumps-visit-nothing-do-strait-hormuz-closure-china-980.htm,,
148,2026-03-17,2026-03-17 00:00:00+00:00,0.5443715394694969,0.6918968558311462,0.10179559038454901,-1.875,en.apa.az,Trump Says His Visit To China Can Be Delayed By About A Month 497170,https://en.apa.az/america/trump-says-his-visit-to-china-can-be-delayed-by-about-a-month-497170,,
149,2026-03-17,2026-03-17 00:00:00+00:00,0.5441226760526644,0.6879606246948242,0.11260883012618492,-5.5555553,theepochtimes.com,Trump Puts China Visit On Hold Amid Iran War 5999624,https://www.theepochtimes.com/us/trump-puts-china-visit-on-hold-amid-iran-war-5999624,,
150,2026-03-17,2026-03-17 20:00:00+00:00,0.5439553437309129,0.7011906504631042,0.07224942353433886,-1.7964072,koreatimes.co.kr,Trump Says His Meeting With Chinas Xi Will Take Place In 5 Or 6 Weeks,https://www.koreatimes.co.kr/world/20260318/trump-says-his-meeting-with-chinas-xi-will-take-place-in-5-or-6-weeks,,
151,2026-03-17,2026-03-17 19:00:00+00:00,0.5436594951768589,0.6975499987602234,0.08198798442676532,-1.6032064,aninews.in,Trump Postpones China Visit By Five Or Six Weeks20260317225535,https://aninews.in/news/world/us/trump-postpones-china-visit-by-five-or-six-weeks20260317225535/,,
152,2026-03-10,2026-03-10 02:00:00+00:00,0.5420138381959979,0.6856826543807983,0.11100738964159643,-1.2684989,zerohedge.com,Security Fears Suddenly Emerge Over Trumps Visit China,https://www.zerohedge.com/geopolitical/security-fears-suddenly-emerge-over-trumps-visit-china,,
153,2026-03-22,2026-03-22 10:00:00+00:00,0.5416383776772896,0.6485920548439026,0.22077734617745068,2.4425287,koreatimes.co.kr,Will China Ask For Samsungs Investment During Chairmans Visit,https://www.koreatimes.co.kr/business/tech-science/20260322/will-china-ask-for-samsungs-investment-during-chairmans-visit,,
154,2026-03-18,2026-03-18 08:00:00+00:00,0.5414006927085206,0.6845412254333496,0.11197909453403387,-2.9498525,wsgw.com,Trump Says China Trip Will Be Delayed Because Of Iran War,https://www.wsgw.com/trump-says-china-trip-will-be-delayed-because-of-iran-war/,,
155,2026-03-17,2026-03-17 20:00:00+00:00,0.5413127640122884,0.6879559755325317,0.10138312945155857,-1.1904762,chicagotribune.com,Trump China Iran,https://www.chicagotribune.com/2026/03/17/trump-china-iran/,,
156,2026-03-24,2026-03-24 03:00:00+00:00,0.5395704515448777,0.6846525073051453,0.10432428426407483,-5.8252425,afr.com,How Trump S War On Iran Will Affect China S Taiwan Calculations 20260323 P5Rny3,https://www.afr.com/policy/foreign-affairs/how-trump-s-war-on-iran-will-affect-china-s-taiwan-calculations-20260323-p5rny3,,
157,2026-03-09,2026-03-09 05:00:00+00:00,0.5393796596041232,0.5959097146987915,0.36978949432011804,3.409091,afr.com,Will Trump Finally Get His Nobel Peace Prize 20260306 P5O82R,https://www.afr.com/world/middle-east/will-trump-finally-get-his-nobel-peace-prize-20260306-p5o82r,,
158,2026-03-07,2026-03-07 21:00:00+00:00,0.5393796596041232,0.5959097146987915,0.36978949432011804,3.409091,afr.com,Will Trump Finally Get His Nobel Peace Prize 20260306 P5O82R,https://www.afr.com/policy/foreign-affairs/will-trump-finally-get-his-nobel-peace-prize-20260306-p5o82r,,
159,2026-03-08,2026-03-08 17:00:00+00:00,0.539130990653069,0.6654842495918274,0.16007121383679376,0.27453673,bgnes.com,China Will Do Everything To Gain Total Control Over Serbia Trump Will Not Tolerate Vu I,http://www.bgnes.com/politics/china-will-do-everything-to-gain-total-control-over-serbia-trump-will-not-tolerate-vu-i,,
160,2026-03-09,2026-03-09 00:00:00+00:00,0.5382064116027436,0.6740789413452148,0.13058882237532976,-1.2820513,aol.com,Trumps China Visit Likely Wont 230437497,https://www.aol.com/articles/trumps-china-visit-likely-wont-230437497.html,,
161,2026-03-25,2026-03-25 03:00:00+00:00,0.537455918934579,0.6097399592399597,0.3206037980184368,-4.5801525,alltoc.com,Will Trump Deploy Ice Agents To Airports,https://alltoc.com/politics/will-trump-deploy-ice-agents-to-airports,,
162,2026-03-17,2026-03-17 13:00:00+00:00,0.5371893366082081,0.5967051982879639,0.35864175156894085,0.1002004,thejournal.ie,Liveblog Trump Visit Micheal Martin 6987255 Mar2026,https://www.thejournal.ie/liveblog-trump-visit-micheal-martin-6987255-Mar2026/,,
163,2026-03-25,2026-03-25 12:00:00+00:00,0.5362641445620929,0.6742863059043884,0.12219766053520634,-2.063492,riotimesonline.com,China Brazil Infrastructure Railways Ports Trump,https://www.riotimesonline.com/china-brazil-infrastructure-railways-ports-trump/,,
164,2026-03-09,2026-03-09 16:00:00+00:00,0.5359115377321303,0.6052825450897217,0.3277985156593561,-2.6778884,lfpress.com,Dimanche Will Trump Slump Continue To Hit U S Tourism In 2026,https://lfpress.com/opinion/columnists/dimanche-will-trump-slump-continue-to-hit-u-s-tourism-in-2026,,
165,2026-03-16,2026-03-16 11:00:00+00:00,0.5354823239799403,0.6920855641365051,0.06567260351024595,-1.968504,benzinga.com,Trump May Delay China Visit As He Urges Beijings Action In The Strait Of Hormuz In Two Weeks,https://www.benzinga.com/news/politics/26/03/51262729/trump-may-delay-china-visit-as-he-urges-beijings-action-in-the-strait-of-hormuz-in-two-weeks,,
166,2026-03-20,2026-03-20 06:00:00+00:00,0.5352458041818002,0.5878546833992004,0.37741916652959956,0.0,wn.com,When Will Trump Declare Victory Will He Send In Troops,https://article.wn.com/view/2026/03/20/When_Will_Trump_Declare_Victory_Will_He_Send_In_Troops/,,
167,2026-03-23,2026-03-23 06:00:00+00:00,0.535010216098683,0.6848522424697876,0.08548413698536936,-5.487805,channelnewsasia.com,China United States Trump Xi Jinping Summit Visit Postpone Reasons Iran War Geopolitics 6010686,https://www.channelnewsasia.com/east-asia/china-united-states-trump-xi-jinping-summit-visit-postpone-reasons-iran-war-geopolitics-6010686,,
168,2026-03-17,2026-03-17 05:00:00+00:00,0.5344508746070568,0.6764932870864868,0.10832363716876643,-0.40983605,en.tempo.co,Trump Delays China Visit Over Iran War,https://en.tempo.co/read/2093141/trump-delays-china-visit-over-iran-war,,
169,2026-03-16,2026-03-16 11:00:00+00:00,0.5343303367594561,0.5929977893829346,0.35832797888902035,-1.3837148,namibian.com.na,Will Trump Help Or Hinder Zimbabwes White Farmers In Their Compensation Battle,https://www.namibian.com.na/will-trump-help-or-hinder-zimbabwes-white-farmers-in-their-compensation-battle/,,
170,2026-03-16,2026-03-16 08:00:00+00:00,0.5343303367594561,0.5929977893829346,0.35832797888902035,-1.8731117,newzimbabwe.com,Will Trump Help Or Hinder Zimbabwes White Farmers In Their Compensation Battle,https://www.newzimbabwe.com/will-trump-help-or-hinder-zimbabwes-white-farmers-in-their-compensation-battle/,,
171,2026-03-16,2026-03-16 00:00:00+00:00,0.5343303367594561,0.5929977893829346,0.35832797888902035,-1.792991,thezimbabwemail.com,Will Trump Help Or Hinder Zimbabwes White Farmers In Their Compensation Battle,https://thezimbabwemail.com/will-trump-help-or-hinder-zimbabwes-white-farmers-in-their-compensation-battle/,,
172,2026-03-15,2026-03-15 11:00:00+00:00,0.5343303367594561,0.5929977893829346,0.35832797888902035,-15.384615,thezimbabwean.co,Will Trump Help Or Hinder Zimbabwes White Farmers In Their Compensation Battle,https://www.thezimbabwean.co/2026/03/will-trump-help-or-hinder-zimbabwes-white-farmers-in-their-compensation-battle/,,
173,2026-03-08,2026-03-08 00:00:00+00:00,0.5341039070090432,0.5723639726638794,0.4193237100445348,-0.38535646,yahoo.com,Trump Visit Kentucky Amid Thomas 233006566,https://www.yahoo.com/news/articles/trump-visit-kentucky-amid-thomas-233006566.html,,
174,2026-03-16,2026-03-16 06:00:00+00:00,0.5337237261276895,0.6737910509109497,0.11352175177790885,-1.826484,marketscreener.com,Trump Could Postpone China Visit If Hormuz Situation Remains Unchanged Ce7E5Edad88Cf525,https://www.marketscreener.com/news/trump-could-postpone-china-visit-if-hormuz-situation-remains-unchanged-ce7e5edad88cf525,,
175,2026-03-11,2026-03-11 07:00:00+00:00,0.5331327985002939,0.6795637011528015,0.0938400905427714,0.3472222,scmp.com,Webinar Two Sessions 2026 How Will China Pivot Its Economy Under Trumps Pressure,https://www.scmp.com/news/china/article/3346168/webinar-two-sessions-2026-how-will-china-pivot-its-economy-under-trumps-pressure,,
176,2026-03-16,2026-03-16 11:00:00+00:00,0.5328912235943277,0.6834084987640381,0.08133939808519644,-3.256445,theglobeandmail.com,Article China Urges Trump Not To Delay Planned State Visit,https://www.theglobeandmail.com/world/article-china-urges-trump-not-to-delay-planned-state-visit/,,
177,2026-03-17,2026-03-17 19:00:00+00:00,0.5323327259890407,0.6836031079292297,0.07852158016847342,-2.617801,katc.com,Trump Delays His China Visit By About 5 Or 6 Weeks To Focus On The War In Iran,https://www.katc.com/politics/the-president/trump-delays-his-china-visit-by-about-5-or-6-weeks-to-focus-on-the-war-in-iran,,
178,2026-03-17,2026-03-17 20:00:00+00:00,0.5323327259890407,0.6836031079292297,0.07852158016847342,-2.617801,koaa.com,Trump Delays His China Visit By About 5 Or 6 Weeks To Focus On The War In Iran,https://www.koaa.com/politics/the-president/trump-delays-his-china-visit-by-about-5-or-6-weeks-to-focus-on-the-war-in-iran,,
179,2026-03-17,2026-03-17 22:00:00+00:00,0.5323327259890407,0.6836031079292297,0.07852158016847342,-2.617801,10news.com,Trump Delays His China Visit By About 5 Or 6 Weeks To Focus On The War In Iran,https://www.10news.com/politics/the-president/trump-delays-his-china-visit-by-about-5-or-6-weeks-to-focus-on-the-war-in-iran,,
180,2026-03-11,2026-03-11 02:00:00+00:00,0.5321590989359603,0.5735510587692261,0.40798321943616284,-4.255319,canadiandimension.com,Will Trump Chicken Out Of Iran Invasion,https://canadiandimension.com/articles/view/will-trump-chicken-out-of-iran-invasion,,
181,2026-03-17,2026-03-17 00:00:00+00:00,0.5305965061387314,0.6860235333442688,0.06431542452211919,-5.994898,bangkokpost.com,Trump Shows China How To Handle Taiwan,https://www.bangkokpost.com/opinion/opinion/3218135/trump-shows-china-how-to-handle-taiwan,,
182,2026-03-16,2026-03-16 11:00:00+00:00,0.530482641248689,0.6779994964599609,0.08793207561487325,-3.9029536,news18.com,After Trumps Summit Warning Will Iran War Become Next Flashpoint In Us China Rivalry Ws L 9963149,https://www.news18.com/explainers/after-trumps-summit-warning-will-iran-war-become-next-flashpoint-in-us-china-rivalry-ws-l-9963149.html,,
183,2026-03-17,2026-03-17 20:00:00+00:00,0.5302934449026396,0.6818681955337524,0.07556919300930127,-1.4553014,asiabulletin.com,Trump Postpones China Visit By Five Or Six Weeks,http://www.asiabulletin.com/news/278928094/trump-postpones-china-visit-by-five-or-six-weeks,,
184,2026-03-17,2026-03-17 20:00:00+00:00,0.5302934449026396,0.6818681955337524,0.07556919300930127,-1.4553014,chinanationalnews.com,Trump Postpones China Visit By Five Or Six Weeks,http://www.chinanationalnews.com/news/278928094/trump-postpones-china-visit-by-five-or-six-weeks,,
185,2026-03-17,2026-03-17 22:00:00+00:00,0.5302934449026396,0.6818681955337524,0.07556919300930127,-1.4553014,shanghainews.net,Trump Postpones China Visit By Five Or Six Weeks,http://www.shanghainews.net/news/278928094/trump-postpones-china-visit-by-five-or-six-weeks,,
186,2026-03-17,2026-03-17 20:00:00+00:00,0.5302934449026396,0.6818681955337524,0.07556919300930127,-1.4553014,heraldglobe.com,Trump Postpones China Visit By Five Or Six Weeks,http://www.heraldglobe.com/news/278928094/trump-postpones-china-visit-by-five-or-six-weeks,,
187,2026-03-17,2026-03-17 23:00:00+00:00,0.5302934449026396,0.6818681955337524,0.07556919300930127,-1.4553014,newyorktelegraph.com,Trump Postpones China Visit By Five Or Six Weeks,http://www.newyorktelegraph.com/news/278928094/trump-postpones-china-visit-by-five-or-six-weeks,,
188,2026-03-17,2026-03-17 20:00:00+00:00,0.5302934449026396,0.6818681955337524,0.07556919300930127,-1.4553014,newyorkstatesman.com,Trump Postpones China Visit By Five Or Six Weeks,http://www.newyorkstatesman.com/news/278928094/trump-postpones-china-visit-by-five-or-six-weeks,,
189,2026-03-17,2026-03-17 20:00:00+00:00,0.5302934449026396,0.6818681955337524,0.07556919300930127,-1.4553014,russiaherald.com,Trump Postpones China Visit By Five Or Six Weeks,http://www.russiaherald.com/news/278928094/trump-postpones-china-visit-by-five-or-six-weeks,,
190,2026-03-17,2026-03-17 19:00:00+00:00,0.5302934449026396,0.6818681955337524,0.07556919300930127,-1.4553014,arabherald.com,Trump Postpones China Visit By Five Or Six Weeks,http://www.arabherald.com/news/278928094/trump-postpones-china-visit-by-five-or-six-weeks,,
191,2026-03-17,2026-03-17 19:00:00+00:00,0.5302934449026396,0.6818681955337524,0.07556919300930127,-1.4553014,newzealandstar.com,Trump Postpones China Visit By Five Or Six Weeks,http://www.newzealandstar.com/news/278928094/trump-postpones-china-visit-by-five-or-six-weeks,,
192,2026-03-17,2026-03-17 19:00:00+00:00,0.5302934449026396,0.6818681955337524,0.07556919300930127,-1.4553014,iraqsun.com,Trump Postpones China Visit By Five Or Six Weeks,http://www.iraqsun.com/news/278928094/trump-postpones-china-visit-by-five-or-six-weeks,,
193,2026-03-11,2026-03-11 06:00:00+00:00,0.5289520302710031,0.5785750150680542,0.38008307587984974,-4.2105265,yahoo.com,Trump Visit Ohio Kentucky Downplay 040322348,https://www.yahoo.com/news/articles/trump-visit-ohio-kentucky-downplay-040322348.html,,
194,2026-03-25,2026-03-25 17:00:00+00:00,0.5287680799496265,0.579021155834198,0.378008852295912,0.0,newsbiscuit.com,National Lottery Unveils What Will Trump Do Next Game,https://www.newsbiscuit.com/post/national-lottery-unveils-what-will-trump-do-next-game,,
195,2026-03-13,2026-03-13 08:00:00+00:00,0.528445633939558,0.55849289894104,0.438303838935112,-4.0942926,yahoo.com,Trump Visit El Arepazo Won 181024418,https://www.yahoo.com/news/articles/trump-visit-el-arepazo-won-181024418.html,,
196,2026-03-16,2026-03-16 09:00:00+00:00,0.5282101099076906,0.6734039783477783,0.09262850458742745,-1.1111112,yahoo.com,Donald Trump Might Postpone China 083227964,https://www.yahoo.com/news/articles/donald-trump-might-postpone-china-083227964.html,,
197,2026-03-06,2026-03-06 15:00:00+00:00,0.5276370212295199,0.549902617931366,0.46084023112398187,-7.6923075,nymag.com,The Clintons Testified About Epstein Will Trump Be Next,https://nymag.com/intelligencer/article/the-clintons-testified-about-epstein-will-trump-be-next.html,,
198,2026-03-16,2026-03-16 18:00:00+00:00,0.5272581848417137,0.5783533453941345,0.3739727031844511,-3.5771065,newsweek.com,When Will Trump End The Iran War Three Scenarios 11685582,https://www.newsweek.com/when-will-trump-end-the-iran-war-three-scenarios-11685582,,
199,2026-03-16,2026-03-16 15:00:00+00:00,0.5271919865217727,0.6806708574295044,0.06675537379857746,-2.6449645,chicagotribune.com,Trump China Bessent Strait Hormuz,https://www.chicagotribune.com/2026/03/16/trump-china-bessent-strait-hormuz/,,
200,2026-03-11,2026-03-11 07:00:00+00:00,0.5260674401372699,0.6003700494766235,0.3031596121192091,-4.159132,abcnews.com,Trump Visit Ohio Kentucky Downplay Wars Effect Economy 130956833,https://abcnews.com/Politics/wireStory/trump-visit-ohio-kentucky-downplay-wars-effect-economy-130956833,,
201,2026-03-17,2026-03-17 16:00:00+00:00,0.5259918475896195,0.6670230627059937,0.10289820224049713,-2.0771513,virginiabusiness.com,Trump Proposes Delay China Visit Iran War,http://virginiabusiness.com/trump-proposes-delay-china-visit-iran-war/,,
202,2026-03-17,2026-03-17 01:00:00+00:00,0.5258615718151805,0.6801626682281494,0.06295828257627359,-2.1118011,theguardian.com,Trump China Summit Iran War,https://www.theguardian.com/us-news/2026/mar/16/trump-china-summit-iran-war,,
203,2026-03-17,2026-03-17 17:00:00+00:00,0.525834093339013,0.6789345741271973,0.06653265097446004,-1.2326657,inquirer.com,President Trump China Iran 20260317,https://www.inquirer.com/news/nation-world/president-trump-china-iran-20260317.html,,
204,2026-03-07,2026-03-07 00:00:00+00:00,0.5250293366467909,0.5891122221946716,0.33278068000314853,3.9525692,fox19.com,President Trump Visit Cincinnati Speak Drug Prices Economy,https://www.fox19.com/2026/03/06/president-trump-visit-cincinnati-speak-drug-prices-economy/,,
205,2026-03-08,2026-03-08 22:00:00+00:00,0.5250293366467909,0.5891122221946716,0.33278068000314853,3.9525692,14news.com,President Trump Visit Cincinnati Speak Drug Prices Economy,https://www.14news.com/2026/03/06/president-trump-visit-cincinnati-speak-drug-prices-economy/,,
206,2026-03-19,2026-03-19 14:00:00+00:00,0.5248444640976729,0.569834291934967,0.3898749805857907,-2.7729635,fortune.com,Will Trump Commit Ground Troops Iran War Nuclear,https://fortune.com/2026/03/19/will-trump-commit-ground-troops-iran-war-nuclear/,,
207,2026-03-12,2026-03-12 01:00:00+00:00,0.5244947325187385,0.6032817959785461,0.28813354213931547,-2.8846154,14news.com,Trump Visit Ohio Kentucky Discuss Wars Effect Economy,https://www.14news.com/2026/03/11/trump-visit-ohio-kentucky-discuss-wars-effect-economy/,,
208,2026-03-12,2026-03-12 00:00:00+00:00,0.5244947325187385,0.6032817959785461,0.28813354213931547,-2.8846154,wcax.com,Trump Visit Ohio Kentucky Discuss Wars Effect Economy,https://www.wcax.com/2026/03/11/trump-visit-ohio-kentucky-discuss-wars-effect-economy/,,
209,2026-03-11,2026-03-11 23:00:00+00:00,0.5244947325187385,0.6032817959785461,0.28813354213931547,-2.0682523,kfvs12.com,Trump Visit Ohio Kentucky Discuss Wars Effect Economy,https://www.kfvs12.com/2026/03/11/trump-visit-ohio-kentucky-discuss-wars-effect-economy/,,
210,2026-03-11,2026-03-11 17:00:00+00:00,0.5244947325187385,0.6032817959785461,0.28813354213931547,-4.3333335,wtap.com,Trump Visit Ohio Kentucky Discuss Wars Effect Economy,https://www.wtap.com/2026/03/11/trump-visit-ohio-kentucky-discuss-wars-effect-economy/,,
211,2026-03-11,2026-03-11 16:00:00+00:00,0.5244947325187385,0.6032817959785461,0.28813354213931547,-4.3333335,kwtx.com,Trump Visit Ohio Kentucky Discuss Wars Effect Economy,https://www.kwtx.com/2026/03/11/trump-visit-ohio-kentucky-discuss-wars-effect-economy/,,
212,2026-03-11,2026-03-11 16:00:00+00:00,0.5244947325187385,0.6032817959785461,0.28813354213931547,-4.3333335,wibw.com,Trump Visit Ohio Kentucky Discuss Wars Effect Economy,https://www.wibw.com/2026/03/11/trump-visit-ohio-kentucky-discuss-wars-effect-economy/,,
213,2026-03-11,2026-03-11 16:00:00+00:00,0.5244947325187385,0.6032817959785461,0.28813354213931547,-4.3333335,cleveland19.com,Trump Visit Ohio Kentucky Discuss Wars Effect Economy,https://www.cleveland19.com/2026/03/11/trump-visit-ohio-kentucky-discuss-wars-effect-economy/,,
214,2026-03-11,2026-03-11 14:00:00+00:00,0.5244947325187385,0.6032817959785461,0.28813354213931547,-4.3333335,ky3.com,Trump Visit Ohio Kentucky Discuss Wars Effect Economy,https://www.ky3.com/2026/03/11/trump-visit-ohio-kentucky-discuss-wars-effect-economy/,,
215,2026-03-11,2026-03-11 17:00:00+00:00,0.5244947325187385,0.6032817959785461,0.28813354213931547,-4.3333335,wsaz.com,Trump Visit Ohio Kentucky Discuss Wars Effect Economy,https://www.wsaz.com/2026/03/11/trump-visit-ohio-kentucky-discuss-wars-effect-economy/,,
216,2026-03-18,2026-03-18 03:00:00+00:00,0.5240667490646338,0.6709479689598083,0.08342308937911022,-2.8846154,asianews.network,China Us Stay In Touch On Date Of President Trumps Visit Says Chinese Foreign Ministry,https://asianews.network/china-us-stay-in-touch-on-date-of-president-trumps-visit-says-chinese-foreign-ministry/,,
217,2026-03-19,2026-03-19 13:00:00+00:00,0.5234656803258051,0.6565625667572021,0.12417502103161399,2.9585798,clarechampion.ie,Donald Trump Says He Will Try To Visit Clare This September,https://clarechampion.ie/donald-trump-says-he-will-try-to-visit-clare-this-september/,,
218,2026-03-16,2026-03-16 22:00:00+00:00,0.5227138909139994,0.6724131107330322,0.0736162314569013,-2.7863777,cnbc.com,Trump China Iran Xi War Trade,https://www.cnbc.com/2026/03/16/trump-china-iran-xi-war-trade.html,,
219,2026-03-17,2026-03-17 18:00:00+00:00,0.5224649385505954,0.6654679179191589,0.09345600044490465,-1.4613779,newkerala.com,Trump Postpones China Visit Five Six Weeks 931,https://www.newkerala.com/news/a/trump-postpones-china-visit-five-six-weeks-931.htm,,
220,2026-03-08,2026-03-08 16:00:00+00:00,0.5224612431076955,0.6707044243812561,0.0777316992870138,-3.8143675,dailymail.co.uk,China Xueqin Jiang Iran War Donald Trump,https://www.dailymail.co.uk/news/article-15621215/china-xueqin-jiang-iran-war-donald-trump.html,,
221,2026-03-16,2026-03-16 16:00:00+00:00,0.5220740261407985,0.6672661304473877,0.08649771322103052,-5.194805,theepochtimes.com,Bessent Says Iran War Not Trade May Delay Trumps China Visit 5999303,https://www.theepochtimes.com/world/bessent-says-iran-war-not-trade-may-delay-trumps-china-visit-5999303,,
222,2026-03-19,2026-03-19 23:00:00+00:00,0.5217683635249464,0.5970863103866577,0.2958145229398125,-8.125,wowo.com,Will Trump Deploy Us Troops To Seize Irans Uranium,https://wowo.com/will-trump-deploy-us-troops-to-seize-irans-uranium/,,
223,2026-03-04,2026-03-04 07:00:00+00:00,0.5207920408819977,0.6696633100509644,0.07417823337509778,-3.117207,yahoo.com,Why China Unfazed Trump Epic 060000913,https://www.yahoo.com/news/articles/why-china-unfazed-trump-epic-060000913.html,,
224,2026-03-17,2026-03-17 16:00:00+00:00,0.5190210360970985,0.6568467617034912,0.10554385927792025,-1.5449438,english.pravda.ru,166212 Iran Oil Exports China Trump Delays Beijing Visit,https://english.pravda.ru/world/166212-iran-oil-exports-china-trump-delays-beijing-visit/,,
225,2026-03-05,2026-03-05 08:00:00+00:00,0.518918102698913,0.5787607431411743,0.33939018137212934,-4.8292108,frontpagemag.com,Will Trump Keep Going Until Regime Change In Iran,https://www.frontpagemag.com/will-trump-keep-going-until-regime-change-in-iran/,,
226,2026-03-17,2026-03-17 03:00:00+00:00,0.5184964443206693,0.6653629541397095,0.07789691486354897,-6.042296,firstpost.com,Xi Can Wait Trump Delays China Visit An Admission That Iran War Is Far From Over 13990198,https://www.firstpost.com/world/xi-can-wait-trump-delays-china-visit-an-admission-that-iran-war-is-far-from-over-13990198.html,,
227,2026-03-10,2026-03-10 21:00:00+00:00,0.5168795641866502,0.5708887577056885,0.35485198362953513,-2.5974026,scmp.com,Will Trump Taco Iran Analysts Say Hes Looking Way Out,https://www.scmp.com/news/world/middle-east/article/3346150/will-trump-taco-iran-analysts-say-hes-looking-way-out,,
228,2026-03-11,2026-03-11 20:00:00+00:00,0.5167016488254832,0.6110875010490417,0.23354409215480776,2.4691358,asiaasset.com,Greater China,https://www.asiaasset.com/greater-china/,,
229,2026-03-16,2026-03-16 12:00:00+00:00,0.5159853042052183,0.6655504703521729,0.06728980576435445,-3.9426522,cnbc.com,Bessent Trump Xi China Iran War,https://www.cnbc.com/2026/03/16/bessent-trump-xi-china-iran-war.html,,
230,2026-03-18,2026-03-18 15:00:00+00:00,0.5158961155930706,0.6653111577033997,0.06765098926208352,-3.524229,cbc.ca,Trump China Summit Negotation 9.7133084,https://www.cbc.ca/news/world/trump-china-summit-negotation-9.7133084,,
231,2026-03-25,2026-03-25 23:00:00+00:00,0.5158233211611005,0.6497772932052612,0.11396140502861847,-0.9174312,dailysignal.com,Trump Reschedules Iran Delayed China Visit For May 14 15,https://www.dailysignal.com/2026/03/25/trump-reschedules-iran-delayed-china-visit-for-may-14-15/,,
232,2026-03-05,2026-03-05 00:00:00+00:00,0.5153069506841164,0.5581061244010925,0.3869094295331877,-2.0063357,americanbanker.com,Will Trump Scramble Santanders Plan To Buy Webster,https://www.americanbanker.com/news/will-trump-scramble-santanders-plan-to-buy-webster,,
233,2026-03-13,2026-03-13 18:00:00+00:00,0.5152812494489528,0.6651201248168945,0.06576462334512767,-2.1814008,jdsupra.com,Trump Targets China Europe And 14 Other 8372163,https://www.jdsupra.com/legalnews/trump-targets-china-europe-and-14-other-8372163/,,
234,2026-03-16,2026-03-16 14:00:00+00:00,0.5146310017775877,0.6621984243392944,0.0719287340924676,0.0,channelnewsasia.com,Us Treasury Chief Discusses New Tariff Regime Beijing Trump Warns He May Delay China Visit 5996536,https://www.channelnewsasia.com/watch/us-treasury-chief-discusses-new-tariff-regime-beijing-trump-warns-he-may-delay-china-visit-5996536,,
235,2026-03-09,2026-03-09 23:00:00+00:00,0.5142103479346812,0.5899367332458496,0.28703119200117594,2.4390244,channel4.com,Will Trump Face Any Backlash In Us Over Spiralling Cost Of War In Iran,https://www.channel4.com/news/will-trump-face-any-backlash-in-us-over-spiralling-cost-of-war-in-iran,,
236,2026-03-10,2026-03-10 16:00:00+00:00,0.5139248195904134,0.5845190286636353,0.30214219237074785,-6.8421054,benzinga.com,Will Trump Cripple Irans Oil Exports By Targeting Kharg Island,https://www.benzinga.com/news/politics/26/03/51152780/will-trump-cripple-irans-oil-exports-by-targeting-kharg-island,,
237,2026-03-21,2026-03-21 14:00:00+00:00,0.5136610124882559,0.5642411112785339,0.3619207161174216,-3.3742332,alltoc.com,Will Trump Wind Down The Iran War,https://alltoc.com/world/will-trump-wind-down-the-iran-war,,
238,2026-03-08,2026-03-08 21:00:00+00:00,0.5132254359158991,0.6607193946838379,0.07074355961208251,-1.7985611,dailycaller.com,China Iran America Israel Trump Diplomacy,https://dailycaller.com/2026/03/08/china-iran-america-israel-trump-diplomacy/,,
239,2026-03-19,2026-03-19 02:00:00+00:00,0.5128039844284684,0.5669134855270386,0.3504754811327579,0.0,dailykos.com,Will Trump S Dumb Iran War Finally Seal The Nat L Security Case For Renewables Bradcast 3 18 26,https://www.dailykos.com/stories/2026/3/18/2373809/-Will-Trump-s-Dumb-Iran-War-Finally-Seal-the-Nat-l-Security-Case-for-Renewables-BradCast-3-18-26,,
240,2026-03-17,2026-03-17 18:00:00+00:00,0.5123943799113256,0.6588605642318726,0.07299582694968476,0.35211268,cnbc.com,Trump Nato Iran War Allies China,https://www.cnbc.com/2026/03/17/trump-nato-iran-war-allies-china.html,,
241,2026-03-10,2026-03-10 21:00:00+00:00,0.5117744753340393,0.6566028594970703,0.07728932284494644,-4.5521293,dailycaller.com,Donald Trump Iran War America Strikes China,https://dailycaller.com/2026/03/10/donald-trump-iran-war-america-strikes-china/,,
242,2026-03-25,2026-03-25 21:00:00+00:00,0.5116797552679273,0.6442525386810303,0.11396140502861847,-0.90909094,en.apa.az,Trump Reschedules Iran Delayed China Visit For May 14 15 498287,https://en.apa.az/america/trump-reschedules-iran-delayed-china-visit-for-may-14-15-498287,,
243,2026-03-08,2026-03-08 06:00:00+00:00,0.5114089076994489,0.6532621383666992,0.0858492156976981,2.6392963,koreatimes.co.kr,Ex President Moon Says Trumps China Visit Could Offer Momentum For Korean Peninsula Peace,https://www.koreatimes.co.kr/foreignaffairs/northkorea/20260308/ex-president-moon-says-trumps-china-visit-could-offer-momentum-for-korean-peninsula-peace,,
244,2026-03-12,2026-03-12 20:00:00+00:00,0.5113082205576142,0.6511485576629639,0.09178720924156503,0.5249344,news4jax.com,Bessent Will Meet Chinas Vice Premier In Paris Ahead Of Trumps Visit To Beijing,https://www.news4jax.com/business/2026/03/12/bessent-will-meet-chinas-vice-premier-in-paris-ahead-of-trumps-visit-to-beijing/,,
245,2026-03-12,2026-03-12 19:00:00+00:00,0.5113082205576142,0.6511485576629639,0.09178720924156503,0.5,winnipegfreepress.com,Bessent Will Meet Chinas Vice Premier In Paris Ahead Of Trumps Visit To Beijing,https://www.winnipegfreepress.com/world/2026/03/12/bessent-will-meet-chinas-vice-premier-in-paris-ahead-of-trumps-visit-to-beijing,,
246,2026-03-12,2026-03-12 20:00:00+00:00,0.5113082205576142,0.6511485576629639,0.09178720924156503,0.5249344,wsls.com,Bessent Will Meet Chinas Vice Premier In Paris Ahead Of Trumps Visit To Beijing,https://www.wsls.com/business/2026/03/12/bessent-will-meet-chinas-vice-premier-in-paris-ahead-of-trumps-visit-to-beijing/,,
247,2026-03-12,2026-03-12 21:00:00+00:00,0.5113082205576142,0.6511485576629639,0.09178720924156503,0.25974026,mymotherlode.com,Bessent Will Meet Chinas Vice Premier In Paris Ahead Of Trumps Visit To Beijing,https://mymotherlode.com/news/national/10624163/bessent-will-meet-chinas-vice-premier-in-paris-ahead-of-trumps-visit-to-beijing.html,,
248,2026-03-12,2026-03-12 21:00:00+00:00,0.5113082205576142,0.6511485576629639,0.09178720924156503,0.5249344,clickorlando.com,Bessent Will Meet Chinas Vice Premier In Paris Ahead Of Trumps Visit To Beijing,https://www.clickorlando.com/business/2026/03/12/bessent-will-meet-chinas-vice-premier-in-paris-ahead-of-trumps-visit-to-beijing/,,
249,2026-03-13,2026-03-13 10:00:00+00:00,0.5113082205576142,0.6511485576629639,0.09178720924156503,0.18050541,ksat.com,Bessent Will Meet Chinas Vice Premier In Paris Ahead Of Trumps Visit To Beijing,https://www.ksat.com/business/2026/03/12/bessent-will-meet-chinas-vice-premier-in-paris-ahead-of-trumps-visit-to-beijing/,,
250,2026-03-12,2026-03-12 22:00:00+00:00,0.5113082205576142,0.6511485576629639,0.09178720924156503,0.5249344,clickondetroit.com,Bessent Will Meet Chinas Vice Premier In Paris Ahead Of Trumps Visit To Beijing,https://www.clickondetroit.com/business/2026/03/12/bessent-will-meet-chinas-vice-premier-in-paris-ahead-of-trumps-visit-to-beijing/,,
251,2026-03-24,2026-03-24 04:00:00+00:00,0.5108330176021567,0.6542485952377319,0.08058628469543105,1.5050167,cleantechnica.com,China Flexes Its Global Green Hydrogen Muscles Trump Or No Trump,https://cleantechnica.com/2026/03/23/china-flexes-its-global-green-hydrogen-muscles-trump-or-no-trump/,,
252,2026-03-10,2026-03-10 16:00:00+00:00,0.5107285989870147,0.6590487957000732,0.06576800884783937,-1.4336917,dailycaller.com,Iran China Europe Donald Trump Spain Germany Ports,https://dailycaller.com/2026/03/10/iran-china-europe-donald-trump-spain-germany-ports/,,
253,2026-03-13,2026-03-13 10:00:00+00:00,0.5106667292436736,0.6524714231491089,0.08525264752736783,1.7064847,econotimes.com,Us Prepares Record 14 Billion Taiwan Arms Deal Pending Trumps China Visit 1736191,http://www.econotimes.com/US-Prepares-Record-14-Billion-Taiwan-Arms-Deal-Pending-Trumps-China-Visit-1736191,,
254,2026-03-05,2026-03-05 00:00:00+00:00,0.5105179034388696,0.6520349383354187,0.08596679874922217,-3.4482758,mynspr.org,As Trumps Plans Visit To China Arms Package To Taiwan Is Delayed,https://www.mynspr.org/2026-03-04/as-trumps-plans-visit-to-china-arms-package-to-taiwan-is-delayed,,
255,2026-03-05,2026-03-05 00:00:00+00:00,0.5105179034388696,0.6520349383354187,0.08596679874922217,-3.4482758,wkyufm.org,As Trumps Plans Visit To China Arms Package To Taiwan Is Delayed,https://www.wkyufm.org/2026-03-04/as-trumps-plans-visit-to-china-arms-package-to-taiwan-is-delayed,,
256,2026-03-05,2026-03-05 01:00:00+00:00,0.5105179034388696,0.6520349383354187,0.08596679874922217,-3.4482758,ksmu.org,As Trumps Plans Visit To China Arms Package To Taiwan Is Delayed,https://www.ksmu.org/2026-03-04/as-trumps-plans-visit-to-china-arms-package-to-taiwan-is-delayed,,
257,2026-03-05,2026-03-05 01:00:00+00:00,0.5105179034388696,0.6520349383354187,0.08596679874922217,-3.4482758,spokanepublicradio.org,As Trumps Plans Visit To China Arms Package To Taiwan Is Delayed,https://www.spokanepublicradio.org/2026-03-04/as-trumps-plans-visit-to-china-arms-package-to-taiwan-is-delayed,,
258,2026-03-05,2026-03-05 01:00:00+00:00,0.5105179034388696,0.6520349383354187,0.08596679874922217,-3.4482758,wqcs.org,As Trumps Plans Visit To China Arms Package To Taiwan Is Delayed,https://www.wqcs.org/2026-03-04/as-trumps-plans-visit-to-china-arms-package-to-taiwan-is-delayed,,
259,2026-03-05,2026-03-05 00:00:00+00:00,0.5105179034388696,0.6520349383354187,0.08596679874922217,-3.4482758,kvnf.org,As Trumps Plans Visit To China Arms Package To Taiwan Is Delayed,https://www.kvnf.org/2026-03-04/as-trumps-plans-visit-to-china-arms-package-to-taiwan-is-delayed,,
260,2026-03-05,2026-03-05 00:00:00+00:00,0.5105179034388696,0.6520349383354187,0.08596679874922217,-3.4482758,wjct.org,As Trumps Plans Visit To China Arms Package To Taiwan Is Delayed,https://news.wjct.org/2026-03-04/as-trumps-plans-visit-to-china-arms-package-to-taiwan-is-delayed,,
261,2026-03-05,2026-03-05 00:00:00+00:00,0.5105179034388696,0.6520349383354187,0.08596679874922217,-3.4482758,wknofm.org,As Trumps Plans Visit To China Arms Package To Taiwan Is Delayed,https://www.wknofm.org/2026-03-04/as-trumps-plans-visit-to-china-arms-package-to-taiwan-is-delayed,,
262,2026-03-05,2026-03-05 01:00:00+00:00,0.5105179034388696,0.6520349383354187,0.08596679874922217,-3.4482758,waer.org,As Trumps Plans Visit To China Arms Package To Taiwan Is Delayed,https://www.waer.org/2026-03-04/as-trumps-plans-visit-to-china-arms-package-to-taiwan-is-delayed,,
263,2026-03-04,2026-03-04 22:00:00+00:00,0.5105179034388696,0.6520349383354187,0.08596679874922217,-3.4482758,kazu.org,As Trumps Plans Visit To China Arms Package To Taiwan Is Delayed,https://www.kazu.org/npr-news/2026-03-04/as-trumps-plans-visit-to-china-arms-package-to-taiwan-is-delayed,,
264,2026-03-04,2026-03-04 22:00:00+00:00,0.5105179034388696,0.6520349383354187,0.08596679874922217,-3.4482758,wwno.org,As Trumps Plans Visit To China Arms Package To Taiwan Is Delayed,https://www.wwno.org/npr-news/2026-03-04/as-trumps-plans-visit-to-china-arms-package-to-taiwan-is-delayed,,
265,2026-03-04,2026-03-04 22:00:00+00:00,0.5105179034388696,0.6520349383354187,0.08596679874922217,-3.4482758,klcc.org,As Trumps Plans Visit To China Arms Package To Taiwan Is Delayed,https://www.klcc.org/npr-world-news/2026-03-04/as-trumps-plans-visit-to-china-arms-package-to-taiwan-is-delayed,,
266,2026-03-05,2026-03-05 00:00:00+00:00,0.5105179034388696,0.6520349383354187,0.08596679874922217,-3.4482758,knau.org,As Trumps Plans Visit To China Arms Package To Taiwan Is Delayed,https://www.knau.org/2026-03-04/as-trumps-plans-visit-to-china-arms-package-to-taiwan-is-delayed,,
267,2026-03-05,2026-03-05 01:00:00+00:00,0.5105179034388696,0.6520349383354187,0.08596679874922217,-3.4482758,wboi.org,As Trumps Plans Visit To China Arms Package To Taiwan Is Delayed,https://www.wboi.org/2026-03-04/as-trumps-plans-visit-to-china-arms-package-to-taiwan-is-delayed,,
268,2026-03-05,2026-03-05 00:00:00+00:00,0.5105179034388696,0.6520349383354187,0.08596679874922217,-3.4482758,kasu.org,As Trumps Plans Visit To China Arms Package To Taiwan Is Delayed,https://www.kasu.org/2026-03-04/as-trumps-plans-visit-to-china-arms-package-to-taiwan-is-delayed,,
269,2026-03-04,2026-03-04 22:00:00+00:00,0.5105179034388696,0.6520349383354187,0.08596679874922217,-3.8461537,npr.org,As Trumps Plans Visit To China Arms Package To Taiwan Is Delayed,https://www.npr.org/2026/03/04/nx-s1-5727608/as-trumps-plans-visit-to-china-arms-package-to-taiwan-is-delayed,,
270,2026-03-05,2026-03-05 01:00:00+00:00,0.5105179034388696,0.6520349383354187,0.08596679874922217,-3.4482758,kuaf.com,As Trumps Plans Visit To China Arms Package To Taiwan Is Delayed,https://www.kuaf.com/2026-03-04/as-trumps-plans-visit-to-china-arms-package-to-taiwan-is-delayed,,
271,2026-03-05,2026-03-05 00:00:00+00:00,0.5105179034388696,0.6520349383354187,0.08596679874922217,-3.4482758,publicradioeast.org,As Trumps Plans Visit To China Arms Package To Taiwan Is Delayed,https://www.publicradioeast.org/2026-03-04/as-trumps-plans-visit-to-china-arms-package-to-taiwan-is-delayed,,
272,2026-03-04,2026-03-04 23:00:00+00:00,0.5105179034388696,0.6520349383354187,0.08596679874922217,-3.4482758,wbaa.org,As Trumps Plans Visit To China Arms Package To Taiwan Is Delayed,https://www.wbaa.org/2026-03-04/as-trumps-plans-visit-to-china-arms-package-to-taiwan-is-delayed,,
273,2026-03-05,2026-03-05 02:00:00+00:00,0.5105179034388696,0.6520349383354187,0.08596679874922217,-3.4482758,wnmufm.org,As Trumps Plans Visit To China Arms Package To Taiwan Is Delayed,https://www.wnmufm.org/2026-03-04/as-trumps-plans-visit-to-china-arms-package-to-taiwan-is-delayed,,
274,2026-03-05,2026-03-05 02:00:00+00:00,0.5105179034388696,0.6520349383354187,0.08596679874922217,-3.4482758,ypradio.org,As Trumps Plans Visit To China Arms Package To Taiwan Is Delayed,https://www.ypradio.org/2026-03-04/as-trumps-plans-visit-to-china-arms-package-to-taiwan-is-delayed,,
275,2026-03-04,2026-03-04 23:00:00+00:00,0.5105179034388696,0.6520349383354187,0.08596679874922217,-3.4482758,capeandislands.org,As Trumps Plans Visit To China Arms Package To Taiwan Is Delayed,https://www.capeandislands.org/2026-03-04/as-trumps-plans-visit-to-china-arms-package-to-taiwan-is-delayed,,
276,2026-03-04,2026-03-04 23:00:00+00:00,0.5105179034388696,0.6520349383354187,0.08596679874922217,-3.4482758,delawarepublic.org,As Trumps Plans Visit To China Arms Package To Taiwan Is Delayed,https://www.delawarepublic.org/2026-03-04/as-trumps-plans-visit-to-china-arms-package-to-taiwan-is-delayed,,
277,2026-03-04,2026-03-04 23:00:00+00:00,0.5105179034388696,0.6520349383354187,0.08596679874922217,-3.4482758,wcbe.org,As Trumps Plans Visit To China Arms Package To Taiwan Is Delayed,https://www.wcbe.org/2026-03-04/as-trumps-plans-visit-to-china-arms-package-to-taiwan-is-delayed,,
278,2026-03-04,2026-03-04 23:00:00+00:00,0.5105179034388696,0.6520349383354187,0.08596679874922217,-3.4482758,krcu.org,As Trumps Plans Visit To China Arms Package To Taiwan Is Delayed,https://www.krcu.org/2026-03-04/as-trumps-plans-visit-to-china-arms-package-to-taiwan-is-delayed,,
279,2026-03-04,2026-03-04 23:00:00+00:00,0.5105179034388696,0.6520349383354187,0.08596679874922217,-3.4482758,ualrpublicradio.org,As Trumps Plans Visit To China Arms Package To Taiwan Is Delayed,https://www.ualrpublicradio.org/2026-03-04/as-trumps-plans-visit-to-china-arms-package-to-taiwan-is-delayed,,
280,2026-03-04,2026-03-04 23:00:00+00:00,0.5105179034388696,0.6520349383354187,0.08596679874922217,-3.4482758,wxxinews.org,As Trumps Plans Visit To China Arms Package To Taiwan Is Delayed,https://www.wxxinews.org/2026-03-04/as-trumps-plans-visit-to-china-arms-package-to-taiwan-is-delayed,,
281,2026-03-04,2026-03-04 23:00:00+00:00,0.5105179034388696,0.6520349383354187,0.08596679874922217,-3.4482758,redriverradio.org,As Trumps Plans Visit To China Arms Package To Taiwan Is Delayed,https://www.redriverradio.org/2026-03-04/as-trumps-plans-visit-to-china-arms-package-to-taiwan-is-delayed,,
282,2026-03-09,2026-03-09 13:00:00+00:00,0.5091861750800857,0.5695297122001648,0.32815556371984844,0.7233273,express.co.uk,Bbc Breakfast King Charles Donald Trump Visit,https://www.express.co.uk/showbiz/tv-radio/2179894/bbc-breakfast-king-charles-donald-trump-visit,,
283,2026-03-04,2026-03-04 22:00:00+00:00,0.5091803324163722,0.601059079170227,0.23354409215480776,2.1538463,nasaspaceflight.com,China Roundup 202603,https://www.nasaspaceflight.com/2026/03/china-roundup-202603/,,
284,2026-03-11,2026-03-11 14:00:00+00:00,0.5080840275543032,0.6478894352912903,0.08866780434334176,-4.3117743,whittierdailynews.com,Trump Ohio Kentucky Visit,https://www.whittierdailynews.com/2026/03/11/trump-ohio-kentucky-visit/,,
285,2026-03-11,2026-03-11 15:00:00+00:00,0.5080840275543032,0.6478894352912903,0.08866780434334176,-4.3117743,citizensvoice.com,Trump Ohio Kentucky Visit,https://www.citizensvoice.com/2026/03/11/trump-ohio-kentucky-visit/,,
286,2026-03-11,2026-03-11 14:00:00+00:00,0.5080840275543032,0.6478894352912903,0.08866780434334176,-4.3117743,pressdemocrat.com,Trump Ohio Kentucky Visit,https://www.pressdemocrat.com/2026/03/11/trump-ohio-kentucky-visit/,,
287,2026-03-11,2026-03-11 13:00:00+00:00,0.5080840275543032,0.6478894352912903,0.08866780434334176,-4.3117743,redlandsdailyfacts.com,Trump Ohio Kentucky Visit,https://www.redlandsdailyfacts.com/2026/03/11/trump-ohio-kentucky-visit/,,
288,2026-03-11,2026-03-11 13:00:00+00:00,0.5080840275543032,0.6478894352912903,0.08866780434334176,-4.3117743,dailybreeze.com,Trump Ohio Kentucky Visit,https://www.dailybreeze.com/2026/03/11/trump-ohio-kentucky-visit/,,
289,2026-03-11,2026-03-11 13:00:00+00:00,0.5080839828508196,0.6478893756866455,0.08866780434334176,-4.3117743,republicanherald.com,Trump Ohio Kentucky Visit,https://www.republicanherald.com/2026/03/11/trump-ohio-kentucky-visit/,,
290,2026-03-11,2026-03-11 13:00:00+00:00,0.5080839828508196,0.6478893756866455,0.08866780434334176,-4.3117743,sgvtribune.com,Trump Ohio Kentucky Visit,https://www.sgvtribune.com/2026/03/11/trump-ohio-kentucky-visit/,,
291,2026-03-11,2026-03-11 13:00:00+00:00,0.5080839828508196,0.6478893756866455,0.08866780434334176,-4.3117743,courant.com,Trump Ohio Kentucky Visit,https://www.courant.com/2026/03/11/trump-ohio-kentucky-visit/,,
292,2026-03-11,2026-03-11 13:00:00+00:00,0.5080839828508196,0.6478893756866455,0.08866780434334176,-4.3117743,pasadenastarnews.com,Trump Ohio Kentucky Visit,https://www.pasadenastarnews.com/2026/03/11/trump-ohio-kentucky-visit/,,
293,2026-03-11,2026-03-11 14:00:00+00:00,0.5080839828508196,0.6478893756866455,0.08866780434334176,-4.3117743,sbsun.com,Trump Ohio Kentucky Visit,https://www.sbsun.com/2026/03/11/trump-ohio-kentucky-visit/,,
294,2026-03-11,2026-03-11 14:00:00+00:00,0.5080839828508196,0.6478893756866455,0.08866780434334176,-4.3117743,presstelegram.com,Trump Ohio Kentucky Visit,https://www.presstelegram.com/2026/03/11/trump-ohio-kentucky-visit/,,
295,2026-03-11,2026-03-11 14:00:00+00:00,0.5080839828508196,0.6478893756866455,0.08866780434334176,-4.3117743,journal-advocate.com,Trump Ohio Kentucky Visit,https://www.journal-advocate.com/2026/03/11/trump-ohio-kentucky-visit/,,
296,2026-03-11,2026-03-11 14:00:00+00:00,0.5080839828508196,0.6478893756866455,0.08866780434334176,-4.3117743,pilotonline.com,Trump Ohio Kentucky Visit,https://www.pilotonline.com/2026/03/11/trump-ohio-kentucky-visit/,,
297,2026-03-11,2026-03-11 14:00:00+00:00,0.5080839828508196,0.6478893756866455,0.08866780434334176,-4.3117743,ocregister.com,Trump Ohio Kentucky Visit,https://www.ocregister.com/2026/03/11/trump-ohio-kentucky-visit/,,
298,2026-03-11,2026-03-11 18:00:00+00:00,0.5080839828508196,0.6478893756866455,0.08866780434334176,-3.5548687,sandiegouniontribune.com,Trump Ohio Kentucky Visit,https://www.sandiegouniontribune.com/2026/03/11/trump-ohio-kentucky-visit/,,
299,2026-03-11,2026-03-11 17:00:00+00:00,0.5080839828508196,0.6478893756866455,0.08866780434334176,-4.3117743,dailynews.com,Trump Ohio Kentucky Visit,https://www.dailynews.com/2026/03/11/trump-ohio-kentucky-visit/,,
300,2026-03-11,2026-03-11 16:00:00+00:00,0.5080839828508196,0.6478893756866455,0.08866780434334176,-4.3117743,dailybulletin.com,Trump Ohio Kentucky Visit,https://www.dailybulletin.com/2026/03/11/trump-ohio-kentucky-visit/,,
301,2026-03-11,2026-03-11 16:00:00+00:00,0.5080839828508196,0.6478893756866455,0.08866780434334176,-4.3117743,dailypress.com,Trump Ohio Kentucky Visit,https://www.dailypress.com/2026/03/11/trump-ohio-kentucky-visit/,,
302,2026-03-11,2026-03-11 15:00:00+00:00,0.5080839828508196,0.6478893756866455,0.08866780434334176,-4.3117743,morningjournal.com,Trump Ohio Kentucky Visit,https://www.morningjournal.com/2026/03/11/trump-ohio-kentucky-visit/,,
303,2026-03-11,2026-03-11 19:00:00+00:00,0.5080839828508196,0.6478893756866455,0.08866780434334176,-3.5548687,twincities.com,Trump Ohio Kentucky Visit,https://www.twincities.com/2026/03/11/trump-ohio-kentucky-visit/,,
304,2026-03-11,2026-03-11 14:00:00+00:00,0.5080839828508196,0.6478893756866455,0.08866780434334176,-4.3117743,canoncitydailyrecord.com,Trump Ohio Kentucky Visit,https://www.canoncitydailyrecord.com/2026/03/11/trump-ohio-kentucky-visit/,,
305,2026-03-06,2026-03-06 12:00:00+00:00,0.5077560052747639,0.6137031316757202,0.18991462607189513,-2.714333,foreignaffairs.com,Will China Overplay Its Hand,https://www.foreignaffairs.com/china/will-china-overplay-its-hand,,
306,2026-03-25,2026-03-25 11:00:00+00:00,0.5076835345138779,0.651867151260376,0.07513268427438377,-2.3765996,americanthinker.com,Trump S Trifecta Advancement For America And Setbacks For China,https://www.americanthinker.com/articles/2026/03/trump_s_trifecta_advancement_for_america_and_setbacks_for_china.html,,
307,2026-03-07,2026-03-07 18:00:00+00:00,0.5073246380956284,0.6551940441131592,0.06371642004303602,-0.37243947,thestar.com.my,China And Us To Hold High Level Trade Talks In Paris Before Trumps Beijing Visit,https://www.thestar.com.my/aseanplus/aseanplus-news/2026/03/07/china-and-us-to-hold-high-level-trade-talks-in-paris-before-trumps-beijing-visit,,
308,2026-03-17,2026-03-17 21:00:00+00:00,0.5068721660614449,0.6459949016571045,0.08950395927446626,-2.5316455,hudson.org,Can Trump Beat China Winning Iran Zineb Riboua,https://www.hudson.org/foreign-policy/can-trump-beat-china-winning-iran-zineb-riboua,,
309,2026-03-20,2026-03-20 09:00:00+00:00,0.5062513536106313,0.5449717044830322,0.3900903009934288,-5.394525,armstrongeconomics.com,When Will Trump Declare Victory,https://www.armstrongeconomics.com/world-news/war/when-will-trump-declare-victory/,,
310,2026-03-25,2026-03-25 19:00:00+00:00,0.5060624197579555,0.6359958648681641,0.11626208442732988,-0.8064516,al-monitor.com,Trump Reschedules Iran Delayed China Visit May 14 15,https://www.al-monitor.com/originals/2026/03/trump-reschedules-iran-delayed-china-visit-may-14-15,,
311,2026-03-24,2026-03-24 11:00:00+00:00,0.5055578068901495,0.6457376480102539,0.08501828352983648,1.6997167,businesstimes.com.sg,Pm Wong Visit China Mar 25 28 Deliver Keynote Speech Asian Davos Forum Hainan,https://www.businesstimes.com.sg/singapore/pm-wong-visit-china-mar-25-28-deliver-keynote-speech-asian-davos-forum-hainan,,
312,2026-03-17,2026-03-17 14:00:00+00:00,0.5052836407135709,0.6526472568511963,0.06319279230069465,-4.347826,theamericanconservative.com,Trump To Reschedule China Summit With Xi,https://www.theamericanconservative.com/trump-to-reschedule-china-summit-with-xi/,,
313,2026-03-06,2026-03-06 15:00:00+00:00,0.5051608144351587,0.62319016456604,0.15107276404251482,3.8251367,clare.fm,Trump Doonbeg Gm Says Us President Will Visit Irish Open If Possible,https://www.clare.fm/news/trump-doonbeg-gm-says-us-president-will-visit-irish-open-if-possible/,,
314,2026-03-23,2026-03-23 16:00:00+00:00,0.5048720897137285,0.6513123512268066,0.06555130517449423,-3.6764705,time.com,China America Trump Xi War Iran,https://time.com/article/2026/03/20/china-america-trump-xi-war-iran/,,
315,2026-03-13,2026-03-13 14:00:00+00:00,0.5044999254083166,0.647546648979187,0.07535975469570502,-1.7699115,washingtonexaminer.com,Trump Most Favored Nation Threatens Us Competitiveness China,https://www.washingtonexaminer.com/op-eds/4488743/trump-most-favored-nation-threatens-us-competitiveness-china/,,
316,2026-03-10,2026-03-10 23:00:00+00:00,0.5035045664428395,0.5500450134277344,0.3638832254881549,-6.9410815,slguardian.org,The Taco Risk Will Trump Back Down From Iran,https://slguardian.org/the-taco-risk-will-trump-back-down-from-iran/,,
317,2026-03-17,2026-03-17 08:00:00+00:00,0.5034657935968758,0.6462637186050415,0.07507201857237872,-2.8608582,openthemagazine.com,Iran Conflict Could End Soon Says Trump Signals Possible Delay Of China Visit,https://openthemagazine.com/world/iran-conflict-could-end-soon-says-trump-signals-possible-delay-of-china-visit,,
318,2026-03-09,2026-03-09 06:00:00+00:00,0.5021588120688955,0.6404770016670227,0.0872042432745135,-3.8317056,express.co.uk,China Nostradamus Trump Presidency Iran War,https://www.express.co.uk/news/us/2179078/china-nostradamus-trump-presidency-iran-war,,
319,2026-03-06,2026-03-06 13:00:00+00:00,0.5021486501781554,0.6364173889160156,0.09934243396457465,-1.0256411,americanthinker.com,Trump Cracks China S Fortune Cookie,https://www.americanthinker.com/articles/2026/03/trump_cracks_china_s_fortune_cookie.html,,
320,2026-03-06,2026-03-06 03:00:00+00:00,0.5017021277481585,0.6485899090766907,0.061038783762562075,-0.5882353,newsday.com,China Trump Latin America Peru Chile Panama P73097,https://www.newsday.com/news/nation/china-trump-latin-america-peru-chile-panama-p73097,,
321,2026-03-13,2026-03-13 12:00:00+00:00,0.5015898166814541,0.6443489789962769,0.07331232973698598,-2.6190476,news18.com,Despite Chinese Sanctions Marco Rubio Set To Visit China With Trump What We Know Ws L 9959137,https://www.news18.com/world/despite-chinese-sanctions-marco-rubio-set-to-visit-china-with-trump-what-we-know-ws-l-9959137.html,,
322,2026-03-14,2026-03-14 04:00:00+00:00,0.5015800166415225,0.6452432870864868,0.07059020530662963,1.1764706,dailymail.co.uk,Donald Trump Tiktok Deal Us China,https://www.dailymail.co.uk/news/article-15644941/Donald-Trump-TikTok-deal-US-China.html,,
323,2026-03-14,2026-03-14 16:00:00+00:00,0.5009429135757801,0.637097179889679,0.09248011463408377,-3.7974684,cnbctv18.com,Trump Hopes Us Uk China France Will Send Warships To Free Strait Of Hormuz Ws L 19868459,https://www.cnbctv18.com/world/trump-hopes-us-uk-china-france-will-send-warships-to-free-strait-of-hormuz-ws-l-19868459.htm,,
324,2026-03-17,2026-03-17 12:00:00+00:00,0.5009323325170072,0.6415510773658752,0.07907609797040284,-1.7647059,scmp.com,Will Postponed Trump Xi Summit Affect Us Arms Sales Taiwan,https://www.scmp.com/news/china/politics/article/3346914/will-postponed-trump-xi-summit-affect-us-arms-sales-taiwan,,
325,2026-03-09,2026-03-09 07:00:00+00:00,0.5007062639368213,0.6441136598587036,0.07048407617117441,-2.4590163,dailycaller.com,Opinion Trump Checkmates China With Oil Steve Milloy,https://dailycaller.com/2026/03/08/opinion-trump-checkmates-china-with-oil-steve-milloy/,,
326,2026-03-21,2026-03-21 03:00:00+00:00,0.4995850857924311,0.5821555256843567,0.2518737661166544,-4.845815,theweek.in,Blockade Invasion Or Destruction How Far Will Trump Go To Control Kharg Island,https://www.theweek.in/news/middle-east/2026/03/21/blockade-invasion-or-destruction-how-far-will-trump-go-to-control-kharg-island.html,,
327,2026-03-07,2026-03-07 02:00:00+00:00,0.4990454224355598,0.645073413848877,0.060961448195608385,3.0075188,wcpo.com,President Donald Trump To Visit Cincinnati Next Week White House Spokesperson Says,https://www.wcpo.com/news/local-news/hamilton-county/cincinnati/president-donald-trump-to-visit-cincinnati-next-week-white-house-spokesperson-says,,
328,2026-03-12,2026-03-12 21:00:00+00:00,0.4987424011828486,0.642792820930481,0.06659114193995172,-3.3361847,slate.com,Trump Iran War China Oil Crisis,https://slate.com/technology/2026/03/trump-iran-war-china-oil-crisis.html,,
329,2026-03-17,2026-03-17 15:00:00+00:00,0.4982113109882754,0.6208767890930176,0.13021487667404893,-2.7027028,nikkei.com,Takaichi S Us Visit What Will Japan Say To Trump On Iran Situation2,https://asia.nikkei.com/spotlight/iran-tensions/takaichi-s-us-visit-what-will-japan-say-to-trump-on-iran-situation2,,
330,2026-03-09,2026-03-09 13:00:00+00:00,0.49768251550150316,0.6383777856826782,0.07559670495797795,0.9009009,wuky.org,President Donald Trump To Visit Northern Kentucky,https://www.wuky.org/wuky-news/2026-03-09/president-donald-trump-to-visit-northern-kentucky,,
331,2026-03-12,2026-03-12 20:00:00+00:00,0.4967883044119745,0.6334342956542969,0.08685033068500746,3.7037036,ctvnews.ca,Us Treasury Secretary Will Meet Chinas Vice Premier In Paris Ahead Of Trumps Visit To Beijing,https://www.ctvnews.ca/world/article/us-treasury-secretary-will-meet-chinas-vice-premier-in-paris-ahead-of-trumps-visit-to-beijing/,,
332,2026-03-16,2026-03-16 21:00:00+00:00,0.49667158176280796,0.6347038745880127,0.08257470328719378,-4.0,marketscreener.com,Will The Trump Xi Summit Go Ahead Ce7E5Edbd98Dff2D,https://www.marketscreener.com/news/will-the-trump-xi-summit-go-ahead-ce7e5edbd98dff2d,,
333,2026-03-09,2026-03-09 11:00:00+00:00,0.496323255020952,0.5657488107681274,0.28804658777942566,-3.9787798,leftfootforward.org,Calls Grow For King Charles Unthinkable Donald Trump Visit To Be Cancelled,https://leftfootforward.org/2026/03/calls-grow-for-king-charles-unthinkable-donald-trump-visit-to-be-cancelled/,,
334,2026-03-17,2026-03-17 14:00:00+00:00,0.49592396423142043,0.6344203948974609,0.08043467223329895,-1.4925373,express.co.uk,King Charles State Visit Donald Trump,https://www.express.co.uk/news/royal/2183255/king-charles-state-visit-donald-trump,,
335,2026-03-09,2026-03-09 14:00:00+00:00,0.49561003074392207,0.6378557682037354,0.06887281836448222,-3.196347,thetimes.com,China Taiwan Trump Invasion L8Xwr2Fr0,https://www.thetimes.com/world/asia/article/china-taiwan-trump-invasion-l8xwr2fr0,,
336,2026-03-15,2026-03-15 00:00:00+00:00,0.49552566455583397,0.628974974155426,0.09517773575705771,0.0,dailykos.com,Trump Getting Desperate The Domino Theory Might Have Been Right Or China Will Own The Ev Market,https://www.dailykos.com/stories/2026/3/14/2373195/-Trump-getting-Desperate-The-Domino-Theory-might-have-been-right-Or-China-will-own-the-EV-market,,
337,2026-03-08,2026-03-08 00:00:00+00:00,0.49545439096561306,0.6250935792922974,0.10653682598556014,6.904488,slguardian.org,Will China Leapfrog Itself In The Next Five Year Plan,https://slguardian.org/will-china-leapfrog-itself-in-the-next-five-year-plan/,,
338,2026-03-12,2026-03-12 20:00:00+00:00,0.49540883276157466,0.6377156972885132,0.068488239180759,-4.8698573,thetimes.com,Iran War Trump Xi China Vhlm7Dspp,https://www.thetimes.com/world/asia/article/iran-war-trump-xi-china-vhlm7dspp,,
339,2026-03-16,2026-03-16 16:00:00+00:00,0.49513958220989024,0.6374028921127319,0.06834965250136521,0.7117438,theweek.com,Trump Demands Allies China Hormuz Escort,https://theweek.com/world-news/trump-demands-allies-china-hormuz-escort,,
340,2026-03-07,2026-03-07 17:00:00+00:00,0.4947302049196268,0.6373028755187988,0.06701219312211078,-3.2125206,newsday.com,Trump Iran Latin America China Q33441,https://www.newsday.com/news/nation/trump-iran-latin-america-china-q33441,,
341,2026-03-18,2026-03-18 05:00:00+00:00,0.4946919467870106,0.634269118309021,0.07596043222097956,-3.037667,siasat.com,China Ignores Trumps Hormuz Request As Iran War Deepens Beijing Visit Delayed 3436772,https://www.siasat.com/china-ignores-trumps-hormuz-request-as-iran-war-deepens-beijing-visit-delayed-3436772/,,
342,2026-03-25,2026-03-25 19:00:00+00:00,0.49439867417395744,0.6371878385543823,0.06603118103268278,-1.6746411,theglobeandmail.com,Article Trump Xi China Beijing Iran War,https://www.theglobeandmail.com/world/article-trump-xi-china-beijing-iran-war/,,
343,2026-03-11,2026-03-11 11:00:00+00:00,0.4941107916124231,0.6151131391525269,0.13110374899211183,-4.255319,ktsa.com,Trump To Visit Ohio And Kentucky Wednesday Will Target A Top Gop Antagonist,https://www.ktsa.com/trump-to-visit-ohio-and-kentucky-wednesday-will-target-a-top-gop-antagonist/,,
344,2026-03-12,2026-03-12 21:00:00+00:00,0.494092477542925,0.63836270570755,0.06128179304904994,0.62240666,nypost.com,Scott Bessent Meeting Chinas Vice Premier In Paris For Trade Talks Ahead Of Trumps Visit To China,https://nypost.com/2026/03/12/us-news/scott-bessent-meeting-chinas-vice-premier-in-paris-for-trade-talks-ahead-of-trumps-visit-to-china/,,
345,2026-03-11,2026-03-11 21:00:00+00:00,0.49393062863314485,0.5347440242767334,0.3714904417023791,-4.6153846,socialistworker.co.uk,Alex Callinicos Will Trump Chicken Out Of Iran Invasion,https://socialistworker.co.uk/alex-callinicos/alex-callinicos-will-trump-chicken-out-of-iran-invasion/,,
346,2026-03-17,2026-03-17 16:00:00+00:00,0.49356813457596527,0.6341769099235535,0.07174180853320059,-7.5757575,worldpoliticsreview.com,China Xi Us Trump Iran War,https://www.worldpoliticsreview.com/china-xi-us-trump-iran-war/,,
347,2026-03-17,2026-03-17 13:00:00+00:00,0.4932436055171731,0.6367882490158081,0.06260967502126817,-1.4984227,livemint.com,Trump Shifts Us China Strategy On Trade To Dealmaking 11773749452454,https://www.livemint.com/global/trump-shifts-us-china-strategy-on-trade-to-dealmaking-11773749452454.html,,
348,2026-03-13,2026-03-13 22:00:00+00:00,0.49275620525610314,0.6355007886886597,0.06452245495843362,-2.479339,radaronline.com,Nuclear Doomsday China Trump War World 3,https://radaronline.com/p/nuclear-doomsday-china-trump-war-world-3/,,
349,2026-03-14,2026-03-14 17:00:00+00:00,0.4927397551298276,0.6276891231536865,0.08789165105825086,-4.0358744,athens-times.com,Trump We Will Open The Strait Of Hormuz Call To Uk China And Allies,https://athens-times.com/trump-we-will-open-the-strait-of-hormuz-call-to-uk-china-and-allies/,,
350,2026-03-20,2026-03-20 09:00:00+00:00,0.4925409751352215,0.6210537552833557,0.10700263469081886,-1.4662757,scmp.com,Trump Ally Steve Daines Will Be First Sitting Us Senator Visit Hong Kong 2019,https://www.scmp.com/news/china/politics/article/3347302/trump-ally-steve-daines-will-be-first-sitting-us-senator-visit-hong-kong-2019,,
351,2026-03-11,2026-03-11 20:00:00+00:00,0.4923909146462128,0.6199299097061157,0.10977392946650404,-4.464286,pakistantoday.com.pk,Trump A Bull In The China Shop,https://www.pakistantoday.com.pk/2026/03/11/trump-a-bull-in-the-china-shop,,
352,2026-03-13,2026-03-13 17:00:00+00:00,0.4913109665254862,0.6326149702072144,0.06739895548030175,0.798722,dailydot.com,Trump White House Prayer Parody Trend China,https://dailydot.com/trump-white-house-prayer-parody-trend-china,,
353,2026-03-23,2026-03-23 16:00:00+00:00,0.4907821475596391,0.625834047794342,0.08562644685553036,-5.7894735,thelocal.es,Spains Pm To Visit China For Fourth Time In As Many Years,https://www.thelocal.es/20260323/spains-pm-to-visit-china-for-fourth-time-in-as-many-years,,
354,2026-03-09,2026-03-09 20:00:00+00:00,0.490582814345185,0.5493340492248535,0.31432910970617944,-2.2156572,express.co.uk,Keir Starmer Uses King Charles Trump Visit,https://www.express.co.uk/news/royal/2180251/keir-starmer-uses-king-charles-trump-visit,,
355,2026-03-17,2026-03-17 17:00:00+00:00,0.49051370283468476,0.6269338130950928,0.08125337205346064,-3.8699691,yahoo.com,Trump Requests Delay Planned China 122752843,https://www.yahoo.com/news/articles/trump-requests-delay-planned-china-122752843.html,,
356,2026-03-08,2026-03-08 09:00:00+00:00,0.4901207259606351,0.6208826303482056,0.09783501279792382,0.0,yahoo.com,President Trump Expected Visit Kentucky 020103509,https://www.yahoo.com/news/articles/president-trump-expected-visit-kentucky-020103509.html,,
357,2026-03-15,2026-03-15 14:00:00+00:00,0.49007169160846353,0.631428062915802,0.06600257768644817,3.8461537,theepochtimes.com,Top Us China Trade Negotiators Meet In Paris Ahead Of Trumps Visit To Beijing 5999018,https://www.theepochtimes.com/china/top-us-china-trade-negotiators-meet-in-paris-ahead-of-trumps-visit-to-beijing-5999018,,
358,2026-03-16,2026-03-16 08:00:00+00:00,0.489981546042002,0.6237558126449585,0.08865874623313254,-4.0,firstpost.com,China Resumes Taiwan Overflights Ahead Of Trumps Beijing Visit Is It A Warning Or A Warm Up 13989923,https://www.firstpost.com/world/china-resumes-taiwan-overflights-ahead-of-trumps-beijing-visit-is-it-a-warning-or-a-warm-up-13989923.html,,
359,2026-03-20,2026-03-20 16:00:00+00:00,0.48964533680351013,0.5189672708511353,0.40167953466063483,1.8092105,ksl.com,Will Trump Executive Orders On Home Affordability Affect Utah,https://www.ksl.com:443/article/51468105/will-trump-executive-orders-on-home-affordability-affect-utah,,
360,2026-03-17,2026-03-17 20:00:00+00:00,0.48954983223041715,0.6093281507492065,0.13021487667404893,-2.7027028,nikkei.com,Takaichi S Us Visit What Will Japan Say To Trump On Iran,https://asia.nikkei.com/spotlight/iran-tensions/takaichi-s-us-visit-what-will-japan-say-to-trump-on-iran,,
361,2026-03-19,2026-03-19 12:00:00+00:00,0.48915239591495147,0.604448676109314,0.14326355533186394,-7.6923075,wn.com,Us Intel Doubts China Will Invade Taiwan In 2027,https://article.wn.com/view/2026/03/19/US_intel_doubts_China_will_invade_Taiwan_in_2027/,,
362,2026-03-25,2026-03-25 16:00:00+00:00,0.48892849962338525,0.6187019348144531,0.09960819405018159,-4.4014087,washingtonexaminer.com,Pollution Trump Tariffs China,https://www.washingtonexaminer.com/op-eds/4502069/pollution-trump-tariffs-china/,,
363,2026-03-12,2026-03-12 11:00:00+00:00,0.48841839992633707,0.6102002859115601,0.12307274197066807,-1.5267175,scmp.com,Trumps Tariff Investigation Bluff Will Not Work China Analysts Warn,https://www.scmp.com/economy/china-economy/article/3346365/trumps-tariff-investigation-bluff-will-not-work-china-analysts-warn,,
364,2026-03-16,2026-03-16 10:00:00+00:00,0.4884164740511627,0.6300843954086304,0.06341270997875965,-2.5099075,aol.co.uk,Trump Hints Delaying China Summit 101143679,https://www.aol.co.uk/articles/trump-hints-delaying-china-summit-101143679.html,,
365,2026-03-17,2026-03-17 12:00:00+00:00,0.48812239770764443,0.6186160445213318,0.09664145726658231,-2.1218343,newsweek.com,China Pushes For Us Visit Amid Weakening Iran Ties 11685211,https://www.newsweek.com/china-pushes-for-us-visit-amid-weakening-iran-ties-11685211,,
366,2026-03-17,2026-03-17 03:00:00+00:00,0.48742316961253,0.6177352666854858,0.0964868783936625,-7.4074073,bloomberg.com,Will Ai Disruption Force Xi Jinping To Turn China Into A Welfare State,https://www.bloomberg.com:443/news/features/2026-03-06/will-ai-disruption-force-xi-jinping-to-turn-china-into-a-welfare-state,,
367,2026-03-16,2026-03-16 05:00:00+00:00,0.4869995601591949,0.6286120414733887,0.062162116216613564,-2.096774,newsday.com,Trump China Iran Strait Hormuz I75743,https://www.newsday.com/news/nation/trump-china-iran-strait-hormuz-i75743,,
368,2026-03-12,2026-03-12 09:00:00+00:00,0.4860036512171803,0.6173076629638672,0.0920916159771197,-0.61728394,newkerala.com,Trump Will Welcome Iranian Team Fifa Wc 2026 401,https://www.newkerala.com/news/a/trump-will-welcome-iranian-team-fifa-wc-2026-401.htm,,
369,2026-03-17,2026-03-17 04:00:00+00:00,0.48598622684616233,0.6192933917045593,0.08606473227097142,-4.4117646,benzinga.com,Chuck Schumer Blasts Trump For Hoping That China Will Help Us Clear The Hormuz Strait Hes Created A,https://www.benzinga.com/news/politics/26/03/51287724/chuck-schumer-blasts-trump-for-hoping-that-china-will-help-us-clear-the-hormuz-strait-hes-created-a,,
370,2026-03-16,2026-03-16 11:00:00+00:00,0.48574508262544497,0.6159751415252686,0.0950549059259742,-2.3809524,yahoo.com,Trump Needs China Help Fixing 085504367,https://www.yahoo.com/news/articles/trump-needs-china-help-fixing-085504367.html,,
371,2026-03-10,2026-03-10 18:00:00+00:00,0.48574152030712653,0.6252612471580505,0.06718233975435457,-0.37593985,townandcountrymag.com,King Charles 2026 State Visit Us Trump Debate,https://www.townandcountrymag.com/society/tradition/a70696505/king-charles-2026-state-visit-us-trump-debate/,,
372,2026-03-18,2026-03-18 08:00:00+00:00,0.4846188752327961,0.6087751388549805,0.11215008436624302,5.019305,tdh.gov.tm,Friendly Visit National Leader Turkmen People Chairman Halk Maslahaty Turkmenistan Peoples Republic China,https://tdh.gov.tm/index.php/en/post/48010/friendly-visit-national-leader-turkmen-people-chairman-halk-maslahaty-turkmenistan-peoples-republic-china,,
373,2026-03-11,2026-03-11 23:00:00+00:00,0.484306963525034,0.5826764106750488,0.18919862207498958,-0.2777778,local12.com,Thousands Line Up Hebron President Donald Trump Visit Protesters Also Gather Nearby Northern Kentucky Protest Protesting Support Voters Vote Gateway Park Verst Logistics Iran War Epstein Veterans Administration Cincinnati,https://local12.com/news/local/thousands-line-up-hebron-president-donald-trump-visit-protesters-also-gather-nearby-northern-kentucky-protest-protesting-support-voters-vote-gateway-park-verst-logistics-iran-war-epstein-veterans-administration-cincinnati,,
374,2026-03-09,2026-03-09 11:00:00+00:00,0.4832696988338513,0.6133253574371338,0.09310272302400388,-2.997275,dailymaverick.co.za,2026 03 09 China Condemns Evil Designs Of Taiwan Premiers Japan Visit,https://www.dailymaverick.co.za/article/2026-03-09-china-condemns-evil-designs-of-taiwan-premiers-japan-visit/,,
375,2026-03-17,2026-03-17 03:00:00+00:00,0.482898301976387,0.5960955619812012,0.14330652196194452,-3.0821917,businesstimes.com.sg,Will China Send Warships Strait Hormuz,https://www.businesstimes.com.sg/international/will-china-send-warships-strait-hormuz,,
376,2026-03-15,2026-03-15 08:00:00+00:00,0.48259230388422414,0.523731529712677,0.35917462639886566,-5.239688,countercurrents.org,How Will Trump Get Out Of This War,https://countercurrents.org/2026/03/how-will-trump-get-out-of-this-war/,,
377,2026-03-23,2026-03-23 06:00:00+00:00,0.48219704058448953,0.6162726879119873,0.07997009860199623,-2.1702838,boston.com,Will President Trump Send Ice Agents To Bostons Logan Airport,https://www.boston.com/news/local-news/2026/03/22/will-president-trump-send-ice-agents-to-bostons-logan-airport/,,
378,2026-03-25,2026-03-25 21:00:00+00:00,0.4821121435590231,0.5944519639015198,0.14509268253153318,0.1908397,aol.co.uk,Trump 15Bn Plan Beat China 211527980,https://www.aol.co.uk/articles/trump-15bn-plan-beat-china-211527980.html,,
379,2026-03-06,2026-03-06 16:00:00+00:00,0.48161760984323454,0.6205751895904541,0.06474487060157588,-1.2649801,iheart.com,2026 03 06 Noems Undoing What Will Floridas Voters Approve Chinas Next Move,https://wjno.iheart.com/featured/brian-mudd/content/2026-03-06-noems-undoing-what-will-floridas-voters-approve-chinas-next-move/,,
380,2026-03-06,2026-03-06 16:00:00+00:00,0.48161760984323454,0.6205751895904541,0.06474487060157588,-1.2649801,iheart.com,2026 03 06 Noems Undoing What Will Floridas Voters Approve Chinas Next Move,https://veropatriot.iheart.com/featured/brian-mudd/content/2026-03-06-noems-undoing-what-will-floridas-voters-approve-chinas-next-move/,,
381,2026-03-23,2026-03-23 09:00:00+00:00,0.4809510635589845,0.6178553104400635,0.07023832291574743,-2.625,foxnews.com,Chad Wolf Trump Serious About China Threat Rebuilding Our Arsenal,https://www.foxnews.com/opinion/chad-wolf-trump-serious-about-china-threat-rebuilding-our-arsenal,,
382,2026-03-18,2026-03-18 15:00:00+00:00,0.4807848658261308,0.6150479912757874,0.07799548947716096,-2.7888446,theweek.com,King Charles State Visit Us America Trump,https://theweek.com/world-news/king-charles-state-visit-us-america-trump,,
383,2026-03-17,2026-03-17 09:00:00+00:00,0.48055246195030593,0.6203979253768921,0.06101607167054737,0.0,wn.com,Despite The War President Trump Expected To Visit Israel For,https://article.wn.com/view/2026/03/17/Despite_the_war_President_Trump_expected_to_visit_Israel_for/,,
384,2026-03-05,2026-03-05 11:00:00+00:00,0.4800469009727141,0.5037192702293396,0.40902979320283744,5.769231,moreaboutadvertising.com,Lolas Lol For Axe But Will Trump Have The Last Laugh,http://www.moreaboutadvertising.com/2026/03/lolas-lol-for-axe-but-will-trump-have-the-last-laugh/,,
385,2026-03-18,2026-03-18 19:00:00+00:00,0.48001546661318506,0.6161222457885742,0.07169512908701753,-0.65789473,vanityfair.com,King Charles Donald Trump State Visit,https://www.vanityfair.com/style/story/king-charles-donald-trump-state-visit,,
386,2026-03-08,2026-03-08 09:00:00+00:00,0.4791005973820636,0.6058032512664795,0.09899263572881609,3.9408867,shanghainews.net,Update China Will Remain Most Stable Engine Of Global Economy Fm,http://www.shanghainews.net/news/278908527/update-china-will-remain-most-stable-engine-of-global-economy-fm,,
387,2026-03-09,2026-03-09 12:00:00+00:00,0.479095881804976,0.6094593405723572,0.08800550550283232,-3.5149386,bankingnews.gr,We Will Kill Him Too Trump Warns New Iranian Leader As China Calls For Restraint%20Title=,https://www.bankingnews.gr/diethni/articles/861227/we-will-kill-him-too-trump-warns-new-iranian-leader-as-china-calls-for-restraint%20title=,,
388,2026-03-10,2026-03-10 15:00:00+00:00,0.4789496906716314,0.5989973545074463,0.11880669916418676,1.3071896,yellowhammernews.com,Tuberville Hopes President Trump Will Visit Alabama For Opening Of 1500 Job Submarine Plant In Colbert County,https://yellowhammernews.com/tuberville-hopes-president-trump-will-visit-alabama-for-opening-of-1500-job-submarine-plant-in-colbert-county/,,
389,2026-03-17,2026-03-17 19:00:00+00:00,0.47881314609258424,0.6143826842308044,0.07210453167792368,-2.8962188,straitstimes.com,Delay In Trumps China Visit Gives Both Sides Time To Hammer Out Trade Deal,https://www.straitstimes.com/asia/east-asia/delay-in-trumps-china-visit-gives-both-sides-time-to-hammer-out-trade-deal,,
390,2026-03-17,2026-03-17 19:00:00+00:00,0.47859553683774375,0.601716160774231,0.10923366502828215,0.0,marketscreener.com,Brazil Officials To Visit China For Sanitary Talks Amid Soy Spat Says Minister Ce7E5Ed8Db88F020,https://www.marketscreener.com/news/brazil-officials-to-visit-china-for-sanitary-talks-amid-soy-spat-says-minister-ce7e5ed8db88f020,,
391,2026-03-18,2026-03-18 15:00:00+00:00,0.4781712894166198,0.6100053787231445,0.08266902149704551,-2.7113237,businesstimes.com.sg,Delay Trumps China Visit Gives Both Sides Time Hammer Out Trade Deal,https://www.businesstimes.com.sg/international/delay-trumps-china-visit-gives-both-sides-time-hammer-out-trade-deal,,
392,2026-03-14,2026-03-14 19:00:00+00:00,0.47800743449479555,0.6162940263748169,0.06314765885473154,-2.0737326,news18.com,Trump Says Global Coalition Will Send Warships To Hormuz Which Countries Did He Name Ws L 9960996,https://www.news18.com/world/trump-says-global-coalition-will-send-warships-to-hormuz-which-countries-did-he-name-ws-l-9960996.html,,
393,2026-03-16,2026-03-16 10:00:00+00:00,0.47713684217220054,0.6114721298217773,0.07413097922347,-2.486911,fortune.com,Trump Asia Section 301 Probes China Malaysia Tariffs,https://fortune.com/2026/03/16/trump-asia-section-301-probes-china-malaysia-tariffs/,,
394,2026-03-10,2026-03-10 00:00:00+00:00,0.4771113161894815,0.6133307218551636,0.06845309919243527,-2.292769,ibtimes.co.uk,Will Donald Trump Invade Iran Potus Breaks Silence Sending Ground Troops Nuclear Sites 1784279,https://www.ibtimes.co.uk/will-donald-trump-invade-iran-potus-breaks-silence-sending-ground-troops-nuclear-sites-1784279,,
395,2026-03-11,2026-03-11 10:00:00+00:00,0.4770942345219728,0.6064392328262329,0.0890592396091924,-0.6116208,ianslive.in,Trump Will Welcome Iranian Team At Fifa Wc 2026 Infantino  20260311150708,https://ianslive.in/trump-will-welcome-iranian-team-at-fifa-wc-2026-infantino--20260311150708,,
396,2026-03-18,2026-03-18 11:00:00+00:00,0.4767491102785221,0.6008514165878296,0.1044421913505997,-1.7241379,news.az,Wang Yi China Will Continue Mediating For Middle East Ceasefire,https://news.az/news/wang-yi-china-will-continue-mediating-for-middle-east-ceasefire,,
397,2026-03-18,2026-03-18 08:00:00+00:00,0.47641005880430165,0.609862744808197,0.07605200079261563,-3.1837916,express.co.uk,Donald Trump King Charles State Visit Latest,https://www.express.co.uk/news/royal/2183475/donald-trump-king-charles-state-visit-latest,,
398,2026-03-04,2026-03-04 04:00:00+00:00,0.4759462099896593,0.5961931943893433,0.11520525679060734,2.745098,rawstory.com,Trump Montana,https://www.rawstory.com/trump-montana/,,
399,2026-03-06,2026-03-06 15:00:00+00:00,0.4758554194916413,0.5231640338897705,0.33392957629725367,-0.93652445,cbsnews.com,Us Iran War Will Trump Help Iranian Kurdish Fighters Attack Regime,https://www.cbsnews.com/news/us-iran-war-will-trump-help-iranian-kurdish-fighters-attack-regime/,,
400,2026-03-17,2026-03-17 21:00:00+00:00,0.475791160424444,0.5025302767753601,0.39557381137169584,-3.4267912,irishtimes.com,Taoiseach Manages Trump Visit Successfully With Firm Interjects And No Clashes,https://www.irishtimes.com/politics/2026/03/17/taoiseach-manages-trump-visit-successfully-with-firm-interjects-and-no-clashes/,,
401,2026-03-17,2026-03-17 16:00:00+00:00,0.47567448614722735,0.6134491562843323,0.062350475735912576,-1.5384616,timeslive.co.za,2026 03 17 Russia Says It Supports Cuba After Trump Says He Will Take The Communist Republic,https://www.timeslive.co.za/news/world/2026-03-17-russia-says-it-supports-cuba-after-trump-says-he-will-take-the-communist-republic/,,
402,2026-03-04,2026-03-04 00:00:00+00:00,0.47531958835617477,0.6076945066452026,0.07819483348909115,-1.2903225,thebiglead.com,Will Iran Compete In The 2026 World Cup Donald Trump Weighs In,https://www.thebiglead.com/will-iran-compete-in-the-2026-world-cup-donald-trump-weighs-in/,,
403,2026-03-11,2026-03-11 14:00:00+00:00,0.4750885761058999,0.6003726720809937,0.09923628818061865,-1.6949153,washingtonexaminer.com,Trump Administration China Pharma Death Grip,https://www.washingtonexaminer.com/policy/healthcare/4486791/trump-administration-china-pharma-death-grip/,,
404,2026-03-19,2026-03-19 13:00:00+00:00,0.4749621437691879,0.6124630570411682,0.062459403953247006,-3.930131,scmp.com,Uncompromising Takaichis Meeting Trump Seen Key China Japan Ties,https://www.scmp.com/news/china/diplomacy/article/3347188/uncompromising-takaichis-meeting-trump-seen-key-china-japan-ties,,
405,2026-03-12,2026-03-12 18:00:00+00:00,0.47492825250681714,0.514117956161499,0.3573591415427715,-2.857143,dailycaller.com,Ohio Local Tv Broadcast Man Sticks Lit Cigarette In Mouth Trump Visit,https://dailycaller.com/2026/03/12/ohio-local-tv-broadcast-man-sticks-lit-cigarette-in-mouth-trump-visit/,,
406,2026-03-12,2026-03-12 13:00:00+00:00,0.4748845007820031,0.6023589372634888,0.09246119133754617,-3.7790697,livemint.com,Xitrump Meeting Us Launches Trade Probe Against China Over Unfair Practices Will It Worsen Ties 11773315859936,https://www.livemint.com/news/us-news/xitrump-meeting-us-launches-trade-probe-against-china-over-unfair-practices-will-it-worsen-ties-11773315859936.html,,
407,2026-03-25,2026-03-25 22:00:00+00:00,0.47469839457214663,0.6102001667022705,0.0681930781817749,-1.2345679,gazetaexpress.com,The Trump Xi Meeting In May Will Be A Monumental Event For The American President.,https://www.gazetaexpress.com/en/The-Trump-Xi-meeting-in-May-will-be-a-monumental-event-for-the-American-president./,,
408,2026-03-04,2026-03-04 01:00:00+00:00,0.4741457136486099,0.6102383136749268,0.06586791356965943,-1.0440835,watoday.com.au,Xi S China Will Be World Shaping In The Coming Months And Years Our Return To Beijing Could Not Be More Timely Or Urgent 20260228 P5O6Aw,https://www.watoday.com.au/world/asia/xi-s-china-will-be-world-shaping-in-the-coming-months-and-years-our-return-to-beijing-could-not-be-more-timely-or-urgent-20260228-p5o6aw.html,,
409,2026-03-08,2026-03-08 23:00:00+00:00,0.4741168911840372,0.6063568592071533,0.07739698711468887,-3.262956,express.co.uk,China Professor Predicted Trump Iran War,https://www.express.co.uk/news/world/2179821/china-professor-predicted-trump-iran-war,,
410,2026-03-05,2026-03-05 04:00:00+00:00,0.47323244791663394,0.6076771020889282,0.06989848539975109,-5.1601424,zerohedge.com,Will President Trump Destroy Or Seize Irans Oil Export Island,https://www.zerohedge.com/energy/will-president-trump-destroy-or-seize-irans-oil-export-island,,
411,2026-03-24,2026-03-24 09:00:00+00:00,0.4730819042732626,0.5479813814163208,0.24838347284408782,-1.5503876,benzinga.com,When Will Trump Announce The End Of Iran War Heres What Prediction Market Is Saying,https://www.benzinga.com/markets/prediction-markets/26/03/51424900/when-will-trump-announce-the-end-of-iran-war-heres-what-prediction-market-is-saying,,
412,2026-03-13,2026-03-13 10:00:00+00:00,0.4730668042272069,0.6039106249809265,0.08053534196604822,-1.312336,slguardian.org,Taiwan Accelerates 40 Billion U S Arms Deal Ahead Of Trumps China Visit,https://slguardian.org/taiwan-accelerates-40-billion-u-s-arms-deal-ahead-of-trumps-china-visit/,,
413,2026-03-07,2026-03-07 00:00:00+00:00,0.4728639312133355,0.6080957651138306,0.06716842951185009,1.4018692,breitbart.com,Trump Foresees Cuba Free From Communist Dictatorship During Miami Mls Teams Visit White House,https://www.breitbart.com/politics/2026/03/05/trump-foresees-cuba-free-from-communist-dictatorship-during-miami-mls-teams-visit-white-house/,,
414,2026-03-24,2026-03-24 17:00:00+00:00,0.47270341609143574,0.607698917388916,0.06771691219899495,-5.5555553,wsiu.org,Will President Trump Act On His Threat To Take Cuba,https://www.wsiu.org/2026-03-24/will-president-trump-act-on-his-threat-to-take-cuba,,
415,2026-03-24,2026-03-24 17:00:00+00:00,0.47270341609143574,0.607698917388916,0.06771691219899495,-5.5555553,wcbe.org,Will President Trump Act On His Threat To Take Cuba,https://www.wcbe.org/npr-news/2026-03-24/will-president-trump-act-on-his-threat-to-take-cuba,,
416,2026-03-24,2026-03-24 17:00:00+00:00,0.47270341609143574,0.607698917388916,0.06771691219899495,-5.5555553,wutc.org,Will President Trump Act On His Threat To Take Cuba,https://www.wutc.org/2026-03-24/will-president-trump-act-on-his-threat-to-take-cuba,,
417,2026-03-24,2026-03-24 16:00:00+00:00,0.47270341609143574,0.607698917388916,0.06771691219899495,-5.5555553,wkyufm.org,Will President Trump Act On His Threat To Take Cuba,https://www.wkyufm.org/news/2026-03-24/will-president-trump-act-on-his-threat-to-take-cuba,,
418,2026-03-24,2026-03-24 17:00:00+00:00,0.47270341609143574,0.607698917388916,0.06771691219899495,-5.5555553,kwbu.org,Will President Trump Act On His Threat To Take Cuba,https://www.kwbu.org/latest-from-npr/2026-03-24/will-president-trump-act-on-his-threat-to-take-cuba,,
419,2026-03-24,2026-03-24 16:00:00+00:00,0.47270341609143574,0.607698917388916,0.06771691219899495,-5.5555553,kuaf.com,Will President Trump Act On His Threat To Take Cuba,https://www.kuaf.com/npr-news/2026-03-24/will-president-trump-act-on-his-threat-to-take-cuba,,
420,2026-03-24,2026-03-24 17:00:00+00:00,0.47270341609143574,0.607698917388916,0.06771691219899495,-5.5555553,publicradiotulsa.org,Will President Trump Act On His Threat To Take Cuba,https://www.publicradiotulsa.org/npr-national-news/2026-03-24/will-president-trump-act-on-his-threat-to-take-cuba,,
421,2026-03-24,2026-03-24 17:00:00+00:00,0.47270341609143574,0.607698917388916,0.06771691219899495,-5.5555553,kasu.org,Will President Trump Act On His Threat To Take Cuba,https://www.kasu.org/2026-03-24/will-president-trump-act-on-his-threat-to-take-cuba,,
422,2026-03-24,2026-03-24 18:00:00+00:00,0.47270341609143574,0.607698917388916,0.06771691219899495,-5.5555553,kvnf.org,Will President Trump Act On His Threat To Take Cuba,https://www.kvnf.org/npr-news/2026-03-24/will-president-trump-act-on-his-threat-to-take-cuba,,
423,2026-03-24,2026-03-24 18:00:00+00:00,0.47270341609143574,0.607698917388916,0.06771691219899495,-5.5555553,wxxinews.org,Will President Trump Act On His Threat To Take Cuba,https://www.wxxinews.org/npr-news/2026-03-24/will-president-trump-act-on-his-threat-to-take-cuba,,
424,2026-03-24,2026-03-24 18:00:00+00:00,0.47270341609143574,0.607698917388916,0.06771691219899495,-5.5555553,wwno.org,Will President Trump Act On His Threat To Take Cuba,https://www.wwno.org/npr-news/2026-03-24/will-president-trump-act-on-his-threat-to-take-cuba,,
425,2026-03-24,2026-03-24 16:00:00+00:00,0.47270341609143574,0.607698917388916,0.06771691219899495,-5.5555553,wglt.org,Will President Trump Act On His Threat To Take Cuba,https://www.wglt.org/2026-03-24/will-president-trump-act-on-his-threat-to-take-cuba,,
426,2026-03-24,2026-03-24 16:00:00+00:00,0.47270341609143574,0.607698917388916,0.06771691219899495,-6.060606,npr.org,Will President Trump Act On His Threat To Take Cuba,https://www.npr.org/2026/03/24/nx-s1-5759180/will-president-trump-act-on-his-threat-to-take-cuba,,
427,2026-03-24,2026-03-24 17:00:00+00:00,0.47270341609143574,0.607698917388916,0.06771691219899495,-5.5555553,iowapublicradio.org,Will President Trump Act On His Threat To Take Cuba,https://www.iowapublicradio.org/news-from-npr/2026-03-24/will-president-trump-act-on-his-threat-to-take-cuba,,
428,2026-03-24,2026-03-24 18:00:00+00:00,0.47270341609143574,0.607698917388916,0.06771691219899495,-5.5555553,kunr.org,Will President Trump Act On His Threat To Take Cuba,https://www.kunr.org/world-headlines/2026-03-24/will-president-trump-act-on-his-threat-to-take-cuba,,
429,2026-03-24,2026-03-24 22:00:00+00:00,0.47270341609143574,0.607698917388916,0.06771691219899495,-1.4881743,wlrn.org,Will President Trump Act On His Threat To Take Cuba,https://www.wlrn.org/npr-breaking-news/2026-03-24/will-president-trump-act-on-his-threat-to-take-cuba,,
430,2026-03-24,2026-03-24 18:00:00+00:00,0.47270341609143574,0.607698917388916,0.06771691219899495,-5.5555553,ketr.org,Will President Trump Act On His Threat To Take Cuba,https://www.ketr.org/2026-03-24/will-president-trump-act-on-his-threat-to-take-cuba,,
431,2026-03-24,2026-03-24 18:00:00+00:00,0.47270341609143574,0.607698917388916,0.06771691219899495,-5.5555553,ualrpublicradio.org,Will President Trump Act On His Threat To Take Cuba,https://www.ualrpublicradio.org/npr-news/2026-03-24/will-president-trump-act-on-his-threat-to-take-cuba,,
432,2026-03-24,2026-03-24 18:00:00+00:00,0.47270341609143574,0.607698917388916,0.06771691219899495,-5.5555553,kunc.org,Will President Trump Act On His Threat To Take Cuba,https://www.kunc.org/npr-news/2026-03-24/will-president-trump-act-on-his-threat-to-take-cuba,,
433,2026-03-24,2026-03-24 16:00:00+00:00,0.47270341609143574,0.607698917388916,0.06771691219899495,-5.5555553,kacu.org,Will President Trump Act On His Threat To Take Cuba,https://www.kacu.org/2026-03-24/will-president-trump-act-on-his-threat-to-take-cuba,,
434,2026-03-24,2026-03-24 16:00:00+00:00,0.47270341609143574,0.607698917388916,0.06771691219899495,-5.5555553,knpr.org,Will President Trump Act On His Threat To Take Cuba,https://knpr.org/npr/2026-03-24/will-president-trump-act-on-his-threat-to-take-cuba,,
435,2026-03-24,2026-03-24 20:00:00+00:00,0.47270341609143574,0.607698917388916,0.06771691219899495,-5.5555553,ksmu.org,Will President Trump Act On His Threat To Take Cuba,https://www.ksmu.org/2026-03-24/will-president-trump-act-on-his-threat-to-take-cuba,,
436,2026-03-24,2026-03-24 20:00:00+00:00,0.47270341609143574,0.607698917388916,0.06771691219899495,-5.5555553,wcsufm.org,Will President Trump Act On His Threat To Take Cuba,https://www.wcsufm.org/latest-from-npr/2026-03-24/will-president-trump-act-on-his-threat-to-take-cuba,,
437,2026-03-24,2026-03-24 20:00:00+00:00,0.47270341609143574,0.607698917388916,0.06771691219899495,-5.5555553,redriverradio.org,Will President Trump Act On His Threat To Take Cuba,https://www.redriverradio.org/2026-03-24/will-president-trump-act-on-his-threat-to-take-cuba,,
438,2026-03-24,2026-03-24 16:00:00+00:00,0.47270341609143574,0.607698917388916,0.06771691219899495,-5.5555553,klcc.org,Will President Trump Act On His Threat To Take Cuba,https://www.klcc.org/npr-news/2026-03-24/will-president-trump-act-on-his-threat-to-take-cuba,,
439,2026-03-24,2026-03-24 18:00:00+00:00,0.47270341609143574,0.607698917388916,0.06771691219899495,-5.5555553,wjct.org,Will President Trump Act On His Threat To Take Cuba,https://news.wjct.org/national-news/2026-03-24/will-president-trump-act-on-his-threat-to-take-cuba,,
440,2026-03-18,2026-03-18 12:00:00+00:00,0.472696495501653,0.6058734655380249,0.07316558539253727,-0.6289308,time.com,Iran Israel China India Trump War,https://time.com/article/2026/03/18/iran-israel-china-india-trump-war/,,
441,2026-03-04,2026-03-04 23:00:00+00:00,0.4726960968379314,0.561103105545044,0.20747507071659374,2.2058823,english.republika.mk,Mickoski President Erdogan Will Visit Macedonia This Spring,https://english.republika.mk/macedonia/mickoski-president-erdogan-will-visit-macedonia-this-spring/,,
442,2026-03-23,2026-03-23 23:00:00+00:00,0.4714079941006655,0.5914710760116577,0.11121874836768872,-2.1686747,dailysignal.com,Trump Won The Battle But Will He Takeiran,https://www.dailysignal.com/2026/03/23/trump-won-the-battle-but-will-he-takeiran/,,
443,2026-03-24,2026-03-24 14:00:00+00:00,0.4706454909789291,0.6009675860404968,0.07967920579422587,0.7194245,fortune.com,Trump Surprise Visit Elvis Presley Home Graceland,https://fortune.com/2026/03/24/trump-surprise-visit-elvis-presley-home-graceland/,,
444,2026-03-13,2026-03-13 10:00:00+00:00,0.4706385632954762,0.6069629192352295,0.06166549547621637,-2.0833333,theguardian.com,King Charles State Visit Us Donald Trump Military,https://www.theguardian.com/commentisfree/2026/mar/13/king-charles-state-visit-us-donald-trump-military,,
445,2026-03-14,2026-03-14 20:00:00+00:00,0.4705511533021673,0.6071418523788452,0.06077905607213356,-3.6211698,afr.com,Many Countries Will Send Ships To Open Strait Of Hormuz Says Trump 20260315 P5Oajt,https://www.afr.com/world/middle-east/many-countries-will-send-ships-to-open-strait-of-hormuz-says-trump-20260315-p5oajt,,
446,2026-03-06,2026-03-06 13:00:00+00:00,0.4703666102999723,0.6044807434082031,0.06802421097527966,2.2900763,laosnews.net,White House Correspondents Dinner This Year Will See Trump Attending,http://www.laosnews.net/news/278901002/white-house-correspondents-dinner-this-year-will-see-trump-attending,,
447,2026-03-06,2026-03-06 16:00:00+00:00,0.4703666102999723,0.6044807434082031,0.06802421097527966,2.2900763,thailandnews.net,White House Correspondents Dinner This Year Will See Trump Attending,http://www.thailandnews.net/news/278901002/white-house-correspondents-dinner-this-year-will-see-trump-attending,,
448,2026-03-06,2026-03-06 16:00:00+00:00,0.4703666102999723,0.6044807434082031,0.06802421097527966,2.2900763,myanmarnews.net,White House Correspondents Dinner This Year Will See Trump Attending,http://www.myanmarnews.net/news/278901002/white-house-correspondents-dinner-this-year-will-see-trump-attending,,
449,2026-03-06,2026-03-06 18:00:00+00:00,0.4703666102999723,0.6044807434082031,0.06802421097527966,2.2900763,2lt.com.au,White House Correspondents Dinner This Year Will See Trump Attending,https://www.2lt.com.au/white-house-correspondents-dinner-this-year-will-see-trump-attending/,,
450,2026-03-06,2026-03-06 12:00:00+00:00,0.4703666102999723,0.6044807434082031,0.06802421097527966,2.2900763,calcuttanews.net,White House Correspondents Dinner This Year Will See Trump Attending,http://www.calcuttanews.net/news/278901002/white-house-correspondents-dinner-this-year-will-see-trump-attending,,
451,2026-03-06,2026-03-06 14:00:00+00:00,0.4703666102999723,0.6044807434082031,0.06802421097527966,2.2900763,shanghainews.net,White House Correspondents Dinner This Year Will See Trump Attending,http://www.shanghainews.net/news/278901002/white-house-correspondents-dinner-this-year-will-see-trump-attending,,
452,2026-03-06,2026-03-06 15:00:00+00:00,0.4703666102999723,0.6044807434082031,0.06802421097527966,2.2900763,bruneinews.net,White House Correspondents Dinner This Year Will See Trump Attending,http://www.bruneinews.net/news/278901002/white-house-correspondents-dinner-this-year-will-see-trump-attending,,
453,2026-03-06,2026-03-06 11:00:00+00:00,0.4703666102999723,0.6044807434082031,0.06802421097527966,2.2900763,australiannews.net,White House Correspondents Dinner This Year Will See Trump Attending,http://www.australiannews.net/news/278901002/white-house-correspondents-dinner-this-year-will-see-trump-attending,,
454,2026-03-06,2026-03-06 16:00:00+00:00,0.4703666102999723,0.6044807434082031,0.06802421097527966,2.2900763,afghanistannews.net,White House Correspondents Dinner This Year Will See Trump Attending,http://www.afghanistannews.net/news/278901002/white-house-correspondents-dinner-this-year-will-see-trump-attending,,
455,2026-03-06,2026-03-06 15:00:00+00:00,0.4703666102999723,0.6044807434082031,0.06802421097527966,2.2900763,britainnews.net,White House Correspondents Dinner This Year Will See Trump Attending,http://www.britainnews.net/news/278901002/white-house-correspondents-dinner-this-year-will-see-trump-attending,,
456,2026-03-06,2026-03-06 15:00:00+00:00,0.4703666102999723,0.6044807434082031,0.06802421097527966,2.2900763,azerbaijannews.net,White House Correspondents Dinner This Year Will See Trump Attending,http://www.azerbaijannews.net/news/278901002/white-house-correspondents-dinner-this-year-will-see-trump-attending,,
457,2026-03-07,2026-03-07 17:00:00+00:00,0.4702933890560253,0.5966603755950928,0.09119242943882283,-3.4482758,en.apa.az,Trump Major Changes Will Take Place In Cuba Soon 495581,https://en.apa.az/america/trump-major-changes-will-take-place-in-cuba-soon-495581,,
458,2026-03-11,2026-03-11 19:00:00+00:00,0.47009843850465133,0.5950262546539307,0.09531499005681328,-3.2258065,investinglive.com,Trump Administration Will Announce New Trade Investigations Report 20260311,https://investinglive.com:443/news/trump-administration-will-announce-new-trade-investigations-report-20260311/,,
459,2026-03-16,2026-03-16 20:00:00+00:00,0.469444276431394,0.6033997535705566,0.06757784501390625,-1.7427386,newsweek.com,Trump Iran War Diplomacy China Strait Hormuz 11686142,https://www.newsweek.com/trump-iran-war-diplomacy-china-strait-hormuz-11686142,,
460,2026-03-04,2026-03-04 03:00:00+00:00,0.4694268065603259,0.6002949476242065,0.07682238336868406,-1.3559322,scmp.com,China And Us Hold High Level Trade Talks Paris Trumps Beijing Visit,https://www.scmp.com/economy/china-economy/article/3345336/china-and-us-hold-high-level-trade-talks-paris-trumps-beijing-visit,,
461,2026-03-16,2026-03-16 15:00:00+00:00,0.4694186768886648,0.6009755730628967,0.07474798836596887,-3.9215686,scmp.com,Beijing Iran War Trumps China Trade Plan New Ai Arena 7 Us China Relations Reads,https://www.scmp.com/news/china/article/3346569/beijing-iran-war-trumps-china-trade-plan-new-ai-arena-7-us-china-relations-reads,,
462,2026-03-15,2026-03-15 21:00:00+00:00,0.4691227101671261,0.5437192916870117,0.24533296560746926,-3.7572255,antiwar.com,The Kyle Anzalone Show Guest Harrison Berger Will Trump Draft Americans For Israels War In Iran Did Iran Try To Kill Trump,https://www.antiwar.com/blog/2026/03/15/the-kyle-anzalone-show-guest-harrison-berger-will-trump-draft-americans-for-israels-war-in-iran-did-iran-try-to-kill-trump/,,
463,2026-03-11,2026-03-11 21:00:00+00:00,0.4690597709158376,0.6035606861114502,0.06555702532899986,2.5,wtvq.com,Donald Trump Scheduled To Visit Boone County Logistics Facility,https://www.wtvq.com/donald-trump-scheduled-to-visit-boone-county-logistics-facility/,,
464,2026-03-14,2026-03-14 17:00:00+00:00,0.46898171351532075,0.5941593050956726,0.0934489387742651,-1.7241379,wn.com,Trump Says Aposmany Countries Apos Will Send Warships To Kee,https://article.wn.com/view/2026/03/14/trump_says_aposmany_countries_apos_will_send_warships_to_kee/,,
465,2026-03-16,2026-03-16 14:00:00+00:00,0.4689272390999259,0.6012847423553467,0.07185472933366346,-2.4182076,independent.co.uk,Trump China Jinping Iran War B2939256,https://www.independent.co.uk/news/world/americas/us-politics/trump-china-jinping-iran-war-b2939256.html,,
466,2026-03-12,2026-03-12 20:00:00+00:00,0.468852414400478,0.5884058475494385,0.11019211495359653,-2.2887323,yahoo.com,Beshear Trump Spent Kentucky Visit 192826672,https://www.yahoo.com/news/articles/beshear-trump-spent-kentucky-visit-192826672.html,,
467,2026-03-18,2026-03-18 07:00:00+00:00,0.46883556935603005,0.5999528169631958,0.07548382653453285,-2.9810297,cnn.com,Trump King Charles Visit Iran Intl,https://us.cnn.com/2026/03/18/europe/trump-king-charles-visit-iran-intl,,
468,2026-03-18,2026-03-18 04:00:00+00:00,0.46883556935603005,0.5999528169631958,0.07548382653453285,-2.9810297,cnn.com,Trump King Charles Visit Iran Intl,https://www.cnn.com/2026/03/18/europe/trump-king-charles-visit-iran-intl,,
469,2026-03-18,2026-03-18 07:00:00+00:00,0.46883556935603005,0.5999528169631958,0.07548382653453285,-2.9810297,cnn.com,Trump King Charles Visit Iran Intl,https://edition.cnn.com/2026/03/18/europe/trump-king-charles-visit-iran-intl,,
470,2026-03-06,2026-03-06 03:00:00+00:00,0.46869349510053315,0.603617787361145,0.06392061831869754,1.048218,cosmeticsdesign-asia.com,China Focus,https://www.cosmeticsdesign-asia.com/Article/2026/03/06/china-focus/,,
471,2026-03-08,2026-03-08 06:00:00+00:00,0.4686864145889024,0.5887730121612549,0.1084266218718451,-1.4285715,wsls.com,China Hopes 2026 Will Be A Landmark Year For Relationship With Us,https://www.wsls.com/news/world/2026/03/08/china-hopes-2026-will-be-a-landmark-year-for-relationship-with-us/,,
472,2026-03-08,2026-03-08 08:00:00+00:00,0.4686864145889024,0.5887730121612549,0.1084266218718451,-1.3675214,clickorlando.com,China Hopes 2026 Will Be A Landmark Year For Relationship With Us,https://www.clickorlando.com/news/world/2026/03/08/china-hopes-2026-will-be-a-landmark-year-for-relationship-with-us/,,
473,2026-03-08,2026-03-08 08:00:00+00:00,0.4686864145889024,0.5887730121612549,0.1084266218718451,-1.3675214,clickondetroit.com,China Hopes 2026 Will Be A Landmark Year For Relationship With Us,https://www.clickondetroit.com/news/world/2026/03/08/china-hopes-2026-will-be-a-landmark-year-for-relationship-with-us/,,
474,2026-03-08,2026-03-08 05:00:00+00:00,0.4686864145889024,0.5887730121612549,0.1084266218718451,-1.5296367,winnipegfreepress.com,China Hopes 2026 Will Be A Landmark Year For Relationship With Us,https://www.winnipegfreepress.com/world/2026/03/07/china-hopes-2026-will-be-a-landmark-year-for-relationship-with-us,,
475,2026-03-08,2026-03-08 07:00:00+00:00,0.4686864145889024,0.5887730121612549,0.1084266218718451,-1.3675214,ksat.com,China Hopes 2026 Will Be A Landmark Year For Relationship With Us,https://www.ksat.com/news/world/2026/03/08/china-hopes-2026-will-be-a-landmark-year-for-relationship-with-us/,,
476,2026-03-09,2026-03-09 00:00:00+00:00,0.4686864145889024,0.5887730121612549,0.1084266218718451,-1.2598425,lex18.com,China Hopes 2026 Will Be A Landmark Year For Relationship With Us,https://www.lex18.com/world-news/china-hopes-2026-will-be-a-landmark-year-for-relationship-with-us,,
477,2026-03-08,2026-03-08 12:00:00+00:00,0.4686864145889024,0.5887730121612549,0.1084266218718451,-1.2718601,cp24.com,China Hopes 2026 Will Be A Landmark Year For Relationship With Us,https://www.cp24.com/news/world/2026/03/08/china-hopes-2026-will-be-a-landmark-year-for-relationship-with-us/,,
478,2026-03-08,2026-03-08 10:00:00+00:00,0.4686864145889024,0.5887730121612549,0.1084266218718451,-1.3675214,news4jax.com,China Hopes 2026 Will Be A Landmark Year For Relationship With Us,https://www.news4jax.com/news/world/2026/03/08/china-hopes-2026-will-be-a-landmark-year-for-relationship-with-us/,,
479,2026-03-08,2026-03-08 10:00:00+00:00,0.4686864145889024,0.5887730121612549,0.1084266218718451,-1.5332198,seattletimes.com,China Hopes 2026 Will Be A Landmark Year For Relationship With Us,https://www.seattletimes.com/nation-world/nation/china-hopes-2026-will-be-a-landmark-year-for-relationship-with-us/,,
480,2026-03-08,2026-03-08 12:00:00+00:00,0.4686864145889024,0.5887730121612549,0.1084266218718451,-1.0191083,durangoherald.com,China Hopes 2026 Will Be A Landmark Year For Relationship With Us,https://www.durangoherald.com/articles/china-hopes-2026-will-be-a-landmark-year-for-relationship-with-us/,,
481,2026-03-08,2026-03-08 14:00:00+00:00,0.4686864145889024,0.5887730121612549,0.1084266218718451,3.7037036,ctvnews.ca,China Hopes 2026 Will Be A Landmark Year For Relationship With Us,https://www.ctvnews.ca/world/article/china-hopes-2026-will-be-a-landmark-year-for-relationship-with-us/,,
482,2026-03-08,2026-03-08 22:00:00+00:00,0.4686864145889024,0.5887730121612549,0.1084266218718451,-1.1157601,mb.com.ph,China Hopes 2026 Will Be A Landmark Year For Relationship With Us,https://mb.com.ph/2026/03/09/china-hopes-2026-will-be-a-landmark-year-for-relationship-with-us,,
483,2026-03-23,2026-03-23 05:00:00+00:00,0.46865313215749205,0.5739544630050659,0.15274913961477046,6.048387,capitalfm.co.ke,Han Zheng Kenya Visit China Relations Nairobi,https://www.capitalfm.co.ke/news/2026/03/han-zheng-kenya-visit-china-relations-nairobi/,,
484,2026-03-08,2026-03-08 00:00:00+00:00,0.46835306748736655,0.5930386781692505,0.0942962354417148,0.2528445,ibtimes.co.uk,Melania Trump Language Skills Vatican Visit 1783880,https://www.ibtimes.co.uk/melania-trump-language-skills-vatican-visit-1783880,,
485,2026-03-17,2026-03-17 11:00:00+00:00,0.46824717253158316,0.5805327296257019,0.13139050124922685,-5.269608,hindustantimes.com,Iran Will Define Trump S Legacy 101773727000315,https://www.hindustantimes.com/world-news/iran-will-define-trump-s-legacy-101773727000315.html,,
486,2026-03-08,2026-03-08 22:00:00+00:00,0.468234128401092,0.5847092270851135,0.11880883234902746,-4.2253523,scmp.com,How Will Iran Turmoil Affect China And Its Middle East Ties Pan Guang Weighs,https://www.scmp.com/news/china/diplomacy/article/3345870/how-will-iran-turmoil-affect-china-and-its-middle-east-ties-pan-guang-weighs,,
487,2026-03-23,2026-03-23 16:00:00+00:00,0.4680725690356335,0.5984898209571838,0.0768208132709825,-4.647006,theconversation.com,Vietnam Ruined Lyndon B Johnsons Political Career Will Donald Trump Face The Same Fate Over Iran 278847,https://theconversation.com/vietnam-ruined-lyndon-b-johnsons-political-career-will-donald-trump-face-the-same-fate-over-iran-278847,,
488,2026-03-11,2026-03-11 18:00:00+00:00,0.4680701467353316,0.5677307844161987,0.16908823369273018,-0.18248175,windsorstar.com,Will China Evs Earn Canadas Trust,https://windsorstar.com:443/commodities/energy/electric-vehicles/will-china-evs-earn-canadas-trust,,
489,2026-03-11,2026-03-11 16:00:00+00:00,0.4680701467353316,0.5677307844161987,0.16908823369273018,0.47694755,financialpost.com,Will China Evs Earn Canadas Trust,https://financialpost.com/commodities/energy/electric-vehicles/will-china-evs-earn-canadas-trust,,
490,2026-03-12,2026-03-12 01:00:00+00:00,0.4680011784458337,0.5979597568511963,0.07812544322974599,-1.5706806,eenews.net,Burgum Trump Will Decide Whether The Us Participates In International Oil Release,https://www.eenews.net/articles/burgum-trump-will-decide-whether-the-us-participates-in-international-oil-release/,,
491,2026-03-17,2026-03-17 03:00:00+00:00,0.46786676575276154,0.5878013968467712,0.10806287247073233,-0.92378753,newsweek.com,Trump Will Negotiate Cuba Condition Report 11687159,https://www.newsweek.com/trump-will-negotiate-cuba-condition-report-11687159,,
492,2026-03-20,2026-03-20 13:00:00+00:00,0.4676001918257045,0.5456188917160034,0.23354409215480776,-4.187947,globalsecurity.org,China 260319 Doj01,https://www.globalsecurity.org/wmd/library/news/china/2026/03/china-260319-doj01.htm,,
493,2026-03-18,2026-03-18 05:00:00+00:00,0.4673817448031115,0.5982967615127563,0.07463669467417694,-4.8076925,scmp.com,Delayed Us China Summit Raises Stakes Takaichi Ahead White House Visit,https://www.scmp.com/news/china/diplomacy/article/3346959/delayed-us-china-summit-raises-stakes-takaichi-ahead-white-house-visit,,
494,2026-03-04,2026-03-04 06:00:00+00:00,0.4670493654280806,0.5996127128601074,0.0693593231320002,-0.96153843,afr.com,Trump Says Us Will Insure Oil Tankers Escort Them Through Hormuz 20260304 P5O7Ge,https://www.afr.com/world/middle-east/trump-says-us-will-insure-oil-tankers-escort-them-through-hormuz-20260304-p5o7ge,,
495,2026-03-15,2026-03-15 09:00:00+00:00,0.46702064062983506,0.5016012787818909,0.3632787261736676,-1.7979904,zimbabwesituation.com,Zimbabwes White Farmers Will Trump Help Or Hinder Their Compensation Battle,https://www.zimbabwesituation.com/news/zimbabwes-white-farmers-will-trump-help-or-hinder-their-compensation-battle/,,
496,2026-03-09,2026-03-09 12:00:00+00:00,0.46700548327975644,0.578012228012085,0.13398524908277093,-0.95238096,japantimes.co.jp,China Condemns Taiwan Premier Visit,https://www.japantimes.co.jp/news/2026/03/09/asia-pacific/china-condemns-taiwan-premier-visit/,,
497,2026-03-09,2026-03-09 22:00:00+00:00,0.46700548327975644,0.578012228012085,0.13398524908277093,-0.95238096,japantimes.co.jp,China Condemns Taiwan Premier Visit,https://www.japantimes.co.jp/news/2026/03/09/japan/politics/china-condemns-taiwan-premier-visit/,,
498,2026-03-06,2026-03-06 08:00:00+00:00,0.4669447672132183,0.5975362062454224,0.07517045011660607,-3.7735848,theborneopost.com,Trump Hints Us Will Turn To Cuba After Completing Military Operations In Iran,https://www.theborneopost.com/2026/03/06/trump-hints-us-will-turn-to-cuba-after-completing-military-operations-in-iran/,,
499,2026-03-18,2026-03-18 16:00:00+00:00,0.4665319167877917,0.5849109292030334,0.1113948795420666,0.0,yahoo.com,Us Assesses China Not Currently 151356368,https://www.yahoo.com/news/articles/us-assesses-china-not-currently-151356368.html,,
500,2026-03-25,2026-03-25 14:00:00+00:00,0.46644653750205134,0.595543384552002,0.07915599635219943,-3.6002939,newsweek.com,Dating Apps Sex China Trump 11732152,https://www.newsweek.com/dating-apps-sex-china-trump-11732152,,
501,2026-03-14,2026-03-14 14:00:00+00:00,0.4664303216603093,0.6014381647109985,0.06140679250824166,-2.2462564,dailymail.co.uk,China Great Wall Sand Xi Jinping Military Bases South China Sea,https://www.dailymail.co.uk/news/article-15645725/China-Great-Wall-Sand-Xi-Jinping-military-bases-South-China-Sea.html,,
502,2026-03-09,2026-03-09 04:00:00+00:00,0.466383434175661,0.5811083316802979,0.12220874166175053,-1.2618296,asiaone.com,China Hopes 2026 Will Be Landmark Year Relationship Us,https://www.asiaone.com/china/china-hopes-2026-will-be-landmark-year-relationship-us,,
503,2026-03-09,2026-03-09 07:00:00+00:00,0.466383434175661,0.5811083316802979,0.12220874166175053,-1.2618296,asiaone.com,China Hopes 2026 Will Be Landmark Year Relationship Us,https://www.asiaone.com:443/china/china-hopes-2026-will-be-landmark-year-relationship-us,,
504,2026-03-17,2026-03-17 03:00:00+00:00,0.46634217693616115,0.6000844240188599,0.06511543568806491,-4.4117646,benzinga.com,Chuck Schumer Blasts Trump For Hoping That China Will Help Us Clear The Hormuz Strait Hes Created A Mess And Has No Plan For How To End It,https://www.benzinga.com/news/politics/26/03/51287724/chuck-schumer-blasts-trump-for-hoping-that-china-will-help-us-clear-the-hormuz-strait-hes-created-a-mess-and-has-no-plan-for-how-to-end-it,,
505,2026-03-18,2026-03-18 20:00:00+00:00,0.4663090972920033,0.6004115343093872,0.06400178623985156,-4.347826,wn.com,Trump Talk About Taking Over Countries Will Come Back To Bit,https://article.wn.com/view/2026/03/18/Trump_talk_about_taking_over_countries_will_come_back_to_bit/,,
506,2026-03-06,2026-03-06 16:00:00+00:00,0.4662377379246151,0.5988144278526306,0.0685076681405685,3.387704,ibtimes.co.uk,Barron Trump Messi White House Visit 1783708,https://www.ibtimes.co.uk/barron-trump-messi-white-house-visit-1783708,,
507,2026-03-18,2026-03-18 19:00:00+00:00,0.4662342443978624,0.5999006032943726,0.06523516770833185,0.7534984,thetimes.com,King Charles Us State Visit Schedule Trump 0X9Pb0L5G,https://www.thetimes.com/uk/royal-family/article/king-charles-us-state-visit-schedule-trump-0x9pb0l5g,,
508,2026-03-23,2026-03-23 19:00:00+00:00,0.4661646854506655,0.5831511616706848,0.11520525679060734,-3.1122448,rawstory.com,Trump Hungary,https://www.rawstory.com/trump-hungary/,,
509,2026-03-07,2026-03-07 17:00:00+00:00,0.4658533554362583,0.593477725982666,0.08298024379703499,-1.1378002,lasvegassun.com,Trump Will Join Grieving Families For The Return O,https://lasvegassun.com/news/2026/mar/07/trump-will-join-grieving-families-for-the-return-o/,,
510,2026-03-17,2026-03-17 17:00:00+00:00,0.46573858654239353,0.5989904403686523,0.065983025063617,-1.5151515,businessday.co.za,2026 03 17 Russia Backs Havana After Trump Says He Will Take Cuba,https://www.businessday.co.za/world/2026-03-17-russia-backs-havana-after-trump-says-he-will-take-cuba/,,
511,2026-03-07,2026-03-07 00:00:00+00:00,0.46544622088350807,0.5492694973945618,0.213976391350347,-5.3435116,nysun.com,One Week In Will Trump And Netanyahu Have Time To Finish Reshaping The Mideast And The World,https://www.nysun.com/article/one-week-in-will-trump-and-netanyahu-have-time-to-finish-reshaping-the-mideast-and-the-world,,
512,2026-03-10,2026-03-10 11:00:00+00:00,0.46528827296228575,0.5975666642189026,0.06845309919243527,-2.292769,ibtimes.com,Will Donald Trump Invade Iran Potus Breaks Silence Sending Ground Troops Nuclear Sites 3798789,https://www.ibtimes.com/will-donald-trump-invade-iran-potus-breaks-silence-sending-ground-troops-nuclear-sites-3798789,,
513,2026-03-20,2026-03-20 15:00:00+00:00,0.46518107210166776,0.5837042331695557,0.10961158889800414,-4.0,cnbc.com,Tim Cooks China Visit Reinforces Countrys Importance To Apple,https://www.cnbc.com/2026/03/20/tim-cooks-china-visit-reinforces-countrys-importance-to-apple-.html,,
514,2026-03-08,2026-03-08 20:00:00+00:00,0.46443584735996035,0.5827656984329224,0.10944629414107426,0.5235602,yahoo.com,Trump Tout Affordability Wednesday Visit 191513892,https://www.yahoo.com/news/articles/trump-tout-affordability-wednesday-visit-191513892.html,,
515,2026-03-17,2026-03-17 05:00:00+00:00,0.46442499279387467,0.541385293006897,0.23354409215480776,-11.111111,digitimes.com,China Genai Advertising,https://www.digitimes.com/news/a20260317PD204/china-genai-advertising.html,,
516,2026-03-21,2026-03-21 16:00:00+00:00,0.4643120377178433,0.5929915308952332,0.07827355818567368,-2.1828103,dailycaller.com,Liberals Visit Favorite Communist Country In Solidarity Against Trump Threats,https://dailycaller.com/2026/03/21/liberals-visit-favorite-communist-country-in-solidarity-against-trump-threats/,,
517,2026-03-10,2026-03-10 15:00:00+00:00,0.4642398988730896,0.5821152925491333,0.11061371784495853,-3.2786884,newkerala.com,President Trump Specific Mission Accomplish Iran War Will 877,https://www.newkerala.com/news/a/president-trump-specific-mission-accomplish-iran-war-will-877.htm,,
518,2026-03-09,2026-03-09 12:00:00+00:00,0.4640284385533662,0.5893694162368774,0.08800550550283232,-3.5149386,bankingnews.gr,We Will Kill Him Too Trump Warns New Iranian Leader As China Calls For Restraint,https://www.bankingnews.gr/diethni/articles/861227/we-will-kill-him-too-trump-warns-new-iranian-leader-as-china-calls-for-restraint,,
519,2026-03-18,2026-03-18 02:00:00+00:00,0.46386937903432013,0.5976248383522034,0.06260300108067045,-0.16977929,hindustantimes.com,Trump Official Elbridge Colbys Visit This Month To Revive India Us Defence Ties 101773797405775,https://www.hindustantimes.com/india-news/trump-official-elbridge-colbys-visit-this-month-to-revive-india-us-defence-ties-101773797405775.html,,
520,2026-03-10,2026-03-10 17:00:00+00:00,0.46386130971627343,0.5915504693984985,0.08079383066959804,-4.5454545,npr.org,Will Trumps Shipping Insurance Plan Work,https://www.npr.org/2026/03/10/nx-s1-5742757/will-trumps-shipping-insurance-plan-work,,
521,2026-03-08,2026-03-08 07:00:00+00:00,0.46384958707234664,0.5823239088058472,0.1084266218718451,-1.6260163,morningsun.net,"China Hopes 2026 Will Be A Landmark Year For Relationship With Us,318050","http://www.morningsun.net/stories/china-hopes-2026-will-be-a-landmark-year-for-relationship-with-us,318050",,
522,2026-03-13,2026-03-13 05:00:00+00:00,0.46346046638198907,0.5856689214706421,0.09683510111603001,-1.7142857,channelnewsasia.com,Japan Us Takaichi Visit Trump Iran War 5991056,https://www.channelnewsasia.com/east-asia/japan-us-takaichi-visit-trump-iran-war-5991056,,
523,2026-03-21,2026-03-21 23:00:00+00:00,0.4634455765362044,0.5938612818717957,0.0721984605294306,-2.857143,wn.com,Trump Is Finally Eyeing An Exit From Iran But Will He Take I,https://article.wn.com/view/2026/03/21/Trump_Is_Finally_Eyeing_an_Exit_From_Iran_But_Will_He_Take_I/,,
524,2026-03-18,2026-03-18 02:00:00+00:00,0.463019571863286,0.5789576768875122,0.11520525679060734,-3.4140968,alternet.org,Wsj Trump,https://www.alternet.org/wsj-trump/,,
525,2026-03-25,2026-03-25 16:00:00+00:00,0.4628073695589137,0.5800144672393799,0.11118607651751528,11.111111,bloomberg.com,Putin Says He Will Visit Vietnam In 2026 At Talks With Premier,https://www.bloomberg.com:443/news/articles/2026-03-25/putin-says-he-will-visit-vietnam-in-2026-at-talks-with-premier,,
526,2026-03-09,2026-03-09 12:00:00+00:00,0.46255157672307295,0.5805932283401489,0.1084266218718451,-1.242236,theitem.com,"China Hopes 2026 Will Be A Landmark Year For Relationship With Us,440472","http://www.theitem.com/stories/china-hopes-2026-will-be-a-landmark-year-for-relationship-with-us,440472",,
527,2026-03-09,2026-03-09 00:00:00+00:00,0.46199446255138565,0.5793766975402832,0.10984775758469302,3.960396,hellenicshippingnews.com,China Will Remain Most Stable Engine Of Global Economy Fm,https://www.hellenicshippingnews.com/china-will-remain-most-stable-engine-of-global-economy-fm/,,
528,2026-03-08,2026-03-08 20:00:00+00:00,0.46199446255138565,0.5793766975402832,0.10984775758469302,3.9215686,theborneopost.com,China Will Remain Most Stable Engine Of Global Economy Fm,https://www.theborneopost.com/2026/03/08/china-will-remain-most-stable-engine-of-global-economy-fm/,,
529,2026-03-18,2026-03-18 01:00:00+00:00,0.46195489989395083,0.5951338410377502,0.0624180764625526,8.256881,dealstreetasia.com,Greater China Deal Review Q4 2025,https://www.dealstreetasia.com/reports/greater-china-deal-review-q4-2025,,
530,2026-03-17,2026-03-17 18:00:00+00:00,0.4619534663445729,0.5933664441108704,0.06771453304568056,-1.6260163,globalnews.ca,Trump China Meeting Delayed Iran,https://globalnews.ca/news/11734683/trump-china-meeting-delayed-iran/,,
531,2026-03-04,2026-03-04 19:00:00+00:00,0.4619532572399981,0.5850541591644287,0.0926505514667063,-7.5471697,afr.com,Will Iran Be The Moment Trump S Instinct For Weakness Fatefully Misjudges 20260304 P5O7Fl,https://www.afr.com/world/middle-east/will-iran-be-the-moment-trump-s-instinct-for-weakness-fatefully-misjudges-20260304-p5o7fl,,
532,2026-03-14,2026-03-14 19:00:00+00:00,0.4618081532465787,0.5891563296318054,0.07976362409089852,-4.1666665,wn.com,Trump Says Many Countries Will Send War Ships To Patrol Stra,https://article.wn.com/view/2026/03/14/Trump_says_many_countries_will_send_war_ships_to_patrol_Stra/,,
533,2026-03-11,2026-03-11 20:00:00+00:00,0.46129703532667826,0.5373903512954712,0.23301708742029942,-1.3392857,myfox28columbus.com,Ohio Democratic Party Chair Says Republicans Will Pay The Price Ahead Of Trump Visit Politics Democrat Republican Travel Event Today,https://myfox28columbus.com/news/local/ohio-democratic-party-chair-says-republicans-will-pay-the-price-ahead-of-trump-visit-politics-democrat-republican-travel-event-today,,
534,2026-03-11,2026-03-11 20:00:00+00:00,0.46129703532667826,0.5373903512954712,0.23301708742029942,-1.3392857,abc6onyourside.com,Ohio Democratic Party Chair Says Republicans Will Pay The Price Ahead Of Trump Visit Politics Democrat Republican Travel Event Today,https://abc6onyourside.com/news/local/ohio-democratic-party-chair-says-republicans-will-pay-the-price-ahead-of-trump-visit-politics-democrat-republican-travel-event-today,,
535,2026-03-08,2026-03-08 08:00:00+00:00,0.46125437103650374,0.5788636207580566,0.1084266218718451,-1.6260163,sitkasentinel.com,"China Hopes 2026 Will Be A Landmark Year For Relationship With Us,123985","http://www.sitkasentinel.com/stories/china-hopes-2026-will-be-a-landmark-year-for-relationship-with-us,123985",,
536,2026-03-14,2026-03-14 20:00:00+00:00,0.4611004137596279,0.5933333039283752,0.06440174325338596,-2.631579,breitbart.com,Trump Many Countries Will Send Warships To Patrol The Strait Of Hormuz,https://www.breitbart.com/middle-east/2026/03/14/trump-many-countries-will-send-warships-to-patrol-the-strait-of-hormuz/,,
537,2026-03-06,2026-03-06 16:00:00+00:00,0.4607366871774959,0.5364675521850586,0.23354409215480776,3.4482758,bignewsnetwork.com,China Upward,http://www.bignewsnetwork.com/news/278905997/china-upward,,
538,2026-03-21,2026-03-21 12:00:00+00:00,0.4607168312753614,0.5936446189880371,0.06193346813733416,-2.8,surinametimes.com,Trumps Pearl Harbor Remark Overshadows Japan Pm Visit,https://www.surinametimes.com/artikel/trumps-pearl-harbor-remark-overshadows-japan-pm-visit,,
539,2026-03-04,2026-03-04 16:00:00+00:00,0.46042109252824903,0.587722897529602,0.07851567752418999,-4.016478,theguardian.com,Will Trumps Middle East War Also Engulf Friedrich Merz,https://www.theguardian.com/world/2026/mar/04/will-trumps-middle-east-war-also-engulf-friedrich-merz,,
540,2026-03-16,2026-03-16 18:00:00+00:00,0.4601976196060174,0.5909916758537292,0.06781545086288186,-2.872671,foreignpolicy.com,Iran War Trump Brics China Russia India Gulf,https://foreignpolicy.com/2026/03/16/iran-war-trump-brics-china-russia-india-gulf/,,
541,2026-03-24,2026-03-24 20:00:00+00:00,0.46014543316130396,0.5887150764465332,0.07443650330561616,-1.7015706,thedailybeast.com,Trump Puts War On Back Burner To Visit Tacky Tourist Spot,https://www.thedailybeast.com/trump-puts-war-on-back-burner-to-visit-tacky-tourist-spot/,,
542,2026-03-19,2026-03-19 18:00:00+00:00,0.4600817791526271,0.5915082097053528,0.06580248749445007,2.712264,pagesix.com,King Charles Queen Camilla To Visit Donald Trump Melania Trump In Washington D C,https://pagesix.com/2026/03/19/royal-family/king-charles-queen-camilla-to-visit-donald-trump-melania-trump-in-washington-d-c/,,
543,2026-03-21,2026-03-21 17:00:00+00:00,0.45983325227842753,0.575727641582489,0.11215008436624302,5.940594,tdh.gov.tm,Friendly Visit National Leader Turkmen People Chairman Halk Maslahaty Turkmenistan Hero Arkadag Peoples Republic China Concluded,https://tdh.gov.tm/index.php/en/post/48057/friendly-visit-national-leader-turkmen-people-chairman-halk-maslahaty-turkmenistan-hero-arkadag-peoples-republic-china-concluded,,
544,2026-03-12,2026-03-12 01:00:00+00:00,0.4598027581608852,0.589679479598999,0.07017259384654381,0.0,theepochtimes.com,Trump Returns To Washington Arriving At Joint Base Andrews After Kentucky Visit 5997540,https://www.theepochtimes.com/epochtv/trump-returns-to-washington-arriving-at-joint-base-andrews-after-kentucky-visit-5997540,,
545,2026-03-19,2026-03-19 10:00:00+00:00,0.45921697010527923,0.5690205097198486,0.12980635126157106,-0.26917902,gizmodo.com,Will China Beat The Us Back To The Moon 2000733544,https://gizmodo.com/will-china-beat-the-us-back-to-the-moon-2000733544,,
546,2026-03-06,2026-03-06 06:00:00+00:00,0.459107435124706,0.5836377143859863,0.08551659734086484,-1.8975332,aninews.in,United States Will Be Able To Respond If Needed Bonnie Glick On China Taiwan Tensions20260306091927,https://aninews.in/news/world/asia/united-states-will-be-able-to-respond-if-needed-bonnie-glick-on-china-taiwan-tensions20260306091927/,,
547,2026-03-18,2026-03-18 13:00:00+00:00,0.4586714404746577,0.5861242413520813,0.07631303784238681,-2.4663677,newsday.com,Trump Tariffs Manufacturing China K94725,https://www.newsday.com/news/nation/trump-tariffs-manufacturing-china-k94725,,
548,2026-03-06,2026-03-06 11:00:00+00:00,0.45808133747387514,0.580736517906189,0.09011579617693366,1.4373716,livemint.com,Wont Repeat China Mistake Us Deputy Secretary Says Trade Pact With India Will Focus On America First 11772790837450,https://www.livemint.com/news/us-news/wont-repeat-china-mistake-us-deputy-secretary-says-trade-pact-with-india-will-focus-on-america-first-11772790837450.html,,
549,2026-03-06,2026-03-06 06:00:00+00:00,0.45807066459928775,0.5808388590812683,0.08976608115334601,-0.6237006,scroll.in,Us Will Not Give India Same Economic Advantages It Gave China Says Trump Official,https://scroll.in/latest/1091193/us-will-not-give-india-same-economic-advantages-it-gave-china-says-trump-official,,
550,2026-03-22,2026-03-22 03:00:00+00:00,0.4579491070397988,0.587817907333374,0.06834270615907317,-4.5283017,tribuneindia.com,Iran Israel War Open Hormuz Or Will Destroy Power Plants Trump Threatens Iran,https://www.tribuneindia.com/liveblog/world/iran-israel-war-open-hormuz-or-will-destroy-power-plants-trump-threatens-iran/,,
551,2026-03-22,2026-03-22 19:00:00+00:00,0.4579491070397988,0.587817907333374,0.06834270615907317,-6.1362453,tribuneindia.com,Iran Israel War Open Hormuz Or Will Destroy Power Plants Trump Threatens Iran,https://www.tribuneindia.com/live-blog/world/iran-israel-war-open-hormuz-or-will-destroy-power-plants-trump-threatens-iran/,,
552,2026-03-07,2026-03-07 09:00:00+00:00,0.4578890256221255,0.5881092548370361,0.0672283379773938,-1.3907285,cbc.ca,China Trump Us Iran 9.7117124,https://www.cbc.ca/news/world/china-trump-us-iran-9.7117124,,
553,2026-03-12,2026-03-12 19:00:00+00:00,0.4576975430115583,0.59002685546875,0.06070960563998323,-1.5318334,china-briefing.com,Germany China Relations Under Merz What The First Official Visit To Beijing Means For Business,https://www.china-briefing.com/news/germany-china-relations-under-merz-what-the-first-official-visit-to-beijing-means-for-business/,,
554,2026-03-17,2026-03-17 22:00:00+00:00,0.45744692144829346,0.5780879259109497,0.09552390806032462,-1.9354838,theconservativetreehouse.com,President Trump Asked Directly If He Will Reconsider Staying In Nato,https://theconservativetreehouse.com/blog/2026/03/17/president-trump-asked-directly-if-he-will-reconsider-staying-in-nato/,,
555,2026-03-25,2026-03-25 23:00:00+00:00,0.457390960804173,0.5840299725532532,0.07747392555693255,8.116883,travelweekly.com.au,Visit China Easier Than Ever For Australians With New 30 Day Visa Free Policy,https://travelweekly.com.au/visit-china-easier-than-ever-for-australians-with-new-30-day-visa-free-policy/,,
556,2026-03-20,2026-03-20 10:00:00+00:00,0.457193659059589,0.5817479491233826,0.08353078886820829,1.8776672,smallwarsjournal.com,China Iran Intelligence 2026 War,https://smallwarsjournal.com/2026/03/20/china-iran-intelligence-2026-war/,,
557,2026-03-19,2026-03-19 09:00:00+00:00,0.45713347338890736,0.5643683671951294,0.13542879197024132,6.4935064,openpr.com,Join Tuoxin At Domotex And Ibs We Will Be Bringing China Best Tile,https://www.openpr.com/news/4430982/join-tuoxin-at-domotex-and-ibs-we-will-be-bringing-china-best-tile,,
558,2026-03-13,2026-03-13 06:00:00+00:00,0.4570176225832257,0.5849978923797607,0.07307681319362065,-1.4492754,nuclear-news.net,6 A Trump Hints U S Will Turn To Cuba After Iran Just A Question Of Time,https://nuclear-news.net/2026/03/13/6-a-trump-hints-u-s-will-turn-to-cuba-after-iran-just-a-question-of-time/,,
559,2026-03-06,2026-03-06 05:00:00+00:00,0.4569503215275321,0.5817222595214844,0.08263450754567526,-1.8975332,chinanationalnews.com,United States Will Be Able To Respond If Needed Bonnie Glick On China Taiwan Tensions,http://www.chinanationalnews.com/news/278905113/united-states-will-be-able-to-respond-if-needed-bonnie-glick-on-china-taiwan-tensions,,
560,2026-03-06,2026-03-06 06:00:00+00:00,0.4569503215275321,0.5817222595214844,0.08263450754567526,-1.8975332,calcuttanews.net,United States Will Be Able To Respond If Needed Bonnie Glick On China Taiwan Tensions,http://www.calcuttanews.net/news/278905113/united-states-will-be-able-to-respond-if-needed-bonnie-glick-on-china-taiwan-tensions,,
561,2026-03-06,2026-03-06 05:00:00+00:00,0.4569503215275321,0.5817222595214844,0.08263450754567526,-1.8975332,shanghainews.net,United States Will Be Able To Respond If Needed Bonnie Glick On China Taiwan Tensions,http://www.shanghainews.net/news/278905113/united-states-will-be-able-to-respond-if-needed-bonnie-glick-on-china-taiwan-tensions,,
562,2026-03-06,2026-03-06 06:00:00+00:00,0.4569503215275321,0.5817222595214844,0.08263450754567526,-1.8975332,asiabulletin.com,United States Will Be Able To Respond If Needed Bonnie Glick On China Taiwan Tensions,http://www.asiabulletin.com/news/278905113/united-states-will-be-able-to-respond-if-needed-bonnie-glick-on-china-taiwan-tensions,,
563,2026-03-06,2026-03-06 07:00:00+00:00,0.4569503215275321,0.5817222595214844,0.08263450754567526,-1.8975332,taiwansun.com,United States Will Be Able To Respond If Needed Bonnie Glick On China Taiwan Tensions,http://www.taiwansun.com/news/278905113/united-states-will-be-able-to-respond-if-needed-bonnie-glick-on-china-taiwan-tensions,,
564,2026-03-05,2026-03-05 13:00:00+00:00,0.45694801841106103,0.5805124044418335,0.08625486031874373,-0.4178273,hellenicshippingnews.com,China Is Set To Kick Off Its Big Policy Meeting What Will Be The Key Announcements,https://www.hellenicshippingnews.com/china-is-set-to-kick-off-its-big-policy-meeting-what-will-be-the-key-announcements/,,
565,2026-03-04,2026-03-04 02:00:00+00:00,0.4568660032378359,0.5707529187202454,0.11520525679060734,-2.1164021,alternet.org,Trump Christianity,https://www.alternet.org/trump-christianity/,,
566,2026-03-19,2026-03-19 11:00:00+00:00,0.4568217773054745,0.5833823680877686,0.07714000495859243,-2.7942421,deccanchronicle.com,Trump Faces Toughest Iran Call Will He Send Us Troops For Uranium 1944936,https://www.deccanchronicle.com/world/trump-faces-toughest-iran-call-will-he-send-us-troops-for-uranium-1944936,,
567,2026-03-24,2026-03-24 12:00:00+00:00,0.4567518926411508,0.5850899815559387,0.07173762589678707,0.2788104,jewishworldreview.com,China Future Food,https://jewishworldreview.com/0326/china_future_food.php,,
568,2026-03-09,2026-03-09 09:00:00+00:00,0.45670534824254894,0.573956310749054,0.10495246072303399,-3.4482758,news18.com,When Will West Asia War End Who Will Decide What Trump Says His Statements So Far Explained Ws L 9949866,https://www.news18.com/explainers/when-will-west-asia-war-end-who-will-decide-what-trump-says-his-statements-so-far-explained-ws-l-9949866.html,,
569,2026-03-10,2026-03-10 15:00:00+00:00,0.45637837971829137,0.5828121304512024,0.07707712751955838,-0.9722222,lbc.co.uk,King Us Visit Uk Donald Trump 5Hjdw8F 2,https://www.lbc.co.uk/article/king-us-visit-uk-donald-trump-5HjdW8f_2/,,
570,2026-03-13,2026-03-13 20:00:00+00:00,0.456363072812636,0.563316285610199,0.1355034344199471,-4.4790654,breitbart.com,China Linked Peoples Forum Communists Visit Cuba,https://www.breitbart.com/national-security/2026/03/13/china-linked-peoples-forum-communists-visit-cuba/,,
571,2026-03-20,2026-03-20 21:00:00+00:00,0.4563594223782229,0.5857089757919312,0.06831076213709815,-0.6374502,csmonitor.com,Japan Us Meeting China Security,https://www.csmonitor.com/World/Asia-Pacific/2026/0320/japan-us-meeting-china-security,,
572,2026-03-08,2026-03-08 06:00:00+00:00,0.4562920791356334,0.5820896625518799,0.07889932888689391,3.9215686,bignewsnetwork.com,1St Ld Writethru China Will Remain Most Stable Engine Of Global Economy Fm,http://www.bignewsnetwork.com/news/278908511/1st-ld-writethru-china-will-remain-most-stable-engine-of-global-economy-fm,,
573,2026-03-08,2026-03-08 15:00:00+00:00,0.45625167607672684,0.5304875373840332,0.23354409215480776,1.2244898,globalsecurity.org,China 260308 Globaltimes07,https://www.globalsecurity.org/wmd/library/news/china/2026/03/china-260308-globaltimes07.htm,,
574,2026-03-13,2026-03-13 22:00:00+00:00,0.4561272172925067,0.5815485715866089,0.07986315441020016,-1.3888888,tribune.com.pk,Counting On China 1,https://tribune.com.pk/story/2597477/counting-on-china-1,,
575,2026-03-18,2026-03-18 14:00:00+00:00,0.4559986399828005,0.5862169861793518,0.06534360139314653,1.6949153,newkerala.com,Japanese Pm Takaichi Visit Us Hold Talks Trump 902,https://www.newkerala.com/news/a/japanese-pm-takaichi-visit-us-hold-talks-trump-902.htm,,
576,2026-03-19,2026-03-19 11:00:00+00:00,0.45594717636591564,0.5844640731811523,0.07039648592020546,1.1494253,dailymail.co.uk,King Charles State Visit America Donald Trump Poll,https://www.dailymail.co.uk/news/royals/article-15657193/King-Charles-state-visit-America-Donald-Trump-poll.html,,
577,2026-03-22,2026-03-22 14:00:00+00:00,0.4558966081963701,0.569460391998291,0.11520525679060734,4.735376,rawstory.com,Sclossberg Trump,https://www.rawstory.com/sclossberg-trump/,,
578,2026-03-10,2026-03-10 09:00:00+00:00,0.45578032916922806,0.5753037929534912,0.09720993781643857,4.188482,businessghana.com,Why Is China,http://www.businessghana.com/site/news/business/344757/Why-is-China,,
579,2026-03-23,2026-03-23 16:00:00+00:00,0.45551784350082813,0.580731213092804,0.07987773472490067,-0.9433962,middleeastmonitor.com,20260323 Trump Says If Deal Is Reached Us Will Take Irans Enriched Uranium,https://www.middleeastmonitor.com/20260323-trump-says-if-deal-is-reached-us-will-take-irans-enriched-uranium/,,
580,2026-03-17,2026-03-17 11:00:00+00:00,0.4553473170499011,0.5824027061462402,0.07418114976088369,-2.6497695,ibtimes.co.uk,Donald Trump Warns Europe We Will Remember After Iran War Snub Ex President Claim Sparks Doubt 1786116,https://www.ibtimes.co.uk/donald-trump-warns-europe-we-will-remember-after-iran-war-snub-ex-president-claim-sparks-doubt-1786116,,
581,2026-03-21,2026-03-21 13:00:00+00:00,0.4552927515063372,0.5290257334709167,0.2340938056125986,0.0,wn.com,Trump S Recklessness Will Haunt Us For A Generation,https://article.wn.com/view/2026/03/21/Trump_s_Recklessness_Will_Haunt_Us_for_a_Generation/,,
582,2026-03-16,2026-03-16 17:00:00+00:00,0.4552218538151903,0.5685607194900513,0.11520525679060734,2.7707808,eurweb.com,Winsome Earle Sears Trump,https://eurweb.com/winsome-earle-sears-trump/,,
583,2026-03-13,2026-03-13 08:00:00+00:00,0.455113348955634,0.5855032801628113,0.06394355533410219,-3.3898306,express.co.uk,China S Nostradamus Who Predicted Trump Iran War Warns How Ends,https://www.express.co.uk/news/weird/2181410/china-s-nostradamus-who-predicted-trump-iran-war-warns-how-ends,,
584,2026-03-05,2026-03-05 21:00:00+00:00,0.4550879634932393,0.5842028260231018,0.06774337590365197,0.78740156,tbsnews.net,Trump Says Us Will Have Role Choosing Irans Next Leader 1378391,https://www.tbsnews.net/world/trump-says-us-will-have-role-choosing-irans-next-leader-1378391,,
585,2026-03-20,2026-03-20 22:00:00+00:00,0.45508098362294946,0.5744144916534424,0.09708045953147064,-0.4878049,cheknews.ca,Eby Says He Will Sell B C As Stable Jurisdiction During Trade Trip To China 1312952,https://cheknews.ca/eby-says-he-will-sell-b-c-as-stable-jurisdiction-during-trade-trip-to-china-1312952/,,
586,2026-03-20,2026-03-20 07:00:00+00:00,0.45473840932832593,0.5859014987945557,0.06124914092963664,-0.090211995,businesstimes.com.sg,Chinas Tourists Turn Japan South East Asia Will Momentum Last,https://www.businesstimes.com.sg/opinion-features/chinas-tourists-turn-japan-south-east-asia-will-momentum-last,,
587,2026-03-09,2026-03-09 10:00:00+00:00,0.4547229957521724,0.528449296951294,0.23354409215480776,-1.4304291,globalsecurity.org,China 260308 Globaltimes11,https://www.globalsecurity.org/wmd/library/news/china/2026/03/china-260308-globaltimes11.htm,,
588,2026-03-04,2026-03-04 20:00:00+00:00,0.4547118642063817,0.5750802755355835,0.09360663021877644,-0.7556675,texarkanagazette.com,Election 2026 Trump Endorsement Will Come Soon In,https://www.texarkanagazette.com/news/2026/mar/04/election-2026-trump-endorsement-will-come-soon-in/,,
589,2026-03-11,2026-03-11 15:00:00+00:00,0.45462401790232965,0.5831624269485474,0.0690087907636766,-0.44378698,foxnews.com,Trump Posts Support Massie Primary Challenger Ahead Kentucky Visit,https://www.foxnews.com/politics/trump-posts-support-massie-primary-challenger-ahead-kentucky-visit,,
590,2026-03-21,2026-03-21 22:00:00+00:00,0.45461065890693425,0.5791190266609192,0.08108555564497953,-2.4248302,bostonglobe.com,Trump Is Finally Eyeing An Exit Iran Will He Take It,https://www.bostonglobe.com/2026/03/21/world/trump-is-finally-eyeing-an-exit-iran-will-he-take-it/,,
591,2026-03-06,2026-03-06 07:00:00+00:00,0.4543871621277155,0.5649662017822266,0.12265004316418247,0.0,japantimes.co.jp,Chinas Iran Interests Will Endure,https://www.japantimes.co.jp/commentary/2026/03/06/world/chinas-iran-interests-will-endure/,,
592,2026-03-18,2026-03-18 03:00:00+00:00,0.4541722825517186,0.5591533184051514,0.1392291749914204,-2.0100503,moneycontrol.com,Will China Hollow Out Global Industrial Capacities In New Technologies 13863467,https://www.moneycontrol.com/news/opinion/will-china-hollow-out-global-industrial-capacities-in-new-technologies-13863467.html,,
593,2026-03-15,2026-03-15 01:00:00+00:00,0.45407203551398945,0.5670276284217834,0.11520525679060734,-1.340559,alternet.org,Trump Connections,https://www.alternet.org/trump-connections/,,
594,2026-03-15,2026-03-15 16:00:00+00:00,0.45407203551398945,0.5670276284217834,0.11520525679060734,-1.340559,alternet.org,Trump Connections,https://www.alternet.org/alternet-exclusives/trump-connections/,,
595,2026-03-24,2026-03-24 06:00:00+00:00,0.4539681781586227,0.5838804841041565,0.06423126032202152,1.980198,brisbanetimes.com.au,Trump Picked Up Bill For Mayor S Mar A Lago Visit 20260324 P5Uraa,https://www.brisbanetimes.com.au/national/queensland/trump-picked-up-bill-for-mayor-s-mar-a-lago-visit-20260324-p5uraa.html,,
596,2026-03-24,2026-03-24 06:00:00+00:00,0.4539681781586227,0.5838804841041565,0.06423126032202152,1.980198,smh.com.au,Trump Picked Up Bill For Mayor S Mar A Lago Visit 20260324 P5Uraa,https://www.smh.com.au/national/queensland/trump-picked-up-bill-for-mayor-s-mar-a-lago-visit-20260324-p5uraa.html,,
597,2026-03-24,2026-03-24 07:00:00+00:00,0.4539681781586227,0.5838804841041565,0.06423126032202152,1.980198,theage.com.au,Trump Picked Up Bill For Mayor S Mar A Lago Visit 20260324 P5Uraa,https://www.theage.com.au/national/queensland/trump-picked-up-bill-for-mayor-s-mar-a-lago-visit-20260324-p5uraa.html,,
598,2026-03-09,2026-03-09 10:00:00+00:00,0.45389285206206315,0.5273424386978149,0.23354409215480776,1.3986014,globalsecurity.org,China 260308 Globaltimes10,https://www.globalsecurity.org/wmd/library/news/china/2026/03/china-260308-globaltimes10.htm,,
599,2026-03-09,2026-03-09 11:00:00+00:00,0.4534731794326917,0.582084059715271,0.06764053858495399,-1.8754187,victorygirlsblog.com,Will Cuba Make A Deal With Trump To Begin Regime Change,https://victorygirlsblog.com/will-cuba-make-a-deal-with-trump-to-begin-regime-change/,,
600,2026-03-09,2026-03-09 11:00:00+00:00,0.4533370246925081,0.5763577222824097,0.08427493192280336,-2.1416805,independent.co.uk,Ed Davey King State Visit Donald Trump B2934517,https://www.independent.co.uk/news/uk/politics/ed-davey-king-state-visit-donald-trump-b2934517.html,,
601,2026-03-12,2026-03-12 00:00:00+00:00,0.4532698957821199,0.5812897682189941,0.06921027847149722,-0.37064493,wvxu.org,Trump Blasts Massie Northern Kentucky Visit,https://www.wvxu.org/local-news/2026-03-11/trump-blasts-massie-northern-kentucky-visit,,
602,2026-03-15,2026-03-15 12:00:00+00:00,0.4531216085940091,0.5815965533256531,0.067696774399077,-1.5384616,bankingnews.gr,Absurd Spectacle Trump Lifts Sanctions On Russia But Says They Will Return Salvini Urges Europe To Follow The U S Example,https://www.bankingnews.gr/diethni/articles/862464/absurd-spectacle-trump-lifts-sanctions-on-russia-but-says-they-will-return-salvini-urges-europe-to-follow-the-u-s-example,,
603,2026-03-17,2026-03-17 11:00:00+00:00,0.45310728056695904,0.5812231302261353,0.06875973158943047,0.29154518,latimes.com,China Future Of Food,https://www.latimes.com/opinion/story/2026-03-17/china-future-of-food,,
604,2026-03-21,2026-03-21 00:00:00+00:00,0.45261862396605484,0.5256434679031372,0.23354409215480776,0.5208333,bernews.com,Mar20 Geraldine Sidders Compete China,https://bernews.com/2026/03/mar20-geraldine-sidders-compete-china/,,
605,2026-03-12,2026-03-12 19:00:00+00:00,0.45257999526579606,0.5583853125572205,0.13516404339152294,0.45592704,chronline.com,"Trump Homelessness Policy Leader Will Visit Portland Meet With Local Officials,398100","http://www.chronline.com/stories/trump-homelessness-policy-leader-will-visit-portland-meet-with-local-officials,398100",,
606,2026-03-15,2026-03-15 16:00:00+00:00,0.45254567977058124,0.5649924874305725,0.11520525679060734,-5.382131,alternet.org,Trump Turkey,https://www.alternet.org/trump-turkey/,,
607,2026-03-06,2026-03-06 01:00:00+00:00,0.45237209472671563,0.5785930156707764,0.07370933189453335,4.371585,aol.com,Lionel Messi Expected Visit Trump 173857417,https://www.aol.com/articles/lionel-messi-expected-visit-trump-173857417.html,,
608,2026-03-25,2026-03-25 18:00:00+00:00,0.45230267979888333,0.5694366097450256,0.10090088996045633,-3.3333333,theepochtimes.com,Trump Won The Battle But Will He Take Iran 6003695,https://www.theepochtimes.com/opinion/trump-won-the-battle-but-will-he-take-iran-6003695,,
609,2026-03-05,2026-03-05 19:00:00+00:00,0.4522656734900313,0.5807117223739624,0.06692752683823786,0.0,wn.com,Trump Tells Reuters Us Will Have A Role In Choosing Irans Ne M,https://article.wn.com/view/2026/03/05/Trump_tells_Reuters_US_will_have_a_role_in_choosing_Irans_ne_m/,,
610,2026-03-08,2026-03-08 02:00:00+00:00,0.45220931809826526,0.5792721509933472,0.0710208194130196,-2.0833333,e-n.org.uk,2026 03 The Church In China,https://www.e-n.org.uk/your-views/2026-03-the-church-in-china/,,
611,2026-03-24,2026-03-24 12:00:00+00:00,0.45220179451693526,0.5823935270309448,0.06162659697490655,0.0,akipress.com,News:886737:President Lukashenko To Visit North Korea Following Invitation,https://akipress.com/news:886737:President_Lukashenko_to_visit_North_Korea_following_invitation/,,
612,2026-03-11,2026-03-11 18:00:00+00:00,0.4520758924668264,0.5737675428390503,0.0870009413501547,-1.4851485,athens-times.com,Trump Security Will Dominate The Strait Of Hormuz Very Soon,https://athens-times.com/trump-security-will-dominate-the-strait-of-hormuz-very-soon/,,
613,2026-03-08,2026-03-08 07:00:00+00:00,0.45201268012135604,0.5823233127593994,0.06108078220722591,1.5,bignewsnetwork.com,Update Europe Having Correct Perception Of China Crucial To China Europe Relations Fm,http://www.bignewsnetwork.com/news/278908570/update-europe-having-correct-perception-of-china-crucial-to-china-europe-relations-fm,,
614,2026-03-08,2026-03-08 09:00:00+00:00,0.45201268012135604,0.5823233127593994,0.06108078220722591,1.5075377,shanghainews.net,Update Europe Having Correct Perception Of China Crucial To China Europe Relations Fm,http://www.shanghainews.net/news/278908570/update-europe-having-correct-perception-of-china-crucial-to-china-europe-relations-fm,,
615,2026-03-08,2026-03-08 07:00:00+00:00,0.45201268012135604,0.5823233127593994,0.06108078220722591,1.5075377,japanherald.com,Update Europe Having Correct Perception Of China Crucial To China Europe Relations Fm,http://www.japanherald.com/news/278908570/update-europe-having-correct-perception-of-china-crucial-to-china-europe-relations-fm,,
616,2026-03-05,2026-03-05 16:00:00+00:00,0.45196899294264786,0.5247772932052612,0.23354409215480776,1.9950125,globalsecurity.org,China 260305 Globaltimes03,https://www.globalsecurity.org/wmd/library/news/china/2026/03/china-260305-globaltimes03.htm,,
617,2026-03-14,2026-03-14 16:00:00+00:00,0.4519531659947335,0.5687193870544434,0.10165450281560387,0.0,timesnownews.com,Strait Of Hormuz Will Be Free And Safe Us Will Send Warships Trumps Big Announcement Article 153834852,https://www.timesnownews.com/world/us/us-news/strait-of-hormuz-will-be-free-and-safe-us-will-send-warships-trumps-big-announcement-article-153834852,,
618,2026-03-05,2026-03-05 08:00:00+00:00,0.45185374736197464,0.5246236324310303,0.23354409215480776,-4.945055,zerohedge.com,China Scrambling,https://www.zerohedge.com/geopolitical/china-scrambling,,
619,2026-03-24,2026-03-24 20:00:00+00:00,0.45171720390689274,0.5727570652961731,0.08859761973905166,6.177606,hindustantimes.com,Will Pakistan Mediate Iran Us Talks Trump Reshares Pm Shehbaz Sharifs Post Ignites Speculations 101774374146308,https://www.hindustantimes.com/world-news/us-news/will-pakistan-mediate-iran-us-talks-trump-reshares-pm-shehbaz-sharifs-post-ignites-speculations-101774374146308.html,,
620,2026-03-12,2026-03-12 19:00:00+00:00,0.45163715828773976,0.5563565492630005,0.13747898536195757,0.7369876,oann.com,Who Will Inherit Trumps Maga Mantle,https://www.oann.com/commentary/who-will-inherit-trumps-maga-mantle/,,
621,2026-03-08,2026-03-08 15:00:00+00:00,0.45158391713507645,0.524263858795166,0.23354409215480776,0.18450184,globalsecurity.org,China 260308 Globaltimes01,https://www.globalsecurity.org/wmd/library/news/china/2026/03/china-260308-globaltimes01.htm,,
622,2026-03-11,2026-03-11 08:00:00+00:00,0.45144946822551546,0.5608838200569153,0.12314641273131603,3.2786884,novinite.com,Bulgaria+Notifies+Us+It+Will+Delay+Trump,https://www.novinite.com/articles/237428/Bulgaria+Notifies+US+It+Will+Delay+Trump,,
623,2026-03-08,2026-03-08 15:00:00+00:00,0.45139964937575333,0.5240181684494019,0.23354409215480776,1.7751479,globalsecurity.org,China 260308 Globaltimes08,https://www.globalsecurity.org/wmd/library/news/china/2026/03/china-260308-globaltimes08.htm,,
624,2026-03-16,2026-03-16 21:00:00+00:00,0.4513315616759694,0.5769728422164917,0.07440772005440247,-10.843373,opednews.com,Page.Php?F=Trump S Donroe Doctrine  China Iran Israel Russia 260316 667,https://www.opednews.com/populum/page.php?f=Trump-s-Donroe-Doctrine--China_Iran_Israel_Russia-260316-667.html,,
625,2026-03-15,2026-03-15 13:00:00+00:00,0.4513290269029412,0.5803295373916626,0.06432749543677707,1.2838801,businessinsider.com,American Studied China Universities Cheaper 2026 3,https://www.businessinsider.com/american-studied-china-universities-cheaper-2026-3,,
626,2026-03-16,2026-03-16 11:00:00+00:00,0.4513004523456859,0.5238859057426453,0.23354409215480776,-7.0833335,globalsecurity.org,China 260313 Globaltimes04,https://www.globalsecurity.org/wmd/library/news/china/2026/03/china-260313-globaltimes04.htm,,
627,2026-03-10,2026-03-10 11:00:00+00:00,0.4512139767219243,0.572668194770813,0.0868513225752582,3.138528,nextbigwhat.com,China Ai Policy,https://nextbigwhat.com/china-ai-policy/,,
628,2026-03-12,2026-03-12 13:00:00+00:00,0.45094358218124153,0.5495860576629639,0.15501615573607455,1.0958904,domain-b.com,China Moon Landing Rimae Bode 2026,https://www.domain-b.com/industry/industry-general/china-moon-landing-rimae-bode-2026,,
629,2026-03-18,2026-03-18 14:00:00+00:00,0.45094233273871415,0.5234084129333496,0.23354409215480776,-3.1746032,globalsecurity.org,China 260317 Globaltimes03,https://www.globalsecurity.org/wmd/library/news/china/2026/03/china-260317-globaltimes03.htm,,
630,2026-03-09,2026-03-09 14:00:00+00:00,0.45094013253009874,0.5688461065292358,0.09722221053268741,-4.0540543,scmp.com,China Eyes Cross Border Corruption Law Will It Blunt Long Arm West,https://www.scmp.com/news/china/politics/article/3346010/china-eyes-cross-border-corruption-law-will-it-blunt-long-arm-west,,
631,2026-03-08,2026-03-08 15:00:00+00:00,0.4509381306112575,0.5234028100967407,0.23354409215480776,1.2,globalsecurity.org,China 260308 Globaltimes03,https://www.globalsecurity.org/wmd/library/news/china/2026/03/china-260308-globaltimes03.htm,,
632,2026-03-23,2026-03-23 21:00:00+00:00,0.4508689089730066,0.577966570854187,0.06957592332946526,-10.179641,memphisflyer.com,Trump Memphis Visit Reveals Stats On Task Force Actions,https://www.memphisflyer.com/trump-memphis-visit-reveals-stats-on-task-force-actions/,,
633,2026-03-12,2026-03-12 11:00:00+00:00,0.4508221636022818,0.5791845917701721,0.06573487909861067,-3.9473684,afr.com,Trump Will Taco In Iran But He Has To Figure Out How First 20260312 P5O9Pi,https://www.afr.com/politics/federal/trump-will-taco-in-iran-but-he-has-to-figure-out-how-first-20260312-p5o9pi,,
634,2026-03-11,2026-03-11 13:00:00+00:00,0.4507878329629534,0.5778233408927917,0.06968130917343836,-3.7414966,livemint.com,Usisraeliran Conflict Will The Trump Administration Change Its Military Strategy Amid Rising Oil Prices 11773230257462,https://www.livemint.com/news/us-news/usisraeliran-conflict-will-the-trump-administration-change-its-military-strategy-amid-rising-oil-prices-11773230257462.html,,
635,2026-03-13,2026-03-13 11:00:00+00:00,0.4507851512868601,0.5807729959487915,0.06082161730106576,-2.0725389,theguardian.com,Taoiseach St Patricks Day Visit Washington Trump,https://www.theguardian.com/world/2026/mar/13/taoiseach-st-patricks-day-visit-washington-trump,,
636,2026-03-10,2026-03-10 03:00:00+00:00,0.4507633965836687,0.5626161098480225,0.11520525679060734,-3.7181995,alternet.org,Trump Incpmpetence,https://www.alternet.org/trump-incpmpetence/,,
637,2026-03-25,2026-03-25 18:00:00+00:00,0.45074060160409024,0.5767235159873962,0.0727918584541722,-2.3310022,pjmedia.com,Donald Trumps Psychological Smackdown Of Iran And What Will Happen Next N4951051,https://pjmedia.com/scott-pinsker/2026/03/25/donald-trumps-psychological-smackdown-of-iran-and-what-will-happen-next-n4951051,,
638,2026-03-09,2026-03-09 13:00:00+00:00,0.45071556385623646,0.5625523328781128,0.11520525679060734,-3.8528898,alternet.org,Josh Hawley Trump,https://www.alternet.org/josh-hawley-trump/,,
639,2026-03-25,2026-03-25 12:00:00+00:00,0.4507058513105678,0.5230931043624878,0.23354409215480776,2.4574668,globalsecurity.org,China 260324 Globaltimes03,https://www.globalsecurity.org/wmd/library/news/china/2026/03/china-260324-globaltimes03.htm,,
640,2026-03-13,2026-03-13 00:00:00+00:00,0.4504730474578066,0.5622289776802063,0.11520525679060734,-0.4032258,rawstory.com,Trump Visas 2676096820,https://www.rawstory.com/trump-visas-2676096820/,,
641,2026-03-05,2026-03-05 23:00:00+00:00,0.4501344756408434,0.5659983158111572,0.10254295512990205,-2.1003501,newsweek.com,China Betting On A Declining America 11625844,https://www.newsweek.com/china-betting-on-a-declining-america-11625844,,
642,2026-03-11,2026-03-11 23:00:00+00:00,0.45009760983399605,0.5790814757347107,0.06314601213185221,-0.8737864,wcpo.com,President Trump Touts Trumprx Pharmaceutical Manufacturing Push In Cincinnati Visit,https://www.wcpo.com/news/local-news/hamilton-county/reading/president-trump-touts-trumprx-pharmaceutical-manufacturing-push-in-cincinnati-visit,,
643,2026-03-12,2026-03-12 14:00:00+00:00,0.45003468849181444,0.5792278051376343,0.062455338554354915,-5.512679,theguardian.com,Oil Price Shocks Trump War China Iran Russia,https://www.theguardian.com/commentisfree/2026/mar/12/oil-price-shocks-trump-war-china-iran-russia,,
644,2026-03-04,2026-03-04 08:00:00+00:00,0.45003038167365067,0.5221924781799316,0.23354409215480776,2.1582735,wmich.edu,Understanding China Series,https://wmich.edu/global/events/understanding-china-series,,
645,2026-03-10,2026-03-10 15:00:00+00:00,0.45000943203125676,0.5796700716018677,0.061027513319424104,-1.4317181,moneycontrol.com,Pakistan Congratulates Iran S New Supreme Leader Even As Us Opposes Appointment Will It Upset Trump Article 13856338,https://www.moneycontrol.com/world/pakistan-congratulates-iran-s-new-supreme-leader-even-as-us-opposes-appointment-will-it-upset-trump-article-13856338.html,,
646,2026-03-21,2026-03-21 19:00:00+00:00,0.44952729942835734,0.5762243270874023,0.06943621645122225,0.9708738,southeastagnet.com,Asa Urges Trump Prioritize Soybean Exports China Tariffs,https://southeastagnet.com/2026/03/20/asa-urges-trump-prioritize-soybean-exports-china-tariffs/,,
647,2026-03-12,2026-03-12 14:00:00+00:00,0.44949945330469304,0.5762156248092651,0.06935093879097684,-3.107861,thetimes.com,Xi Jinping China South China Sea Bases W7Mz98P2L,https://www.thetimes.com/world/asia/article/xi-jinping-china-south-china-sea-bases-w7mz98p2l,,
648,2026-03-04,2026-03-04 06:00:00+00:00,0.44940498137152346,0.5559098720550537,0.12989030932093268,-4.2328043,kotaku.com,Tencent Trump Divest China Epic Riot Supercell 2000675567,https://kotaku.com/tencent-trump-divest-china-epic-riot-supercell-2000675567,,
649,2026-03-22,2026-03-22 15:00:00+00:00,0.4493997832139325,0.5703548192977905,0.08653467496235845,1.3089005,crooksandliars.com,Trump Strait Hormuz Will Open Itself,https://crooksandliars.com/2026/03/trump-strait-hormuz-will-open-itself,,
650,2026-03-11,2026-03-11 03:00:00+00:00,0.44938010429236624,0.5748546719551086,0.07295640130413898,3.8461537,paralympic.org,Milano Cortina 2026 Republic Korea Face China,https://www.paralympic.org/feature/milano-cortina-2026-republic-korea-face-china,,
651,2026-03-23,2026-03-23 19:00:00+00:00,0.44930283580961383,0.5737338066101074,0.07600992340813313,1.5300547,nowgrenada.com,2026 China Scholarship Announcement,https://nowgrenada.com/2026/03/2026-china-scholarship-announcement/,,
652,2026-03-04,2026-03-04 14:00:00+00:00,0.44926197349436753,0.5211679339408875,0.23354409215480776,1.0582011,globalsecurity.org,China 260303 Globaltimes01,https://www.globalsecurity.org/wmd/library/news/china/2026/03/china-260303-globaltimes01.htm,,
653,2026-03-06,2026-03-06 21:00:00+00:00,0.44921458592985253,0.5737634897232056,0.0755678745497935,-7.2327046,hannity.com,Cuba Next Trump Says Rubio Will Handle Crisis On Communist Island Watch,https://hannity.com/media-room/cuba-next-trump-says-rubio-will-handle-crisis-on-communist-island-watch/,,
654,2026-03-08,2026-03-08 15:00:00+00:00,0.44918852567084305,0.5210700035095215,0.23354409215480776,3.0660377,globalsecurity.org,China 260308 Globaltimes04,https://www.globalsecurity.org/wmd/library/news/china/2026/03/china-260308-globaltimes04.htm,,
655,2026-03-18,2026-03-18 12:00:00+00:00,0.4490315270365047,0.5208606719970703,0.23354409215480776,-3.9334342,dailydot.com,Driverless Delivery Vans China Meme,https://dailydot.com/driverless-delivery-vans-china-meme,,
656,2026-03-10,2026-03-10 13:00:00+00:00,0.44895280938568727,0.5717180967330933,0.08065694734346938,6.034483,the-star.co.ke,2026 03 10 Understanding China Taste Of China Served Through Food Entertainment,https://www.the-star.co.ke/opinion/2026-03-10-understanding-china-taste-of-china-served-through-food-entertainment,,
657,2026-03-11,2026-03-11 17:00:00+00:00,0.4488888007031603,0.5601166486740112,0.11520525679060734,-7.4183974,alternet.org,Trump Faith,https://www.alternet.org/smartnews/trump-faith/,,
658,2026-03-17,2026-03-17 19:00:00+00:00,0.44887637005545955,0.5669614672660828,0.09462107842358988,-2.8511088,odnako.org,Trump Asks For Commitment On Hormuz For Israel The War In Iran Will Last Another 3 Weeks Araghchi Khamenei Is Fine The Pasdaran We Will Kill Netanyahu,https://www.odnako.org/trump-asks-for-commitment-on-hormuz-for-israel-the-war-in-iran-will-last-another-3-weeks-araghchi-khamenei-is-fine-the-pasdaran-we-will-kill-netanyahu/,,
659,2026-03-06,2026-03-06 14:00:00+00:00,0.44878838478930466,0.520536482334137,0.23354409215480776,4.4041452,globalsecurity.org,China 260306 Globaltimes01,https://www.globalsecurity.org/wmd/library/news/china/2026/03/china-260306-globaltimes01.htm,,
660,2026-03-24,2026-03-24 05:00:00+00:00,0.44873956343988064,0.5770882368087769,0.06369354333319191,-4.83871,thenationalnews.com,How Far Will Donald Trump Test The Madman Theory In The Us Israel War Against Iran,https://www.thenationalnews.com/opinion/comment/2026/03/24/how-far-will-donald-trump-test-the-madman-theory-in-the-us-israel-war-against-iran/,,
661,2026-03-20,2026-03-20 22:00:00+00:00,0.44868324457017694,0.5658841729164124,0.09708045953147064,-0.4454343,brandonsun.com,Eby Says He Will Sell B C As Stable Jurisdiction During Trade Trip To China,https://www.brandonsun.com/business/2026/03/20/eby-says-he-will-sell-b-c-as-stable-jurisdiction-during-trade-trip-to-china,,
662,2026-03-20,2026-03-20 22:00:00+00:00,0.44868324457017694,0.5658841729164124,0.09708045953147064,-0.47393364,gx94radio.com,Eby Says He Will Sell B C As Stable Jurisdiction During Trade Trip To China,https://www.gx94radio.com/2026/03/20/eby-says-he-will-sell-b-c-as-stable-jurisdiction-during-trade-trip-to-china/,,
663,2026-03-20,2026-03-20 22:00:00+00:00,0.44868324457017694,0.5658841729164124,0.09708045953147064,-0.44642857,lethbridgeherald.com,Eby Says He Will Sell B C As Stable Jurisdiction During Trade Trip To China,https://lethbridgeherald.com/news/national-news/2026/03/20/eby-says-he-will-sell-b-c-as-stable-jurisdiction-during-trade-trip-to-china/,,
664,2026-03-20,2026-03-20 21:00:00+00:00,0.44868324457017694,0.5658841729164124,0.09708045953147064,-0.4454343,winnipegfreepress.com,Eby Says He Will Sell B C As Stable Jurisdiction During Trade Trip To China,https://www.winnipegfreepress.com/arts-and-life/life/2026/03/20/eby-says-he-will-sell-b-c-as-stable-jurisdiction-during-trade-trip-to-china,,
665,2026-03-21,2026-03-21 01:00:00+00:00,0.44868324457017694,0.5658841729164124,0.09708045953147064,-0.4651163,energeticcity.ca,Eby Says He Will Sell B C As Stable Jurisdiction During Trade Trip To China,https://energeticcity.ca/2026/03/20/eby-says-he-will-sell-b-c-as-stable-jurisdiction-during-trade-trip-to-china/,,
666,2026-03-20,2026-03-20 23:00:00+00:00,0.44868324457017694,0.5658841729164124,0.09708045953147064,-0.32894737,panow.com,Eby Says He Will Sell B C As Stable Jurisdiction During Trade Trip To China,https://panow.com/2026/03/20/eby-says-he-will-sell-b-c-as-stable-jurisdiction-during-trade-trip-to-china/,,
667,2026-03-20,2026-03-20 23:00:00+00:00,0.44868324457017694,0.5658841729164124,0.09708045953147064,-0.4366812,medicinehatnews.com,Eby Says He Will Sell B C As Stable Jurisdiction During Trade Trip To China,https://medicinehatnews.com/news/national-news/2026/03/20/eby-says-he-will-sell-b-c-as-stable-jurisdiction-during-trade-trip-to-china/,,
668,2026-03-16,2026-03-16 08:00:00+00:00,0.4484627068251938,0.5667592287063599,0.09357314118169564,-0.93457943,marketscreener.com,China Says Resuming Beijing Pyongyang Passenger Flights Will Boost People To People Exchanges Ce7E5Edadb8Bf623,https://www.marketscreener.com/news/china-says-resuming-beijing-pyongyang-passenger-flights-will-boost-people-to-people-exchanges-ce7e5edadb8bf623,,
669,2026-03-18,2026-03-18 14:00:00+00:00,0.4484235596597957,0.520050048828125,0.23354409215480776,-2.640264,globalsecurity.org,China 260317 Globaltimes04,https://www.globalsecurity.org/wmd/library/news/china/2026/03/china-260317-globaltimes04.htm,,
670,2026-03-08,2026-03-08 15:00:00+00:00,0.44842145859606736,0.5200472474098206,0.23354409215480776,1.5437393,globalsecurity.org,China 260308 Globaltimes02,https://www.globalsecurity.org/wmd/library/news/china/2026/03/china-260308-globaltimes02.htm,,
671,2026-03-14,2026-03-14 18:00:00+00:00,0.4483473605162384,0.5769921541213989,0.06241297970075694,-1.1842105,aljazeera.com,Trump Says Many Countries Will Send Warships To Hormuz Amid Iran Blockade,https://www.aljazeera.com/news/2026/3/14/trump-says-many-countries-will-send-warships-to-hormuz-amid-iran-blockade,,
672,2026-03-14,2026-03-14 18:00:00+00:00,0.4483473605162384,0.5769921541213989,0.06241297970075694,-1.1842105,grenadachronicle.com,Trump Says Many Countries Will Send Warships To Hormuz Amid Iran Blockade,https://grenadachronicle.com/trump-says-many-countries-will-send-warships-to-hormuz-amid-iran-blockade/,,
673,2026-03-14,2026-03-14 19:00:00+00:00,0.4483473605162384,0.5769921541213989,0.06241297970075694,-1.1842105,dominicanrepublicpost.com,Trump Says Many Countries Will Send Warships To Hormuz Amid Iran Blockade,https://dominicanrepublicpost.com/trump-says-many-countries-will-send-warships-to-hormuz-amid-iran-blockade/,,
674,2026-03-24,2026-03-24 20:00:00+00:00,0.4483237486706896,0.5593632459640503,0.11520525679060734,-2.403496,orlandosentinel.com,Bike Walking Trails Trump,https://www.orlandosentinel.com/2026/03/24/bike-walking-trails-trump/,,
675,2026-03-24,2026-03-24 20:00:00+00:00,0.4483237486706896,0.5593632459640503,0.11520525679060734,-2.403496,journal-advocate.com,Bike Walking Trails Trump,https://www.journal-advocate.com/2026/03/24/bike-walking-trails-trump/,,
676,2026-03-24,2026-03-24 20:00:00+00:00,0.4483237486706896,0.5593632459640503,0.11520525679060734,-2.403496,twincities.com,Bike Walking Trails Trump,https://www.twincities.com/2026/03/24/bike-walking-trails-trump/,,
677,2026-03-24,2026-03-24 21:00:00+00:00,0.4483237486706896,0.5593632459640503,0.11520525679060734,-2.403496,dailybulletin.com,Bike Walking Trails Trump,https://www.dailybulletin.com/2026/03/24/bike-walking-trails-trump/,,
678,2026-03-24,2026-03-24 21:00:00+00:00,0.4483237486706896,0.5593632459640503,0.11520525679060734,-2.403496,whittierdailynews.com,Bike Walking Trails Trump,https://www.whittierdailynews.com/2026/03/24/bike-walking-trails-trump/,,
679,2026-03-24,2026-03-24 21:00:00+00:00,0.4483237486706896,0.5593632459640503,0.11520525679060734,-2.403496,pilotonline.com,Bike Walking Trails Trump,https://www.pilotonline.com/2026/03/24/bike-walking-trails-trump/,,
680,2026-03-24,2026-03-24 20:00:00+00:00,0.4483237486706896,0.5593632459640503,0.11520525679060734,-2.403496,sbsun.com,Bike Walking Trails Trump,https://www.sbsun.com/2026/03/24/bike-walking-trails-trump/,,
681,2026-03-24,2026-03-24 20:00:00+00:00,0.4483237486706896,0.5593632459640503,0.11520525679060734,-2.403496,dailybreeze.com,Bike Walking Trails Trump,https://www.dailybreeze.com/2026/03/24/bike-walking-trails-trump/,,
682,2026-03-24,2026-03-24 20:00:00+00:00,0.4483237486706896,0.5593632459640503,0.11520525679060734,-2.403496,troyrecord.com,Bike Walking Trails Trump,https://www.troyrecord.com/2026/03/24/bike-walking-trails-trump/,,
683,2026-03-24,2026-03-24 21:00:00+00:00,0.4483237486706896,0.5593632459640503,0.11520525679060734,-2.403496,redlandsdailyfacts.com,Bike Walking Trails Trump,https://www.redlandsdailyfacts.com/2026/03/24/bike-walking-trails-trump/,,
684,2026-03-24,2026-03-24 18:00:00+00:00,0.448323703967206,0.5593631863594055,0.11520525679060734,-2.403496,dailypress.com,Bike Walking Trails Trump,https://www.dailypress.com/2026/03/24/bike-walking-trails-trump/,,
685,2026-03-24,2026-03-24 18:00:00+00:00,0.448323703967206,0.5593631863594055,0.11520525679060734,-2.403496,mainlinemedianews.com,Bike Walking Trails Trump,https://www.mainlinemedianews.com/2026/03/24/bike-walking-trails-trump/,,
686,2026-03-24,2026-03-24 18:00:00+00:00,0.448323703967206,0.5593631863594055,0.11520525679060734,-2.403496,ocregister.com,Bike Walking Trails Trump,https://www.ocregister.com/2026/03/24/bike-walking-trails-trump/,,
687,2026-03-24,2026-03-24 18:00:00+00:00,0.448323703967206,0.5593631863594055,0.11520525679060734,-2.403496,sgvtribune.com,Bike Walking Trails Trump,https://www.sgvtribune.com/2026/03/24/bike-walking-trails-trump/,,
688,2026-03-24,2026-03-24 18:00:00+00:00,0.448323703967206,0.5593631863594055,0.11520525679060734,-2.403496,sandiegouniontribune.com,Bike Walking Trails Trump,https://www.sandiegouniontribune.com/2026/03/24/bike-walking-trails-trump/,,
689,2026-03-05,2026-03-05 16:00:00+00:00,0.44822409271605484,0.5197840929031372,0.23354409215480776,3.3457248,globalsecurity.org,China 260304 Globaltimes01,https://www.globalsecurity.org/wmd/library/news/china/2026/03/china-260304-globaltimes01.htm,,
690,2026-03-11,2026-03-11 18:00:00+00:00,0.4482061442165895,0.5726203322410583,0.07496358014318294,-1.3245033,fox19.com,Parts I 75 Be Closed During President Trumps Visit,https://www.fox19.com/2026/03/11/parts-i-75-be-closed-during-president-trumps-visit/,,
691,2026-03-18,2026-03-18 03:00:00+00:00,0.4481040191591548,0.5196239948272705,0.23354409215480776,4.5751634,vientianetimes.org.la,Freecontent 53 Laos China Y26,https://www.vientianetimes.org.la/freefreenews/freecontent_53_Laos_China_y26.php,,
692,2026-03-24,2026-03-24 13:00:00+00:00,0.4480660211981105,0.5195733308792114,0.23354409215480776,-0.78125,globalsecurity.org,China 260323 Globaltimes01,https://www.globalsecurity.org/wmd/library/news/china/2026/03/china-260323-globaltimes01.htm,,
693,2026-03-14,2026-03-14 16:00:00+00:00,0.44805138244262055,0.5744913816452026,0.06873138483487432,-2.7972028,aninews.in,Us Will Bomb The Hell Out Of The Shoreline Trump On Conflict With Iran20260314203420,https://aninews.in/news/world/us/us-will-bomb-the-hell-out-of-the-shoreline-trump-on-conflict-with-iran20260314203420/,,
694,2026-03-12,2026-03-12 14:00:00+00:00,0.44802185415633194,0.5195144414901733,0.23354409215480776,-4.90566,globalsecurity.org,China 260311 Globaltimes02,https://www.globalsecurity.org/wmd/library/news/china/2026/03/china-260311-globaltimes02.htm,,
695,2026-03-12,2026-03-12 01:00:00+00:00,0.4479333983168269,0.5643390417098999,0.09871646813760787,-3.1674209,yahoo.com,Ky Visit Trump Hails Iran 231533014,https://www.yahoo.com/news/articles/ky-visit-trump-hails-iran-231533014.html,,
696,2026-03-20,2026-03-20 18:00:00+00:00,0.44785451821969113,0.5765699744224548,0.06170814961140003,0.0,wn.com,Is China Finally Regretting Its Iron Brotherhood With Pakist,https://article.wn.com/view/2026/03/20/Is_China_finally_regretting_its_iron_brotherhood_with_Pakist/,,
697,2026-03-05,2026-03-05 16:00:00+00:00,0.44776266335852616,0.5191688537597656,0.23354409215480776,-3.4934497,globalsecurity.org,China 260305 Globaltimes04,https://www.globalsecurity.org/wmd/library/news/china/2026/03/china-260305-globaltimes04.htm,,
698,2026-03-16,2026-03-16 11:00:00+00:00,0.4476867568434047,0.519067645072937,0.23354409215480776,0.0,globalsecurity.org,China 260313 Globaltimes05,https://www.globalsecurity.org/wmd/library/news/china/2026/03/china-260313-globaltimes05.htm,,
699,2026-03-09,2026-03-09 18:00:00+00:00,0.4476276260243578,0.5584350824356079,0.11520525679060734,-3.4324942,alternet.org,Trump Judicial,https://www.alternet.org/trump-judicial/,,
700,2026-03-25,2026-03-25 19:00:00+00:00,0.44723191525390427,0.5716803669929504,0.07388656003676584,1.4792899,theglobeandmail.com,Article Trump Names Nvidia Meta And Oracle Ceos To Council That Will Influence,https://www.theglobeandmail.com/business/technology/article-trump-names-nvidia-meta-and-oracle-ceos-to-council-that-will-influence/,,
701,2026-03-07,2026-03-07 12:00:00+00:00,0.44722036539919846,0.5184457898139954,0.23354409215480776,3.0726256,globalsecurity.org,China 260306 Globaltimes02,https://www.globalsecurity.org/wmd/library/news/china/2026/03/china-260306-globaltimes02.htm,,
702,2026-03-20,2026-03-20 10:00:00+00:00,0.4471863884966636,0.5445764660835266,0.15501615573607455,2.7777777,glassonweb.com,China Glass 2026,https://www.glassonweb.com/event/china-glass-2026,,
703,2026-03-17,2026-03-17 11:00:00+00:00,0.44713533937342637,0.5183324217796326,0.23354409215480776,5.194805,globalsecurity.org,China 260316 Globaltimes01,https://www.globalsecurity.org/wmd/library/news/china/2026/03/china-260316-globaltimes01.htm,,
704,2026-03-19,2026-03-19 02:00:00+00:00,0.4470075037700901,0.5746872425079346,0.06396828755655665,-5.936073,newschannel5.com,Trump To Visit Memphis Monday Highlight Crime Task Force,https://www.newschannel5.com/news/trump-to-visit-memphis-monday-highlight-crime-task-force,,
705,2026-03-24,2026-03-24 00:00:00+00:00,0.44699389755137436,0.5181438326835632,0.23354409215480776,1.9607843,cnbc.com,Alibaba Animation Studio Youku China Connection Newsletter,https://www.cnbc.com/2026/03/24/alibaba-animation-studio-youku-china-connection-newsletter.html,,
706,2026-03-22,2026-03-22 00:00:00+00:00,0.4469083731581812,0.5724553465843201,0.0702674528797646,0.71770334,watchingamerica.com,China Advances Washington Worries,https://watchingamerica.com/2026/03/21/china-advances-washington-worries/,,
707,2026-03-18,2026-03-18 05:00:00+00:00,0.44688426846112356,0.5674126148223877,0.08529922937733107,4.884319,newscentralasia.net,National Leader Of The Turkmen People Pays Friendly Visit To China,https://www.newscentralasia.net/2026/03/18/national-leader-of-the-turkmen-people-pays-friendly-visit-to-china/,,
708,2026-03-12,2026-03-12 14:00:00+00:00,0.4468254548252391,0.5179192423820496,0.23354409215480776,2.629108,globalsecurity.org,China 260312 Globaltimes01,https://www.globalsecurity.org/wmd/library/news/china/2026/03/china-260312-globaltimes01.htm,,
709,2026-03-05,2026-03-05 20:00:00+00:00,0.44673336411637454,0.5231592655181885,0.21745565991093282,-6.203704,livemint.com,We Want Someone Who Will Trump Wants To Be Involved In Picking Irans Next Leader 11772737725551,https://www.livemint.com/news/us-news/we-want-someone-who-will-trump-wants-to-be-involved-in-picking-irans-next-leader-11772737725551.html,,
710,2026-03-18,2026-03-18 02:00:00+00:00,0.44663789089786243,0.5571154356002808,0.11520525679060734,-0.610998,alternet.org,Priorities Trump,https://www.alternet.org/priorities-trump/,,
711,2026-03-09,2026-03-09 02:00:00+00:00,0.446395473652476,0.5596858263015747,0.10652441570517991,-2.0408163,marketscreener.com,China Says Will Enact Law To Tackle Cross Border Corruption Ce7E5Fd9Da8Ff42C,https://www.marketscreener.com/news/china-says-will-enact-law-to-tackle-cross-border-corruption-ce7e5fd9da8ff42c,,
712,2026-03-10,2026-03-10 15:00:00+00:00,0.4463877532386136,0.5708097219467163,0.07312184711430557,-3.0181086,ianslive.in,President Trump Has Specific Mission To Accomplish Iran War Will Not Become Endless Hegseth  20260310193305,https://ianslive.in/president-trump-has-specific-mission-to-accomplish-iran-war-will-not-become-endless-hegseth--20260310193305,,
713,2026-03-04,2026-03-04 22:00:00+00:00,0.446383722431436,0.5572159886360168,0.11388692381769346,2.1978023,scmp.com,Merzs China Visit Shows Pragmatic Diplomacy Still Matters,https://www.scmp.com/opinion/china-opinion/article/3345145/merzs-china-visit-shows-pragmatic-diplomacy-still-matters,,
714,2026-03-22,2026-03-22 15:00:00+00:00,0.44632812857039444,0.5172561407089233,0.23354409215480776,2.695418,globalsecurity.org,China 260322 Globaltimes01,https://www.globalsecurity.org/wmd/library/news/china/2026/03/china-260322-globaltimes01.htm,,
715,2026-03-08,2026-03-08 15:00:00+00:00,0.44624891399748795,0.5171505212783813,0.23354409215480776,-5.4187193,globalsecurity.org,China 260307 Globaltimes01,https://www.globalsecurity.org/wmd/library/news/china/2026/03/china-260307-globaltimes01.htm,,
716,2026-03-25,2026-03-25 12:00:00+00:00,0.4462183368147182,0.517109751701355,0.23354409215480776,1.6949153,globalsecurity.org,China 260324 Globaltimes02,https://www.globalsecurity.org/wmd/library/news/china/2026/03/china-260324-globaltimes02.htm,,
717,2026-03-23,2026-03-23 21:00:00+00:00,0.4461727251055903,0.5735084414482117,0.0641655760777262,-0.71684587,scmp.com,Former Biden Official Says Trump Xi Summit Will Go Well Amid Unusual Circumstances,https://www.scmp.com/news/china/diplomacy/article/3347642/former-biden-official-says-trump-xi-summit-will-go-well-amid-unusual-circumstances,,
718,2026-03-08,2026-03-08 15:00:00+00:00,0.44611230015166276,0.5169683694839478,0.23354409215480776,2.1505377,globalsecurity.org,China 260308 Globaltimes05,https://www.globalsecurity.org/wmd/library/news/china/2026/03/china-260308-globaltimes05.htm,,
719,2026-03-16,2026-03-16 11:00:00+00:00,0.44590568065054886,0.5166928768157959,0.23354409215480776,-3.8709676,globalsecurity.org,China 260313 Globaltimes03,https://www.globalsecurity.org/wmd/library/news/china/2026/03/china-260313-globaltimes03.htm,,
720,2026-03-13,2026-03-13 02:00:00+00:00,0.4458550179383345,0.5653290152549744,0.08743302598841494,1.9212296,kathmandupost.com,Embracing China Embracing Opportunities,https://kathmandupost.com/columns/2026/03/12/embracing-china-embracing-opportunities,,
721,2026-03-12,2026-03-12 01:00:00+00:00,0.4458491128945841,0.5743498802185059,0.06034681092281892,-1.3864818,ianslive.in,Us Dependence On China For Medicines Faces Scrutiny  20260312041204,https://ianslive.in/us-dependence-on-china-for-medicines-faces-scrutiny--20260312041204,,
722,2026-03-09,2026-03-09 10:00:00+00:00,0.44577058672316544,0.5165127515792847,0.23354409215480776,-0.5904059,globalsecurity.org,China 260309 Globaltimes01,https://www.globalsecurity.org/wmd/library/news/china/2026/03/china-260309-globaltimes01.htm,,
723,2026-03-14,2026-03-14 19:00:00+00:00,0.4457688591909786,0.5713768005371094,0.06894503515258622,-4.432133,newindianexpress.com,Trump Says World Powers Will Hopefully Send Ships To Secure Strait Of Hormuz,https://www.newindianexpress.com/world/2026/Mar/14/trump-says-world-powers-will-hopefully-send-ships-to-secure-strait-of-hormuz,,
724,2026-03-23,2026-03-23 20:00:00+00:00,0.4456894599060149,0.5741183161735535,0.0604028911033992,-6.910569,irishtimes.com,How Will Gulf States React To Trumps Latest Statement,https://www.irishtimes.com/world/middle-east/2026/03/23/how-will-gulf-states-react-to-trumps-latest-statement/,,
725,2026-03-21,2026-03-21 06:00:00+00:00,0.44564499356009446,0.564969003200531,0.08767296463878485,-2.4590163,dailypost.ng,War How Strait Of Hormuz Will Open Itself Trump,https://dailypost.ng/2026/03/21/war-how-strait-of-hormuz-will-open-itself-trump/,,
726,2026-03-05,2026-03-05 16:00:00+00:00,0.4456270438373851,0.5163213610649109,0.23354409215480776,0.66815144,globalsecurity.org,China 260305 Globaltimes01,https://www.globalsecurity.org/wmd/library/news/china/2026/03/china-260305-globaltimes01.htm,,
727,2026-03-05,2026-03-05 16:00:00+00:00,0.4456021439970302,0.516288161277771,0.23354409215480776,-3.1496062,globalsecurity.org,China 260305 Globaltimes02,https://www.globalsecurity.org/wmd/library/news/china/2026/03/china-260305-globaltimes02.htm,,
728,2026-03-08,2026-03-08 07:00:00+00:00,0.4455955076763748,0.572762668132782,0.06409402630715322,-2.2026432,theage.com.au,Energy Chief Trump S War On Iran Will Undermine His War On Renewables 20260307 P5O8Dt,https://www.theage.com.au/environment/climate-change/energy-chief-trump-s-war-on-iran-will-undermine-his-war-on-renewables-20260307-p5o8dt.html,,
729,2026-03-08,2026-03-08 07:00:00+00:00,0.4455955076763748,0.572762668132782,0.06409402630715322,-2.2026432,brisbanetimes.com.au,Energy Chief Trump S War On Iran Will Undermine His War On Renewables 20260307 P5O8Dt,https://www.brisbanetimes.com.au/environment/climate-change/energy-chief-trump-s-war-on-iran-will-undermine-his-war-on-renewables-20260307-p5o8dt.html,,
730,2026-03-24,2026-03-24 13:00:00+00:00,0.4454800140798854,0.5161253213882446,0.23354409215480776,0.88757396,globalsecurity.org,China 260324 Globaltimes01,https://www.globalsecurity.org/wmd/library/news/china/2026/03/china-260324-globaltimes01.htm,,
731,2026-03-18,2026-03-18 14:00:00+00:00,0.44541179656394,0.5160343647003174,0.23354409215480776,-3.0935252,globalsecurity.org,China 260317 Globaltimes05,https://www.globalsecurity.org/wmd/library/news/china/2026/03/china-260317-globaltimes05.htm,,
732,2026-03-05,2026-03-05 20:00:00+00:00,0.4453760620478283,0.567442774772644,0.07917592387338111,-2.5641026,politicalwire.com,Trump Says He Will Pick Irans Next Leader,https://politicalwire.com/2026/03/05/trump-says-he-will-pick-irans-next-leader/,,
733,2026-03-19,2026-03-19 04:00:00+00:00,0.4453629423448592,0.5640559792518616,0.08928383162385194,-2.5139666,benzinga.com,Elizabeth Warren Says Trump Approving Nvidias Chip Deal Will Drive Up Prices Of Smartphones And Laptops China Wins Rest Of Us Lose,https://www.benzinga.com/markets/tech/26/03/51345581/elizabeth-warren-says-trump-approving-nvidias-chip-deal-will-drive-up-prices-of-smartphones-and-laptops-china-wins-rest-of-us-lose,,
734,2026-03-25,2026-03-25 02:00:00+00:00,0.4453340420017613,0.5676496624946594,0.07838718052306702,5.3418803,traveldailynews.asia,China Inbound Tourism Policy,https://www.traveldailynews.asia/asia-pacific/china-inbound-tourism-policy/,,
735,2026-03-18,2026-03-18 14:00:00+00:00,0.44532122730620377,0.5159136056900024,0.23354409215480776,4.916201,globalsecurity.org,China 260317 Globaltimes02,https://www.globalsecurity.org/wmd/library/news/china/2026/03/china-260317-globaltimes02.htm,,
736,2026-03-15,2026-03-15 12:00:00+00:00,0.4451521184165216,0.5718446969985962,0.06507438267029764,-3.4423409,sentinelassam.com,Us Will Bomb The Hell Out Of The Shoreline Donald Trump On Conflict With Iran,https://www.sentinelassam.com/more-news/international/us-will-bomb-the-hell-out-of-the-shoreline-donald-trump-on-conflict-with-iran,,
737,2026-03-06,2026-03-06 04:00:00+00:00,0.4451269030914236,0.5711269378662109,0.06712679876706161,-4.878049,cinaradio.com,Will Homeland Security Change Under Markwayne Mullin Meet The Man Trump Wants In Charge,https://www.cinaradio.com/2026/03/05/will-homeland-security-change-under-markwayne-mullin-meet-the-man-trump-wants-in-charge/,,
738,2026-03-24,2026-03-24 10:00:00+00:00,0.44512649065248416,0.569648265838623,0.07156116509406744,5.882353,finanznachrichten.de,68020619 Furniture China 2026 Furniture China Announces Landmark 2026 Edition Where Design Creates Business 008,https://www.finanznachrichten.de/nachrichten-2026-03/68020619-furniture-china-2026-furniture-china-announces-landmark-2026-edition-where-design-creates-business-008.htm,,
739,2026-03-24,2026-03-24 12:00:00+00:00,0.44511323884853854,0.5724897980690002,0.06298356118715334,5.714286,digitimes.com,Apple Wwdc 2026 Tim Cook China,https://www.digitimes.com/news/a20260324VL214/apple-wwdc-2026-tim-cook-china.html,,
740,2026-03-05,2026-03-05 19:00:00+00:00,0.44508372159352516,0.5726964473724365,0.06224554425679106,0.6993007,thestar.com.my,Trump Tells Reuters Us Will Have A Role In Choosing Iran039S Next Leader,https://www.thestar.com.my/news/world/2026/03/06/trump-tells-reuters-us-will-have-a-role-in-choosing-iran039s-next-leader,,
741,2026-03-09,2026-03-09 15:00:00+00:00,0.44503498368814415,0.5725510120391846,0.062486898635022985,-0.5479452,buenosairesherald.com,Milei Receives New Trump Endorsement And Seeks Investments In Us Visit,https://buenosairesherald.com/world/international-relations/milei-receives-new-trump-endorsement-and-seeks-investments-in-us-visit,,
742,2026-03-14,2026-03-14 17:00:00+00:00,0.44495498006480255,0.5711203813552856,0.0664587761933532,3.3333333,wn.com,Trump Calls On Allies To Send Warships Says Hormuz Will Open,https://article.wn.com/view/2026/03/14/Trump_calls_on_allies_to_send_warships_says_Hormuz_will_open/,,
743,2026-03-10,2026-03-10 02:00:00+00:00,0.44488717504909275,0.5683263540267944,0.07456963811598764,-3.1880977,bostonglobe.com,After Global Economy Shudders Trump Zigzags Whether War Will End Soon,https://www.bostonglobe.com/2026/03/09/world/after-global-economy-shudders-trump-zigzags-whether-war-will-end-soon/,,
744,2026-03-08,2026-03-08 15:00:00+00:00,0.4448437941015529,0.5152770280838013,0.23354409215480776,-2.8862479,globalsecurity.org,China 260308 Globaltimes06,https://www.globalsecurity.org/wmd/library/news/china/2026/03/china-260308-globaltimes06.htm,,
745,2026-03-16,2026-03-16 11:00:00+00:00,0.444836730951147,0.5152676105499268,0.23354409215480776,-1.6877637,globalsecurity.org,China 260314 Globaltimes01,https://www.globalsecurity.org/wmd/library/news/china/2026/03/china-260314-globaltimes01.htm,,
746,2026-03-06,2026-03-06 13:00:00+00:00,0.44479396084641565,0.5622673034667969,0.09237393298527187,-3.889369,bnn-news.com,The Impact Is Not Yet Felt But It Will Be Felt War In Iran Worries China 277907,https://bnn-news.com/the-impact-is-not-yet-felt-but-it-will-be-felt-war-in-iran-worries-china-277907,,
747,2026-03-10,2026-03-10 17:00:00+00:00,0.44470682262785904,0.5150943994522095,0.23354409215480776,0.0,shanghainews.net,China Zhejiang Tea Harvest Seasoncn,http://www.shanghainews.net/news/278913785/china-zhejiang-tea-harvest-seasoncn,,
748,2026-03-10,2026-03-10 15:00:00+00:00,0.44470682262785904,0.5150943994522095,0.23354409215480776,0.0,bignewsnetwork.com,China Zhejiang Tea Harvest Seasoncn,http://www.bignewsnetwork.com/news/278913785/china-zhejiang-tea-harvest-seasoncn,,
749,2026-03-07,2026-03-07 12:00:00+00:00,0.44466754388473567,0.5716794729232788,0.06363175676910619,1.7027863,wfmd.com,Noem Reveals Trump Will Have Big Agreement To Announce At Major Summit With World Leaders,https://www.wfmd.com/2026/03/07/noem-reveals-trump-will-have-big-agreement-to-announce-at-major-summit-with-world-leaders/,,
750,2026-03-16,2026-03-16 11:00:00+00:00,0.44461625337012284,0.5149736404418945,0.23354409215480776,-4.0,globalsecurity.org,China 260313 Globaltimes06,https://www.globalsecurity.org/wmd/library/news/china/2026/03/china-260313-globaltimes06.htm,,
751,2026-03-08,2026-03-08 15:00:00+00:00,0.44448616623290055,0.5148001909255981,0.23354409215480776,1.8450185,globalsecurity.org,China 260308 Globaltimes09,https://www.globalsecurity.org/wmd/library/news/china/2026/03/china-260308-globaltimes09.htm,,
752,2026-03-11,2026-03-11 01:00:00+00:00,0.4444741661207192,0.5683494806289673,0.0728482225959751,-2.166065,grenadachronicle.com,Brazils Jair Bolsonaro Seeks Court Approval For Visit From Trump Official,https://grenadachronicle.com/brazils-jair-bolsonaro-seeks-court-approval-for-visit-from-trump-official/,,
753,2026-03-11,2026-03-11 01:00:00+00:00,0.4444741661207192,0.5683494806289673,0.0728482225959751,-2.166065,dominicanrepublicpost.com,Brazils Jair Bolsonaro Seeks Court Approval For Visit From Trump Official,https://dominicanrepublicpost.com/brazils-jair-bolsonaro-seeks-court-approval-for-visit-from-trump-official/,,
754,2026-03-11,2026-03-11 00:00:00+00:00,0.4444741661207192,0.5683494806289673,0.0728482225959751,-2.166065,aljazeera.com,Brazils Jair Bolsonaro Seeks Court Approval For Visit From Trump Official,https://www.aljazeera.com/news/2026/3/10/brazils-jair-bolsonaro-seeks-court-approval-for-visit-from-trump-official,,
755,2026-03-15,2026-03-15 14:00:00+00:00,0.44444498764226775,0.5698552131652832,0.06821431107322136,-6.060606,wn.com,Will Bomb The Hell Out Of The Shoreline Trump Vows To Reopen,https://article.wn.com/view/2026/03/15/Will_Bomb_The_Hell_Out_Of_The_Shoreline_Trump_Vows_To_Reopen/,,
756,2026-03-22,2026-03-22 15:00:00+00:00,0.444317008251028,0.5145746469497681,0.23354409215480776,-1.8337408,globalsecurity.org,China 260321 Globaltimes01,https://www.globalsecurity.org/wmd/library/news/china/2026/03/china-260321-globaltimes01.htm,,
757,2026-03-19,2026-03-19 05:00:00+00:00,0.44416463512380533,0.5535863637924194,0.11589944911796303,-1.4440433,jewishworldreview.com,China Cuba,https://jewishworldreview.com/0326/china_cuba.php,,
758,2026-03-17,2026-03-17 01:00:00+00:00,0.4441476023398957,0.5574008226394653,0.10438794144118686,2.631579,showbiz411.com,Will Sean Penn Give President Zelensky His New Oscar Three Time Winner Ditched Awards To Visit Ukraine Over Weekend,https://www.showbiz411.com/2026/03/16/will-sean-penn-give-president-zelensky-his-new-oscar-three-time-winner-ditched-awards-to-visit-ukraine-over-weekend,,
759,2026-03-04,2026-03-04 02:00:00+00:00,0.44412020176845607,0.5667122602462769,0.07634402633499374,-1.0309278,worldtribune.com,Trump U S Will Provide Insurance For Tankers Escort Through Hormuz If Necessary,https://worldtribune.com/trump-u-s-will-provide-insurance-for-tankers-escort-through-hormuz-if-necessary/,,
760,2026-03-13,2026-03-13 00:00:00+00:00,0.44403552630701154,0.5674287676811218,0.07385580218468062,-1.2249444,wcpo.com,Trump In Cincinnati Will No Tax On Tips Overtime Move The Needle For Workers,https://www.wcpo.com/news/local-news/trump-in-cincinnati-will-no-tax-on-tips-overtime-move-the-needle-for-workers,,
761,2026-03-11,2026-03-11 14:00:00+00:00,0.444027821415739,0.5141890645027161,0.23354409215480776,2.0134227,globalsecurity.org,China 260311 Globaltimes01,https://www.globalsecurity.org/wmd/library/news/china/2026/03/china-260311-globaltimes01.htm,,
762,2026-03-10,2026-03-10 17:00:00+00:00,0.4440019241815894,0.5658130645751953,0.07856850300077166,-1.2847966,foxnews.com,Trump Stirs Gop Primary Drama Visit Massies Kentucky Home Turf,https://www.foxnews.com/politics/trump-stirs-gop-primary-drama-visit-massies-kentucky-home-turf,,
763,2026-03-24,2026-03-24 00:00:00+00:00,0.4438744556533022,0.5534308552742004,0.11520525679060734,-3.1941032,rawstory.com,Trump Monuments 2676580103,https://www.rawstory.com/trump-monuments-2676580103/,,
764,2026-03-17,2026-03-17 11:00:00+00:00,0.44380680739291184,0.5138943791389465,0.23354409215480776,-2.7027028,globalsecurity.org,China 260317 Globaltimes01,https://www.globalsecurity.org/wmd/library/news/china/2026/03/china-260317-globaltimes01.htm,,
765,2026-03-06,2026-03-06 08:00:00+00:00,0.4438012779792779,0.5676846504211426,0.07215116065368385,-1.875,newstodaynet.com,Trump Says Us Will Focus On Iran First Cuba Next,https://newstodaynet.com/2026/03/06/trump-says-us-will-focus-on-iran-first-cuba-next/,,
766,2026-03-23,2026-03-23 17:00:00+00:00,0.44371136939906025,0.5674449801445007,0.07251053716273873,-4.524887,vietnamtribune.com,Vietnam Ruined Lyndon B Johnson Political Career Will Donald Trump Face The Same Fate Over Iran,http://www.vietnamtribune.com/news/278939523/vietnam-ruined-lyndon-b-johnson-political-career-will-donald-trump-face-the-same-fate-over-iran,,
767,2026-03-23,2026-03-23 20:00:00+00:00,0.44371136939906025,0.5674449801445007,0.07251053716273873,-4.524887,laosnews.net,Vietnam Ruined Lyndon B Johnson Political Career Will Donald Trump Face The Same Fate Over Iran,http://www.laosnews.net/news/278939523/vietnam-ruined-lyndon-b-johnson-political-career-will-donald-trump-face-the-same-fate-over-iran,,
768,2026-03-23,2026-03-23 11:00:00+00:00,0.44369078978011195,0.5522567629814148,0.11799287017620351,-6.6350713,nknews.org,North Korean Delegations For Disability Rights Disaster Response Visit China,https://www.nknews.org/2026/03/north-korean-delegations-for-disability-rights-disaster-response-visit-china/,,
769,2026-03-10,2026-03-10 03:00:00+00:00,0.44363882380305975,0.5664702653884888,0.07514449904677267,-2.016129,local10.com,Trump Visits El Arepazo In Doral During South Florida Visit For Gop Retreat,https://www.local10.com/news/local/2026/03/09/trump-visits-el-arepazo-in-doral-during-south-florida-visit-for-gop-retreat/,,
770,2026-03-20,2026-03-20 13:00:00+00:00,0.4436245512903499,0.5136513710021973,0.23354409215480776,-0.56497175,globalsecurity.org,China 260319 Globaltimes01,https://www.globalsecurity.org/wmd/library/news/china/2026/03/china-260319-globaltimes01.htm,,
771,2026-03-09,2026-03-09 19:00:00+00:00,0.44291819154627793,0.5127095580101013,0.23354409215480776,1.5306122,theregister.com,China Browses Lunar Landing Spots,https://www.theregister.com/2026/03/09/china_browses_lunar_landing_spots/,,
772,2026-03-22,2026-03-22 17:00:00+00:00,0.44285935563681256,0.5704314708709717,0.06014300993433521,-4.375,aninews.in,Trump Stands By His Red Lines Will Not Let Iran Hold Worlds Energy Supplies Hostage Mike Waltz20260322212925,https://aninews.in/news/world/us/trump-stands-by-his-red-lines-will-not-let-iran-hold-worlds-energy-supplies-hostage-mike-waltz20260322212925/,,
773,2026-03-09,2026-03-09 13:00:00+00:00,0.4421991479026003,0.5511971116065979,0.11520525679060734,-1.6181229,alternet.org,Trump Investments,https://www.alternet.org/trump-investments/,,
774,2026-03-23,2026-03-23 13:00:00+00:00,0.4421371405776258,0.5613557696342468,0.08448125340776287,-1.1887072,metro.co.uk,Now Trump Putting Ice Agents Us Airports Will Affect 27620181,https://metro.co.uk/2026/03/23/now-trump-putting-ice-agents-us-airports-will-affect-27620181/,,
775,2026-03-05,2026-03-05 07:00:00+00:00,0.4418443403229599,0.5561162233352661,0.09902869128604114,-1.010101,bignewsnetwork.com,Explainer China Plans China Delivers,http://www.bignewsnetwork.com/news/278903205/explainer-china-plans-china-delivers,,
776,2026-03-05,2026-03-05 21:00:00+00:00,0.4418009739743395,0.5506662130355835,0.11520525679060734,4.1543026,rawstory.com,Trump Peta,https://www.rawstory.com/trump-peta/,,
777,2026-03-21,2026-03-21 00:00:00+00:00,0.44171485448464687,0.5676356554031372,0.06395245172917588,-4.90566,ibtimes.co.uk,Strait Hormuz Oil Blockade Trump Refuses Ceasefire Vows Route Will Open Itself 1787141,https://www.ibtimes.co.uk/strait-hormuz-oil-blockade-trump-refuses-ceasefire-vows-route-will-open-itself-1787141,,
778,2026-03-06,2026-03-06 22:00:00+00:00,0.44170047476691165,0.5669111013412476,0.06606859504390401,1.9900497,aol.co.uk,Does Messi White House Visit 220350467,https://www.aol.co.uk/articles/does-messi-white-house-visit-220350467.html,,
779,2026-03-11,2026-03-11 12:00:00+00:00,0.4415831338988466,0.550375759601593,0.11520525679060734,-2.5287356,alternet.org,Jamelle Bouie Trump,https://www.alternet.org/jamelle-bouie-trump/,,
780,2026-03-13,2026-03-13 08:00:00+00:00,0.4414592193959448,0.5653524398803711,0.06977955794266577,2.173913,oklahomacitysun.com,Will Not Allow Men To Compete Against Women In 2028 Olympics Donald Trump,http://www.oklahomacitysun.com/news/278919115/will-not-allow-men-to-compete-against-women-in-2028-olympics-donald-trump,,
781,2026-03-13,2026-03-13 05:00:00+00:00,0.4414592193959448,0.5653524398803711,0.06977955794266577,2.173913,heraldglobe.com,Will Not Allow Men To Compete Against Women In 2028 Olympics Donald Trump,http://www.heraldglobe.com/news/278919115/will-not-allow-men-to-compete-against-women-in-2028-olympics-donald-trump,,
782,2026-03-13,2026-03-13 04:00:00+00:00,0.4414592193959448,0.5653524398803711,0.06977955794266577,2.1671827,bignewsnetwork.com,Will Not Allow Men To Compete Against Women In 2028 Olympics Donald Trump,http://www.bignewsnetwork.com/news/278919115/will-not-allow-men-to-compete-against-women-in-2028-olympics-donald-trump,,
783,2026-03-13,2026-03-13 06:00:00+00:00,0.4414592193959448,0.5653524398803711,0.06977955794266577,2.173913,californiatelegraph.com,Will Not Allow Men To Compete Against Women In 2028 Olympics Donald Trump,http://www.californiatelegraph.com/news/278919115/will-not-allow-men-to-compete-against-women-in-2028-olympics-donald-trump,,
784,2026-03-13,2026-03-13 04:00:00+00:00,0.4414592193959448,0.5653524398803711,0.06977955794266577,2.173913,russiaherald.com,Will Not Allow Men To Compete Against Women In 2028 Olympics Donald Trump,http://www.russiaherald.com/news/278919115/will-not-allow-men-to-compete-against-women-in-2028-olympics-donald-trump,,
785,2026-03-13,2026-03-13 04:00:00+00:00,0.4414592193959448,0.5653524398803711,0.06977955794266577,2.173913,sandiegosun.com,Will Not Allow Men To Compete Against Women In 2028 Olympics Donald Trump,http://www.sandiegosun.com/news/278919115/will-not-allow-men-to-compete-against-women-in-2028-olympics-donald-trump,,
786,2026-03-13,2026-03-13 04:00:00+00:00,0.4414592193959448,0.5653524398803711,0.06977955794266577,2.173913,kenyastar.com,Will Not Allow Men To Compete Against Women In 2028 Olympics Donald Trump,http://www.kenyastar.com/news/278919115/will-not-allow-men-to-compete-against-women-in-2028-olympics-donald-trump,,
787,2026-03-13,2026-03-13 08:00:00+00:00,0.4414592193959448,0.5653524398803711,0.06977955794266577,2.173913,oklahomastar.com,Will Not Allow Men To Compete Against Women In 2028 Olympics Donald Trump,http://www.oklahomastar.com/news/278919115/will-not-allow-men-to-compete-against-women-in-2028-olympics-donald-trump,,
788,2026-03-19,2026-03-19 10:00:00+00:00,0.44143739782059604,0.5630093216896057,0.07672162621356701,-0.6329114,sej.org,California Will Get 540 Million Water Projects Trump Admin Announces,https://www.sej.org/headlines/california-will-get-540-million-water-projects-trump-admin-announces,,
789,2026-03-06,2026-03-06 14:00:00+00:00,0.4412528866880443,0.5681509971618652,0.06055855526658139,-8.730159,businesstoday.in,Some People Will Die Trump Says Americans May Face Attacks At Home Amid Iran War 519508 2026 03 06,https://www.businesstoday.in/world/us/story/some-people-will-die-trump-says-americans-may-face-attacks-at-home-amid-iran-war-519508-2026-03-06,,
790,2026-03-14,2026-03-14 11:00:00+00:00,0.44119559939967823,0.5498590469360352,0.11520525679060734,-9.813084,alternet.org,Trump Geneva Conventions,https://www.alternet.org/trump-geneva-conventions/,,
791,2026-03-10,2026-03-10 05:00:00+00:00,0.4410994868782592,0.559471070766449,0.08598473521368968,-4.347826,middleeasteye.net,Trump Death Fire And Fury Will Reign Upon Iran If Strait Hormuz Blokced,https://www.middleeasteye.net/live-blog/live-blog-update/trump-death-fire-and-fury-will-reign-upon-iran-if-strait-hormuz-blokced,,
792,2026-03-25,2026-03-25 12:00:00+00:00,0.4410794925630855,0.5102579593658447,0.23354409215480776,-5.570652,globalsecurity.org,China 260325 Globaltimes01,https://www.globalsecurity.org/wmd/library/news/china/2026/03/china-260325-globaltimes01.htm,,
793,2026-03-04,2026-03-04 02:00:00+00:00,0.44081886013809946,0.5622116327285767,0.07664054236666776,-1.9911505,deccanchronicle.com,Us Will Escort Tankers Through Strait Of Hormuz If Necessary Trump 1941330,https://www.deccanchronicle.com/world/americas/us-will-escort-tankers-through-strait-of-hormuz-if-necessary-trump-1941330,,
794,2026-03-10,2026-03-10 00:00:00+00:00,0.4407420041579346,0.5506337881088257,0.1110666523052612,-2.4111676,greanvillepost.com,China Rejects A Joint Us China Hegemony 2,https://www.greanvillepost.com/2026/03/09/china-rejects-a-joint-us-china-hegemony-2/,,
795,2026-03-19,2026-03-19 09:00:00+00:00,0.4405793943746832,0.5626605749130249,0.07433585275965797,-7.142857,channelstv.com,Israel Will Not Strike Irans Gas Plant Again Trump Makes U Turn,https://www.channelstv.com/2026/03/19/israel-will-not-strike-irans-gas-plant-again-trump-makes-u-turn/,,
796,2026-03-16,2026-03-16 10:00:00+00:00,0.44055788965726145,0.5621157884597778,0.07588419324971231,0.0,newstalk.com,Taoiseach Micheal Martin Will Meet With Donald Trump,https://www.newstalk.com/podcasts/highlights-from-newstalk-breakfast/taoiseach-micheal-martin-will-meet-with-donald-trump,,
797,2026-03-17,2026-03-17 18:00:00+00:00,0.44046700705562597,0.5600939989089966,0.08158603149551415,-2.6190476,pakistantoday.com.pk,China Steps In,https://www.pakistantoday.com.pk/2026/03/17/china-steps-in,,
798,2026-03-10,2026-03-10 18:00:00+00:00,0.44045030292140674,0.5488653182983398,0.11520525679060734,-1.7804154,alternet.org,Trump Organization 2675991263,https://www.alternet.org/trump-organization-2675991263/,,
799,2026-03-12,2026-03-12 14:00:00+00:00,0.4404251119695375,0.5556578636169434,0.09472685702731981,-4.7297297,dailyexcelsior.com,Rahul Gandhis Soul Will Be At Peace If China Us And Russia Attack India Nishikant Dubey,https://www.dailyexcelsior.com/rahul-gandhis-soul-will-be-at-peace-if-china-us-and-russia-attack-india-nishikant-dubey/,,
800,2026-03-23,2026-03-23 23:00:00+00:00,0.4402918294922381,0.5592641830444336,0.08337476883565156,-6.500956,virginislandsnewsonline.com,Trump Says Ice Will Make Arrests Airports,https://www.virginislandsnewsonline.com/en/news/trump-says-ice-will-make-arrests-airports/,,
801,2026-03-23,2026-03-23 23:00:00+00:00,0.4402918294922381,0.5592641830444336,0.08337476883565156,-6.500956,virginislandsnewsonline.com,Trump Says Ice Will Make Arrests Airports,https://www.virginislandsnewsonline.com/en/news/trump-says-ice-will-make-arrests-airports,,
802,2026-03-22,2026-03-22 05:00:00+00:00,0.4402511454725795,0.5640774965286255,0.06877209230444141,0.0,crossmap.com,Iran Is Choking The Global Economy Will President Trump S Allies Step Up,https://news.crossmap.com/2026/03/22/iran-is-choking-the-global-economy-will-president-trump-s-allies-step-up/,,
803,2026-03-25,2026-03-25 13:00:00+00:00,0.44022697121714777,0.5636955499649048,0.06982123497387678,-1.6224189,independent.co.uk,Dr Congo Mines Trump Peace China Rwanda M23 B2917632,https://www.independent.co.uk/news/world/africa/dr-congo-mines-trump-peace-china-rwanda-m23-b2917632.html,,
804,2026-03-20,2026-03-20 03:00:00+00:00,0.4402036176686053,0.5504187941551208,0.10955808820905852,-3.7037036,yahoo.com,China Poses Pressing Threat Deterrence 022557928,https://www.yahoo.com/news/articles/china-poses-pressing-threat-deterrence-022557928.html,,
805,2026-03-23,2026-03-23 13:00:00+00:00,0.4401064765394496,0.5089606046676636,0.23354409215480776,0.3809524,cntraveller.com,Norden Xiahe China,https://www.cntraveller.com/hotels/gansu/norden-xiahe-china,,
806,2026-03-25,2026-03-25 16:00:00+00:00,0.4400874351122159,0.5595942735671997,0.08156691974726446,-6.6666665,wn.com,Will End War If Conditions Met Wont Let Trump Dictate Iran R,https://article.wn.com/view/2026/03/25/Will_end_war_if_conditions_met_wont_let_Trump_dictate_Iran_r/,,
807,2026-03-17,2026-03-17 14:00:00+00:00,0.4397231863299842,0.5662230253219604,0.0602236693540554,-3.033839,elpais.com,Trump Says He Will Be Having The Honor Of Taking Cuba,https://english.elpais.com/usa/2026-03-17/trump-says-he-will-be-having-the-honor-of-taking-cuba.html,,
808,2026-03-11,2026-03-11 12:00:00+00:00,0.43964850084577445,0.5619764924049377,0.07266452616828449,0.0,shanghainews.net,China Heilongjiang Last Quarter Moon Cn,http://www.shanghainews.net/news/278915178/china-heilongjiang-last-quarter-moon-cn,,
809,2026-03-11,2026-03-11 08:00:00+00:00,0.43964850084577445,0.5619764924049377,0.07266452616828449,0.0,bignewsnetwork.com,China Heilongjiang Last Quarter Moon Cn,http://www.bignewsnetwork.com/news/278915178/china-heilongjiang-last-quarter-moon-cn,,
810,2026-03-09,2026-03-09 10:00:00+00:00,0.43963319769195996,0.548689067363739,0.11246558867662285,-3.3766234,tribune.com.pk,China Condemns Evil Designs Of Taiwan Premiers Japan Visit,https://tribune.com.pk/story/2596616/china-condemns-evil-designs-of-taiwan-premiers-japan-visit,,
811,2026-03-14,2026-03-14 14:00:00+00:00,0.4395891508050608,0.5618839263916016,0.07270482404543853,5.0347223,bignewsnetwork.com,Xiplomacy Xi Reply Inspires Youth Support For China France China Europe Friendship,http://www.bignewsnetwork.com/news/278922034/xiplomacy-xi-reply-inspires-youth-support-for-china-france-china-europe-friendship,,
812,2026-03-14,2026-03-14 16:00:00+00:00,0.4395891508050608,0.5618839263916016,0.07270482404543853,5.0390964,parisguardian.com,Xiplomacy Xi Reply Inspires Youth Support For China France China Europe Friendship,http://www.parisguardian.com/news/278922034/xiplomacy-xi-reply-inspires-youth-support-for-china-france-china-europe-friendship,,
813,2026-03-14,2026-03-14 19:00:00+00:00,0.4395891508050608,0.5618839263916016,0.07270482404543853,5.0390964,shanghainews.net,Xiplomacy Xi Reply Inspires Youth Support For China France China Europe Friendship,http://www.shanghainews.net/news/278922034/xiplomacy-xi-reply-inspires-youth-support-for-china-france-china-europe-friendship,,
814,2026-03-14,2026-03-14 15:00:00+00:00,0.4395891508050608,0.5618839263916016,0.07270482404543853,5.0390964,chinanationalnews.com,Xiplomacy Xi Reply Inspires Youth Support For China France China Europe Friendship,http://www.chinanationalnews.com/news/278922034/xiplomacy-xi-reply-inspires-youth-support-for-china-france-china-europe-friendship,,
815,2026-03-07,2026-03-07 20:00:00+00:00,0.43942581746626574,0.5531172156333923,0.098351622964886,-3.25834,themedialine.org,Iran Has Powerful Friends But Will China Or Russia Actually Join The Fight,https://themedialine.org/top-stories/iran-has-powerful-friends-but-will-china-or-russia-actually-join-the-fight/,,
816,2026-03-11,2026-03-11 14:00:00+00:00,0.4393493783415126,0.5079511404037476,0.23354409215480776,-1.6546763,globalsecurity.org,China 260228 Prc Mndb01,https://www.globalsecurity.org/wmd/library/news/china/2026/02/china-260228-prc-mndb01.htm,,
817,2026-03-12,2026-03-12 14:00:00+00:00,0.43934535502799027,0.5079457759857178,0.23354409215480776,4.7524753,globalsecurity.org,China 260310 Globaltimes02,https://www.globalsecurity.org/wmd/library/news/china/2026/03/china-260310-globaltimes02.htm,,
818,2026-03-14,2026-03-14 18:00:00+00:00,0.4393152746353227,0.5622450113296509,0.07052606455233812,-1.2738854,gazetaexpress.com,Trump Says The Us Will Definitely Open The Strait Of Hormuz,https://www.gazetaexpress.com/en/Trump-says-the-US-will-definitely-open-the-Strait-of-Hormuz/,,
819,2026-03-18,2026-03-18 11:00:00+00:00,0.43918249799470377,0.5458122491836548,0.11929324442785073,2.0833333,al-monitor.com,China Will Continue Mediating Middle East Ceasefire Foreign Minister Says,https://www.al-monitor.com/originals/2026/03/china-will-continue-mediating-middle-east-ceasefire-foreign-minister-says,,
820,2026-03-18,2026-03-18 15:00:00+00:00,0.43918249799470377,0.5458122491836548,0.11929324442785073,0.0,asiaone.com,China Will Continue Mediating Middle East Ceasefire Foreign Minister Says,https://www.asiaone.com:443/china/china-will-continue-mediating-middle-east-ceasefire-foreign-minister-says,,
821,2026-03-18,2026-03-18 15:00:00+00:00,0.43918249799470377,0.5458122491836548,0.11929324442785073,0.0,asiaone.com,China Will Continue Mediating Middle East Ceasefire Foreign Minister Says,https://www.asiaone.com/china/china-will-continue-mediating-middle-east-ceasefire-foreign-minister-says,,
822,2026-03-19,2026-03-19 13:00:00+00:00,0.4391656052664514,0.5505549311637878,0.10499762757444195,-0.4524887,aol.co.uk,Us Waters Down Assessment China 124542866,https://www.aol.co.uk/articles/us-waters-down-assessment-china-124542866.html,,
823,2026-03-08,2026-03-08 08:00:00+00:00,0.4391633654871046,0.5628601312637329,0.06807306815721974,-0.88932806,express.co.uk,King Charles Trump Us State Visit,https://www.express.co.uk/news/royal/2179175/king-charles-trump-us-state-visit,,
824,2026-03-17,2026-03-17 14:00:00+00:00,0.4391079900574382,0.562291145324707,0.0695585242556318,-1.4925373,straitstimes.com,Russia Says It Supports Cuba After Trump Says He Will Take The Communist Republic,https://www.straitstimes.com/world/europe/russia-says-it-supports-cuba-after-trump-says-he-will-take-the-communist-republic,,
825,2026-03-17,2026-03-17 18:00:00+00:00,0.4391079900574382,0.562291145324707,0.0695585242556318,-0.86206895,tribune.com.pk,Russia Says It Supports Cuba After Trump Says He Will Take The Communist Republic,https://tribune.com.pk/story/2598110/russia-says-it-supports-cuba-after-trump-says-he-will-take-the-communist-republic,,
826,2026-03-05,2026-03-05 20:00:00+00:00,0.4390161031018213,0.5622990131378174,0.06916737299383308,-2.3148148,i24news.tv,Artc We Will Help In Choosing Iran S Next Supreme Leader Trump Says,https://www.i24news.tv/en/news/middle-east/iran-eastern-states/artc-we-will-help-in-choosing-iran-s-next-supreme-leader-trump-says,,
827,2026-03-11,2026-03-11 17:00:00+00:00,0.4388151246647789,0.5530822277069092,0.09601381553838807,-0.81632656,crash.net,Why China Will Be Completely Different Story Amid F1 Rules Fallout,https://www.crash.net/f1/news/1091112/1/why-china-will-be-completely-different-story-amid-f1-rules-fallout,,
828,2026-03-05,2026-03-05 16:00:00+00:00,0.4387975704299135,0.5466616749763489,0.11520525679060734,-2.1226416,alternet.org,Trump Jane Harman,https://www.alternet.org/trump-jane-harman/,,
829,2026-03-15,2026-03-15 21:00:00+00:00,0.4387524111715336,0.5574321746826172,0.08271312063828283,-0.7751938,columbian.com,U S China Discuss Trade,https://www.columbian.com/news/2026/mar/15/u-s-china-discuss-trade/,,
830,2026-03-12,2026-03-12 06:00:00+00:00,0.4387347426973034,0.5529714822769165,0.09602452395846403,-3.032258,newkerala.com,Only God Trump Know When War Will Begin 189,https://www.newkerala.com/news/a/only-god-trump-know-when-war-will-begin-189.htm,,
831,2026-03-12,2026-03-12 00:00:00+00:00,0.4387203675137682,0.5465587377548218,0.11520525679060734,-4.466501,rawstory.com,Trump Louisiana,https://www.rawstory.com/trump-louisiana/,,
832,2026-03-11,2026-03-11 05:00:00+00:00,0.4386903366978224,0.5622135400772095,0.06812072655966134,-2.050114,mercopress.com,Brazil S Supreme Court Authorizes Trump Adviser To Visit Bolsonaro In Prison,https://en.mercopress.com/2026/03/11/brazil-s-supreme-court-authorizes-trump-adviser-to-visit-bolsonaro-in-prison,,
833,2026-03-17,2026-03-17 15:00:00+00:00,0.43869016174802994,0.5614481568336487,0.07041617649117378,-1.510574,cyprus-mail.com,Russia Says It Supports Cuba After Trump Says He Will Take Communist Republic,https://cyprus-mail.com/2026/03/17/russia-says-it-supports-cuba-after-trump-says-he-will-take-communist-republic,,
834,2026-03-17,2026-03-17 11:00:00+00:00,0.43865715436469555,0.5639941692352295,0.0626461097530937,1.1568123,yahoo.com,Contrast Core Us China Rivalry 103202136,https://www.yahoo.com/news/articles/contrast-core-us-china-rivalry-103202136.html,,
835,2026-03-25,2026-03-25 15:00:00+00:00,0.43863400038348865,0.5464435815811157,0.11520525679060734,-5.27307,alternet.org,Trump Spiral 2676616718,https://www.alternet.org/trump-spiral-2676616718/,,
836,2026-03-10,2026-03-10 12:00:00+00:00,0.43855219920941996,0.562537431716919,0.06659650168692298,-3.6050158,dailymail.co.uk,Trump Starmer Legal Iran Call Pm King State Visit,https://www.dailymail.co.uk/news/article-15631765/Trump-Starmer-legal-Iran-call-PM-King-state-visit.html,,
837,2026-03-25,2026-03-25 22:00:00+00:00,0.4384831708298845,0.5462424755096436,0.11520525679060734,6.6666665,scotusblog.com,Trump V Miot,https://www.scotusblog.com/cases/case-files/trump-v-miot/,,
838,2026-03-11,2026-03-11 17:00:00+00:00,0.43847279072011464,0.5620405673980713,0.06776946068624463,-3.5639412,the-independent.com,King Charles Us State Visit Royal Trump B2936543,https://www.the-independent.com/life-style/royal-family/king-charles-us-state-visit-royal-trump-b2936543.html,,
839,2026-03-18,2026-03-18 16:00:00+00:00,0.4384237410191333,0.5644644498825073,0.060301614429011094,-6.2146893,fairobserver.com,Fo Live Iran War Analysis Will The Trump Administration Put Boots On The Ground,https://www.fairobserver.com/world-news/middle-east-news/fo-live-iran-war-analysis-will-the-trump-administration-put-boots-on-the-ground/,,
840,2026-03-13,2026-03-13 10:00:00+00:00,0.43837180793161656,0.5584044456481934,0.07827389478188607,-0.83160084,planetf1.com,Max Verstappen Disaster China Sprint Qualifying 2026,https://www.planetf1.com/news/max-verstappen-disaster-china-sprint-qualifying-2026,,
841,2026-03-13,2026-03-13 13:00:00+00:00,0.4383336467422664,0.5385127067565918,0.13779646669929002,-0.41666666,scmp.com,Will Paracels Dispute Overshadow China And Vietnams Drive Stronger Strategic Ties,https://www.scmp.com/news/china/diplomacy/article/3346539/will-paracels-dispute-overshadow-china-and-vietnams-drive-stronger-strategic-ties,,
842,2026-03-07,2026-03-07 11:00:00+00:00,0.4379042468818977,0.5557733774185181,0.08429685527203658,1.6460905,winnipegfreepress.com,Trump Warns In Social Media Post More Iran Officials Will Be Targets In War Saying Today Iran Will Be Hit Very Hard,https://www.winnipegfreepress.com/arts-and-life/life/faith/2026/03/07/trump-warns-in-social-media-post-more-iran-officials-will-be-targets-in-war-saying-today-iran-will-be-hit-very-hard,,
843,2026-03-04,2026-03-04 08:00:00+00:00,0.43786998660255677,0.5579352378845215,0.07767423275666267,-5.9016395,thedailyblog.co.nz,What Will Happen Next In Trumps Illegal Iran War,https://thedailyblog.co.nz/what-will-happen-next-in-trumps-illegal-iran-war/,,
844,2026-03-12,2026-03-12 00:00:00+00:00,0.43780891864604815,0.5526885986328125,0.09316987868575505,8.156029,traveldailynews.asia,Marriott International Maldives China Roadshow 2026,https://www.traveldailynews.asia/hotels-lodging/marriott-international-maldives-china-roadshow-2026/,,
845,2026-03-05,2026-03-05 18:00:00+00:00,0.43776989606046485,0.5618703365325928,0.06546857464408114,0.8196721,al-monitor.com,Trump Tells Reuters Us Will Have Role Choosing Irans Next Leader,https://www.al-monitor.com/originals/2026/03/trump-tells-reuters-us-will-have-role-choosing-irans-next-leader,,
846,2026-03-11,2026-03-11 23:00:00+00:00,0.4377033185588045,0.5452026724815369,0.11520525679060734,8.695652,scotusblog.com,Trump V Lesly Miot,https://www.scotusblog.com/cases/case-files/trump-v-lesly-miot/,,
847,2026-03-17,2026-03-17 11:00:00+00:00,0.43747333621875956,0.5510646104812622,0.0966995134312516,-4.9469967,channelnewsasia.com,China Says It Will Provide Humanitarian Assistance Iran Mideast Nations 5998516,https://www.channelnewsasia.com/east-asia/china-says-it-will-provide-humanitarian-assistance-iran-mideast-nations-5998516,,
848,2026-03-10,2026-03-10 15:00:00+00:00,0.43746109341614964,0.5589075088500977,0.07312184711430557,-3.0364373,theshillongtimes.com,President Trump Has Specific Mission To Accomplish Iran War Will Not Become Endless Hegseth,https://theshillongtimes.com/2026/03/10/president-trump-has-specific-mission-to-accomplish-iran-war-will-not-become-endless-hegseth/,,
849,2026-03-10,2026-03-10 16:00:00+00:00,0.43746109341614964,0.5589075088500977,0.07312184711430557,-3.0364373,morungexpress.com,President Trump Has Specific Mission To Accomplish Iran War Will Not Become Endless Hegseth,https://morungexpress.com/president-trump-has-specific-mission-to-accomplish-iran-war-will-not-become-endless-hegseth,,
850,2026-03-12,2026-03-12 00:00:00+00:00,0.43743384213095743,0.5631452798843384,0.060299528870814474,0.49627793,redstate.com,Trump Highlights Manufacturing Jobs Drug Pricing In Ohio Visit And Kentucky Rally N2200124,https://redstate.com/ben-smith/2026/03/11/trump-highlights-manufacturing-jobs-drug-pricing-in-ohio-visit-and-kentucky-rally-n2200124,,
851,2026-03-05,2026-03-05 22:00:00+00:00,0.4372653027021546,0.4897316098213196,0.27986638134465947,-1.2048193,953thebear.com,Ty Simpson Visit Cleveland Browns Alabama,https://953thebear.com/ixp/531/p/ty-simpson-visit-cleveland-browns-alabama/,,
852,2026-03-05,2026-03-05 22:00:00+00:00,0.4372653027021546,0.4897316098213196,0.27986638134465947,-1.2077295,wtug.com,Ty Simpson Visit Cleveland Browns Alabama,https://wtug.com/ixp/531/p/ty-simpson-visit-cleveland-browns-alabama/,,
853,2026-03-06,2026-03-06 19:00:00+00:00,0.4371699772194525,0.5586298704147339,0.07279029763360827,0.0,tribune.net.ph,No Marcos Trump Meeting In Us Visit,https://tribune.net.ph/2026/03/06/no-marcos-trump-meeting-in-us-visit,,
854,2026-03-18,2026-03-18 19:00:00+00:00,0.4371264950197195,0.5616499781608582,0.06355604559630347,-1.5772871,mediaite.com,Jd Vance Scoffs At Reporter Asking If Trump Will Intervene In 2026 Elections,https://www.mediaite.com/politics/jd-vance-scoffs-at-reporter-asking-if-trump-will-intervene-in-2026-elections/,,
855,2026-03-08,2026-03-08 07:00:00+00:00,0.4370935231079406,0.562363862991333,0.0612825034577633,-1.7815647,straitstimes.com,As The Iran War Enters Second Week Will The Media Be Kinder To Trump,https://www.straitstimes.com/world/united-states/as-the-iran-war-enters-second-week-will-the-media-be-kinder-to-trump,,
856,2026-03-18,2026-03-18 11:00:00+00:00,0.43702467153145813,0.5491031408309937,0.10078926363285155,0.466563,sun-sentinel.com,History Will Judge Trump Harshly Letters To The Editor,https://www.sun-sentinel.com/2026/03/18/history-will-judge-trump-harshly-letters-to-the-editor/,,
857,2026-03-18,2026-03-18 02:00:00+00:00,0.4369131866144708,0.5393340587615967,0.12965057017309328,0.0,yahoo.com,Amd Ceo Lisa Su Visit 012339124,https://finance.yahoo.com/news/amd-ceo-lisa-su-visit-012339124.html,,
858,2026-03-10,2026-03-10 15:00:00+00:00,0.43690481707205386,0.5508954524993896,0.09493291079004657,-4.6666665,blueprint.ng,When Us Iran War Will End Trump,https://blueprint.ng/when-us-iran-war-will-end-trump/,,
859,2026-03-14,2026-03-14 19:00:00+00:00,0.43690254143028806,0.5593120455741882,0.06967402899858763,-1.6736401,calcuttanews.net,Trump Says Many Countries Will Send Warships To Hormuz Strait,http://www.calcuttanews.net/news/278922245/trump-says-many-countries-will-send-warships-to-hormuz-strait,,
860,2026-03-14,2026-03-14 20:00:00+00:00,0.43690254143028806,0.5593120455741882,0.06967402899858763,-1.6736401,heraldglobe.com,Trump Says Many Countries Will Send Warships To Hormuz Strait,http://www.heraldglobe.com/news/278922245/trump-says-many-countries-will-send-warships-to-hormuz-strait,,
861,2026-03-23,2026-03-23 18:00:00+00:00,0.4368919056283159,0.5441207885742188,0.11520525679060734,-4.776119,alternet.org,Newsmax Trump 2676577397,https://www.alternet.org/newsmax-trump-2676577397/,,
862,2026-03-06,2026-03-06 16:00:00+00:00,0.43688340310360463,0.5513378381729126,0.09352009789568062,2.0408163,en.apa.az,Trump Iran Will Have A Government Similar To Venezuela 495377,https://en.apa.az/america/trump-iran-will-have-a-government-similar-to-venezuela-495377,,
863,2026-03-04,2026-03-04 16:00:00+00:00,0.43675585123444477,0.5622125267982483,0.06038582454303427,0.0,theepochtimes.com,Trumps 15 Percent Global Tariff Will Take Effect This Week Bessent 5994036,https://www.theepochtimes.com/us/trumps-15-percent-global-tariff-will-take-effect-this-week-bessent-5994036,,
864,2026-03-06,2026-03-06 18:00:00+00:00,0.43671449637082227,0.5589938163757324,0.06987653635609177,-1.6845329,zerohedge.com,Day After Iran China,https://www.zerohedge.com/news/2026-03-06/day-after-iran-china,,
865,2026-03-04,2026-03-04 11:00:00+00:00,0.4366959664635399,0.5598865747451782,0.06712414161862497,-3.2986112,yahoo.com,China Sees War Iran 223241424,https://www.yahoo.com/news/articles/china-sees-war-iran-223241424.html,,
866,2026-03-20,2026-03-20 18:00:00+00:00,0.43662170193216454,0.5439951419830322,0.1145013817795616,-3.6761053,salon.com,Who Will Stop Trump On Iran,https://www.salon.com/2026/03/20/who-will-stop-trump-on-iran/,,
867,2026-03-23,2026-03-23 00:00:00+00:00,0.43657246640994274,0.5609532594680786,0.0634300872355352,-3.8277512,odnako.org,Trump Against Nato Cowardly Allies We Will Remember The Alliance Withdraws From Iraq Tehran Threatens Tourists Around The World,https://www.odnako.org/trump-against-nato-cowardly-allies-we-will-remember-the-alliance-withdraws-from-iraq-tehran-threatens-tourists-around-the-world/,,
868,2026-03-19,2026-03-19 16:00:00+00:00,0.4365583813425419,0.5612548589706421,0.062468948458241295,-3.2258065,investinglive.com,Trump He Thought Impact Of Iran Would Be Worse Will Be Over With Soon 20260319,https://investinglive.com:443/news/trump-he-thought-impact-of-iran-would-be-worse-will-be-over-with-soon-20260319/,,
869,2026-03-17,2026-03-17 13:00:00+00:00,0.43636343512211745,0.5432366728782654,0.11574372185367374,-3.961965,metro.co.uk,Will Take Trump End Nationwide Blackout Cuba 27487494,https://metro.co.uk/2026/03/17/will-take-trump-end-nationwide-blackout-cuba-27487494/,,
870,2026-03-06,2026-03-06 14:00:00+00:00,0.436354379052,0.5039578080177307,0.23354409215480776,3.4979424,globalsecurity.org,China 260305 Globaltimes05,https://www.globalsecurity.org/wmd/library/news/china/2026/03/china-260305-globaltimes05.htm,,
871,2026-03-16,2026-03-16 15:00:00+00:00,0.43615246243780265,0.5549066066741943,0.07989002972862763,1.25,investinglive.com,Trump Will Hold A News Conference Later Today 20260316,https://investinglive.com:443/news/trump-will-hold-a-news-conference-later-today-20260316/,,
872,2026-03-17,2026-03-17 19:00:00+00:00,0.43610709127055836,0.543074369430542,0.11520525679060734,-10.473588,techdirt.com,Trump Admininstration,https://www.techdirt.com/tag/trump-admininstration/,,
873,2026-03-09,2026-03-09 22:00:00+00:00,0.43610272283573914,0.5454543828964233,0.10804774265368648,-4.643963,spacewar.com,China Slams Taiwan Pm Visit To Japan 999,https://www.spacewar.com/reports/China_slams_Taiwan_PM_visit_to_Japan_999.html,,
874,2026-03-21,2026-03-21 00:00:00+00:00,0.4360022838062627,0.560569167137146,0.06230163381361283,-1.9390582,gcaptain.com,Trump Signals Endgame In Iran Says Hormuz Security Will Fall On Nations Who Use It,https://gcaptain.com/trump-signals-endgame-in-iran-says-hormuz-security-will-fall-on-nations-who-use-it/,,
875,2026-03-04,2026-03-04 11:00:00+00:00,0.4359516635618107,0.5561093091964722,0.07547872665782623,-4.3103447,hellenicshippingnews.com,Trump Says Us Will Provide Insurance Military Escort For Ships In Hormuz,https://www.hellenicshippingnews.com/trump-says-us-will-provide-insurance-military-escort-for-ships-in-hormuz/,,
876,2026-03-05,2026-03-05 21:00:00+00:00,0.43552097683818664,0.5534500479698181,0.08173376344329214,1.7699115,thenational.scot,25912766.Will Keir Starmer Now Stop Acting Donald Trumps Lapdog,https://www.thenational.scot/politics/25912766.will-keir-starmer-now-stop-acting-donald-trumps-lapdog/,,
877,2026-03-05,2026-03-05 22:00:00+00:00,0.43551810514852,0.5524091720581055,0.08484490441976375,-5.2941175,app.com.pk,China Has Intensified Its Mediation Work Will Send Special Envoy To Middle East Mao Ning,https://www.app.com.pk/foreign-correspondent/china-has-intensified-its-mediation-work-will-send-special-envoy-to-middle-east-mao-ning/,,
878,2026-03-23,2026-03-23 17:00:00+00:00,0.43551179599192474,0.557960033416748,0.06816708371745478,-5.0970874,moneycontrol.com,Trump On Control Over Hormuz It Will Be Jointly Managed By Ayatollah And Me Article 13868556,https://www.moneycontrol.com/world/trump-on-control-over-hormuz-it-will-be-jointly-managed-by-ayatollah-and-me-article-13868556.html,,
879,2026-03-05,2026-03-05 21:00:00+00:00,0.4355097521984238,0.4873908758163452,0.27986638134465947,3.1716418,qns.com,Ringling Bros Circus Ubs Arena Cohen Visit,https://qns.com/2026/03/ringling-bros-circus-ubs-arena-cohen-visit/,,
880,2026-03-06,2026-03-06 19:00:00+00:00,0.43545016070405296,0.5581635236740112,0.06731007179417807,3.836317,thetimes.com,Prince William Kate Us State Visit Trump G93Jzlbx5,https://www.thetimes.com/uk/royal-family/article/prince-william-kate-us-state-visit-trump-g93jzlbx5,,
881,2026-03-07,2026-03-07 15:00:00+00:00,0.4354047665379892,0.5508499145507812,0.08906932249961311,-1.5306122,scmp.com,Will Us Attack Iran Push North Korea Even Closer Russia And China,https://www.scmp.com/news/china/military/article/3345806/will-us-attack-iran-push-north-korea-even-closer-russia-and-china,,
882,2026-03-11,2026-03-11 21:00:00+00:00,0.43526639755832386,0.541953444480896,0.11520525679060734,-2.8915663,rawstory.com,Trump Reuters 2676083114,https://www.rawstory.com/trump-reuters-2676083114/,,
883,2026-03-10,2026-03-10 07:00:00+00:00,0.43524818289155615,0.5578967332839966,0.06730253171423493,2.4849398,thailand-business-news.com,Guangzhou Is Ranked The Top Investment Destination In China Followed By Shenzhen Shanghai And Beijing Amcham South China Reports,https://www.thailand-business-news.com/pr-news/guangzhou-is-ranked-the-top-investment-destination-in-china-followed-by-shenzhen-shanghai-and-beijing-amcham-south-china-reports,,
884,2026-03-18,2026-03-18 16:00:00+00:00,0.4352473538743181,0.5419280529022217,0.11520525679060734,-5.685619,alternet.org,Trump Corey Lewandowski,https://www.alternet.org/trump-corey-lewandowski/,,
885,2026-03-05,2026-03-05 12:00:00+00:00,0.4352289907430221,0.5503610372543335,0.0898328512090879,-5.532787,hawaiitribune-herald.com,Trump Wants Iranians To Rise Up Will They,https://www.hawaiitribune-herald.com/2026/03/05/opinion/trump-wants-iranians-to-rise-up-will-they/,,
886,2026-03-11,2026-03-11 23:00:00+00:00,0.43522133644687366,0.5418933629989624,0.11520525679060734,1.8427519,dailymail.co.uk,Margaret Cho Trump Apprentice Pursuit,https://www.dailymail.co.uk/tvshowbiz/article-15637231/margaret-cho-trump-apprentice-pursuit.html,,
887,2026-03-09,2026-03-09 18:00:00+00:00,0.43512593921291065,0.5417661666870117,0.11520525679060734,-4.797048,rawstory.com,Trump 2675926101,https://www.rawstory.com/trump-2675926101/,,
888,2026-03-14,2026-03-14 17:00:00+00:00,0.4349782361957409,0.5588186979293823,0.06345685099481665,0.0,al-monitor.com,Trump Says Many Countries Will Send Warships Keep Strait Hormuz Open,https://www.al-monitor.com/originals/2026/03/trump-says-many-countries-will-send-warships-keep-strait-hormuz-open,,
889,2026-03-04,2026-03-04 00:00:00+00:00,0.43496755477058124,0.5415549874305725,0.11520525679060734,-2.3809524,pauldavisoncrime.com,Trump%20Wars%20The%20Big%20One%20Is%20Coming,http://www.pauldavisoncrime.com/search/label/Trump%20wars%20the%20big%20one%20is%20coming,,
890,2026-03-19,2026-03-19 03:00:00+00:00,0.4348307450291437,0.5593562126159668,0.06125434226867442,-4.397906,eastlothiancourier.com,25949458.Donald Trump Says Us Will Retaliate Iran Attacks Qatar,https://www.eastlothiancourier.com/news/national/25949458.donald-trump-says-us-will-retaliate-iran-attacks-qatar/,,
891,2026-03-19,2026-03-19 05:00:00+00:00,0.4348307450291437,0.5593562126159668,0.06125434226867442,-4.397906,lancashiretelegraph.co.uk,25949458.Donald Trump Says Us Will Retaliate Iran Attacks Qatar,https://www.lancashiretelegraph.co.uk/news/national/25949458.donald-trump-says-us-will-retaliate-iran-attacks-qatar/,,
892,2026-03-19,2026-03-19 05:00:00+00:00,0.4348307450291437,0.5593562126159668,0.06125434226867442,-4.397906,clydebankpost.co.uk,25949458.Donald Trump Says Us Will Retaliate Iran Attacks Qatar,https://www.clydebankpost.co.uk/news/national/25949458.donald-trump-says-us-will-retaliate-iran-attacks-qatar/,,
893,2026-03-19,2026-03-19 04:00:00+00:00,0.4348307450291437,0.5593562126159668,0.06125434226867442,-4.397906,warringtonguardian.co.uk,25949458.Donald Trump Says Us Will Retaliate Iran Attacks Qatar,https://www.warringtonguardian.co.uk/news/national/25949458.donald-trump-says-us-will-retaliate-iran-attacks-qatar/,,
894,2026-03-19,2026-03-19 04:00:00+00:00,0.4348307450291437,0.5593562126159668,0.06125434226867442,-4.397906,bordertelegraph.com,25949458.Donald Trump Says Us Will Retaliate Iran Attacks Qatar,https://www.bordertelegraph.com/news/national/25949458.donald-trump-says-us-will-retaliate-iran-attacks-qatar/,,
895,2026-03-19,2026-03-19 04:00:00+00:00,0.4348307450291437,0.5593562126159668,0.06125434226867442,-4.397906,kidderminstershuttle.co.uk,25949458.Donald Trump Says Us Will Retaliate Iran Attacks Qatar,https://www.kidderminstershuttle.co.uk/news/national/25949458.donald-trump-says-us-will-retaliate-iran-attacks-qatar/,,
896,2026-03-19,2026-03-19 05:00:00+00:00,0.4348307450291437,0.5593562126159668,0.06125434226867442,-4.397906,stourbridgenews.co.uk,25949458.Donald Trump Says Us Will Retaliate Iran Attacks Qatar,https://www.stourbridgenews.co.uk/news/national/25949458.donald-trump-says-us-will-retaliate-iran-attacks-qatar/,,
897,2026-03-19,2026-03-19 04:00:00+00:00,0.4348307450291437,0.5593562126159668,0.06125434226867442,-4.397906,basingstokegazette.co.uk,25949458.Donald Trump Says Us Will Retaliate Iran Attacks Qatar,https://www.basingstokegazette.co.uk/news/national/25949458.donald-trump-says-us-will-retaliate-iran-attacks-qatar/,,
898,2026-03-19,2026-03-19 05:00:00+00:00,0.4348307450291437,0.5593562126159668,0.06125434226867442,-4.397906,hexham-courant.co.uk,25949458.Donald Trump Says Us Will Retaliate Iran Attacks Qatar,https://www.hexham-courant.co.uk/news/national/25949458.donald-trump-says-us-will-retaliate-iran-attacks-qatar/,,
899,2026-03-19,2026-03-19 04:00:00+00:00,0.4348307450291437,0.5593562126159668,0.06125434226867442,-4.397906,penarthtimes.co.uk,25949458.Donald Trump Says Us Will Retaliate Iran Attacks Qatar,https://www.penarthtimes.co.uk/news/national/25949458.donald-trump-says-us-will-retaliate-iran-attacks-qatar/,,
900,2026-03-19,2026-03-19 04:00:00+00:00,0.4348307450291437,0.5593562126159668,0.06125434226867442,-4.397906,clactonandfrintongazette.co.uk,25949458.Donald Trump Says Us Will Retaliate Iran Attacks Qatar,https://www.clactonandfrintongazette.co.uk/news/national/25949458.donald-trump-says-us-will-retaliate-iran-attacks-qatar/,,
901,2026-03-19,2026-03-19 04:00:00+00:00,0.4348307450291437,0.5593562126159668,0.06125434226867442,-4.397906,readingchronicle.co.uk,25949458.Donald Trump Says Us Will Retaliate Iran Attacks Qatar,https://www.readingchronicle.co.uk/news/national/25949458.donald-trump-says-us-will-retaliate-iran-attacks-qatar/,,
902,2026-03-19,2026-03-19 04:00:00+00:00,0.4348307450291437,0.5593562126159668,0.06125434226867442,-4.397906,bucksfreepress.co.uk,25949458.Donald Trump Says Us Will Retaliate Iran Attacks Qatar,https://www.bucksfreepress.co.uk/news/national/25949458.donald-trump-says-us-will-retaliate-iran-attacks-qatar/,,
903,2026-03-19,2026-03-19 04:00:00+00:00,0.4348307450291437,0.5593562126159668,0.06125434226867442,-4.397906,maldonandburnhamstandard.co.uk,25949458.Donald Trump Says Us Will Retaliate Iran Attacks Qatar,https://www.maldonandburnhamstandard.co.uk/news/national/25949458.donald-trump-says-us-will-retaliate-iran-attacks-qatar/,,
904,2026-03-19,2026-03-19 03:00:00+00:00,0.4348307450291437,0.5593562126159668,0.06125434226867442,-4.397906,gazetteandherald.co.uk,25949458.Donald Trump Says Us Will Retaliate Iran Attacks Qatar,https://www.gazetteandherald.co.uk/news/national/25949458.donald-trump-says-us-will-retaliate-iran-attacks-qatar/,,
905,2026-03-19,2026-03-19 04:00:00+00:00,0.4348307450291437,0.5593562126159668,0.06125434226867442,-4.397906,yourlocalguardian.co.uk,25949458.Donald Trump Says Us Will Retaliate Iran Attacks Qatar,https://www.yourlocalguardian.co.uk/news/national/25949458.donald-trump-says-us-will-retaliate-iran-attacks-qatar/,,
906,2026-03-19,2026-03-19 04:00:00+00:00,0.4348307450291437,0.5593562126159668,0.06125434226867442,-4.397906,dailyecho.co.uk,25949458.Donald Trump Says Us Will Retaliate Iran Attacks Qatar,https://www.dailyecho.co.uk/news/national/25949458.donald-trump-says-us-will-retaliate-iran-attacks-qatar/,,
907,2026-03-19,2026-03-19 03:00:00+00:00,0.4348307450291437,0.5593562126159668,0.06125434226867442,-4.397906,chardandilminsternews.co.uk,25949458.Donald Trump Says Us Will Retaliate Iran Attacks Qatar,https://www.chardandilminsternews.co.uk/news/national/25949458.donald-trump-says-us-will-retaliate-iran-attacks-qatar/,,
908,2026-03-19,2026-03-19 04:00:00+00:00,0.4348307450291437,0.5593562126159668,0.06125434226867442,-4.397906,hillingdontimes.co.uk,25949458.Donald Trump Says Us Will Retaliate Iran Attacks Qatar,https://www.hillingdontimes.co.uk/news/national/25949458.donald-trump-says-us-will-retaliate-iran-attacks-qatar/,,
909,2026-03-19,2026-03-19 04:00:00+00:00,0.4348307450291437,0.5593562126159668,0.06125434226867442,-4.397906,milfordmercury.co.uk,25949458.Donald Trump Says Us Will Retaliate Iran Attacks Qatar,https://www.milfordmercury.co.uk/news/national/25949458.donald-trump-says-us-will-retaliate-iran-attacks-qatar/,,
910,2026-03-19,2026-03-19 05:00:00+00:00,0.4348307450291437,0.5593562126159668,0.06125434226867442,-4.397906,wiltshiretimes.co.uk,25949458.Donald Trump Says Us Will Retaliate Iran Attacks Qatar,https://www.wiltshiretimes.co.uk/news/national/25949458.donald-trump-says-us-will-retaliate-iran-attacks-qatar/,,
911,2026-03-19,2026-03-19 05:00:00+00:00,0.4348307450291437,0.5593562126159668,0.06125434226867442,-4.317269,thisisoxfordshire.co.uk,25949458.Donald Trump Says Us Will Retaliate Iran Attacks Qatar,https://www.thisisoxfordshire.co.uk/news/national/25949458.donald-trump-says-us-will-retaliate-iran-attacks-qatar/,,
912,2026-03-19,2026-03-19 03:00:00+00:00,0.4348307450291437,0.5593562126159668,0.06125434226867442,-4.397906,borehamwoodtimes.co.uk,25949458.Donald Trump Says Us Will Retaliate Iran Attacks Qatar,https://www.borehamwoodtimes.co.uk/news/national/25949458.donald-trump-says-us-will-retaliate-iran-attacks-qatar/,,
913,2026-03-19,2026-03-19 04:00:00+00:00,0.4348307450291437,0.5593562126159668,0.06125434226867442,-4.397906,enfieldindependent.co.uk,25949458.Donald Trump Says Us Will Retaliate Iran Attacks Qatar,https://www.enfieldindependent.co.uk/news/national/25949458.donald-trump-says-us-will-retaliate-iran-attacks-qatar/,,
914,2026-03-19,2026-03-19 04:00:00+00:00,0.4348307450291437,0.5593562126159668,0.06125434226867442,-4.397906,hampshirechronicle.co.uk,25949458.Donald Trump Says Us Will Retaliate Iran Attacks Qatar,https://www.hampshirechronicle.co.uk/news/national/25949458.donald-trump-says-us-will-retaliate-iran-attacks-qatar/,,
915,2026-03-19,2026-03-19 04:00:00+00:00,0.4348307450291437,0.5593562126159668,0.06125434226867442,-4.397906,eadt.co.uk,25949458.Donald Trump Says Us Will Retaliate Iran Attacks Qatar,https://www.eadt.co.uk/news/national/25949458.donald-trump-says-us-will-retaliate-iran-attacks-qatar/,,
916,2026-03-19,2026-03-19 04:00:00+00:00,0.4348307450291437,0.5593562126159668,0.06125434226867442,-4.397906,darlingtonandstocktontimes.co.uk,25949458.Donald Trump Says Us Will Retaliate Iran Attacks Qatar,https://www.darlingtonandstocktontimes.co.uk/news/national/25949458.donald-trump-says-us-will-retaliate-iran-attacks-qatar/,,
917,2026-03-19,2026-03-19 04:00:00+00:00,0.4348307450291437,0.5593562126159668,0.06125434226867442,-4.397906,dudleynews.co.uk,25949458.Donald Trump Says Us Will Retaliate Iran Attacks Qatar,https://www.dudleynews.co.uk/news/national/25949458.donald-trump-says-us-will-retaliate-iran-attacks-qatar/,,
918,2026-03-19,2026-03-19 05:00:00+00:00,0.4348307450291437,0.5593562126159668,0.06125434226867442,-4.397906,wandsworthguardian.co.uk,25949458.Donald Trump Says Us Will Retaliate Iran Attacks Qatar,https://www.wandsworthguardian.co.uk/news/national/25949458.donald-trump-says-us-will-retaliate-iran-attacks-qatar/,,
919,2026-03-19,2026-03-19 04:00:00+00:00,0.4348307450291437,0.5593562126159668,0.06125434226867442,-4.397906,watfordobserver.co.uk,25949458.Donald Trump Says Us Will Retaliate Iran Attacks Qatar,https://www.watfordobserver.co.uk/news/national/25949458.donald-trump-says-us-will-retaliate-iran-attacks-qatar/,,
920,2026-03-19,2026-03-19 04:00:00+00:00,0.4348307450291437,0.5593562126159668,0.06125434226867442,-4.397906,oxfordmail.co.uk,25949458.Donald Trump Says Us Will Retaliate Iran Attacks Qatar,https://www.oxfordmail.co.uk/news/national/25949458.donald-trump-says-us-will-retaliate-iran-attacks-qatar/,,
921,2026-03-19,2026-03-19 05:00:00+00:00,0.4348307450291437,0.5593562126159668,0.06125434226867442,-4.317269,tivysideadvertiser.co.uk,25949458.Donald Trump Says Us Will Retaliate Iran Attacks Qatar,https://www.tivysideadvertiser.co.uk/news/national/25949458.donald-trump-says-us-will-retaliate-iran-attacks-qatar/,,
922,2026-03-19,2026-03-19 05:00:00+00:00,0.4348307450291437,0.5593562126159668,0.06125434226867442,-4.317269,chesterstandard.co.uk,25949458.Donald Trump Says Us Will Retaliate Iran Attacks Qatar,https://www.chesterstandard.co.uk/news/national/25949458.donald-trump-says-us-will-retaliate-iran-attacks-qatar/,,
923,2026-03-19,2026-03-19 04:00:00+00:00,0.4348307450291437,0.5593562126159668,0.06125434226867442,-4.397906,stroudnewsandjournal.co.uk,25949458.Donald Trump Says Us Will Retaliate Iran Attacks Qatar,https://www.stroudnewsandjournal.co.uk/news/national/25949458.donald-trump-says-us-will-retaliate-iran-attacks-qatar/,,
924,2026-03-19,2026-03-19 05:00:00+00:00,0.4348307450291437,0.5593562126159668,0.06125434226867442,-4.317269,chelmsfordweeklynews.co.uk,25949458.Donald Trump Says Us Will Retaliate Iran Attacks Qatar,https://www.chelmsfordweeklynews.co.uk/news/national/25949458.donald-trump-says-us-will-retaliate-iran-attacks-qatar/,,
925,2026-03-19,2026-03-19 05:00:00+00:00,0.4348307450291437,0.5593562126159668,0.06125434226867442,-4.317269,eppingforestguardian.co.uk,25949458.Donald Trump Says Us Will Retaliate Iran Attacks Qatar,https://www.eppingforestguardian.co.uk/news/national/25949458.donald-trump-says-us-will-retaliate-iran-attacks-qatar/,,
926,2026-03-19,2026-03-19 05:00:00+00:00,0.4348307450291437,0.5593562126159668,0.06125434226867442,-4.317269,hamhigh.co.uk,25949458.Donald Trump Says Us Will Retaliate Iran Attacks Qatar,https://www.hamhigh.co.uk/news/national/25949458.donald-trump-says-us-will-retaliate-iran-attacks-qatar/,,
927,2026-03-19,2026-03-19 05:00:00+00:00,0.4348307450291437,0.5593562126159668,0.06125434226867442,-4.317269,asianimage.co.uk,25949458.Donald Trump Says Us Will Retaliate Iran Attacks Qatar,https://www.asianimage.co.uk/news/national/25949458.donald-trump-says-us-will-retaliate-iran-attacks-qatar/,,
928,2026-03-19,2026-03-19 04:00:00+00:00,0.4348307450291437,0.5593562126159668,0.06125434226867442,-4.397906,rhyljournal.co.uk,25949458.Donald Trump Says Us Will Retaliate Iran Attacks Qatar,https://www.rhyljournal.co.uk/news/national/25949458.donald-trump-says-us-will-retaliate-iran-attacks-qatar/,,
929,2026-03-19,2026-03-19 05:00:00+00:00,0.4348307450291437,0.5593562126159668,0.06125434226867442,-4.317269,thetelegraphandargus.co.uk,25949458.Donald Trump Says Us Will Retaliate Iran Attacks Qatar,https://www.thetelegraphandargus.co.uk/news/national/25949458.donald-trump-says-us-will-retaliate-iran-attacks-qatar/,,
930,2026-03-19,2026-03-19 05:00:00+00:00,0.4348307450291437,0.5593562126159668,0.06125434226867442,-4.397906,dunfermlinepress.com,25949458.Donald Trump Says Us Will Retaliate Iran Attacks Qatar,https://www.dunfermlinepress.com/news/national/25949458.donald-trump-says-us-will-retaliate-iran-attacks-qatar/,,
931,2026-03-19,2026-03-19 05:00:00+00:00,0.4348307450291437,0.5593562126159668,0.06125434226867442,-4.397906,ipswichstar.co.uk,25949458.Donald Trump Says Us Will Retaliate Iran Attacks Qatar,https://www.ipswichstar.co.uk/news/national/25949458.donald-trump-says-us-will-retaliate-iran-attacks-qatar/,,
932,2026-03-19,2026-03-19 05:00:00+00:00,0.4348307450291437,0.5593562126159668,0.06125434226867442,-4.397906,leighjournal.co.uk,25949458.Donald Trump Says Us Will Retaliate Iran Attacks Qatar,https://www.leighjournal.co.uk/news/national/25949458.donald-trump-says-us-will-retaliate-iran-attacks-qatar/,,
933,2026-03-19,2026-03-19 05:00:00+00:00,0.4348307450291437,0.5593562126159668,0.06125434226867442,-4.397906,keighleynews.co.uk,25949458.Donald Trump Says Us Will Retaliate Iran Attacks Qatar,https://www.keighleynews.co.uk/news/national/25949458.donald-trump-says-us-will-retaliate-iran-attacks-qatar/,,
934,2026-03-19,2026-03-19 05:00:00+00:00,0.4348307450291437,0.5593562126159668,0.06125434226867442,-4.397906,falmouthpacket.co.uk,25949458.Donald Trump Says Us Will Retaliate Iran Attacks Qatar,https://www.falmouthpacket.co.uk/news/national/25949458.donald-trump-says-us-will-retaliate-iran-attacks-qatar/,,
935,2026-03-19,2026-03-19 04:00:00+00:00,0.4348307450291437,0.5593562126159668,0.06125434226867442,-4.397906,thewestmorlandgazette.co.uk,25949458.Donald Trump Says Us Will Retaliate Iran Attacks Qatar,https://www.thewestmorlandgazette.co.uk/news/national/25949458.donald-trump-says-us-will-retaliate-iran-attacks-qatar/,,
936,2026-03-19,2026-03-19 03:00:00+00:00,0.4348307450291437,0.5593562126159668,0.06125434226867442,-4.397906,somersetcountygazette.co.uk,25949458.Donald Trump Says Us Will Retaliate Iran Attacks Qatar,https://www.somersetcountygazette.co.uk/news/national/25949458.donald-trump-says-us-will-retaliate-iran-attacks-qatar/,,
937,2026-03-19,2026-03-19 04:00:00+00:00,0.4348307450291437,0.5593562126159668,0.06125434226867442,-4.397906,northwichguardian.co.uk,25949458.Donald Trump Says Us Will Retaliate Iran Attacks Qatar,https://www.northwichguardian.co.uk/news/national/25949458.donald-trump-says-us-will-retaliate-iran-attacks-qatar/,,
938,2026-03-19,2026-03-19 04:00:00+00:00,0.4348307450291437,0.5593562126159668,0.06125434226867442,-4.397906,surreycomet.co.uk,25949458.Donald Trump Says Us Will Retaliate Iran Attacks Qatar,https://www.surreycomet.co.uk/news/national/25949458.donald-trump-says-us-will-retaliate-iran-attacks-qatar/,,
939,2026-03-19,2026-03-19 05:00:00+00:00,0.4348307450291437,0.5593562126159668,0.06125434226867442,-4.317269,brentwoodlive.co.uk,25949458.Donald Trump Says Us Will Retaliate Iran Attacks Qatar,https://www.brentwoodlive.co.uk/news/national/25949458.donald-trump-says-us-will-retaliate-iran-attacks-qatar/,,
940,2026-03-19,2026-03-19 04:00:00+00:00,0.4348307450291437,0.5593562126159668,0.06125434226867442,-4.397906,halesowennews.co.uk,25949458.Donald Trump Says Us Will Retaliate Iran Attacks Qatar,https://www.halesowennews.co.uk/news/national/25949458.donald-trump-says-us-will-retaliate-iran-attacks-qatar/,,
941,2026-03-19,2026-03-19 04:00:00+00:00,0.4348307450291437,0.5593562126159668,0.06125434226867442,-4.397906,thewestonmercury.co.uk,25949458.Donald Trump Says Us Will Retaliate Iran Attacks Qatar,https://www.thewestonmercury.co.uk/news/national/25949458.donald-trump-says-us-will-retaliate-iran-attacks-qatar/,,
942,2026-03-19,2026-03-19 06:00:00+00:00,0.4348307450291437,0.5593562126159668,0.06125434226867442,-4.317269,impartialreporter.com,25949458.Donald Trump Says Us Will Retaliate Iran Attacks Qatar,https://www.impartialreporter.com/news/national/25949458.donald-trump-says-us-will-retaliate-iran-attacks-qatar/,,
943,2026-03-19,2026-03-19 03:00:00+00:00,0.4348307450291437,0.5593562126159668,0.06125434226867442,-4.397906,edp24.co.uk,25949458.Donald Trump Says Us Will Retaliate Iran Attacks Qatar,https://www.edp24.co.uk/news/national/25949458.donald-trump-says-us-will-retaliate-iran-attacks-qatar/,,
944,2026-03-19,2026-03-19 04:00:00+00:00,0.4348307450291437,0.5593562126159668,0.06125434226867442,-4.397906,northwalespioneer.co.uk,25949458.Donald Trump Says Us Will Retaliate Iran Attacks Qatar,https://www.northwalespioneer.co.uk/news/national/25949458.donald-trump-says-us-will-retaliate-iran-attacks-qatar/,,
945,2026-03-19,2026-03-19 03:00:00+00:00,0.4348307450291437,0.5593562126159668,0.06125434226867442,-4.397906,london-now.co.uk,25949458.Donald Trump Says Us Will Retaliate Iran Attacks Qatar,https://www.london-now.co.uk/news/national/25949458.donald-trump-says-us-will-retaliate-iran-attacks-qatar/,,
946,2026-03-19,2026-03-19 04:00:00+00:00,0.4348307450291437,0.5593562126159668,0.06125434226867442,-4.397906,southwalesargus.co.uk,25949458.Donald Trump Says Us Will Retaliate Iran Attacks Qatar,https://www.southwalesargus.co.uk/news/national/25949458.donald-trump-says-us-will-retaliate-iran-attacks-qatar/,,
947,2026-03-19,2026-03-19 05:00:00+00:00,0.4348307450291437,0.5593562126159668,0.06125434226867442,-4.397906,wimbledonguardian.co.uk,25949458.Donald Trump Says Us Will Retaliate Iran Attacks Qatar,https://www.wimbledonguardian.co.uk/news/national/25949458.donald-trump-says-us-will-retaliate-iran-attacks-qatar/,,
948,2026-03-19,2026-03-19 05:00:00+00:00,0.4348307450291437,0.5593562126159668,0.06125434226867442,-4.317269,wiltsglosstandard.co.uk,25949458.Donald Trump Says Us Will Retaliate Iran Attacks Qatar,https://www.wiltsglosstandard.co.uk/news/national/25949458.donald-trump-says-us-will-retaliate-iran-attacks-qatar/,,
949,2026-03-19,2026-03-19 05:00:00+00:00,0.4348307450291437,0.5593562126159668,0.06125434226867442,-4.317269,glasgowtimes.co.uk,25949458.Donald Trump Says Us Will Retaliate Iran Attacks Qatar,https://www.glasgowtimes.co.uk/news/national/25949458.donald-trump-says-us-will-retaliate-iran-attacks-qatar/,,
950,2026-03-19,2026-03-19 04:00:00+00:00,0.4348307450291437,0.5593562126159668,0.06125434226867442,-4.397906,heraldseries.co.uk,25949458.Donald Trump Says Us Will Retaliate Iran Attacks Qatar,https://www.heraldseries.co.uk/news/national/25949458.donald-trump-says-us-will-retaliate-iran-attacks-qatar/,,
951,2026-03-19,2026-03-19 04:00:00+00:00,0.4348307450291437,0.5593562126159668,0.06125434226867442,-4.397906,irvinetimes.com,25949458.Donald Trump Says Us Will Retaliate Iran Attacks Qatar,https://www.irvinetimes.com/news/national/25949458.donald-trump-says-us-will-retaliate-iran-attacks-qatar/,,
952,2026-03-19,2026-03-19 05:00:00+00:00,0.4348307450291437,0.5593562126159668,0.06125434226867442,-4.317269,timesandstar.co.uk,25949458.Donald Trump Says Us Will Retaliate Iran Attacks Qatar,https://www.timesandstar.co.uk/news/national/25949458.donald-trump-says-us-will-retaliate-iran-attacks-qatar/,,
953,2026-03-19,2026-03-19 04:00:00+00:00,0.4348307450291437,0.5593562126159668,0.06125434226867442,-4.397906,guardian-series.co.uk,25949458.Donald Trump Says Us Will Retaliate Iran Attacks Qatar,https://www.guardian-series.co.uk/news/national/25949458.donald-trump-says-us-will-retaliate-iran-attacks-qatar/,,
954,2026-03-19,2026-03-19 06:00:00+00:00,0.4348307450291437,0.5593562126159668,0.06125434226867442,-4.317269,bridgwatermercury.co.uk,25949458.Donald Trump Says Us Will Retaliate Iran Attacks Qatar,https://www.bridgwatermercury.co.uk/news/national/25949458.donald-trump-says-us-will-retaliate-iran-attacks-qatar/,,
955,2026-03-19,2026-03-19 06:00:00+00:00,0.4348307450291437,0.5593562126159668,0.06125434226867442,-4.317269,countypress.co.uk,25949458.Donald Trump Says Us Will Retaliate Iran Attacks Qatar,https://www.countypress.co.uk/news/national/25949458.donald-trump-says-us-will-retaliate-iran-attacks-qatar/,,
956,2026-03-19,2026-03-19 06:00:00+00:00,0.4348307450291437,0.5593562126159668,0.06125434226867442,-4.317269,thurrockgazette.co.uk,25949458.Donald Trump Says Us Will Retaliate Iran Attacks Qatar,https://www.thurrockgazette.co.uk/news/national/25949458.donald-trump-says-us-will-retaliate-iran-attacks-qatar/,,
957,2026-03-19,2026-03-19 06:00:00+00:00,0.4348307450291437,0.5593562126159668,0.06125434226867442,-4.317269,leaderlive.co.uk,25949458.Donald Trump Says Us Will Retaliate Iran Attacks Qatar,https://www.leaderlive.co.uk/news/national/25949458.donald-trump-says-us-will-retaliate-iran-attacks-qatar/,,
958,2026-03-19,2026-03-19 08:00:00+00:00,0.4348307450291437,0.5593562126159668,0.06125434226867442,-4.317269,thisiswiltshire.co.uk,25949458.Donald Trump Says Us Will Retaliate Iran Attacks Qatar,https://www.thisiswiltshire.co.uk/news/national/25949458.donald-trump-says-us-will-retaliate-iran-attacks-qatar/,,
959,2026-03-19,2026-03-19 08:00:00+00:00,0.4348307450291437,0.5593562126159668,0.06125434226867442,-4.317269,runcornandwidnesworld.co.uk,25949458.Donald Trump Says Us Will Retaliate Iran Attacks Qatar,https://www.runcornandwidnesworld.co.uk/news/national/25949458.donald-trump-says-us-will-retaliate-iran-attacks-qatar/,,
960,2026-03-19,2026-03-19 08:00:00+00:00,0.4348307450291437,0.5593562126159668,0.06125434226867442,-4.317269,richmondandtwickenhamtimes.co.uk,25949458.Donald Trump Says Us Will Retaliate Iran Attacks Qatar,https://www.richmondandtwickenhamtimes.co.uk/news/national/25949458.donald-trump-says-us-will-retaliate-iran-attacks-qatar/,,
961,2026-03-19,2026-03-19 07:00:00+00:00,0.4348307450291437,0.5593562126159668,0.06125434226867442,-4.317269,ealingtimes.co.uk,25949458.Donald Trump Says Us Will Retaliate Iran Attacks Qatar,https://www.ealingtimes.co.uk/news/national/25949458.donald-trump-says-us-will-retaliate-iran-attacks-qatar/,,
962,2026-03-19,2026-03-19 07:00:00+00:00,0.4348307450291437,0.5593562126159668,0.06125434226867442,-4.317269,peeblesshirenews.com,25949458.Donald Trump Says Us Will Retaliate Iran Attacks Qatar,https://www.peeblesshirenews.com/news/national/25949458.donald-trump-says-us-will-retaliate-iran-attacks-qatar/,,
963,2026-03-19,2026-03-19 08:00:00+00:00,0.4348307450291437,0.5593562126159668,0.06125434226867442,-4.317269,newsshopper.co.uk,25949458.Donald Trump Says Us Will Retaliate Iran Attacks Qatar,https://www.newsshopper.co.uk/news/national/25949458.donald-trump-says-us-will-retaliate-iran-attacks-qatar/,,
964,2026-03-19,2026-03-19 07:00:00+00:00,0.4348307450291437,0.5593562126159668,0.06125434226867442,-4.317269,salisburyjournal.co.uk,25949458.Donald Trump Says Us Will Retaliate Iran Attacks Qatar,https://www.salisburyjournal.co.uk/news/national/25949458.donald-trump-says-us-will-retaliate-iran-attacks-qatar/,,
965,2026-03-19,2026-03-19 07:00:00+00:00,0.4348307450291437,0.5593562126159668,0.06125434226867442,-4.317269,yorkpress.co.uk,25949458.Donald Trump Says Us Will Retaliate Iran Attacks Qatar,https://www.yorkpress.co.uk/news/national/25949458.donald-trump-says-us-will-retaliate-iran-attacks-qatar/,,
966,2026-03-19,2026-03-19 06:00:00+00:00,0.4348307450291437,0.5593562126159668,0.06125434226867442,-4.317269,theboltonnews.co.uk,25949458.Donald Trump Says Us Will Retaliate Iran Attacks Qatar,https://www.theboltonnews.co.uk/news/national/25949458.donald-trump-says-us-will-retaliate-iran-attacks-qatar/,,
967,2026-03-19,2026-03-19 06:00:00+00:00,0.4348307450291437,0.5593562126159668,0.06125434226867442,-4.317269,southwalesguardian.co.uk,25949458.Donald Trump Says Us Will Retaliate Iran Attacks Qatar,https://www.southwalesguardian.co.uk/news/national/25949458.donald-trump-says-us-will-retaliate-iran-attacks-qatar/,,
968,2026-03-19,2026-03-19 07:00:00+00:00,0.4348307450291437,0.5593562126159668,0.06125434226867442,-4.317269,freepressseries.co.uk,25949458.Donald Trump Says Us Will Retaliate Iran Attacks Qatar,https://www.freepressseries.co.uk/news/national/25949458.donald-trump-says-us-will-retaliate-iran-attacks-qatar/,,
969,2026-03-19,2026-03-19 06:00:00+00:00,0.4348307450291437,0.5593562126159668,0.06125434226867442,-4.317269,nwemail.co.uk,25949458.Donald Trump Says Us Will Retaliate Iran Attacks Qatar,https://www.nwemail.co.uk/news/national/25949458.donald-trump-says-us-will-retaliate-iran-attacks-qatar/,,
970,2026-03-19,2026-03-19 07:00:00+00:00,0.4348307450291437,0.5593562126159668,0.06125434226867442,-4.317269,cravenherald.co.uk,25949458.Donald Trump Says Us Will Retaliate Iran Attacks Qatar,https://www.cravenherald.co.uk/news/national/25949458.donald-trump-says-us-will-retaliate-iran-attacks-qatar/,,
971,2026-03-19,2026-03-19 06:00:00+00:00,0.4348307450291437,0.5593562126159668,0.06125434226867442,-4.317269,bournemouthecho.co.uk,25949458.Donald Trump Says Us Will Retaliate Iran Attacks Qatar,https://www.bournemouthecho.co.uk/news/national/25949458.donald-trump-says-us-will-retaliate-iran-attacks-qatar/,,
972,2026-03-19,2026-03-19 07:00:00+00:00,0.4348307450291437,0.5593562126159668,0.06125434226867442,-4.317269,wharfedaleobserver.co.uk,25949458.Donald Trump Says Us Will Retaliate Iran Attacks Qatar,https://www.wharfedaleobserver.co.uk/news/national/25949458.donald-trump-says-us-will-retaliate-iran-attacks-qatar/,,
973,2026-03-19,2026-03-19 06:00:00+00:00,0.4348307450291437,0.5593562126159668,0.06125434226867442,-4.317269,burytimes.co.uk,25949458.Donald Trump Says Us Will Retaliate Iran Attacks Qatar,https://www.burytimes.co.uk/news/national/25949458.donald-trump-says-us-will-retaliate-iran-attacks-qatar/,,
974,2026-03-19,2026-03-19 07:00:00+00:00,0.4348307450291437,0.5593562126159668,0.06125434226867442,-4.317269,gazette-news.co.uk,25949458.Donald Trump Says Us Will Retaliate Iran Attacks Qatar,https://www.gazette-news.co.uk/news/national/25949458.donald-trump-says-us-will-retaliate-iran-attacks-qatar/,,
975,2026-03-19,2026-03-19 06:00:00+00:00,0.4348307450291437,0.5593562126159668,0.06125434226867442,-4.317269,ledburyreporter.co.uk,25949458.Donald Trump Says Us Will Retaliate Iran Attacks Qatar,https://www.ledburyreporter.co.uk/news/national/25949458.donald-trump-says-us-will-retaliate-iran-attacks-qatar/,,
976,2026-03-19,2026-03-19 06:00:00+00:00,0.4348307450291437,0.5593562126159668,0.06125434226867442,-4.317269,harwichandmanningtreestandard.co.uk,25949458.Donald Trump Says Us Will Retaliate Iran Attacks Qatar,https://www.harwichandmanningtreestandard.co.uk/news/national/25949458.donald-trump-says-us-will-retaliate-iran-attacks-qatar/,,
977,2026-03-19,2026-03-19 06:00:00+00:00,0.4348307450291437,0.5593562126159668,0.06125434226867442,-4.317269,times-series.co.uk,25949458.Donald Trump Says Us Will Retaliate Iran Attacks Qatar,https://www.times-series.co.uk/news/national/25949458.donald-trump-says-us-will-retaliate-iran-attacks-qatar/,,
978,2026-03-19,2026-03-19 06:00:00+00:00,0.4348307450291437,0.5593562126159668,0.06125434226867442,-4.317269,whtimes.co.uk,25949458.Donald Trump Says Us Will Retaliate Iran Attacks Qatar,https://www.whtimes.co.uk/news/national/25949458.donald-trump-says-us-will-retaliate-iran-attacks-qatar/,,
979,2026-03-19,2026-03-19 06:00:00+00:00,0.4348307450291437,0.5593562126159668,0.06125434226867442,-4.317269,halsteadgazette.co.uk,25949458.Donald Trump Says Us Will Retaliate Iran Attacks Qatar,https://www.halsteadgazette.co.uk/news/national/25949458.donald-trump-says-us-will-retaliate-iran-attacks-qatar/,,
980,2026-03-19,2026-03-19 06:00:00+00:00,0.4348307450291437,0.5593562126159668,0.06125434226867442,-4.317269,westerntelegraph.co.uk,25949458.Donald Trump Says Us Will Retaliate Iran Attacks Qatar,https://www.westerntelegraph.co.uk/news/national/25949458.donald-trump-says-us-will-retaliate-iran-attacks-qatar/,,
981,2026-03-19,2026-03-19 06:00:00+00:00,0.4348307450291437,0.5593562126159668,0.06125434226867442,-4.317269,echo-news.co.uk,25949458.Donald Trump Says Us Will Retaliate Iran Attacks Qatar,https://www.echo-news.co.uk/news/national/25949458.donald-trump-says-us-will-retaliate-iran-attacks-qatar/,,
982,2026-03-19,2026-03-19 06:00:00+00:00,0.4348307450291437,0.5593562126159668,0.06125434226867442,-4.317269,ludlowadvertiser.co.uk,25949458.Donald Trump Says Us Will Retaliate Iran Attacks Qatar,https://www.ludlowadvertiser.co.uk/news/national/25949458.donald-trump-says-us-will-retaliate-iran-attacks-qatar/,,
983,2026-03-19,2026-03-19 04:00:00+00:00,0.4348307450291437,0.5593562126159668,0.06125434226867442,-4.397906,northwaleschronicle.co.uk,25949458.Donald Trump Says Us Will Retaliate Iran Attacks Qatar,https://www.northwaleschronicle.co.uk/news/national/25949458.donald-trump-says-us-will-retaliate-iran-attacks-qatar/,,
984,2026-03-19,2026-03-19 07:00:00+00:00,0.4348307450291437,0.5593562126159668,0.06125434226867442,-4.317269,bromsgroveadvertiser.co.uk,25949458.Donald Trump Says Us Will Retaliate Iran Attacks Qatar,https://www.bromsgroveadvertiser.co.uk/news/national/25949458.donald-trump-says-us-will-retaliate-iran-attacks-qatar/,,
985,2026-03-19,2026-03-19 05:00:00+00:00,0.4348307450291437,0.5593562126159668,0.06125434226867442,-4.317269,eveshamjournal.co.uk,25949458.Donald Trump Says Us Will Retaliate Iran Attacks Qatar,https://www.eveshamjournal.co.uk/news/national/25949458.donald-trump-says-us-will-retaliate-iran-attacks-qatar/,,
986,2026-03-19,2026-03-19 07:00:00+00:00,0.4348307450291437,0.5593562126159668,0.06125434226867442,-4.317269,thenorthernecho.co.uk,25949458.Donald Trump Says Us Will Retaliate Iran Attacks Qatar,https://www.thenorthernecho.co.uk/news/national/25949458.donald-trump-says-us-will-retaliate-iran-attacks-qatar/,,
987,2026-03-19,2026-03-19 07:00:00+00:00,0.4348307450291437,0.5593562126159668,0.06125434226867442,-4.317269,braintreeandwithamtimes.co.uk,25949458.Donald Trump Says Us Will Retaliate Iran Attacks Qatar,https://www.braintreeandwithamtimes.co.uk/news/national/25949458.donald-trump-says-us-will-retaliate-iran-attacks-qatar/,,
988,2026-03-19,2026-03-19 05:00:00+00:00,0.4348307450291437,0.5593562126159668,0.06125434226867442,-4.397906,dorsetecho.co.uk,25949458.Donald Trump Says Us Will Retaliate Iran Attacks Qatar,https://www.dorsetecho.co.uk/news/national/25949458.donald-trump-says-us-will-retaliate-iran-attacks-qatar/,,
989,2026-03-19,2026-03-19 07:00:00+00:00,0.4348307450291437,0.5593562126159668,0.06125434226867442,-4.317269,swindonadvertiser.co.uk,25949458.Donald Trump Says Us Will Retaliate Iran Attacks Qatar,https://www.swindonadvertiser.co.uk/news/national/25949458.donald-trump-says-us-will-retaliate-iran-attacks-qatar/,,
990,2026-03-19,2026-03-19 05:00:00+00:00,0.4348307450291437,0.5593562126159668,0.06125434226867442,-4.317269,bracknellnews.co.uk,25949458.Donald Trump Says Us Will Retaliate Iran Attacks Qatar,https://www.bracknellnews.co.uk/news/national/25949458.donald-trump-says-us-will-retaliate-iran-attacks-qatar/,,
991,2026-03-19,2026-03-19 06:00:00+00:00,0.4348307450291437,0.5593562126159668,0.06125434226867442,-4.317269,bridportnews.co.uk,25949458.Donald Trump Says Us Will Retaliate Iran Attacks Qatar,https://www.bridportnews.co.uk/news/national/25949458.donald-trump-says-us-will-retaliate-iran-attacks-qatar/,,
992,2026-03-19,2026-03-19 06:00:00+00:00,0.4348307450291437,0.5593562126159668,0.06125434226867442,-4.317269,gazetteseries.co.uk,25949458.Donald Trump Says Us Will Retaliate Iran Attacks Qatar,https://www.gazetteseries.co.uk/news/national/25949458.donald-trump-says-us-will-retaliate-iran-attacks-qatar/,,
993,2026-03-19,2026-03-19 08:00:00+00:00,0.4348307450291437,0.5593562126159668,0.06125434226867442,-4.317269,kilburntimes.co.uk,25949458.Donald Trump Says Us Will Retaliate Iran Attacks Qatar,https://www.kilburntimes.co.uk/news/national/25949458.donald-trump-says-us-will-retaliate-iran-attacks-qatar/,,
994,2026-03-19,2026-03-19 06:00:00+00:00,0.4348307450291437,0.5593562126159668,0.06125434226867442,-4.317269,countytimes.co.uk,25949458.Donald Trump Says Us Will Retaliate Iran Attacks Qatar,https://www.countytimes.co.uk/news/national/25949458.donald-trump-says-us-will-retaliate-iran-attacks-qatar/,,
995,2026-03-19,2026-03-19 08:00:00+00:00,0.4348307450291437,0.5593562126159668,0.06125434226867442,-4.317269,gazetteherald.co.uk,25949458.Donald Trump Says Us Will Retaliate Iran Attacks Qatar,https://www.gazetteherald.co.uk/news/national/25949458.donald-trump-says-us-will-retaliate-iran-attacks-qatar/,,
996,2026-03-19,2026-03-19 08:00:00+00:00,0.4348307450291437,0.5593562126159668,0.06125434226867442,-4.317269,barryanddistrictnews.co.uk,25949458.Donald Trump Says Us Will Retaliate Iran Attacks Qatar,https://www.barryanddistrictnews.co.uk/news/national/25949458.donald-trump-says-us-will-retaliate-iran-attacks-qatar/,,
997,2026-03-19,2026-03-19 05:00:00+00:00,0.4348307450291437,0.5593562126159668,0.06125434226867442,-4.397906,wirralglobe.co.uk,25949458.Donald Trump Says Us Will Retaliate Iran Attacks Qatar,https://www.wirralglobe.co.uk/news/national/25949458.donald-trump-says-us-will-retaliate-iran-attacks-qatar/,,
998,2026-03-19,2026-03-19 08:00:00+00:00,0.4348307450291437,0.5593562126159668,0.06125434226867442,-4.317269,harrowtimes.co.uk,25949458.Donald Trump Says Us Will Retaliate Iran Attacks Qatar,https://www.harrowtimes.co.uk/news/national/25949458.donald-trump-says-us-will-retaliate-iran-attacks-qatar/,,
999,2026-03-19,2026-03-19 07:00:00+00:00,0.4348307450291437,0.5593562126159668,0.06125434226867442,-4.317269,andoveradvertiser.co.uk,25949458.Donald Trump Says Us Will Retaliate Iran Attacks Qatar,https://www.andoveradvertiser.co.uk/news/national/25949458.donald-trump-says-us-will-retaliate-iran-attacks-qatar/,,
1000,2026-03-19,2026-03-19 06:00:00+00:00,0.4348307450291437,0.5593562126159668,0.06125434226867442,-4.317269,witneygazette.co.uk,25949458.Donald Trump Says Us Will Retaliate Iran Attacks Qatar,https://www.witneygazette.co.uk/news/national/25949458.donald-trump-says-us-will-retaliate-iran-attacks-qatar/,,
1001,2026-03-19,2026-03-19 06:00:00+00:00,0.4348307450291437,0.5593562126159668,0.06125434226867442,-4.317269,malverngazette.co.uk,25949458.Donald Trump Says Us Will Retaliate Iran Attacks Qatar,https://www.malverngazette.co.uk/news/national/25949458.donald-trump-says-us-will-retaliate-iran-attacks-qatar/,,
1002,2026-03-19,2026-03-19 07:00:00+00:00,0.4348307450291437,0.5593562126159668,0.06125434226867442,-4.317269,eveningnews24.co.uk,25949458.Donald Trump Says Us Will Retaliate Iran Attacks Qatar,https://www.eveningnews24.co.uk/news/national/25949458.donald-trump-says-us-will-retaliate-iran-attacks-qatar/,,
1003,2026-03-19,2026-03-19 08:00:00+00:00,0.4348307450291437,0.5593562126159668,0.06125434226867442,-4.317269,newsandstar.co.uk,25949458.Donald Trump Says Us Will Retaliate Iran Attacks Qatar,https://www.newsandstar.co.uk/news/national/25949458.donald-trump-says-us-will-retaliate-iran-attacks-qatar/,,
1004,2026-03-19,2026-03-19 08:00:00+00:00,0.4348307450291437,0.5593562126159668,0.06125434226867442,-4.317269,dumbartonreporter.co.uk,25949458.Donald Trump Says Us Will Retaliate Iran Attacks Qatar,https://www.dumbartonreporter.co.uk/news/national/25949458.donald-trump-says-us-will-retaliate-iran-attacks-qatar/,,
1005,2026-03-19,2026-03-19 07:00:00+00:00,0.4348307450291437,0.5593562126159668,0.06125434226867442,-4.317269,redditchadvertiser.co.uk,25949458.Donald Trump Says Us Will Retaliate Iran Attacks Qatar,https://www.redditchadvertiser.co.uk/news/national/25949458.donald-trump-says-us-will-retaliate-iran-attacks-qatar/,,
1006,2026-03-19,2026-03-19 06:00:00+00:00,0.4348307450291437,0.5593562126159668,0.06125434226867442,-4.317269,sloughobserver.co.uk,25949458.Donald Trump Says Us Will Retaliate Iran Attacks Qatar,https://www.sloughobserver.co.uk/news/national/25949458.donald-trump-says-us-will-retaliate-iran-attacks-qatar/,,
1007,2026-03-19,2026-03-19 07:00:00+00:00,0.4348307450291437,0.5593562126159668,0.06125434226867442,-4.317269,messengernewspapers.co.uk,25949458.Donald Trump Says Us Will Retaliate Iran Attacks Qatar,https://www.messengernewspapers.co.uk/news/national/25949458.donald-trump-says-us-will-retaliate-iran-attacks-qatar/,,
1008,2026-03-19,2026-03-19 07:00:00+00:00,0.4348307450291437,0.5593562126159668,0.06125434226867442,-4.317269,denbighshirefreepress.co.uk,25949458.Donald Trump Says Us Will Retaliate Iran Attacks Qatar,https://www.denbighshirefreepress.co.uk/news/national/25949458.donald-trump-says-us-will-retaliate-iran-attacks-qatar/,,
1009,2026-03-19,2026-03-19 07:00:00+00:00,0.4348307450291437,0.5593562126159668,0.06125434226867442,-4.317269,bicesteradvertiser.net,25949458.Donald Trump Says Us Will Retaliate Iran Attacks Qatar,https://www.bicesteradvertiser.net/news/national/25949458.donald-trump-says-us-will-retaliate-iran-attacks-qatar/,,
1010,2026-03-19,2026-03-19 07:00:00+00:00,0.4348307450291437,0.5593562126159668,0.06125434226867442,-4.317269,burnhamandhighbridgeweeklynews.co.uk,25949458.Donald Trump Says Us Will Retaliate Iran Attacks Qatar,https://www.burnhamandhighbridgeweeklynews.co.uk/news/national/25949458.donald-trump-says-us-will-retaliate-iran-attacks-qatar/,,
1011,2026-03-19,2026-03-19 06:00:00+00:00,0.4348307450291437,0.5593562126159668,0.06125434226867442,-4.317269,cotswoldjournal.co.uk,25949458.Donald Trump Says Us Will Retaliate Iran Attacks Qatar,https://www.cotswoldjournal.co.uk/news/national/25949458.donald-trump-says-us-will-retaliate-iran-attacks-qatar/,,
1012,2026-03-19,2026-03-19 06:00:00+00:00,0.4348307450291437,0.5593562126159668,0.06125434226867442,-4.317269,theargus.co.uk,25949458.Donald Trump Says Us Will Retaliate Iran Attacks Qatar,https://www.theargus.co.uk/news/national/25949458.donald-trump-says-us-will-retaliate-iran-attacks-qatar/,,
1013,2026-03-19,2026-03-19 06:00:00+00:00,0.4348307450291437,0.5593562126159668,0.06125434226867442,-4.317269,thetottenhamindependent.co.uk,25949458.Donald Trump Says Us Will Retaliate Iran Attacks Qatar,https://www.thetottenhamindependent.co.uk/news/national/25949458.donald-trump-says-us-will-retaliate-iran-attacks-qatar/,,
1014,2026-03-19,2026-03-19 07:00:00+00:00,0.4348307450291437,0.5593562126159668,0.06125434226867442,-4.317269,sthelensstar.co.uk,25949458.Donald Trump Says Us Will Retaliate Iran Attacks Qatar,https://www.sthelensstar.co.uk/news/national/25949458.donald-trump-says-us-will-retaliate-iran-attacks-qatar/,,
1015,2026-03-19,2026-03-19 07:00:00+00:00,0.4348307450291437,0.5593562126159668,0.06125434226867442,-4.317269,greenocktelegraph.co.uk,25949458.Donald Trump Says Us Will Retaliate Iran Attacks Qatar,https://www.greenocktelegraph.co.uk/news/national/25949458.donald-trump-says-us-will-retaliate-iran-attacks-qatar/,,
1016,2026-03-17,2026-03-17 12:00:00+00:00,0.43478049190019086,0.5591375231742859,0.061709398077905694,0.78740156,politicalwire.com,Iran War Now Churning The U S China Relationship,https://politicalwire.com/2026/03/17/iran-war-now-churning-the-u-s-china-relationship/,,
1017,2026-03-08,2026-03-08 00:00:00+00:00,0.4347760005297461,0.5570356845855713,0.06799694836227041,-1.25,newsroompanama.com,Trump Warns That He Will Not Allow Foreign Influence Regarding His Favorite Canal In Panama,https://newsroompanama.com/2026/03/07/trump-warns-that-he-will-not-allow-foreign-influence-regarding-his-favorite-canal-in-panama/,,
1018,2026-03-16,2026-03-16 21:00:00+00:00,0.43476707189747904,0.559024453163147,0.06199492810047535,0.0,watchingamerica.com,Irish Examiner View Martin Faces Political Minefield During Visit To Donald Trump,https://watchingamerica.com/2026/03/16/irish-examiner-view-martin-faces-political-minefield-during-visit-to-donald-trump/,,
1019,2026-03-04,2026-03-04 11:00:00+00:00,0.43473391758119084,0.5512701272964478,0.08512528843542021,2.549575,fermanaghherald.com,Council Rules Out China Visit During Current Mandate,https://fermanaghherald.com/2026/03/council-rules-out-china-visit-during-current-mandate/,,
1020,2026-03-12,2026-03-12 21:00:00+00:00,0.4347146619909455,0.5560294389724731,0.07077033104636246,0.2624672,lasvegassun.com,Bessent Will Meet Chinas Vice Premier In Paris Ahe,https://lasvegassun.com/news/2026/mar/12/bessent-will-meet-chinas-vice-premier-in-paris-ahe/,,
1021,2026-03-13,2026-03-13 15:00:00+00:00,0.4346204019210993,0.5115324258804321,0.2038843300431008,4.390935,islands.com,5 Friendliest Suburbs Visit Detroit 2026,https://www.islands.com/2118624/5-friendliest-suburbs-visit-detroit-2026/,,
1022,2026-03-05,2026-03-05 01:00:00+00:00,0.43455239044821914,0.5575019121170044,0.06570382544186326,-0.9933775,tribune.com.pk,China Route Considered For Potato Exports,https://tribune.com.pk/story/2595868/china-route-considered-for-potato-exports,,
1023,2026-03-04,2026-03-04 01:00:00+00:00,0.43454443013316507,0.5586563348770142,0.06220871590161774,-4.517134,moneycontrol.com,Trump Says Us Navy Could Escort Tankers Through Hormuz Strait Will Ensure Free Flow Of Energy To World Article 13850008,https://www.moneycontrol.com/world/trump-says-us-navy-could-escort-tankers-through-hormuz-strait-will-ensure-free-flow-of-energy-to-world-article-13850008.html,,
1024,2026-03-19,2026-03-19 08:00:00+00:00,0.4344310047979922,0.5567601919174194,0.06744344343971033,0.48038432,cbc.ca,China Canada Business Trump Tariffs Pork 9.7133378,https://www.cbc.ca/news/world/china-canada-business-trump-tariffs-pork-9.7133378,,
1025,2026-03-23,2026-03-23 21:00:00+00:00,0.43436193974607373,0.548600435256958,0.09164645321342098,-0.19305019,businesstimes.com.sg,Will Chinas Real Estate Market Rebound And What Does Future Hold Singapore Listed Reits Owning China,https://www.businesstimes.com.sg/podcasts/will-chinas-real-estate-market-rebound-and-what-does-future-hold-singapore-listed-reits-owning-china,,
1026,2026-03-14,2026-03-14 06:00:00+00:00,0.4343170454217752,0.5552900433540344,0.07139805162499754,-1.8518518,en.apa.az,Trump Says Us Navy Will Soon Begin Escorting Ships Through Strait Of Hormuz 496778,https://en.apa.az/america/trump-says-us-navy-will-soon-begin-escorting-ships-through-strait-of-hormuz-496778,,
1027,2026-03-16,2026-03-16 16:00:00+00:00,0.4342721026765032,0.5406277179718018,0.11520525679060734,-6.8139963,alternet.org,Historian Trump,https://www.alternet.org/historian-trump/,,
1028,2026-03-22,2026-03-22 18:00:00+00:00,0.4341648857080711,0.5588388442993164,0.06014300993433521,-4.4210525,timesofoman.com,169757 Trump Stands By His Red Lines Will Not Let Iran Hold Worlds Energy Supplies Hostage Mike Waltz,https://timesofoman.com/article/169757-trump-stands-by-his-red-lines-will-not-let-iran-hold-worlds-energy-supplies-hostage-mike-waltz,,
1029,2026-03-22,2026-03-22 16:00:00+00:00,0.43415617891395125,0.5579128265380859,0.06288623604154722,-6.134969,gazetaexpress.com,Tehran Will Monetize Control Over The Strait Of Hormuz  Trump Must Accept Our Terms,https://www.gazetaexpress.com/en/Tehran-will-monetize-control-over-the-Strait-of-Hormuz--Trump-must-accept-our-terms/,,
1030,2026-03-13,2026-03-13 13:00:00+00:00,0.43406927108176224,0.5009109973907471,0.23354409215480776,6.060606,digg.com,Toto Wolff Explains Mercedes F1 China,https://digg.com/formula1/HUvcG7g/toto-wolff-explains-mercedes-f1-china,,
1031,2026-03-24,2026-03-24 06:00:00+00:00,0.43404805614963615,0.5526984333992004,0.07809692440094322,-0.89285713,en.tempo.co,Trump Claims Us Will Take Irans Enriched Uranium If Deal Reached,https://en.tempo.co/read/2094208/trump-claims-us-will-take-irans-enriched-uranium-if-deal-reached,,
1032,2026-03-05,2026-03-05 12:00:00+00:00,0.4339535796322142,0.5518244504928589,0.08034096705028011,-1.3245033,alltoc.com,How Will Chinas Lower Growth Target Affect Markets,https://alltoc.com/world/how-will-chinas-lower-growth-target-affect-markets,,
1033,2026-03-20,2026-03-20 16:00:00+00:00,0.4339340470322328,0.5538428425788879,0.07420766039226746,-4.0,wn.com,Most Believe Trump Will Send Us Troops Into Iran Survey,https://article.wn.com/view/2026/03/20/Most_believe_Trump_will_send_US_troops_into_Iran_Survey/,,
1034,2026-03-03,2026-03-03 23:00:00+00:00,0.43386200842080797,0.5576179027557373,0.06259432541602004,1.4469453,redstate.com,Trump Broke Them The President Will Attend His First White House Correspondents Dinner Of Second Term N2199795,https://redstate.com/jenniferoo/2026/03/03/trump-broke-them-the-president-will-attend-his-first-white-house-correspondents-dinner-of-second-term-n2199795,,
1035,2026-03-06,2026-03-06 15:00:00+00:00,0.43383923335837216,0.5401379466056824,0.11494309361644156,-10.945273,thesource.com,Trump Some People Will Die Iran Conflict,https://thesource.com/2026/03/06/trump-some-people-will-die-iran-conflict/,,
1036,2026-03-20,2026-03-20 10:00:00+00:00,0.43380125093868127,0.5577455163002014,0.061968454854120766,-0.61113626,smallwarsjournal.com,A Contest Of Wills China And The Quad,https://smallwarsjournal.com/2026/03/20/a-contest-of-wills-china-and-the-quad/,,
1037,2026-03-04,2026-03-04 23:00:00+00:00,0.4336897832096385,0.5004050135612488,0.23354409215480776,-4.203152,kotaku.com,Helldivers 2 Tiananmen Square Tank Meme China Tencent 2000675931,https://kotaku.com/helldivers-2-tiananmen-square-tank-meme-china-tencent-2000675931,,
1038,2026-03-17,2026-03-17 23:00:00+00:00,0.4336153878741924,0.557801365852356,0.061057453939701634,-1.6260163,irishnews.com,Donald Trump Says Energy Prices In Ireland Will Drop Like A Rock After Iran War Ends Ni6Yjbxtrremljxj6Sgccf233Q,https://www.irishnews.com/news/ireland/donald-trump-says-energy-prices-in-ireland-will-drop-like-a-rock-after-iran-war-ends-NI6YJBXTRREMLJXJ6SGCCF233Q/,,
1039,2026-03-04,2026-03-04 03:00:00+00:00,0.4335726165505807,0.5393606424331665,0.11620853890282326,-1.3953488,benzinga.com,Ufc Will Not Profit From White House Fight On Trumps Birthday Will Shareholders Approve Of 30 Milli,https://www.benzinga.com/news/politics/26/03/51024155/ufc-will-not-profit-from-white-house-fight-on-trumps-birthday-will-shareholders-approve-of-30-milli,,
1040,2026-03-10,2026-03-10 10:00:00+00:00,0.4335270178259181,0.5001879930496216,0.23354409215480776,-0.75757575,rte.ie,1562537 China Nkorea Trains,https://www.rte.ie/news/newslens/2026/0310/1562537-china-nkorea-trains/,,
1041,2026-03-08,2026-03-08 00:00:00+00:00,0.43352381106483173,0.5396299958229065,0.11520525679060734,-7.441016,alternet.org,Trump Nukes,https://www.alternet.org/trump-nukes/,,
1042,2026-03-13,2026-03-13 10:00:00+00:00,0.4334706405195153,0.5458247661590576,0.09640826360088837,-9.006211,straitstimes.com,China Says It Will Donate 250000 To Families Of Iran School Strike Victims,https://www.straitstimes.com/world/middle-east/china-says-it-will-donate-250000-to-families-of-iran-school-strike-victims,,
1043,2026-03-17,2026-03-17 05:00:00+00:00,0.4334651889466739,0.556225061416626,0.0651855715368178,-2.427921,news18.com,We Dont Need Anybody Snubbed By Allies Trump Says Us Will Go Solo In Strait Of Hormuz 9977946,https://www.news18.com/world/we-dont-need-anybody-snubbed-by-allies-trump-says-us-will-go-solo-in-strait-of-hormuz-9977946.html,,
1044,2026-03-17,2026-03-17 02:00:00+00:00,0.43324043568240833,0.5392521619796753,0.11520525679060734,-7.7490773,rawstory.com,Columbia Trump,https://www.rawstory.com/columbia-trump/,,
1045,2026-03-16,2026-03-16 02:00:00+00:00,0.43322246488200855,0.5392282009124756,0.11520525679060734,-6.6666665,rawstory.com,Trump 2676180240,https://www.rawstory.com/trump-2676180240/,,
1046,2026-03-09,2026-03-09 14:00:00+00:00,0.43273595268015164,0.5533190965652466,0.07098652102486688,-5.0,cinaradio.com,Trump Says Iran Will Work Like Venezuela Heres How Different 2 Nations Are,https://www.cinaradio.com/2026/03/09/trump-says-iran-will-work-like-venezuela-heres-how-different-2-nations-are/,,
1047,2026-03-11,2026-03-11 12:00:00+00:00,0.43269514563250705,0.5410257577896118,0.10770330916119265,-2.2273426,heraldscotland.com,25925399.Will Not Forgotten Starmer Must Get Tougher Trump,https://www.heraldscotland.com/opinion/25925399.will-not-forgotten-starmer-must-get-tougher-trump/,,
1048,2026-03-06,2026-03-06 06:00:00+00:00,0.43259672175140296,0.5530937910079956,0.07110551398162508,1.6983696,brisbanetimes.com.au,How The Royal Trump Whisperers Will Be Key To Winning Back Washington 20260306 P5O863,https://www.brisbanetimes.com.au/world/europe/how-the-royal-trump-whisperers-will-be-key-to-winning-back-washington-20260306-p5o863.html,,
1049,2026-03-06,2026-03-06 05:00:00+00:00,0.43259672175140296,0.5530937910079956,0.07110551398162508,1.6983696,theage.com.au,How The Royal Trump Whisperers Will Be Key To Winning Back Washington 20260306 P5O863,https://www.theage.com.au/world/europe/how-the-royal-trump-whisperers-will-be-key-to-winning-back-washington-20260306-p5o863.html,,
1050,2026-03-06,2026-03-06 06:00:00+00:00,0.43259672175140296,0.5530937910079956,0.07110551398162508,1.6983696,smh.com.au,How The Royal Trump Whisperers Will Be Key To Winning Back Washington 20260306 P5O863,https://www.smh.com.au/world/europe/how-the-royal-trump-whisperers-will-be-key-to-winning-back-washington-20260306-p5o863.html,,
1051,2026-03-06,2026-03-06 06:00:00+00:00,0.43259672175140296,0.5530937910079956,0.07110551398162508,1.6983696,watoday.com.au,How The Royal Trump Whisperers Will Be Key To Winning Back Washington 20260306 P5O863,https://www.watoday.com.au/world/europe/how-the-royal-trump-whisperers-will-be-key-to-winning-back-washington-20260306-p5o863.html,,
1052,2026-03-09,2026-03-09 07:00:00+00:00,0.43259663680563554,0.5386939644813538,0.11430465377848088,0.0,en.apa.az,Trump We Will Decide With Netanyahu When The Operation Against Iran Will End 495694,https://en.apa.az/america/trump-we-will-decide-with-netanyahu-when-the-operation-against-iran-will-end-495694,,
1053,2026-03-20,2026-03-20 22:00:00+00:00,0.4325516911529616,0.5560967326164246,0.06191656676257278,-1.7857143,hindustantimes.com,Trump Rejects Iran Ceasefire Says Strait Of Hormuz Will Open Itself Eventually 101774036339070,https://www.hindustantimes.com/world-news/trump-rejects-iran-ceasefire-says-strait-of-hormuz-will-open-itself-eventually-101774036339070.html,,
1054,2026-03-25,2026-03-25 10:00:00+00:00,0.43242891796400945,0.5533820986747742,0.06956937583171521,0.0,akipress.com,News:886912:Russian Prime Minister To Visit Kazakhstan,https://akipress.com/news:886912:Russian_Prime_Minister_to_visit_Kazakhstan/,,
1055,2026-03-13,2026-03-13 21:00:00+00:00,0.4323906671630068,0.5381191372871399,0.11520525679060734,-3.386454,alternet.org,Trump Acid Rain,https://www.alternet.org/send/trump-acid-rain/,,
1056,2026-03-05,2026-03-05 03:00:00+00:00,0.43236511354583373,0.5446593761444092,0.0954823257501075,-2.919708,japantimes.co.jp,China Slower Growth 2026,https://www.japantimes.co.jp/business/2026/03/05/economy/china-slower-growth-2026/,,
1057,2026-03-25,2026-03-25 05:00:00+00:00,0.4323316533981925,0.5495710372924805,0.08061350171532868,-0.53475934,somersetcountygazette.co.uk,25960652.Trump Controversy Leads Somerset Mp Call Off Royal Visit,https://www.somersetcountygazette.co.uk/news/25960652.trump-controversy-leads-somerset-mp-call-off-royal-visit/,,
1058,2026-03-06,2026-03-06 06:00:00+00:00,0.4322780590878649,0.5379689931869507,0.11520525679060734,-3.6789298,alternet.org,Trump Memo 2675572080,https://www.alternet.org/news-politics/trump-memo-2675572080/,,
1059,2026-03-20,2026-03-20 13:00:00+00:00,0.43224474649417205,0.546175479888916,0.09045254630994023,-2.466793,newstribune.com,Poll Americans Believe Trump Will Send Troops,https://www.newstribune.com/news/2026/mar/20/poll-americans-believe-trump-will-send-troops/,,
1060,2026-03-11,2026-03-11 04:00:00+00:00,0.43221413467160785,0.5545216798782349,0.06529149905172678,-0.93457943,tribune.com.pk,China N Korea Trains To Resume,https://tribune.com.pk/story/2596911/china-n-korea-trains-to-resume,,
1061,2026-03-16,2026-03-16 17:00:00+00:00,0.432194642825779,0.5467371344566345,0.08856716793321252,3.081914,news.az,Why Is China Important For Kazakhstan,https://news.az/news/why-is-china-important-for-kazakhstan,,
1062,2026-03-16,2026-03-16 13:00:00+00:00,0.4321255000237327,0.5536550283432007,0.06753691506532873,-6.476684,sky.com,Donald Trump Says Us Will Do What We Have To Over Cuba Days After Rare Riot 13520436,https://news.sky.com/story/donald-trump-says-us-will-do-what-we-have-to-over-cuba-days-after-rare-riot-13520436,,
1063,2026-03-14,2026-03-14 07:00:00+00:00,0.4320870247542298,0.5450853109359741,0.0930921662089967,0.0,vavel.com,Gran Premio De China,https://www.vavel.com/en-us/tag/gran-premio-de-china/,,
1064,2026-03-22,2026-03-22 13:00:00+00:00,0.4320733241149635,0.5528570413589478,0.06972217238301073,-15.217391,alipac.us,Checkmate Schumer Trump Announces He Will Deploy Ice Airports Security Im 437667,https://www.alipac.us/f12/checkmate-schumer-trump-announces-he-will-deploy-ice-airports-security-im-437667/,,
1065,2026-03-20,2026-03-20 09:00:00+00:00,0.43202967975184137,0.5545159578323364,0.06457084551035613,5.91133,vietnamnet.vn,Prime Minister Pham Minh Chinh To Visit Russia On Official Trip 2499001,https://vietnamnet.vn/en/prime-minister-pham-minh-chinh-to-visit-russia-on-official-trip-2499001.html,,
1066,2026-03-15,2026-03-15 16:00:00+00:00,0.4320004504548235,0.5375988483428955,0.11520525679060734,-1.2433393,alternet.org,Trump Ufos,https://www.alternet.org/trump-ufos/,,
1067,2026-03-13,2026-03-13 21:00:00+00:00,0.4319953989611788,0.5375921130180359,0.11520525679060734,-5.035971,alternet.org,Trump Laws 2676099704,https://www.alternet.org/trump-laws-2676099704/,,
1068,2026-03-09,2026-03-09 23:00:00+00:00,0.4319620591265044,0.5411803126335144,0.10430729860547455,-1.2820513,digg.com,Trump Says Iran War Will Be,https://digg.com/news/aTJmoKG/trump-says-iran-war-will-be,,
1069,2026-03-12,2026-03-12 16:00:00+00:00,0.4319578033314867,0.5375419855117798,0.11520525679060734,0.2544529,esquire.com,Trump Shoe Opinions,https://www.esquire.com/news-politics/politics/a70718164/trump-shoe-opinions/,,
1070,2026-03-11,2026-03-11 12:00:00+00:00,0.4319501143323107,0.5375317335128784,0.11520525679060734,-0.82304525,newstribune.com,Warmonger Trump,https://www.newstribune.com/news/2026/mar/11/warmonger-trump/,,
1071,2026-03-07,2026-03-07 13:00:00+00:00,0.431917401448181,0.5556858777999878,0.06061197239276068,-7.6923075,sitkasentinel.com,"Trump Warns In Social Media Post More Iran Officials Will Be Targets In War Saying Today Iran,123812","http://www.sitkasentinel.com/stories/trump-warns-in-social-media-post-more-iran-officials-will-be-targets-in-war-saying-today-iran,123812",,
1072,2026-03-03,2026-03-03 21:00:00+00:00,0.43183656354561256,0.5525655746459961,0.06964953024446191,-2.21519,al-monitor.com,Trump Says Us Will Cut All Trade Spain Over Military Bases Defence Spending,https://www.al-monitor.com/originals/2026/03/trump-says-us-will-cut-all-trade-spain-over-military-bases-defence-spending,,
1073,2026-03-07,2026-03-07 21:00:00+00:00,0.43183412712671765,0.5536956787109375,0.0662494723740582,-6.8702292,dailypost.ng,War If Trump Wants Escalation He Will Get It Irans Foreign Minister Araghchi,https://dailypost.ng/2026/03/07/war-if-trump-wants-escalation-he-will-get-it-irans-foreign-minister-araghchi/,,
1074,2026-03-14,2026-03-14 13:00:00+00:00,0.43166115314642955,0.5515550374984741,0.07197950009029584,3.235294,bignewsnetwork.com,China Focus China Explores Holiday Reforms To Improve Work Life Balance Boost Consumption,http://www.bignewsnetwork.com/news/278921883/china-focus-china-explores-holiday-reforms-to-improve-work-life-balance-boost-consumption,,
1075,2026-03-24,2026-03-24 18:00:00+00:00,0.43161101930595075,0.5525282621383667,0.06885929080870297,-0.2988643,yahoo.com,Could China Strategy Paralyze Pentagon 143800053,https://finance.yahoo.com/sectors/energy/articles/could-china-strategy-paralyze-pentagon-143800053.html,,
1076,2026-03-08,2026-03-08 06:00:00+00:00,0.43148387389230114,0.5526924133300781,0.0678582555789701,-2.0431328,nbcnews.com,Us China Running World Together China Says No Thanks Rcna262278,https://www.nbcnews.com/world/asia/us-china-running-world-together-china-says-no-thanks-rcna262278,,
1077,2026-03-17,2026-03-17 05:00:00+00:00,0.4314214549298657,0.5433620810508728,0.09559957656684451,1.7674419,spotlightnepal.com,New Government How It Will Deal India China And United States,https://www.spotlightnepal.com/2026/03/17/new-government-how-it-will-deal-india-china-and-united-states/,,
1078,2026-03-11,2026-03-11 01:00:00+00:00,0.4314174771147646,0.5435541868209839,0.09500734799610658,0.9779951,crooksandliars.com,Trump Shares 2007 Prophecy I Will Put It,https://crooksandliars.com/2026/03/trump-shares-2007-prophecy-i-will-put-it,,
1079,2026-03-23,2026-03-23 15:00:00+00:00,0.4313842173196347,0.552026629447937,0.06945698093472785,0.7352941,breitbart.com,Tom Homan Trump Will Deploy Ice To U S Airports Tomorrow,https://www.breitbart.com/politics/2026/03/22/tom-homan-trump-will-deploy-ice-to-u-s-airports-tomorrow/,,
1080,2026-03-22,2026-03-22 15:00:00+00:00,0.4313842173196347,0.552026629447937,0.06945698093472785,0.7352941,breitbart.com,Tom Homan Trump Will Deploy Ice To U S Airports Tomorrow,https://www.breitbart.com/clips/2026/03/22/tom-homan-trump-will-deploy-ice-to-u-s-airports-tomorrow/,,
1081,2026-03-06,2026-03-06 01:00:00+00:00,0.43137710507976246,0.5367677211761475,0.11520525679060734,-7.327586,rawstory.com,Trump 2675599829,https://www.rawstory.com/trump-2675599829/,,
1082,2026-03-24,2026-03-24 20:00:00+00:00,0.43127276714908314,0.5366286039352417,0.11520525679060734,4.296875,alternet.org,Trump Influencer,https://www.alternet.org/trump-influencer/,,
1083,2026-03-14,2026-03-14 17:00:00+00:00,0.4312607410477566,0.5528174042701721,0.06659075138051006,-2.7972028,australiannews.net,Us Will Bomb The Hell Out Of The Shoreline Trump On Conflict With Iran,http://www.australiannews.net/news/278922220/us-will-bomb-the-hell-out-of-the-shoreline-trump-on-conflict-with-iran,,
1084,2026-03-14,2026-03-14 17:00:00+00:00,0.4312607410477566,0.5528174042701721,0.06659075138051006,-2.7972028,asiabulletin.com,Us Will Bomb The Hell Out Of The Shoreline Trump On Conflict With Iran,http://www.asiabulletin.com/news/278922220/us-will-bomb-the-hell-out-of-the-shoreline-trump-on-conflict-with-iran,,
1085,2026-03-14,2026-03-14 17:00:00+00:00,0.4312607410477566,0.5528174042701721,0.06659075138051006,-2.7972028,heraldglobe.com,Us Will Bomb The Hell Out Of The Shoreline Trump On Conflict With Iran,http://www.heraldglobe.com/news/278922220/us-will-bomb-the-hell-out-of-the-shoreline-trump-on-conflict-with-iran,,
1086,2026-03-14,2026-03-14 21:00:00+00:00,0.4312607410477566,0.5528174042701721,0.06659075138051006,-2.7972028,parisguardian.com,Us Will Bomb The Hell Out Of The Shoreline Trump On Conflict With Iran,http://www.parisguardian.com/news/278922220/us-will-bomb-the-hell-out-of-the-shoreline-trump-on-conflict-with-iran,,
1087,2026-03-14,2026-03-14 18:00:00+00:00,0.4312607410477566,0.5528174042701721,0.06659075138051006,-2.7972028,greekherald.com,Us Will Bomb The Hell Out Of The Shoreline Trump On Conflict With Iran,http://www.greekherald.com/news/278922220/us-will-bomb-the-hell-out-of-the-shoreline-trump-on-conflict-with-iran,,
1088,2026-03-14,2026-03-14 17:00:00+00:00,0.4312607410477566,0.5528174042701721,0.06659075138051006,-2.793296,bignewsnetwork.com,Us Will Bomb The Hell Out Of The Shoreline Trump On Conflict With Iran,http://www.bignewsnetwork.com/news/278922220/us-will-bomb-the-hell-out-of-the-shoreline-trump-on-conflict-with-iran,,
1089,2026-03-14,2026-03-14 18:00:00+00:00,0.4312607410477566,0.5528174042701721,0.06659075138051006,-2.7972028,japanherald.com,Us Will Bomb The Hell Out Of The Shoreline Trump On Conflict With Iran,http://www.japanherald.com/news/278922220/us-will-bomb-the-hell-out-of-the-shoreline-trump-on-conflict-with-iran,,
1090,2026-03-14,2026-03-14 20:00:00+00:00,0.4312607410477566,0.5528174042701721,0.06659075138051006,-2.7972028,chinanationalnews.com,Us Will Bomb The Hell Out Of The Shoreline Trump On Conflict With Iran,http://www.chinanationalnews.com/news/278922220/us-will-bomb-the-hell-out-of-the-shoreline-trump-on-conflict-with-iran,,
1091,2026-03-14,2026-03-14 19:00:00+00:00,0.4312607410477566,0.5528174042701721,0.06659075138051006,-2.7972028,calcuttanews.net,Us Will Bomb The Hell Out Of The Shoreline Trump On Conflict With Iran,http://www.calcuttanews.net/news/278922220/us-will-bomb-the-hell-out-of-the-shoreline-trump-on-conflict-with-iran,,
1092,2026-03-21,2026-03-21 12:00:00+00:00,0.4309514713228511,0.4967539310455322,0.23354409215480776,1.1111112,globalsecurity.org,China 260320 Globaltimes01,https://www.globalsecurity.org/wmd/library/news/china/2026/03/china-260320-globaltimes01.htm,,
1093,2026-03-19,2026-03-19 01:00:00+00:00,0.4308797341214342,0.5361045598983765,0.11520525679060734,-3.0927835,alternet.org,Trump Capitalism 2676301345,https://www.alternet.org/trump-capitalism-2676301345/,,
1094,2026-03-17,2026-03-17 22:00:00+00:00,0.43085975570537904,0.5520185232162476,0.06738345317277353,0.57251906,worthynews.com,113016 Trump Vows U S Will Act Alone If Needed To Reopen Strait Of Hormuz,https://www.worthynews.com/113016-trump-vows-u-s-will-act-alone-if-needed-to-reopen-strait-of-hormuz,,
1095,2026-03-23,2026-03-23 19:00:00+00:00,0.4308457926386583,0.5466010570526123,0.08357999939679633,-5.1618547,thetimes.com,Donald Trump Will Struggle To Pull Off This Deal H9X7Sx52Q,https://www.thetimes.com/comment/columnists/article/donald-trump-will-struggle-to-pull-off-this-deal-h9x7sx52q,,
1096,2026-03-05,2026-03-05 08:00:00+00:00,0.4308337247611645,0.5532222986221313,0.06366800317826403,-3.357314,benzinga.com,Forget Tariffs If Stock Market Crash Occurs Under Trump These 3 Catalysts Will Be To Blame,https://www.benzinga.com/markets/equities/26/03/51058915/forget-tariffs-if-stock-market-crash-occurs-under-trump-these-3-catalysts-will-be-to-blame,,
1097,2026-03-10,2026-03-10 00:00:00+00:00,0.43076044931419616,0.5526925325393677,0.06496419963868166,-6.4960628,investinglive.com,Trump Says Again Iran War Will End Soon But Says Not This Week 20260309,https://investinglive.com:443/commodities/trump-says-again-iran-war-will-end-soon-but-says-not-this-week-20260309/,,
1098,2026-03-14,2026-03-14 19:00:00+00:00,0.4307544535556034,0.5521755218505859,0.06649124867065566,-5.5642633,siasat.com,Iran Targets Fujairah Oil Facility Trump Says Will Bomb Hell Out Of Hormuz 3435098,https://www.siasat.com/iran-targets-fujairah-oil-facility-trump-says-will-bomb-hell-out-of-hormuz-3435098/,,
1099,2026-03-10,2026-03-10 23:00:00+00:00,0.4306007646910266,0.5510028600692749,0.06939447855628168,2.2522523,carbuzz.com,Buick China Sales 2025,https://carbuzz.com/buick-china-sales-2025/,,
1100,2026-03-11,2026-03-11 14:00:00+00:00,0.43048963095025133,0.5157343149185181,0.17475557904545108,6.751055,myjoyonline.com,South Korean President Optimistic Mahamas Visit Will Yield Tangible Benefits For Both Countries,https://www.myjoyonline.com/south-korean-president-optimistic-mahamas-visit-will-yield-tangible-benefits-for-both-countries/,,
1101,2026-03-05,2026-03-05 15:00:00+00:00,0.4300778430329485,0.5350353717803955,0.11520525679060734,-8.457711,rawstory.com,Trump 2675557782,https://www.rawstory.com/trump-2675557782/,,
1102,2026-03-25,2026-03-25 01:00:00+00:00,0.4300478022919817,0.5349953174591064,0.11520525679060734,-2.7118645,alternet.org,Trump Worship,https://www.alternet.org/trump-worship/,,
1103,2026-03-21,2026-03-21 12:00:00+00:00,0.429973672457032,0.5462921857833862,0.08101813247796928,1.3664596,theglobeandmail.com,Article China Gen Z Coffee Rave,https://www.theglobeandmail.com/world/article-china-gen-z-coffee-rave/,,
1104,2026-03-18,2026-03-18 12:00:00+00:00,0.429867524050899,0.552550733089447,0.06181789693525495,-4.4608054,bankingnews.gr,The War In Iran Shows No End Trump In Strategic Deadlock With Fatal Errors Will He Send 600 000 Troops,https://www.bankingnews.gr/diethni/articles/863107/the-war-in-iran-shows-no-end-trump-in-strategic-deadlock-with-fatal-errors-will-he-send-600-000-troops,,
1105,2026-03-19,2026-03-19 19:00:00+00:00,0.4295832118808168,0.5480799674987793,0.07409294502692929,-0.23148148,thefrontierpost.com,Trump Envoy Seeking Release Of Belarusian Prisoners Says Lukashenko May Visit Us Soon,https://thefrontierpost.com/trump-envoy-seeking-release-of-belarusian-prisoners-says-lukashenko-may-visit-us-soon/,,
1106,2026-03-16,2026-03-16 18:00:00+00:00,0.42954719509851236,0.5354986190795898,0.11169292315527982,-0.73260075,afghanistannews.net,China Hopes Afghanistan And Pakistan Will Resolve Differences Disputes Through Dialogue Spokesperson,http://www.afghanistannews.net/news/278925707/china-hopes-afghanistan-and-pakistan-will-resolve-differences-disputes-through-dialogue-spokesperson,,
1107,2026-03-16,2026-03-16 15:00:00+00:00,0.42954719509851236,0.5354986190795898,0.11169292315527982,-0.729927,bignewsnetwork.com,China Hopes Afghanistan And Pakistan Will Resolve Differences Disputes Through Dialogue Spokesperson,http://www.bignewsnetwork.com/news/278925707/china-hopes-afghanistan-and-pakistan-will-resolve-differences-disputes-through-dialogue-spokesperson,,
1108,2026-03-23,2026-03-23 20:00:00+00:00,0.4294690222559602,0.5487905740737915,0.07150436680246626,-1.4150944,mediaite.com,Trump Predicts Palestinian Leader Chuck Schumer Will Lose Next Primary,https://www.mediaite.com/media/news/trump-predicts-palestinian-leader-chuck-schumer-will-lose-next-primary/,,
1109,2026-03-08,2026-03-08 19:00:00+00:00,0.42943844435765044,0.5496517419815063,0.06879855148608276,2.5735295,eturbonews.com,Visit India Pm Us Expected Boost Tourism,https://eturbonews.com/visit-india-pm-us-expected-boost-tourism/,,
1110,2026-03-21,2026-03-21 14:00:00+00:00,0.42938156656691345,0.5449891090393066,0.08255893914973392,4.9079757,bignewsnetwork.com,China 15Th Five Year Plan Will Create Broader Market Opportunities For Multinational Corporations Vice Premier,http://www.bignewsnetwork.com/news/278935534/china-15th-five-year-plan-will-create-broader-market-opportunities-for-multinational-corporations-vice-premier,,
1111,2026-03-06,2026-03-06 14:00:00+00:00,0.42933199822314255,0.49459463357925415,0.23354409215480776,0.51150894,globalsecurity.org,China 260305 Azertag01,https://www.globalsecurity.org/wmd/library/news/china/2026/03/china-260305-azertag01.htm,,
1112,2026-03-12,2026-03-12 17:00:00+00:00,0.4292952714728014,0.5489578247070312,0.07030761177011179,-2.1482277,neweasterneurope.eu,Trumps Dealmaking Will Not Work With Putin A Ceasefire Must Come First,https://neweasterneurope.eu/2026/03/12/trumps-dealmaking-will-not-work-with-putin-a-ceasefire-must-come-first/,,
1113,2026-03-19,2026-03-19 13:00:00+00:00,0.4291175556124019,0.4943087100982666,0.23354409215480776,-6.094183,globalsecurity.org,China 260318 Prc Mofab01,https://www.globalsecurity.org/wmd/library/news/china/2026/03/china-260318-prc-mofab01.htm,,
1114,2026-03-03,2026-03-03 21:00:00+00:00,0.4289706825649764,0.54295414686203,0.08702028967381545,-5.0,newser.com,Trump Tankers Will Get Escorts In Strait Of Hormuz,https://www.newser.com/story/384743/trump-tankers-will-get-escorts-in-strait-of-hormuz.html,,
1115,2026-03-05,2026-03-05 03:00:00+00:00,0.42892654951678943,0.5335003137588501,0.11520525679060734,-0.2,nationalmemo.com,Trump 2675555964,https://www.nationalmemo.com/trump-2675555964,,
1116,2026-03-05,2026-03-05 23:00:00+00:00,0.42890151556598377,0.5334669351577759,0.11520525679060734,-1.1152416,rawstory.com,Trump 2675589606,https://www.rawstory.com/trump-2675589606/,,
1117,2026-03-20,2026-03-20 15:00:00+00:00,0.4288981181012316,0.533462405204773,0.11520525679060734,-3.5661218,alternet.org,Trump Mental 2676450204,https://www.alternet.org/trump-mental-2676450204/,,
1118,2026-03-24,2026-03-24 07:00:00+00:00,0.42885438197263337,0.5455595850944519,0.07873877260717788,-4.90566,deccanchronicle.com,Trump Administration Will Start New Probe Into Harvard University 1945909,https://www.deccanchronicle.com/world/americas/trump-administration-will-start-new-probe-into-harvard-university-1945909,,
1119,2026-03-20,2026-03-20 12:00:00+00:00,0.4287486468862776,0.5438039302825928,0.08358279669733214,-6.736842,asiaasset.com,Will Bond Markets Bring Trump To His Senses About Costly Middle East War,https://www.asiaasset.com/analysis/will-bond-markets-bring-trump-to-his-senses-about-costly-middle-east-war/,,
1120,2026-03-17,2026-03-17 16:00:00+00:00,0.4287347547551271,0.5427348017692566,0.08673461371273881,4.464286,chinatechnews.com,117453 Is A Permanent Moon Base Becoming Reality Will The Us Build One By 2030 After Nasas 2026 Bill Amid China Space Race Surge,https://www.chinatechnews.com/2026/03/17/117453-is-a-permanent-moon-base-becoming-reality-will-the-us-build-one-by-2030-after-nasas-2026-bill-amid-china-space-race-surge,,
1121,2026-03-08,2026-03-08 13:00:00+00:00,0.4286654850051844,0.5276798605918884,0.13162235824507232,0.24096386,bgnes.com,French President Emmanuel Macron Will Visit Cyprus On Monday March 9,http://www.bgnes.com/politics/french-president-emmanuel-macron-will-visit-cyprus-on-monday-march-9,,
1122,2026-03-16,2026-03-16 14:00:00+00:00,0.42862466797364307,0.5479401350021362,0.07067826688816363,-1.1571255,americasquarterly.org,Mexico China Strategy,https://www.americasquarterly.org/article/mexico-china-strategy/,,
1123,2026-03-13,2026-03-13 19:00:00+00:00,0.4286019495928993,0.5424391031265259,0.08709048899201964,-5.7082453,bgnes.com,Trump Us Will Be Hitting Iran Hard Over Next Week,http://www.bgnes.com/conflicts/trump-us-will-be-hitting-iran-hard-over-next-week,,
1124,2026-03-16,2026-03-16 16:00:00+00:00,0.42858657512727205,0.544380247592926,0.08120555773031014,-1.3876843,cbc.ca,Iran Conflict China 9.7130361,https://www.cbc.ca/news/world/iran-conflict-china-9.7130361,,
1125,2026-03-17,2026-03-17 05:00:00+00:00,0.42858327146636677,0.5330426096916199,0.11520525679060734,-1.5873016,rawstory.com,Trump 2676259393,https://www.rawstory.com/trump-2676259393/,,
1126,2026-03-04,2026-03-04 16:00:00+00:00,0.42856024917232227,0.5330119132995605,0.11520525679060734,-2.0348837,rawstory.com,Trump 2675552561,https://www.rawstory.com/trump-2675552561/,,
1127,2026-03-08,2026-03-08 01:00:00+00:00,0.42854160524870877,0.5450103282928467,0.07913543611629492,-4.7619047,middleeasteye.net,Trump Says Irans Map Will Probably Not Look Same After War,https://www.middleeasteye.net/live-blog/live-blog-update/trump-says-irans-map-will-probably-not-look-same-after-war,,
1128,2026-03-18,2026-03-18 17:00:00+00:00,0.42854074009272924,0.5474679470062256,0.0717591193522403,7.142857,benzinga.com,Trump Administration Confirms Tesla Will Build 4 3 Billion Battery Plant In Michigan With Lg Energy,https://www.benzinga.com/news/26/03/51326574/trump-administration-confirms-tesla-will-build-4-3-billion-battery-plant-in-michigan-with-lg-energy,,
1129,2026-03-17,2026-03-17 12:00:00+00:00,0.42854074009272924,0.5474679470062256,0.0717591193522403,2.419355,benzinga.com,Trump Administration Confirms Tesla Will Build 4 3 Billion Battery Plant In Michigan With Lg Energy,https://www.benzinga.com/markets/tech/26/03/51290679/trump-administration-confirms-tesla-will-build-4-3-billion-battery-plant-in-michigan-with-lg-energy,,
1130,2026-03-06,2026-03-06 20:00:00+00:00,0.42847549136745167,0.5328989028930664,0.11520525679060734,-0.5181347,alternet.org,Trump 2675660595,https://www.alternet.org/trump-2675660595/,,
1131,2026-03-16,2026-03-16 21:00:00+00:00,0.42845634737850435,0.5405663251876831,0.09212641395096811,-6.818182,whyy.org,Will The War With Iran Fracture The Trump Coalition,https://whyy.org/episodes/will-the-war-with-iran-fracture-the-trump-coalition/,,
1132,2026-03-04,2026-03-04 16:00:00+00:00,0.42834789264978,0.5441714525222778,0.0808772130322866,-5.5670104,pvtimes.com,Editorial Trump Wants Iranians To Rise Up Will They 176747,https://pvtimes.com/news/editorial-trump-wants-iranians-to-rise-up-will-they-176747/,,
1133,2026-03-25,2026-03-25 19:00:00+00:00,0.4283455799072946,0.5490928292274475,0.06610383194683585,-5.254237,euronews.com,Donald Trump Will Unleash Hell If Iran Doesnt Make Peace Deal White House Says,https://www.euronews.com/2026/03/25/donald-trump-will-unleash-hell-if-iran-doesnt-make-peace-deal-white-house-says,,
1134,2026-03-06,2026-03-06 13:00:00+00:00,0.4283329319583101,0.5327088236808777,0.11520525679060734,-1.5665796,blackenterprise.com,Trump Diversity Academia,https://www.blackenterprise.com/trump-diversity-academia/,,
1135,2026-03-13,2026-03-13 17:00:00+00:00,0.4280909967051668,0.5323862433433533,0.11520525679060734,-4.958678,rawstory.com,Trump Muslims Genetics,https://www.rawstory.com/trump-muslims-genetics/,,
1136,2026-03-19,2026-03-19 11:00:00+00:00,0.4280818577603919,0.5499435067176819,0.06249691088852198,-6.171649,bankingnews.gr,There Will Be Much Blood Us And Israel Fail In Iran The Murderous Maniac Beside Trump Sows Global Chaos%20Title=,https://www.bankingnews.gr/diethni/articles/863335/there-will-be-much-blood-us-and-israel-fail-in-iran-the-murderous-maniac-beside-trump-sows-global-chaos%20title=,,
1137,2026-03-05,2026-03-05 21:00:00+00:00,0.42805362459289265,0.532336413860321,0.11520525679060734,-5.487805,rawstory.com,Trump 2675577892,https://www.rawstory.com/trump-2675577892/,,
1138,2026-03-12,2026-03-12 13:00:00+00:00,0.4280075594411548,0.5436558723449707,0.08106262072970713,-1.472995,aol.co.uk,China Tightens Grip Uyghurs Shared 130311604,https://www.aol.co.uk/articles/china-tightens-grip-uyghurs-shared-130311604.html,,
1139,2026-03-13,2026-03-13 12:00:00+00:00,0.42800529567071555,0.5410887002944946,0.08875508179937826,0.0,newstalk.com,Can China End Poverty,https://www.newstalk.com/podcasts/taking-stock/can-china-end-poverty,,
1140,2026-03-12,2026-03-12 16:00:00+00:00,0.4279041435086555,0.5483250617980957,0.06664138864033504,4.9180326,shanghainews.net,China Shanghai Awe2026 Cn,http://www.shanghainews.net/news/278918160/china-shanghai-awe2026-cn,,
1141,2026-03-11,2026-03-11 23:00:00+00:00,0.42782469871399614,0.5448459386825562,0.07676097880831614,-1.0209291,yahoo.com,Could Iran Using China Highly 125455860,https://www.yahoo.com/news/articles/could-iran-using-china-highly-125455860.html,,
1142,2026-03-19,2026-03-19 16:00:00+00:00,0.4277957941521482,0.5467684268951416,0.07087789592316787,-7.7777777,worldpoliticsreview.com,Afghanistan Tajikistan Border Violence China,https://www.worldpoliticsreview.com/afghanistan-tajikistan-border-violence-china/,,
1143,2026-03-05,2026-03-05 04:00:00+00:00,0.4277056641328728,0.5382075309753418,0.09620006360546587,-4.1666665,aninews.in,China Earthquake Of Magnitude 49 Hits Xinjiang20260305062809,https://aninews.in/news/world/asia/china-earthquake-of-magnitude-49-hits-xinjiang20260305062809/,,
1144,2026-03-18,2026-03-18 10:00:00+00:00,0.4276899651370969,0.5481964349746704,0.06617055562437646,1.7094017,yahoo.com,China Continue Mediating Middle East 100910416,https://www.yahoo.com/news/articles/china-continue-mediating-middle-east-100910416.html,,
1145,2026-03-09,2026-03-09 23:00:00+00:00,0.4276867878066225,0.5318472981452942,0.11520525679060734,-3.2258065,alternet.org,Carville Trump,https://www.alternet.org/carville-trump/,,
1146,2026-03-12,2026-03-12 12:00:00+00:00,0.42764951849375094,0.5452244877815247,0.07492461063042975,2.5062656,stiripesurse.ro,Hungarys President To Visit Targu Secuiesc On Sunday For Day Of Hungarians Worldwide 3867171,https://www.stiripesurse.ro/hungarys-president-to-visit-targu-secuiesc-on-sunday-for-day-of-hungarians-worldwide_3867171,,
1147,2026-03-10,2026-03-10 09:00:00+00:00,0.4275939602209623,0.5479297041893005,0.0665867283159477,-3.501094,i24news.tv,Artc Trump If Iran Blocks Strait Of Hormuz They Will Be Hit 20X Harder Live Blog,https://www.i24news.tv/en/news/middle-east/iran-eastern-states/artc-trump-if-iran-blocks-strait-of-hormuz-they-will-be-hit-20x-harder-live-blog,,
1148,2026-03-07,2026-03-07 12:00:00+00:00,0.4275254182967452,0.54982990026474,0.06061197239276068,-7.6923075,morningsun.net,"Trump Warns In Social Media Post More Iran Officials Will Be Targets In War Saying Today Iran,317860","http://www.morningsun.net/stories/trump-warns-in-social-media-post-more-iran-officials-will-be-targets-in-war-saying-today-iran,317860",,
1149,2026-03-06,2026-03-06 09:00:00+00:00,0.4275132569412427,0.5332098007202148,0.11042362560432634,1.2195122,campaignasia.com,Campaign Roars China,https://www.campaignasia.com/campaign-roars-china,,
1150,2026-03-04,2026-03-04 00:00:00+00:00,0.4274785529200711,0.547764778137207,0.06661987726866325,-0.95238096,bignewsnetwork.com,Trump Says Us Will Escort Oil Tankers Through Strait Of Hormuz If Necessary,http://www.bignewsnetwork.com/news/278900674/trump-says-us-will-escort-oil-tankers-through-strait-of-hormuz-if-necessary,,
1151,2026-03-09,2026-03-09 21:00:00+00:00,0.42742577684179356,0.5424240231513977,0.08243103791298105,-0.36585367,techradar.com,American Power Will Finally Stand Up In Cyberspace Trump Unveils New Cyber Strategy He Says Will Deploy The Full Suite Of Us Government Defensive And Offensive Cyber Operations,https://www.techradar.com/pro/security/american-power-will-finally-stand-up-in-cyberspace-trump-unveils-new-cyber-strategy-he-says-will-deploy-the-full-suite-of-us-government-defensive-and-offensive-cyber-operations,,
1152,2026-03-19,2026-03-19 23:00:00+00:00,0.4273912977801485,0.5314533114433289,0.11520525679060734,-2.9255319,advocate.com,Nicki Minaj Trump,https://www.advocate.com/news/culture/nicki-minaj-trump,,
1153,2026-03-17,2026-03-17 00:00:00+00:00,0.4273912977801485,0.5314533114433289,0.11520525679060734,-3.267974,out.com,Nicki Minaj Trump,https://www.out.com/gay-entertainment/nicki-minaj-trump,,
1154,2026-03-23,2026-03-23 10:00:00+00:00,0.427309569204103,0.5468048453330994,0.06882374081711395,-3.5322196,bankingnews.gr,Iran S Retaliation Will Wipe Out Gulf States Trump S Ultimatum Is Foolish Ukraine A Legitimate Target For Persians,https://www.bankingnews.gr/diethni/articles/863995/iran-s-retaliation-will-wipe-out-gulf-states-trump-s-ultimatum-is-foolish-ukraine-a-legitimate-target-for-persians,,
1155,2026-03-18,2026-03-18 19:00:00+00:00,0.42728360708820057,0.5313097238540649,0.11520525679060734,-2.3715415,rawstory.com,Trump 2676291001,https://www.rawstory.com/trump-2676291001/,,
1156,2026-03-10,2026-03-10 01:00:00+00:00,0.42727047457281064,0.5493089556694031,0.061155031283033325,-2.9333334,moneycontrol.com,Iran S Irgc Responds To Trump We Will Determine The End Of War Article 13855312,https://www.moneycontrol.com/world/iran-s-irgc-responds-to-trump-we-will-determine-the-end-of-war-article-13855312.html,,
1157,2026-03-23,2026-03-23 23:00:00+00:00,0.42724482062668995,0.5424867868423462,0.08151892197972124,-1.8867924,theepochtimes.com,National Guard Troops Deployed To Cities Will Receive Active Duty Benefits Trump Says 6002589,https://www.theepochtimes.com/us/national-guard-troops-deployed-to-cities-will-receive-active-duty-benefits-trump-says-6002589,,
1158,2026-03-20,2026-03-20 13:00:00+00:00,0.42719240009196274,0.4917418360710144,0.23354409215480776,6.2189054,globalsecurity.org,China 260318 Prc Mofa01,https://www.globalsecurity.org/wmd/library/news/china/2026/03/china-260318-prc-mofa01.htm,,
1159,2026-03-09,2026-03-09 13:00:00+00:00,0.42718558602129975,0.5483328104019165,0.0637439128794495,-2.4663677,gobankingrates.com,Will Your Taxes Pay For Trumps Tariff Refunds,https://www.gobankingrates.com/taxes/refunds/will-your-taxes-pay-for-trumps-tariff-refunds/,,
1160,2026-03-13,2026-03-13 22:00:00+00:00,0.42717433057340365,0.543368399143219,0.07859212486395771,-3.72549,newsghana.com.gh,Chinas Nostradamus Predicts Us Will Lose The Iran War,https://www.newsghana.com.gh/chinas-nostradamus-predicts-us-will-lose-the-iran-war/,,
1161,2026-03-13,2026-03-13 16:00:00+00:00,0.42711948479026235,0.5464969873428345,0.06898697713254598,-0.530504,slate.com,Meme Tiktok China Chinamaxxing Gen Z,https://slate.com/technology/2026/03/meme-tiktok-china-chinamaxxing-gen-z.html,,
1162,2026-03-08,2026-03-08 16:00:00+00:00,0.4271115275260944,0.5472228527069092,0.06677755198364989,-2.767992,bankingnews.gr,Will A Kurdish Offensive Change The Iran War Five Reasons Trump S Plan May Fail%20Title=,https://www.bankingnews.gr/diethni/articles/861093/will-a-kurdish-offensive-change-the-iran-war-five-reasons-trump-s-plan-may-fail%20title=,,
1163,2026-03-19,2026-03-19 21:00:00+00:00,0.42707001384364796,0.5310249328613281,0.11520525679060734,-0.5952381,rawstory.com,Trump Crosswalks Denver,https://www.rawstory.com/trump-crosswalks-denver/,,
1164,2026-03-16,2026-03-16 02:00:00+00:00,0.4270672820690346,0.5452385544776917,0.07255346484306341,-1.4084507,timesnownews.com,Trump Says Something Will Happen With Cuba Pretty Quickly As Iran War Dominates Us Focus Article 153842505,https://www.timesnownews.com/world/us/us-news/trump-says-something-will-happen-with-cuba-pretty-quickly-as-iran-war-dominates-us-focus-article-153842505,,
1165,2026-03-04,2026-03-04 00:00:00+00:00,0.42699710246192646,0.5309277176856995,0.11520525679060734,3.3994334,rawstory.com,Trump 2675550488,https://www.rawstory.com/trump-2675550488/,,
1166,2026-03-18,2026-03-18 23:00:00+00:00,0.42687543462622135,0.543481171131134,0.07705822511148319,-2.4573379,thejewishstar.com,"Antisemitism Is Something To Snack On In China,26142","http://www.thejewishstar.com/stories/antisemitism-is-something-to-snack-on-in-china,26142",,
1167,2026-03-19,2026-03-19 00:00:00+00:00,0.42684625591245634,0.5376065373420715,0.0945654116236107,8.72211,tribune.com.pk,China Offered Investment Gateways,https://tribune.com.pk/story/2598326/china-offered-investment-gateways,,
1168,2026-03-12,2026-03-12 14:00:00+00:00,0.426805647903757,0.4912261664867401,0.23354409215480776,-3.3112583,globalsecurity.org,China 260311 Prc Mndb01,https://www.globalsecurity.org/wmd/library/news/china/2026/03/china-260311-prc-mndb01.htm,,
1169,2026-03-13,2026-03-13 12:00:00+00:00,0.42673845317447795,0.5464988946914673,0.0674571286235099,-7.7380953,athens-times.com,Trump Threatens Iran Again We Will Hit You Very Hard Next Week,https://athens-times.com/trump-threatens-iran-again-we-will-hit-you-very-hard-next-week/,,
1170,2026-03-08,2026-03-08 15:00:00+00:00,0.42671666561968796,0.4911075234413147,0.23354409215480776,4.207921,globalsecurity.org,China 260307 Prc Mnd01,https://www.globalsecurity.org/wmd/library/news/china/2026/03/china-260307-prc-mnd01.htm,,
1171,2026-03-07,2026-03-07 08:00:00+00:00,0.4265872769148166,0.5486301779747009,0.06045857373516375,-3.8461537,timeslive.co.za,2026 03 07 Trump Administration Says Nashville Reporter Arrested By Ice Will Get Due Process,https://www.timeslive.co.za/news/world/2026-03-07-trump-administration-says-nashville-reporter-arrested-by-ice-will-get-due-process/,,
1172,2026-03-07,2026-03-07 09:00:00+00:00,0.4265872769148166,0.5486301779747009,0.06045857373516375,-3.8461537,theherald.co.za,2026 03 07 Trump Administration Says Nashville Reporter Arrested By Ice Will Get Due Process,https://www.theherald.co.za/news/world/2026-03-07-trump-administration-says-nashville-reporter-arrested-by-ice-will-get-due-process/,,
1173,2026-03-17,2026-03-17 02:00:00+00:00,0.4265074652062578,0.5302748680114746,0.11520525679060734,-1.1235955,rawstory.com,Trump 2676247953,https://www.rawstory.com/trump-2676247953/,,
1174,2026-03-16,2026-03-16 17:00:00+00:00,0.42648428013888906,0.5255383849143982,0.12932196581236174,-5.448718,athens-times.com,Trump On Iran This Will End Soon Oil Prices Will Plummet,https://athens-times.com/trump-on-iran-this-will-end-soon-oil-prices-will-plummet/,,
1175,2026-03-13,2026-03-13 19:00:00+00:00,0.426482095062982,0.5436724424362183,0.07491105294327328,1.6949153,wn.com,Trump Says Us Will Hit Iran 8216Very Hard 8217 After Easing  W,https://article.wn.com/view/2026/03/13/trump_says_us_will_hit_iran_8216very_hard_8217_after_easing__w/,,
1176,2026-03-06,2026-03-06 10:00:00+00:00,0.42646517911619625,0.547237753868103,0.06414745486047593,-8.474576,moneycontrol.com,Some People Will Die Trump Says Americans May Need To Brace For Iran Retaliation At Home Article 13853003,https://www.moneycontrol.com/world/some-people-will-die-trump-says-americans-may-need-to-brace-for-iran-retaliation-at-home-article-13853003.html,,
1177,2026-03-17,2026-03-17 04:00:00+00:00,0.42643882373994985,0.548309862613678,0.06082570711876547,-0.89730805,nationalpost.com,China Iran World Order,https://nationalpost.com/news/world/china-iran-world-order,,
1178,2026-03-04,2026-03-04 00:00:00+00:00,0.42639119163385547,0.5479272603988647,0.061782985338827555,2.3183925,traveldailynews.asia,Shopping In China Drives Inbound Tourism Surge,https://www.traveldailynews.asia/shopping/shopping-in-china-drives-inbound-tourism-surge/,,
1179,2026-03-09,2026-03-09 18:00:00+00:00,0.42636378821002674,0.5300832986831665,0.11520525679060734,-7.2093024,alternet.org,Rick Wilson Trump 2675913776,https://www.alternet.org/rick-wilson-trump-2675913776/,,
1180,2026-03-13,2026-03-13 02:00:00+00:00,0.42631649192439747,0.5300202369689941,0.11520525679060734,-1.843318,rawstory.com,Trump 2676097250,https://www.rawstory.com/trump-2676097250/,,
1181,2026-03-22,2026-03-22 20:00:00+00:00,0.42631165100624313,0.5478487014770508,0.06170049959382028,-4.375,heraldglobe.com,Trump Stands By His Red Lines Will Not Let Iran Hold World Energy Supplies Hostage Mike Waltz,http://www.heraldglobe.com/news/278937464/trump-stands-by-his-red-lines-will-not-let-iran-hold-world-energy-supplies-hostage-mike-waltz,,
1182,2026-03-22,2026-03-22 18:00:00+00:00,0.42631165100624313,0.5478487014770508,0.06170049959382028,-4.375,austinglobe.com,Trump Stands By His Red Lines Will Not Let Iran Hold World Energy Supplies Hostage Mike Waltz,http://www.austinglobe.com/news/278937464/trump-stands-by-his-red-lines-will-not-let-iran-hold-world-energy-supplies-hostage-mike-waltz,,
1183,2026-03-22,2026-03-22 19:00:00+00:00,0.42631165100624313,0.5478487014770508,0.06170049959382028,-4.375,iraqsun.com,Trump Stands By His Red Lines Will Not Let Iran Hold World Energy Supplies Hostage Mike Waltz,http://www.iraqsun.com/news/278937464/trump-stands-by-his-red-lines-will-not-let-iran-hold-world-energy-supplies-hostage-mike-waltz,,
1184,2026-03-22,2026-03-22 22:00:00+00:00,0.42631165100624313,0.5478487014770508,0.06170049959382028,-4.375,batonrougepost.com,Trump Stands By His Red Lines Will Not Let Iran Hold World Energy Supplies Hostage Mike Waltz,http://www.batonrougepost.com/news/278937464/trump-stands-by-his-red-lines-will-not-let-iran-hold-world-energy-supplies-hostage-mike-waltz,,
1185,2026-03-22,2026-03-22 21:00:00+00:00,0.42631165100624313,0.5478487014770508,0.06170049959382028,-4.375,arabherald.com,Trump Stands By His Red Lines Will Not Let Iran Hold World Energy Supplies Hostage Mike Waltz,http://www.arabherald.com/news/278937464/trump-stands-by-his-red-lines-will-not-let-iran-hold-world-energy-supplies-hostage-mike-waltz,,
1186,2026-03-22,2026-03-22 20:00:00+00:00,0.42631165100624313,0.5478487014770508,0.06170049959382028,-4.375,bruneinews.net,Trump Stands By His Red Lines Will Not Let Iran Hold World Energy Supplies Hostage Mike Waltz,http://www.bruneinews.net/news/278937464/trump-stands-by-his-red-lines-will-not-let-iran-hold-world-energy-supplies-hostage-mike-waltz,,
1187,2026-03-22,2026-03-22 19:00:00+00:00,0.42631165100624313,0.5478487014770508,0.06170049959382028,-4.375,asiabulletin.com,Trump Stands By His Red Lines Will Not Let Iran Hold World Energy Supplies Hostage Mike Waltz,http://www.asiabulletin.com/news/278937464/trump-stands-by-his-red-lines-will-not-let-iran-hold-world-energy-supplies-hostage-mike-waltz,,
1188,2026-03-22,2026-03-22 19:00:00+00:00,0.42631165100624313,0.5478487014770508,0.06170049959382028,-4.375,russiaherald.com,Trump Stands By His Red Lines Will Not Let Iran Hold World Energy Supplies Hostage Mike Waltz,http://www.russiaherald.com/news/278937464/trump-stands-by-his-red-lines-will-not-let-iran-hold-world-energy-supplies-hostage-mike-waltz,,
1189,2026-03-22,2026-03-22 18:00:00+00:00,0.42631165100624313,0.5478487014770508,0.06170049959382028,-4.375,kenyastar.com,Trump Stands By His Red Lines Will Not Let Iran Hold World Energy Supplies Hostage Mike Waltz,http://www.kenyastar.com/news/278937464/trump-stands-by-his-red-lines-will-not-let-iran-hold-world-energy-supplies-hostage-mike-waltz,,
1190,2026-03-22,2026-03-22 18:00:00+00:00,0.42631165100624313,0.5478487014770508,0.06170049959382028,-4.375,azerbaijannews.net,Trump Stands By His Red Lines Will Not Let Iran Hold World Energy Supplies Hostage Mike Waltz,http://www.azerbaijannews.net/news/278937464/trump-stands-by-his-red-lines-will-not-let-iran-hold-world-energy-supplies-hostage-mike-waltz,,
1191,2026-03-22,2026-03-22 18:00:00+00:00,0.42631165100624313,0.5478487014770508,0.06170049959382028,-4.3659043,bignewsnetwork.com,Trump Stands By His Red Lines Will Not Let Iran Hold World Energy Supplies Hostage Mike Waltz,http://www.bignewsnetwork.com/news/278937464/trump-stands-by-his-red-lines-will-not-let-iran-hold-world-energy-supplies-hostage-mike-waltz,,
1192,2026-03-22,2026-03-22 19:00:00+00:00,0.42631165100624313,0.5478487014770508,0.06170049959382028,-4.375,middleeaststar.com,Trump Stands By His Red Lines Will Not Let Iran Hold World Energy Supplies Hostage Mike Waltz,http://www.middleeaststar.com/news/278937464/trump-stands-by-his-red-lines-will-not-let-iran-hold-world-energy-supplies-hostage-mike-waltz,,
1193,2026-03-23,2026-03-23 07:00:00+00:00,0.4262591587504394,0.5483301281929016,0.06004625042305287,2.201835,newyorktelegraph.com,Interview Americans Stories In China Key To Dispel Misunderstandings Says Us Professor In China,http://www.newyorktelegraph.com/news/278938275/interview-americans-stories-in-china-key-to-dispel-misunderstandings-says-us-professor-in-china,,
1194,2026-03-23,2026-03-23 08:00:00+00:00,0.4262591587504394,0.5483301281929016,0.06004625042305287,2.201835,newzealandstar.com,Interview Americans Stories In China Key To Dispel Misunderstandings Says Us Professor In China,http://www.newzealandstar.com/news/278938275/interview-americans-stories-in-china-key-to-dispel-misunderstandings-says-us-professor-in-china,,
1195,2026-03-23,2026-03-23 08:00:00+00:00,0.4262591587504394,0.5483301281929016,0.06004625042305287,2.201835,newyorkstatesman.com,Interview Americans Stories In China Key To Dispel Misunderstandings Says Us Professor In China,http://www.newyorkstatesman.com/news/278938275/interview-americans-stories-in-china-key-to-dispel-misunderstandings-says-us-professor-in-china,,
1196,2026-03-23,2026-03-23 09:00:00+00:00,0.4262591587504394,0.5483301281929016,0.06004625042305287,2.201835,chinanationalnews.com,Interview Americans Stories In China Key To Dispel Misunderstandings Says Us Professor In China,http://www.chinanationalnews.com/news/278938275/interview-americans-stories-in-china-key-to-dispel-misunderstandings-says-us-professor-in-china,,
1197,2026-03-23,2026-03-23 07:00:00+00:00,0.4262591587504394,0.5483301281929016,0.06004625042305287,2.201835,taiwansun.com,Interview Americans Stories In China Key To Dispel Misunderstandings Says Us Professor In China,http://www.taiwansun.com/news/278938275/interview-americans-stories-in-china-key-to-dispel-misunderstandings-says-us-professor-in-china,,
1198,2026-03-23,2026-03-23 08:00:00+00:00,0.4262591587504394,0.5483301281929016,0.06004625042305287,2.201835,mexicostar.com,Interview Americans Stories In China Key To Dispel Misunderstandings Says Us Professor In China,http://www.mexicostar.com/news/278938275/interview-americans-stories-in-china-key-to-dispel-misunderstandings-says-us-professor-in-china,,
1199,2026-03-23,2026-03-23 08:00:00+00:00,0.4262591587504394,0.5483301281929016,0.06004625042305287,2.201835,singaporestar.com,Interview Americans Stories In China Key To Dispel Misunderstandings Says Us Professor In China,http://www.singaporestar.com/news/278938275/interview-americans-stories-in-china-key-to-dispel-misunderstandings-says-us-professor-in-china,,
1200,2026-03-23,2026-03-23 06:00:00+00:00,0.4262591587504394,0.5483301281929016,0.06004625042305287,2.201835,shanghainews.net,Interview Americans Stories In China Key To Dispel Misunderstandings Says Us Professor In China,http://www.shanghainews.net/news/278938275/interview-americans-stories-in-china-key-to-dispel-misunderstandings-says-us-professor-in-china,,
1201,2026-03-23,2026-03-23 15:00:00+00:00,0.42625328119861317,0.5299359560012817,0.11520525679060734,-3.7344398,rawstory.com,Trump 2676577525,https://www.rawstory.com/trump-2676577525/,,
1202,2026-03-04,2026-03-04 20:00:00+00:00,0.42622258886505326,0.5442273616790771,0.07220827042298167,-1.7021277,yahoo.com,U Shown China Russia Really 121819171,https://www.yahoo.com/news/articles/u-shown-china-russia-really-121819171.html,,
1203,2026-03-22,2026-03-22 05:00:00+00:00,0.4260748424855336,0.5474481582641602,0.06195489514965399,-3.053435,christianpost.com,Iran Is Choking The Global Economy Will Trumps Allies Step Up,https://www.christianpost.com/voices/iran-is-choking-the-global-economy-will-trumps-allies-step-up.html,,
1204,2026-03-21,2026-03-21 19:00:00+00:00,0.4259863119946642,0.5295799970626831,0.11520525679060734,-5.3846154,rawstory.com,Trump 2676524960,https://www.rawstory.com/trump-2676524960/,,
1205,2026-03-22,2026-03-22 19:00:00+00:00,0.42595569010841083,0.529539167881012,0.11520525679060734,-5.263158,rawstory.com,Trump 2676572416,https://www.rawstory.com/trump-2676572416/,,
1206,2026-03-05,2026-03-05 23:00:00+00:00,0.4259430162472152,0.5474341511726379,0.061469611470946955,-2.393617,marinelink.com,China Talks Iran Safe Passage 536594,https://www.marinelink.com/news/china-talks-iran-safe-passage-536594,,
1207,2026-03-11,2026-03-11 20:00:00+00:00,0.4258429136813449,0.4899425208568573,0.23354409215480776,-6.2043796,philstar.com,Lacson Marcoletas Echoing China Narratives Unsettling,https://www.philstar.com/headlines/2026/03/12/2513647/lacson-marcoletas-echoing-china-narratives-unsettling,,
1208,2026-03-04,2026-03-04 00:00:00+00:00,0.4258071018542826,0.5323594212532043,0.10615014365751738,-1.3953488,benzinga.com,Ufc Will Not Profit From White House Fight On Trumps Birthday Will Shareholders Approve Of 30 Million Loss,https://www.benzinga.com/news/politics/26/03/51024155/ufc-will-not-profit-from-white-house-fight-on-trumps-birthday-will-shareholders-approve-of-30-million-loss,,
1209,2026-03-04,2026-03-04 21:00:00+00:00,0.425801194869153,0.5293331742286682,0.11520525679060734,-1.7937219,alternet.org,Trump Dementia Illness Age,https://www.alternet.org/trump/trump-dementia-illness-age/,,
1210,2026-03-12,2026-03-12 03:00:00+00:00,0.42575652630806976,0.5435997247695923,0.07222693092350223,0.0,spotlightnepal.com,Trump Says Will End Conflict When He Wants,https://www.spotlightnepal.com/2026/03/12/trump-says-will-end-conflict-when-he-wants/,,
1211,2026-03-18,2026-03-18 11:00:00+00:00,0.425699077215788,0.546282172203064,0.06394979225396011,-5.7777777,benzinga.com,Will Mojtaba Khamenei Fall Before Iran Reaches Truce With Trump Heres What Prediction,https://www.benzinga.com/markets/prediction-markets/26/03/51317956/will-mojtaba-khamenei-fall-before-iran-reaches-truce-with-trump-heres-what-prediction-,,
1212,2026-03-07,2026-03-07 11:00:00+00:00,0.42564554852190595,0.5456432104110718,0.0656525628544085,-3.1102734,graphic.com.gh,Trump Wants To Pick Irans New Leader Will A Hostile Regime Under Fire Agree,https://www.graphic.com.gh/international/international-news/trump-wants-to-pick-irans-new-leader-will-a-hostile-regime-under-fire-agree.html,,
1213,2026-03-06,2026-03-06 04:00:00+00:00,0.4256264286479352,0.5418566465377808,0.07693577497839861,-8.947369,justjared.com,Donald Trump Admits Some People Will Die While Responding To Americans Fears Of Iran Retaliating On U S Soil,https://www.justjared.com/2026/03/05/donald-trump-admits-some-people-will-die-while-responding-to-americans-fears-of-iran-retaliating-on-u-s-soil/,,
1214,2026-03-09,2026-03-09 17:00:00+00:00,0.42558544358104367,0.5462560057640076,0.06357375703215185,-5.3291535,independent.co.uk,King Charles Us State Visit Trump Starmer B2934893,https://www.independent.co.uk/news/uk/home-news/king-charles-us-state-visit-trump-starmer-b2934893.html,,
1215,2026-03-14,2026-03-14 15:00:00+00:00,0.4255420008729697,0.534209132194519,0.09954060690832157,-2.8050492,newkerala.com,Us Will Bomb Hell Out Shoreline Trump Conflict 526,https://www.newkerala.com/news/a/us-will-bomb-hell-out-shoreline-trump-conflict-526.htm,,
1216,2026-03-05,2026-03-05 16:00:00+00:00,0.4254856783201042,0.541337251663208,0.07793095829079275,-3.5799522,royalgazette.com,Trump Says Us Will Insure Ships In Persian Gulf Region,https://www.royalgazette.com/reinsurance/business/article/20260305/trump-says-us-will-insure-ships-in-persian-gulf-region/,,
1217,2026-03-04,2026-03-04 21:00:00+00:00,0.4254856783201042,0.541337251663208,0.07793095829079275,-3.5799522,royalgazette.com,Trump Says Us Will Insure Ships In Persian Gulf Region,https://www.royalgazette.com/reinsurance/business/article/20260304/trump-says-us-will-insure-ships-in-persian-gulf-region/,,
1218,2026-03-08,2026-03-08 05:00:00+00:00,0.4254824149567211,0.5360690355300903,0.09372255323661356,-5.107527,theamericanconservative.com,An Extended War With Iran Will Weaken American Deterrence Against China And Russia,https://www.theamericanconservative.com/an-extended-war-with-iran-will-weaken-american-deterrence-against-china-and-russia/,,
1219,2026-03-11,2026-03-11 17:00:00+00:00,0.4254164021278945,0.5406872034072876,0.07960399828971525,-4.790419,newsx.com,Donald Trump Claims He Will Take The Final Call On Us Iran War Says Any Time I Want It To End It Will End Since Nothing Left To Target 181318,https://www.newsx.com/world/donald-trump-claims-he-will-take-the-final-call-on-us-iran-war-says-any-time-i-want-it-to-end-it-will-end-since-nothing-left-to-target-181318/,,
1220,2026-03-25,2026-03-25 14:00:00+00:00,0.42541134880453224,0.5427649617195129,0.07335051005959008,0.0,dailykos.com,Trump It Will Be Jointly Controlled Q By Whom Trump Maybe Me Me And The Ayatollah,https://www.dailykos.com/stories/2026/3/25/2374725/-Trump-It-will-be-jointly-controlled-Q-By-whom-Trump-Maybe-me-me-and-the-Ayatollah,,
1221,2026-03-09,2026-03-09 22:00:00+00:00,0.4254030900264669,0.5392924547195435,0.08373499594723723,-2.9411764,omanobserver.om,Iran War Will Be Short Term Trump,https://www.omanobserver.om/article/1185836/world/region/iran-war-will-be-short-term-trump,,
1222,2026-03-10,2026-03-10 15:00:00+00:00,0.42538335140811634,0.5287760496139526,0.11520525679060734,-5.5096416,rawstory.com,Trump 2675988775,https://www.rawstory.com/trump-2675988775/,,
1223,2026-03-08,2026-03-08 05:00:00+00:00,0.42537682815560995,0.5318551659584045,0.10594181474722615,-1.3227513,dawn.com,Expert Hopes China Will Embrace Brain Computer Tech In 3 5 Years,https://www.dawn.com/news/1979687/expert-hopes-china-will-embrace-brain-computer-tech-in-3-5-years,,
1224,2026-03-23,2026-03-23 07:00:00+00:00,0.42537258642188847,0.5438619256019592,0.06990456888167626,1.6129032,bignewsnetwork.com,Ecochina China Heilongjiang Spring Aurora Cn,http://www.bignewsnetwork.com/news/278938344/ecochina-china-heilongjiang-spring-aurora-cn,,
1225,2026-03-23,2026-03-23 11:00:00+00:00,0.42537258642188847,0.5438619256019592,0.06990456888167626,1.6129032,shanghainews.net,Ecochina China Heilongjiang Spring Aurora Cn,http://www.shanghainews.net/news/278938344/ecochina-china-heilongjiang-spring-aurora-cn,,
1226,2026-03-18,2026-03-18 12:00:00+00:00,0.42536466535197925,0.5287511348724365,0.11520525679060734,-2.6548672,rawstory.com,Trump 2676270565,https://www.rawstory.com/trump-2676270565/,,
1227,2026-03-10,2026-03-10 11:00:00+00:00,0.4253481682696945,0.5309545397758484,0.10852905375123288,1.0438414,moneycontrol.com,China Signals Slowing Economic Growth Will Not Hold Back Military Modernisation 13856013,https://www.moneycontrol.com/news/opinion/china-signals-slowing-economic-growth-will-not-hold-back-military-modernisation-13856013.html,,
1228,2026-03-18,2026-03-18 14:00:00+00:00,0.4252301181361373,0.543336033821106,0.07091237108123127,0.0,seekingalpha.com,4565784 Trump Asks When Powell Will Cut Rates Markets Say Never,https://seekingalpha.com/news/4565784-trump-asks-when-powell-will-cut-rates-markets-say-never,,
1229,2026-03-24,2026-03-24 13:00:00+00:00,0.4252118346036243,0.4891010820865631,0.23354409215480776,1.2048193,globalsecurity.org,China 260323 Prc Mnd01,https://www.globalsecurity.org/wmd/library/news/china/2026/03/china-260323-prc-mnd01.htm,,
1230,2026-03-10,2026-03-10 03:00:00+00:00,0.4251836514398085,0.5460500717163086,0.0625843906103083,-4.3010755,japantimes.co.jp,Ships China Links Hormuz,https://www.japantimes.co.jp/news/2026/03/10/world/politics/ships-china-links-hormuz/,,
1231,2026-03-13,2026-03-13 10:00:00+00:00,0.4251489176662145,0.5454913377761841,0.06412165733630566,1.6666666,irishtimes.com,China And The Oireachtas,https://www.irishtimes.com/opinion/letters/2026/03/13/china-and-the-oireachtas/,,
1232,2026-03-10,2026-03-10 08:00:00+00:00,0.4250743554168236,0.5439756512641907,0.0683704678747223,-1.4705882,afr.com,Iran War S Only Guaranteed Outcome Is That Trump Will Declare Victory 20260310 P5O919,https://www.afr.com/policy/foreign-affairs/iran-war-s-only-guaranteed-outcome-is-that-trump-will-declare-victory-20260310-p5o919,,
1233,2026-03-09,2026-03-09 19:00:00+00:00,0.4250718707549933,0.5434266328811646,0.07000758437647951,-2.5222552,saharareporters.com,Trump Says Us Will Give Asylum Iranian Women National Team If Government Sanctions,https://saharareporters.com/2026/03/09/trump-says-us-will-give-asylum-iranian-women-national-team-if-government-sanctions,,
1234,2026-03-25,2026-03-25 19:00:00+00:00,0.4250646602736635,0.5283511281013489,0.11520525679060734,-6.405694,rawstory.com,Trump 2676619033,https://www.rawstory.com/trump-2676619033/,,
1235,2026-03-18,2026-03-18 04:00:00+00:00,0.42506160740441123,0.5434545278549194,0.06988284605288657,5.781866,bignewsnetwork.com,China Focus Blossoms Bonds And Borderless Running Marathons Foster Exchanges For China Yunnan,http://www.bignewsnetwork.com/news/278928774/china-focus-blossoms-bonds-and-borderless-running-marathons-foster-exchanges-for-china-yunnan,,
1236,2026-03-18,2026-03-18 08:00:00+00:00,0.42506160740441123,0.5434545278549194,0.06988284605288657,5.7894735,thailandnews.net,China Focus Blossoms Bonds And Borderless Running Marathons Foster Exchanges For China Yunnan,http://www.thailandnews.net/news/278928774/china-focus-blossoms-bonds-and-borderless-running-marathons-foster-exchanges-for-china-yunnan,,
1237,2026-03-18,2026-03-18 07:00:00+00:00,0.42506160740441123,0.5434545278549194,0.06988284605288657,5.7894735,myanmarnews.net,China Focus Blossoms Bonds And Borderless Running Marathons Foster Exchanges For China Yunnan,http://www.myanmarnews.net/news/278928774/china-focus-blossoms-bonds-and-borderless-running-marathons-foster-exchanges-for-china-yunnan,,
1238,2026-03-05,2026-03-05 00:00:00+00:00,0.4250584464894457,0.5283428430557251,0.11520525679060734,-0.51282054,rawstory.com,Trump 2675555397,https://www.rawstory.com/trump-2675555397/,,
1239,2026-03-09,2026-03-09 07:00:00+00:00,0.42499662897435897,0.5308108925819397,0.10755383815161673,-6.749556,indiatvnews.com,When Will Israel Iran War End Trump Says Decision Will Be Mutual With Israeli Pm Netanyahu 2026 03 09 1033117,https://www.indiatvnews.com/news/world/when-will-israel-iran-war-end-trump-says-decision-will-be-mutual-with-israeli-pm-netanyahu-2026-03-09-1033117,,
1240,2026-03-09,2026-03-09 19:00:00+00:00,0.42495649799936075,0.5439108610153198,0.06809340895148348,2.3923445,latintimes.com,Venezuelans Are Going Dedicate Statue Trump Top Us Official Claims After Visit 595455,https://www.latintimes.com/venezuelans-are-going-dedicate-statue-trump-top-us-official-claims-after-visit-595455,,
1241,2026-03-17,2026-03-17 02:00:00+00:00,0.42495169457065296,0.5282005071640015,0.11520525679060734,-4.435484,rawstory.com,Trump 2676251860,https://www.rawstory.com/trump-2676251860/,,
1242,2026-03-10,2026-03-10 11:00:00+00:00,0.42490547810115326,0.5394865870475769,0.08116215126188225,-5.897772,newvision.co.ug,Trump Says Will Waive Some Oil Sanctions As I Nv 229536 032026,https://www.newvision.co.ug/category/business/trump-says-will-waive-some-oil-sanctions-as-i-NV_229536_032026,,
1243,2026-03-23,2026-03-23 19:00:00+00:00,0.4248058271037264,0.5280060172080994,0.11520525679060734,-3.187251,rawstory.com,Trump 2676579633,https://www.rawstory.com/trump-2676579633/,,
1244,2026-03-21,2026-03-21 17:00:00+00:00,0.4248002391682787,0.5279985666275024,0.11520525679060734,-7.1017275,rawstory.com,Trump 2676465361,https://www.rawstory.com/raw-investigates/trump-2676465361/,,
1245,2026-03-11,2026-03-11 23:00:00+00:00,0.42479479120814206,0.5408934950828552,0.0764986795840025,0.78740156,politicalwire.com,Trump Will Tap Strategic Petroleum Reserve,https://politicalwire.com/2026/03/11/trump-will-tap-strategic-petroleum-reserve/,,
1246,2026-03-17,2026-03-17 09:00:00+00:00,0.4247711070733513,0.544245719909668,0.06634726856440128,1.734104,geo.tv,656030 Buckingham Palace Issues Statement As Trump Confirms King Charles Visit,https://www.geo.tv/latest/656030-buckingham-palace-issues-statement-as-trump-confirms-king-charles-visit,,
1247,2026-03-19,2026-03-19 21:00:00+00:00,0.4246591495153128,0.5388542413711548,0.0820738739477868,0.32258064,spokesman.com,Americans Believe Trump Will Send Troops Into Iran,https://www.spokesman.com/stories/2026/mar/19/americans-believe-trump-will-send-troops-into-iran/,,
1248,2026-03-19,2026-03-19 20:00:00+00:00,0.4246591495153128,0.5388542413711548,0.0820738739477868,0.78740156,politicalwire.com,Americans Believe Trump Will Send Troops Into Iran,https://politicalwire.com/2026/03/19/americans-believe-trump-will-send-troops-into-iran/,,
1249,2026-03-24,2026-03-24 04:00:00+00:00,0.42464069243537617,0.5277858376502991,0.11520525679060734,-5.6603775,rawstory.com,Trump 2676580725,https://www.rawstory.com/trump-2676580725/,,
1250,2026-03-12,2026-03-12 03:00:00+00:00,0.42453099008666706,0.5276395678520203,0.11520525679060734,-10.252366,alternet.org,Trump 2676086253,https://www.alternet.org/trump-2676086253/,,
1251,2026-03-19,2026-03-19 21:00:00+00:00,0.4244362052901775,0.5269259214401245,0.1169670568403365,7.368421,nbcsvg.com,Minister King Confident Taiwan Visit Will Boost Diplomatic Ties Between Both Countries,https://www.nbcsvg.com/2026/03/19/minister-king-confident-taiwan-visit-will-boost-diplomatic-ties-between-both-countries/,,
1252,2026-03-10,2026-03-10 17:00:00+00:00,0.42442132846350417,0.5455281734466553,0.061100793514050754,-2.1052632,yahoo.com,China Plans Crack Down Problems 171453014,https://www.yahoo.com/news/articles/china-plans-crack-down-problems-171453014.html,,
1253,2026-03-05,2026-03-05 00:00:00+00:00,0.42439929362403583,0.527463972568512,0.11520525679060734,-4.155844,rawstory.com,Trump 2675555346,https://www.rawstory.com/trump-2675555346/,,
1254,2026-03-16,2026-03-16 21:00:00+00:00,0.42438083108531666,0.5274393558502197,0.11520525679060734,-3.8997214,rawstory.com,Trump 2676221565,https://www.rawstory.com/trump-2676221565/,,
1255,2026-03-04,2026-03-04 10:00:00+00:00,0.4243750205474653,0.540907621383667,0.07477721803886023,-6.8100357,japantimes.co.jp,China Embassy Warning,https://www.japantimes.co.jp/news/2026/03/04/japan/society/china-embassy-warning/,,
1256,2026-03-23,2026-03-23 14:00:00+00:00,0.4243512033704571,0.5365373492240906,0.08779276580955676,-0.31347963,newkerala.com,Nepal Allow Solo Travellers Restricted Areas Bordering China 265,https://www.newkerala.com/news/a/nepal-allow-solo-travellers-restricted-areas-bordering-china-265.htm,,
1257,2026-03-11,2026-03-11 14:00:00+00:00,0.4243451638457705,0.5436228513717651,0.0665121012677864,0.0,wn.com,Trump Will Let Iran Play At 2026 World Cup In Us Fifa Chief,https://article.wn.com/view/2026/03/11/Trump_Will_Let_Iran_Play_at_2026_World_Cup_in_US_FIFA_Chief_/,,
1258,2026-03-08,2026-03-08 01:00:00+00:00,0.4242717545853777,0.5272939205169678,0.11520525679060734,-2.1978023,rawstory.com,Trump 2675780226,https://www.rawstory.com/trump-2675780226/,,
1259,2026-03-23,2026-03-23 04:00:00+00:00,0.42423894222842884,0.5272501707077026,0.11520525679060734,-4.6961327,nationalmemo.com,Trump 2676573393,https://www.nationalmemo.com/trump-2676573393,,
1260,2026-03-06,2026-03-06 19:00:00+00:00,0.4241985302792711,0.5271962881088257,0.11520525679060734,-5.017921,english.pravda.ru,166097 Trump Psychiatric Mania,https://english.pravda.ru/news/world/166097-trump-psychiatric-mania/,,
1261,2026-03-16,2026-03-16 21:00:00+00:00,0.42419612201658585,0.5437811613082886,0.0654410041414776,-1.6049383,laist.com,Citing Iran Crisis Trump Orders Santa Barbara Oil Pipeline Restart California Will Fight It,https://laist.com/brief/news/climate-environment/citing-iran-crisis-trump-orders-santa-barbara-oil-pipeline-restart-california-will-fight-it,,
1262,2026-03-16,2026-03-16 21:00:00+00:00,0.42419612201658585,0.5437811613082886,0.0654410041414776,-3.3088236,laist.com,Citing Iran Crisis Trump Orders Santa Barbara Oil Pipeline Restart California Will Fight It,https://laist.com/news/climate-environment/citing-iran-crisis-trump-orders-santa-barbara-oil-pipeline-restart-california-will-fight-it,,
1263,2026-03-14,2026-03-14 06:00:00+00:00,0.42419612201658585,0.5437811613082886,0.0654410041414776,-3.2451923,paloaltoonline.com,Citing Iran Crisis Trump Orders Santa Barbara Oil Pipeline Restart California Will Fight It,https://www.paloaltoonline.com/calmatters/2026/03/13/citing-iran-crisis-trump-orders-santa-barbara-oil-pipeline-restart-california-will-fight-it/,,
1264,2026-03-14,2026-03-14 03:00:00+00:00,0.42419612201658585,0.5437811613082886,0.0654410041414776,-3.2451923,pleasantonweekly.com,Citing Iran Crisis Trump Orders Santa Barbara Oil Pipeline Restart California Will Fight It,https://www.pleasantonweekly.com/calmatters/2026/03/13/citing-iran-crisis-trump-orders-santa-barbara-oil-pipeline-restart-california-will-fight-it/,,
1265,2026-03-16,2026-03-16 23:00:00+00:00,0.42419612201658585,0.5437811613082886,0.0654410041414776,-3.073286,kpbs.org,Citing Iran Crisis Trump Orders Santa Barbara Oil Pipeline Restart California Will Fight It,https://www.kpbs.org/news/environment/2026/03/16/citing-iran-crisis-trump-orders-santa-barbara-oil-pipeline-restart-california-will-fight-it,,
1266,2026-03-14,2026-03-14 06:00:00+00:00,0.42419612201658585,0.5437811613082886,0.0654410041414776,-3.2451923,almanacnews.com,Citing Iran Crisis Trump Orders Santa Barbara Oil Pipeline Restart California Will Fight It,https://www.almanacnews.com/calmatters/2026/03/13/citing-iran-crisis-trump-orders-santa-barbara-oil-pipeline-restart-california-will-fight-it/,,
1267,2026-03-14,2026-03-14 05:00:00+00:00,0.42419612201658585,0.5437811613082886,0.0654410041414776,-3.2451923,mv-voice.com,Citing Iran Crisis Trump Orders Santa Barbara Oil Pipeline Restart California Will Fight It,https://www.mv-voice.com/calmatters/2026/03/13/citing-iran-crisis-trump-orders-santa-barbara-oil-pipeline-restart-california-will-fight-it/,,
1268,2026-03-15,2026-03-15 17:00:00+00:00,0.4241944175587816,0.5271908044815063,0.11520525679060734,1.8927444,rawstory.com,Trump 2676155446,https://www.rawstory.com/trump-2676155446/,,
1269,2026-03-13,2026-03-13 00:00:00+00:00,0.42418851669894886,0.527182936668396,0.11520525679060734,-5.379747,thewrap.com,Trump Colbert Cancellation Steven Cheung Insult,https://www.thewrap.com/creative-content/tv-shows/trump-colbert-cancellation-steven-cheung-insult/,,
1270,2026-03-10,2026-03-10 23:00:00+00:00,0.42414204044239195,0.5398257970809937,0.07709077052658694,-1.2345679,afr.com,Taco On Iran Will Come Too Late For Trump 20260311 P5O9Ay,https://www.afr.com/world/north-america/taco-on-iran-will-come-too-late-for-trump-20260311-p5o9ay,,
1271,2026-03-17,2026-03-17 02:00:00+00:00,0.4241229813920183,0.5270955562591553,0.11520525679060734,-2.8169014,rawstory.com,Trump 2676238175,https://www.rawstory.com/trump-2676238175/,,
1272,2026-03-07,2026-03-07 11:00:00+00:00,0.4240751014922133,0.524533748626709,0.12269916008872607,-10.958904,theepochtimes.com,Beijing Afraid Iran Strikes Will Spur Uprising In China Insiders Say 5994766,https://www.theepochtimes.com/article/beijing-afraid-iran-strikes-will-spur-uprising-in-china-insiders-say-5994766,,
1273,2026-03-09,2026-03-09 17:00:00+00:00,0.4239873957263155,0.5269147753715515,0.11520525679060734,-4.455446,rawstory.com,Trump 2675913034,https://www.rawstory.com/trump-2675913034/,,
1274,2026-03-25,2026-03-25 12:00:00+00:00,0.4238570850716753,0.5267410278320312,0.11520525679060734,-4.347826,rawstory.com,Trump 2676616830,https://www.rawstory.com/msn/trump-2676616830/,,
1275,2026-03-10,2026-03-10 19:00:00+00:00,0.4238370132075472,0.5267142653465271,0.11520525679060734,-2.0057306,rawstory.com,Trump 2675997428,https://www.rawstory.com/trump-2675997428/,,
1276,2026-03-04,2026-03-04 23:00:00+00:00,0.4237972726055881,0.5446817874908447,0.06114372794981809,-4.637681,yahoo.com,Calls First Minister Answer China 225929653,https://www.yahoo.com/news/articles/calls-first-minister-answer-china-225929653.html,,
1277,2026-03-22,2026-03-22 00:00:00+00:00,0.4236474209584348,0.5437506437301636,0.06333775264324827,-2.857143,scmp.com,Visit Malaysia 2026 Meets Iran War Crisis It Never Planned,https://www.scmp.com/week-asia/economics/article/3347358/visit-malaysia-2026-meets-iran-war-crisis-it-never-planned,,
1278,2026-03-08,2026-03-08 18:00:00+00:00,0.4236191732878085,0.5446593165397644,0.06049874353194085,2.0594966,eturbonews.com,Seychelles Tourism Maintains Its Presence China,https://eturbonews.com/seychelles-tourism-maintains-its-presence-china/,,
1279,2026-03-06,2026-03-06 22:00:00+00:00,0.4235655289517565,0.5263522863388062,0.11520525679060734,-2.739726,rawstory.com,Nintendo Trump,https://www.rawstory.com/nintendo-trump/,,
1280,2026-03-23,2026-03-23 17:00:00+00:00,0.4234783968339337,0.5417227745056152,0.06874526381888908,-2.4922118,premiumtimesng.com,866208 Trump Says Us Iran In Ceasefire Talks Israel Will Be Happy With,https://www.premiumtimesng.com/foreign/866208-trump-says-us-iran-in-ceasefire-talks-israel-will-be-happy-with.html,,
1281,2026-03-16,2026-03-16 21:00:00+00:00,0.4234179180489702,0.5261554718017578,0.11520525679060734,-7.5324674,rawstory.com,Trump 2676207491,https://www.rawstory.com/trump-2676207491/,,
1282,2026-03-17,2026-03-17 21:00:00+00:00,0.423295941068209,0.5410656929016113,0.06998668556800199,-3.2868526,thetimes.com,Xi Ditching Iran China Diplomacy Rxrtgqmw8,https://www.thetimes.com/comment/columnists/article/xi-ditching-iran-china-diplomacy-rxrtgqmw8,,
1283,2026-03-09,2026-03-09 17:00:00+00:00,0.4232568549116952,0.5355122089385986,0.08649079283098485,-4.2888165,firstpost.com,Will Donald Trump Institute Military Draft To Fight The War With Iran 13987784,https://www.firstpost.com/explainers/will-donald-trump-institute-military-draft-to-fight-the-war-with-iran-13987784.html,,
1284,2026-03-17,2026-03-17 16:00:00+00:00,0.4232534986363573,0.5259362459182739,0.11520525679060734,-0.5050505,rawstory.com,Trump 2676264498,https://www.rawstory.com/trump-2676264498/,,
1285,2026-03-17,2026-03-17 20:00:00+00:00,0.42303471978770923,0.5256445407867432,0.11520525679060734,-2.4691358,rawstory.com,Trump 2676264818,https://www.rawstory.com/trump-2676264818/,,
1286,2026-03-17,2026-03-17 06:00:00+00:00,0.42301226553263466,0.5438482761383057,0.060504233715621664,0.5602241,paultan.org,2026 Zeekr 009 To Be Updated In China,https://paultan.org/2026/03/17/2026-zeekr-009-to-be-updated-in-china/,,
1287,2026-03-17,2026-03-17 05:00:00+00:00,0.422928236089818,0.5255025625228882,0.11520525679060734,-5.5305467,nationalmemo.com,Trump Censorship,https://www.nationalmemo.com/trump-censorship,,
1288,2026-03-12,2026-03-12 15:00:00+00:00,0.42289958115684223,0.5254643559455872,0.11520525679060734,-6.751055,rawstory.com,Trump 2676088202,https://www.rawstory.com/trump-2676088202/,,
1289,2026-03-15,2026-03-15 17:00:00+00:00,0.4228521507607622,0.5254011154174805,0.11520525679060734,0.872093,rawstory.com,Trump 2676159147,https://www.rawstory.com/trump-2676159147/,,
1290,2026-03-11,2026-03-11 22:00:00+00:00,0.42283167656528187,0.5253738164901733,0.11520525679060734,-4.432133,alternet.org,Trump Library,https://www.alternet.org/trump-library/,,
1291,2026-03-10,2026-03-10 01:00:00+00:00,0.4228282472060213,0.5411924123764038,0.06773575169487375,-6.601467,moneycontrol.com,Trump Says Some Oil Sanctions Will Be Lifted As Crude Surges During Iran War Article 13855301,https://www.moneycontrol.com/world/trump-says-some-oil-sanctions-will-be-lifted-as-crude-surges-during-iran-war-article-13855301.html,,
1292,2026-03-20,2026-03-20 13:00:00+00:00,0.4228233945310878,0.48591649532318115,0.23354409215480776,-0.96038413,globalsecurity.org,China 260319 Prc Mofab01,https://www.globalsecurity.org/wmd/library/news/china/2026/03/china-260319-prc-mofab01.htm,,
1293,2026-03-10,2026-03-10 20:00:00+00:00,0.42279185243854206,0.5433290004730225,0.06118040833510094,0.0,ukrinform.net,4100116 Zelensky To Visit Romania On March 12 Media,https://www.ukrinform.net/rubric-polytics/4100116-zelensky-to-visit-romania-on-march-12-media.html,,
1294,2026-03-22,2026-03-22 18:00:00+00:00,0.4227354875600806,0.5334656834602356,0.09054489985961559,-7.21393,presstv.ir,Iran Will Respond To Trump S Delirious Threats On Battlefield Pezeshkian,https://www.presstv.ir/Detail/2026/03/22/765704/Iran-will-respond-to-Trump-s-delirious-threats-on-battlefield-Pezeshkian,,
1295,2026-03-18,2026-03-18 14:00:00+00:00,0.4227167767227458,0.48577433824539185,0.23354409215480776,-4.0089087,globalsecurity.org,China 260317 Prc Mofab01,https://www.globalsecurity.org/wmd/library/news/china/2026/03/china-260317-prc-mofab01.htm,,
1296,2026-03-16,2026-03-16 12:00:00+00:00,0.42271607335674,0.5252196788787842,0.11520525679060734,-3.323263,rawstory.com,Trump 2676204643,https://www.rawstory.com/trump-2676204643/,,
1297,2026-03-13,2026-03-13 22:00:00+00:00,0.42266725715266895,0.5251545906066895,0.11520525679060734,-5.21327,rawstory.com,Trump Haberman,https://www.rawstory.com/trump-haberman/,,
1298,2026-03-21,2026-03-21 17:00:00+00:00,0.42265447195636463,0.5251375436782837,0.11520525679060734,-3.3980582,rawstory.com,Trump 2676520958,https://www.rawstory.com/trump-2676520958/,,
1299,2026-03-10,2026-03-10 15:00:00+00:00,0.4225072869060874,0.5418541431427002,0.06446671819624904,2.094241,romania-insider.com,Zelensky Visit Romania Media March 2026,https://www.romania-insider.com/zelensky-visit-romania-media-march-2026,,
1300,2026-03-16,2026-03-16 17:00:00+00:00,0.42249917205440235,0.524930477142334,0.11520525679060734,-0.73800737,rawstory.com,Trump 2676222511,https://www.rawstory.com/trump-2676222511/,,
1301,2026-03-17,2026-03-17 14:00:00+00:00,0.4224673464376435,0.5412456393241882,0.06613246777800937,-3.018868,independent.co.uk,King Charles Us Visit Trump Delay Emily Thornberry B2939984,https://www.independent.co.uk/news/uk/politics/king-charles-us-visit-trump-delay-emily-thornberry-b2939984.html,,
1302,2026-03-04,2026-03-04 06:00:00+00:00,0.4224235702164272,0.5355841517448425,0.08294182563118108,-0.57416266,townhall.com,President Trump Will Crash The Nerd Prom And Bill Kristol Is Upset Trump Took Bill Kristols Iran Advice N2672244,https://townhall.com/columnists/bradslager/2026/03/03/president-trump-will-crash-the-nerd-prom-and-bill-kristol-is-upset-trump-took-bill-kristols-iran-advice-n2672244,,
1303,2026-03-17,2026-03-17 15:00:00+00:00,0.42241217172276757,0.5424620509147644,0.062262534146777175,3.680203,glassonweb.com,Gimav Insights China Glass 2026 Compass Industry,https://www.glassonweb.com/news/gimav-insights-china-glass-2026-compass-industry,,
1304,2026-03-11,2026-03-11 16:00:00+00:00,0.42237256731998574,0.532952070236206,0.0906340585713248,-4.1420116,middleeastmonitor.com,20260311 Trump Says Iran War Will End Soon Any Time I Want It To End It Will End,https://www.middleeastmonitor.com/20260311-trump-says-iran-war-will-end-soon-any-time-i-want-it-to-end-it-will-end/,,
1305,2026-03-08,2026-03-08 10:00:00+00:00,0.42235816284869737,0.5419955253601074,0.06344607531446712,2.5157232,scmp.com,China Signals High Hopes South China Sea Golden Rules End Year,https://www.scmp.com/news/china/diplomacy/article/3345879/china-signals-high-hopes-south-china-sea-golden-rules-end-year,,
1306,2026-03-08,2026-03-08 06:00:00+00:00,0.422280318599383,0.536072850227356,0.08090272371546395,1.1152416,theweek.in,Will Remember Trump Threatens Uk Over Lack Of Support In Iran War,https://www.theweek.in/news/middle-east/2026/03/08/will-remember-trump-threatens-uk-over-lack-of-support-in-iran-war.html,,
1307,2026-03-22,2026-03-22 00:00:00+00:00,0.42213635858165455,0.5244467258453369,0.11520525679060734,-2.9850745,rawstory.com,Trump 2676535520,https://www.rawstory.com/trump-2676535520/,,
1308,2026-03-07,2026-03-07 04:00:00+00:00,0.4221102509003356,0.5410991907119751,0.06514343146541723,1.8348624,theepochtimes.com,Will Trumps 2024 Gains Among Latinos Hold In The Midterms 5995307,https://www.theepochtimes.com/us/will-trumps-2024-gains-among-latinos-hold-in-the-midterms-5995307,,
1309,2026-03-04,2026-03-04 00:00:00+00:00,0.42210122164355945,0.5243998765945435,0.11520525679060734,-3.6666667,rawstory.com,Trump 2675550567,https://www.rawstory.com/trump-2675550567/,,
1310,2026-03-18,2026-03-18 12:00:00+00:00,0.42208401080238056,0.5243769288063049,0.11520525679060734,-1.9230769,rawstory.com,Trump 2676270405,https://www.rawstory.com/trump-2676270405/,,
1311,2026-03-24,2026-03-24 18:00:00+00:00,0.4220279854477214,0.4848559498786926,0.23354409215480776,0.0,standard.co.uk,Dogs China Escape Changchun B1276282,https://www.standard.co.uk/news/world/dogs-china-escape-changchun-b1276282.html,,
1312,2026-03-11,2026-03-11 14:00:00+00:00,0.42201452969916337,0.48483800888061523,0.23354409215480776,0.5509642,globalsecurity.org,China 260309 Prc Mofa01,https://www.globalsecurity.org/wmd/library/news/china/2026/03/china-260309-prc-mofa01.htm,,
1313,2026-03-20,2026-03-20 23:00:00+00:00,0.4219211835618345,0.5323475003242493,0.0906422332745901,0.0,dailykos.com,Dear Leader Trump S Ugly Mug Will Soon Sully A Giant Gold Coin,https://www.dailykos.com/stories/2026/3/20/2374077/-Dear-Leader-Trump-s-ugly-mug-will-soon-sully-a-giant-gold-coin,,
1314,2026-03-09,2026-03-09 04:00:00+00:00,0.42188208516704273,0.5241076946258545,0.11520525679060734,1.3392857,rawstory.com,Trump 2675870463,https://www.rawstory.com/trump-2675870463/,,
1315,2026-03-06,2026-03-06 04:00:00+00:00,0.42185293849574756,0.5240688323974609,0.11520525679060734,-4.1666665,rawstory.com,Trump 2675604185,https://www.rawstory.com/trump-2675604185/,,
1316,2026-03-20,2026-03-20 09:00:00+00:00,0.42181786994230763,0.5286445617675781,0.10133779446649621,-2.238806,alltoc.com,How Will Democrats Use Trump Tariffs Campaign,https://alltoc.com/politics/how-will-democrats-use-trump-tariffs-campaign,,
1317,2026-03-08,2026-03-08 23:00:00+00:00,0.421746275983922,0.5239266157150269,0.11520525679060734,-5.081496,rawstory.com,Trump 2675862667,https://www.rawstory.com/trump-2675862667/,,
1318,2026-03-09,2026-03-09 13:00:00+00:00,0.4216972821135417,0.5413864254951477,0.06262985196872357,1.9230769,impartialreporter.com,25919607.Sinn Fein Deny Climbdown Decision China Trip,https://www.impartialreporter.com/news/25919607.sinn-fein-deny-climbdown-decision-china-trip/,,
1319,2026-03-08,2026-03-08 18:00:00+00:00,0.4216849738032651,0.5407266616821289,0.06455991016667366,-1.3043479,geo.tv,654721 King Charles Faces Calls To Cancel State Visit Amid Trump Tirade,https://www.geo.tv/latest/654721-king-charles-faces-calls-to-cancel-state-visit-amid-trump-tirade,,
1320,2026-03-08,2026-03-08 23:00:00+00:00,0.4216777455435915,0.5238352417945862,0.11520525679060734,-3.2432432,rawstory.com,Trump 2675864185,https://www.rawstory.com/trump-2675864185/,,
1321,2026-03-06,2026-03-06 19:00:00+00:00,0.42162037895382637,0.5405216217041016,0.06491665070300083,-3.4584253,foreignpolicy.com,Iran War China Security Alliances,https://foreignpolicy.com/2026/03/06/iran-war-china-security-alliances/,,
1322,2026-03-23,2026-03-23 15:00:00+00:00,0.42159643500995747,0.5340874791145325,0.08412330269623247,-2.9069767,dailypost.ng,War I Will Hold Phone Talks With Iran Today Trump,https://dailypost.ng/2026/03/23/war-i-will-hold-phone-talks-with-iran-today-trump/,,
1323,2026-03-12,2026-03-12 07:00:00+00:00,0.4215958762366368,0.5385324954986572,0.07078601845057556,-5.7894735,dailypost.ng,Iran Us Has Won Will Finish The Job Trump,https://dailypost.ng/2026/03/12/iran-us-has-won-will-finish-the-job-trump/,,
1324,2026-03-25,2026-03-25 01:00:00+00:00,0.42156308110820484,0.5236823558807373,0.11520525679060734,-3.75,rawstory.com,Trump 2676615768,https://www.rawstory.com/trump-2676615768/,,
1325,2026-03-19,2026-03-19 04:00:00+00:00,0.42155025120841694,0.5236652493476868,0.11520525679060734,-1.5317286,rawstory.com,Trump Ufo,https://www.rawstory.com/trump-ufo/,,
1326,2026-03-15,2026-03-15 18:00:00+00:00,0.4214970987664385,0.5235943794250488,0.11520525679060734,-3.9215686,rawstory.com,Trump 2676159479,https://www.rawstory.com/trump-2676159479/,,
1327,2026-03-16,2026-03-16 13:00:00+00:00,0.4214895244033818,0.5415111780166626,0.06142456356353921,0.65789473,washingtonexaminer.com,Japan Takaichi Golden Dome White House Visit,https://www.washingtonexaminer.com/news/world/4491484/japan-takaichi-golden-dome-white-house-visit/,,
1328,2026-03-19,2026-03-19 23:00:00+00:00,0.4214095693455858,0.5234776735305786,0.11520525679060734,-1.8315018,rawstory.com,Trump 2676388164,https://www.rawstory.com/trump-2676388164/,,
1329,2026-03-09,2026-03-09 19:00:00+00:00,0.4213571344835023,0.5395335555076599,0.06682787141102964,1.1952192,globes.co.il,Article Elon Musk Rearranges Israel Visit 1001537068,https://en.globes.co.il/en/article-elon-musk-rearranges-israel-visit-1001537068,,
1330,2026-03-16,2026-03-16 12:00:00+00:00,0.42134698446857166,0.5233942270278931,0.11520525679060734,-1.5345268,rawstory.com,Trump 2676100623,https://www.rawstory.com/raw-investigates/trump-2676100623/,,
1331,2026-03-22,2026-03-22 04:00:00+00:00,0.42133350613406534,0.5356673002243042,0.0783321238633487,-0.62695926,fox32chicago.com,Trump Says He Will Send Ice Solve Tsa Shortages,https://www.fox32chicago.com/news/trump-says-he-will-send-ice-solve-tsa-shortages,,
1332,2026-03-05,2026-03-05 07:00:00+00:00,0.42130439654778196,0.5411148071289062,0.061873164804409055,-0.7518797,yahoo.com,China Plans 7 Rise Defence 054335134,https://www.yahoo.com/news/articles/china-plans-7-rise-defence-054335134.html,,
1333,2026-03-05,2026-03-05 16:00:00+00:00,0.42129864811308854,0.48388350009918213,0.23354409215480776,-1.1876484,globalsecurity.org,China 260304 Prc Mnd01,https://www.globalsecurity.org/wmd/library/news/china/2026/03/china-260304-prc-mnd01.htm,,
1334,2026-03-03,2026-03-03 21:00:00+00:00,0.4212688883571447,0.5266128778457642,0.10523691989128639,-7.142857,oleantimesherald.com,Trump Wants Iranians Rise Will,https://www.oleantimesherald.com/2026/03/03/trump-wants-iranians-rise-will/,,
1335,2026-03-17,2026-03-17 05:00:00+00:00,0.42125596817599964,0.5232728719711304,0.11520525679060734,-4.6728973,rawstory.com,Trump 2676258535,https://www.rawstory.com/trump-2676258535/,,
1336,2026-03-11,2026-03-11 14:00:00+00:00,0.42114632099278443,0.48368039727211,0.23354409215480776,-3.562753,globalsecurity.org,China 260310 Sfrc01,https://www.globalsecurity.org/wmd/library/news/china/2026/03/china-260310-sfrc01.htm,,
1337,2026-03-10,2026-03-10 18:00:00+00:00,0.4211380672301035,0.5316266417503357,0.08967234366940689,0.78125,yahoo.com,China Turns Classics 162942082,https://www.yahoo.com/news/articles/china-turns-classics-162942082.html,,
1338,2026-03-15,2026-03-15 17:00:00+00:00,0.4211324971543474,0.5231082439422607,0.11520525679060734,-6.589147,rawstory.com,Trump 2676151611,https://www.rawstory.com/trump-2676151611/,,
1339,2026-03-23,2026-03-23 04:00:00+00:00,0.4210736226664705,0.5230297446250916,0.11520525679060734,-4.4155846,rawstory.com,Trump 2676573296,https://www.rawstory.com/trump-2676573296/,,
1340,2026-03-23,2026-03-23 10:00:00+00:00,0.42101222809742794,0.5397263765335083,0.06486978278918679,1.7751479,calcuttanews.net,Modi To Visit Russia This Year Lavrov,http://www.calcuttanews.net/news/278938558/modi-to-visit-russia-this-year-lavrov,,
1341,2026-03-23,2026-03-23 10:00:00+00:00,0.42101222809742794,0.5397263765335083,0.06486978278918679,1.9841269,middleeaststar.com,Modi To Visit Russia This Year Lavrov,http://www.middleeaststar.com/news/278938503/modi-to-visit-russia-this-year-lavrov,,
1342,2026-03-23,2026-03-23 13:00:00+00:00,0.42101222809742794,0.5397263765335083,0.06486978278918679,1.9841269,philippinetimes.com,Modi To Visit Russia This Year Lavrov,http://www.philippinetimes.com/news/278938503/modi-to-visit-russia-this-year-lavrov,,
1343,2026-03-23,2026-03-23 10:00:00+00:00,0.42101222809742794,0.5397263765335083,0.06486978278918679,1.9841269,russiaherald.com,Modi To Visit Russia This Year Lavrov,http://www.russiaherald.com/news/278938503/modi-to-visit-russia-this-year-lavrov,,
1344,2026-03-23,2026-03-23 10:00:00+00:00,0.42101222809742794,0.5397263765335083,0.06486978278918679,1.9841269,calcuttanews.net,Modi To Visit Russia This Year Lavrov,http://www.calcuttanews.net/news/278938503/modi-to-visit-russia-this-year-lavrov,,
1345,2026-03-23,2026-03-23 10:00:00+00:00,0.42101222809742794,0.5397263765335083,0.06486978278918679,1.9841269,heraldglobe.com,Modi To Visit Russia This Year Lavrov,http://www.heraldglobe.com/news/278938503/modi-to-visit-russia-this-year-lavrov,,
1346,2026-03-23,2026-03-23 10:00:00+00:00,0.42101222809742794,0.5397263765335083,0.06486978278918679,1.7751479,russiaherald.com,Modi To Visit Russia This Year Lavrov,http://www.russiaherald.com/news/278938558/modi-to-visit-russia-this-year-lavrov,,
1347,2026-03-16,2026-03-16 07:00:00+00:00,0.42100911553966236,0.5229437351226807,0.11520525679060734,-0.6128703,lewrockwell.com,Trump Invictus,https://www.lewrockwell.com/2026/03/allan-stevo/trump-invictus/,,
1348,2026-03-10,2026-03-10 01:00:00+00:00,0.42094747266861654,0.5401511192321777,0.06333653297793294,0.98280096,moneycontrol.com,Trading Plan Will Nifty 50 Bank Nifty Stage A Bounce After Trump S Iran War Comments And Oil Price Correction 13855303,https://www.moneycontrol.com/news/business/markets/trading-plan-will-nifty-50-bank-nifty-stage-a-bounce-after-trump-s-iran-war-comments-and-oil-price-correction-13855303.html,,
1349,2026-03-07,2026-03-07 15:00:00+00:00,0.42093843933211994,0.5228495001792908,0.11520525679060734,-3.3647375,alternet.org,Trump Violence 2659628810,https://www.alternet.org/trump-violence-2659628810/,,
1350,2026-03-16,2026-03-16 03:00:00+00:00,0.42093347679355486,0.5280472040176392,0.09959229512130187,0.0,scmp.com,Guess Says It Will Shut All Mainland China Stores Amid Retail Rethink,https://www.scmp.com/business/banking-finance/article/3346601/guess-says-it-will-shut-all-mainland-china-stores-amid-retail-rethink,,
1351,2026-03-20,2026-03-20 13:00:00+00:00,0.42088393389590256,0.48333054780960083,0.23354409215480776,-1.2698413,globalsecurity.org,China 260318 Prc Mofa02,https://www.globalsecurity.org/wmd/library/news/china/2026/03/china-260318-prc-mofa02.htm,,
1352,2026-03-22,2026-03-22 00:00:00+00:00,0.4208607893811388,0.5227459669113159,0.11520525679060734,-3.652968,rawstory.com,Trump 2676536458,https://www.rawstory.com/trump-2676536458/,,
1353,2026-03-14,2026-03-14 15:00:00+00:00,0.42079015787707996,0.5226517915725708,0.11520525679060734,0.0,rawstory.com,Trump 2676103078,https://www.rawstory.com/trump-2676103078/,,
1354,2026-03-08,2026-03-08 04:00:00+00:00,0.4207331919670259,0.5357545018196106,0.07566926240927176,-4.901961,kashmirreader.com,Trump Iran Will Be Hit Very Hard,https://kashmirreader.com/2026/03/08/trump-iran-will-be-hit-very-hard/,,
1355,2026-03-05,2026-03-05 13:00:00+00:00,0.42069505497614085,0.5370184183120728,0.07172496496834505,-1.242236,forbes.com,Forbes Daily Trumps 15 Tariff Will Start This Week,https://www.forbes.com/sites/daniellechemtob/2026/03/05/forbes-daily-trumps-15-tariff-will-start-this-week/,,
1356,2026-03-20,2026-03-20 16:00:00+00:00,0.42069140788184833,0.522520124912262,0.11520525679060734,2.580645,rawstory.com,Trump 2676453025,https://www.rawstory.com/trump-2676453025/,,
1357,2026-03-12,2026-03-12 16:00:00+00:00,0.4206863812366637,0.5390836000442505,0.06549472481390317,-3.10559,athens-times.com,Trump U S Benefits From Rising Oil Prices Will Stop Iran From Getting Nuclear Weapons,https://athens-times.com/trump-u-s-benefits-from-rising-oil-prices-will-stop-iran-from-getting-nuclear-weapons/,,
1358,2026-03-11,2026-03-11 16:00:00+00:00,0.4206668537796306,0.48304110765457153,0.23354409215480776,0.23809524,yahoo.com,Eli Lilly Invest 3Bn China 153144940,https://finance.yahoo.com/news/eli-lilly-invest-3bn-china-153144940.html,,
1359,2026-03-22,2026-03-22 14:00:00+00:00,0.42062403973209095,0.5224303007125854,0.11520525679060734,-3.4782608,rawstory.com,Trump 2676570842,https://www.rawstory.com/trump-2676570842/,,
1360,2026-03-25,2026-03-25 19:00:00+00:00,0.42057731794911757,0.5352514982223511,0.0765547771294171,3.7037036,lewrockwell.com,Will Congress Give Trump Another 200 Billion For The Iran War,https://www.lewrockwell.com/lrc-blog/will-congress-give-trump-another-200-billion-for-the-iran-war/,,
1361,2026-03-10,2026-03-10 04:00:00+00:00,0.42056883248694377,0.5386266708374023,0.066395317435568,-4.516129,athens-times.com,Trump Warns Iran Blocking Strait Of Hormuz Will Bring Death Fire And Fury,https://athens-times.com/trump-warns-iran-blocking-strait-of-hormuz-will-bring-death-fire-and-fury/,,
1362,2026-03-05,2026-03-05 20:00:00+00:00,0.42054486986266804,0.5223247408866882,0.11520525679060734,-4.2755346,alternet.org,Trump Qualifications,https://www.alternet.org/trump-qualifications/,,
1363,2026-03-11,2026-03-11 22:00:00+00:00,0.42052765902148914,0.5223017930984497,0.11520525679060734,-3.3033032,rawstory.com,Trump 2676085546,https://www.rawstory.com/trump-2676085546/,,
1364,2026-03-13,2026-03-13 12:00:00+00:00,0.4205095541106386,0.5222776532173157,0.11520525679060734,-3.3033032,rawstory.com,Trump 2676098342,https://www.rawstory.com/trump-2676098342/,,
1365,2026-03-24,2026-03-24 10:00:00+00:00,0.42024408214654013,0.5337592363357544,0.07969861957889741,-4.096171,brisbanetimes.com.au,Trump S Iran War Has Inflamed Bitter Rivalries That Will Shake The World 20260324 P5Txdy,https://www.brisbanetimes.com.au/world/middle-east/trump-s-iran-war-has-inflamed-bitter-rivalries-that-will-shake-the-world-20260324-p5txdy.html,,
1366,2026-03-24,2026-03-24 05:00:00+00:00,0.42024408214654013,0.5337592363357544,0.07969861957889741,-3.9215686,theage.com.au,Trump S Iran War Has Inflamed Bitter Rivalries That Will Shake The World 20260324 P5Txdy,https://www.theage.com.au/world/middle-east/trump-s-iran-war-has-inflamed-bitter-rivalries-that-will-shake-the-world-20260324-p5txdy.html,,
1367,2026-03-24,2026-03-24 08:00:00+00:00,0.42024408214654013,0.5337592363357544,0.07969861957889741,-4.096171,watoday.com.au,Trump S Iran War Has Inflamed Bitter Rivalries That Will Shake The World 20260324 P5Txdy,https://www.watoday.com.au/world/middle-east/trump-s-iran-war-has-inflamed-bitter-rivalries-that-will-shake-the-world-20260324-p5txdy.html,,
1368,2026-03-24,2026-03-24 05:00:00+00:00,0.42024408214654013,0.5337592363357544,0.07969861957889741,-3.9215686,smh.com.au,Trump S Iran War Has Inflamed Bitter Rivalries That Will Shake The World 20260324 P5Txdy,https://www.smh.com.au/world/middle-east/trump-s-iran-war-has-inflamed-bitter-rivalries-that-will-shake-the-world-20260324-p5txdy.html,,
1369,2026-03-07,2026-03-07 13:00:00+00:00,0.4202319161963409,0.5376522541046143,0.06797090247152084,-0.88495576,marketscreener.com,Trump Says Iran Will Be Hit Very Hard On Saturday Ce7E5Fd9D88Afe23,https://www.marketscreener.com/news/trump-says-iran-will-be-hit-very-hard-on-saturday-ce7e5fd9d88afe23,,
1370,2026-03-09,2026-03-09 05:00:00+00:00,0.42018963114463465,0.5395431518554688,0.06212906901213225,-1.4285715,dailypost.ng,Iran Nuclear Weapon Trump Reveals When Oil Prices Will Drop,https://dailypost.ng/2026/03/09/iran-nuclear-weapon-trump-reveals-when-oil-prices-will-drop/,,
1371,2026-03-16,2026-03-16 17:00:00+00:00,0.42010400410758686,0.5217369198799133,0.11520525679060734,0.27322406,rawstory.com,Trump 2676214324,https://www.rawstory.com/trump-2676214324/,,
1372,2026-03-25,2026-03-25 19:00:00+00:00,0.42004213448631,0.5216544270515442,0.11520525679060734,-5.291005,rawstory.com,Trump 2676618077,https://www.rawstory.com/trump-2676618077/,,
1373,2026-03-10,2026-03-10 09:00:00+00:00,0.42003946122862873,0.5370035171508789,0.0691472934618781,-2.34375,australiannews.net,Trump If Iran Disrupts Oil Us Will Hit 20 Times Harder,http://www.australiannews.net/news/278912981/trump-if-iran-disrupts-oil-us-will-hit-20-times-harder,,
1374,2026-03-03,2026-03-03 23:00:00+00:00,0.4199914366245273,0.5343495607376099,0.07691706428527965,-5.376344,afr.com,Energy Markets Will Force Trump To His Reckless War Very Soon 20260304 P5O791,https://www.afr.com/world/middle-east/energy-markets-will-force-trump-to-his-reckless-war-very-soon-20260304-p5o791,,
1375,2026-03-10,2026-03-10 23:00:00+00:00,0.41997570510970783,0.521565854549408,0.11520525679060734,2.5531914,rawstory.com,Trump 2676013685,https://www.rawstory.com/trump-2676013685/,,
1376,2026-03-06,2026-03-06 14:00:00+00:00,0.4199739497841167,0.482117235660553,0.23354409215480776,2.4509804,globalsecurity.org,China 260305 Prc Mnd01,https://www.globalsecurity.org/wmd/library/news/china/2026/03/china-260305-prc-mnd01.htm,,
1377,2026-03-03,2026-03-03 22:00:00+00:00,0.4199690442906542,0.5215569734573364,0.11520525679060734,-4.4680853,alternet.org,Trump Rash,https://www.alternet.org/trump-rash/,,
1378,2026-03-03,2026-03-03 22:00:00+00:00,0.4199417193924222,0.5341342687606812,0.07736407128764525,-3.838384,myjoyonline.com,Trump Says Us Navy Will Protect Ships In Middle East If Necessary,https://www.myjoyonline.com/trump-says-us-navy-will-protect-ships-in-middle-east-if-necessary/,,
1379,2026-03-04,2026-03-04 07:00:00+00:00,0.4199417193924222,0.5341342687606812,0.07736407128764525,-4.271845,capitalfm.co.ke,Trump Says Us Navy Will Protect Ships In Middle East If Necessary,https://www.capitalfm.co.ke/business/2026/03/trump-says-us-navy-will-protect-ships-in-middle-east-if-necessary/,,
1380,2026-03-14,2026-03-14 15:00:00+00:00,0.41984369572269153,0.5213898420333862,0.11520525679060734,-5.6603775,rawstory.com,Trump 2676102711,https://www.rawstory.com/trump-2676102711/,,
1381,2026-03-18,2026-03-18 05:00:00+00:00,0.41981705244647693,0.5213543176651001,0.11520525679060734,-3.5335689,rawstory.com,Trump 2676269480,https://www.rawstory.com/trump-2676269480/,,
1382,2026-03-05,2026-03-05 15:00:00+00:00,0.41976537491319543,0.5368455648422241,0.06852480512610928,-0.95057034,firstpost.com,We Will Not Make Mistakes That We Made With China Us Deputy Secretary Of State Christopher Landauon India Us Ties At Raisina Dialogue 2026 13986640,https://www.firstpost.com/world/we-will-not-make-mistakes-that-we-made-with-china-us-deputy-secretary-of-state-christopher-landauon-india-us-ties-at-raisina-dialogue-2026-13986640.html,,
1383,2026-03-13,2026-03-13 11:00:00+00:00,0.41975971372576926,0.531123161315918,0.0856693709553232,-0.44444445,channelnewsasia.com,China Vietnam Visit Foreign Defence Ministers Wang Yi Dong Jun 5991691,https://www.channelnewsasia.com/east-asia/china-vietnam-visit-foreign-defence-ministers-wang-yi-dong-jun-5991691,,
1384,2026-03-10,2026-03-10 11:00:00+00:00,0.41974774587126495,0.5330426096916199,0.07986315441020016,-0.7281553,battellemedia.com,Yow Brin Waffles On China,https://battellemedia.com/archives/2006/06/yow_brin_waffles_on_china,,
1385,2026-03-23,2026-03-23 21:00:00+00:00,0.41965175099039714,0.5355056524276733,0.07209004667856865,3.7583892,memphisflyer.com,Brown Nosing And Beautiful Women The Best Quotes From Trumps Visit,https://www.memphisflyer.com/brown-nosing-and-beautiful-women-the-best-quotes-from-trumps-visit/,,
1386,2026-03-06,2026-03-06 02:00:00+00:00,0.41949655662611585,0.5387738943099976,0.06166454357447063,1.8382353,aninews.in,Wont Make Same Mistakes With India Like We Made With China Us Dy Secy Of State Says India Us Trade Deal Will Keep America First20260306065755,https://aninews.in/news/world/us/wont-make-same-mistakes-with-india-like-we-made-with-china-us-dy-secy-of-state-says-india-us-trade-deal-will-keep-america-first20260306065755/,,
1387,2026-03-18,2026-03-18 02:00:00+00:00,0.4194950532542391,0.520924985408783,0.11520525679060734,-4.0,rawstory.com,Trump 2676269234,https://www.rawstory.com/trump-2676269234/,,
1388,2026-03-07,2026-03-07 00:00:00+00:00,0.41949402342801784,0.5310320854187012,0.0848798374559678,-7.772021,newrepublic.com,White House Trump Will Decide Iran Unconditional Surrender,https://newrepublic.com/post/207481/white-house-trump-will-decide-iran-unconditional-surrender,,
1389,2026-03-24,2026-03-24 13:00:00+00:00,0.41942777451144886,0.520835280418396,0.11520525679060734,-4.531722,rawstory.com,Trump 2676611889,https://www.rawstory.com/trump-2676611889/,,
1390,2026-03-21,2026-03-21 13:00:00+00:00,0.41935699123334846,0.5350466966629028,0.07228787494468535,-4.90566,ibtimes.com,Trump Dismisses Ceasefire Talk Claims Strait Hormuz Will Unblock Its Own 3799847,https://www.ibtimes.com/trump-dismisses-ceasefire-talk-claims-strait-hormuz-will-unblock-its-own-3799847,,
1391,2026-03-18,2026-03-18 10:00:00+00:00,0.4193376470250378,0.526037335395813,0.09923858191271213,-2.6936028,bworldonline.com,Manila Says China Has Said It Will Not Restrict Fertilizer Exports To The Philippines,https://www.bworldonline.com/agribusiness/2026/03/18/737147/manila-says-china-has-said-it-will-not-restrict-fertilizer-exports-to-the-philippines/,,
1392,2026-03-18,2026-03-18 06:00:00+00:00,0.4193376470250378,0.526037335395813,0.09923858191271213,-2.631579,philstar.com,Manila Says China Has Said It Will Not Restrict Fertilizer Exports To The Philippines,https://interaksyon.philstar.com/politics-issues/2026/03/18/310728/manila-says-china-has-said-it-will-not-restrict-fertilizer-exports-to-the-philippines/,,
1393,2026-03-12,2026-03-12 02:00:00+00:00,0.41932442005740833,0.5206974744796753,0.11520525679060734,-8.444445,rawstory.com,Trump 2676086598,https://www.rawstory.com/trump-2676086598/,,
1394,2026-03-10,2026-03-10 10:00:00+00:00,0.41929923404873065,0.5355111360549927,0.07066352802994456,-2.2988505,newsweek.com,Iran War Live Trump Death Fire Fury Will Reign Oil Prices Surge Strait Hormuz 11649653,https://www.newsweek.com/iran-war-live-trump-death-fire-fury-will-reign-oil-prices-surge-strait-hormuz-11649653,,
1395,2026-03-22,2026-03-22 13:00:00+00:00,0.4192753798012628,0.5379902720451355,0.06313070306964472,-1.3513514,wfmd.com,Trump Says Ice Will Deploy To Airports Monday To Assist Tsa Amid Funding Standoff,https://www.wfmd.com/2026/03/22/trump-says-ice-will-deploy-to-airports-monday-to-assist-tsa-amid-funding-standoff/,,
1396,2026-03-10,2026-03-10 00:00:00+00:00,0.41925600571499944,0.535685122013092,0.06996865682072168,0.0,en.apa.az,War Will Not End This Week But Very Soon Trump 495811,https://en.apa.az/america/war-will-not-end-this-week-but-very-soon-trump-495811,,
1397,2026-03-25,2026-03-25 13:00:00+00:00,0.4192340819805315,0.5377638339996338,0.06364482592322476,-2.434077,enrsi.stvr.sk,President Linking Official Visit To Russia With Election Is Nonsense,https://enrsi.stvr.sk/articles/topical-issue/438605/president-linking-official-visit-to-russia-with-election-is-nonsense,,
1398,2026-03-17,2026-03-17 17:00:00+00:00,0.41923165500485177,0.5345339775085449,0.0733246874937724,2.0134227,skift.com,Hilton Marriott Ihg Accor Wyndham Asia China Travel Booming,https://skift.com/2026/03/17/hilton-marriott-ihg-accor-wyndham-asia-china-travel-booming/,,
1399,2026-03-20,2026-03-20 11:00:00+00:00,0.41920090433227253,0.5205327868461609,0.11520525679060734,-4.92126,alternet.org,Trump 2676401372,https://www.alternet.org/trump-2676401372/,,
1400,2026-03-12,2026-03-12 10:00:00+00:00,0.41918999668227863,0.5205182433128357,0.11520525679060734,-4.43038,yahoo.com,Trump Spurs Violence Eliminating Prevention 100349126,https://www.yahoo.com/news/articles/trump-spurs-violence-eliminating-prevention-100349126.html,,
1401,2026-03-23,2026-03-23 18:00:00+00:00,0.41914274510013294,0.5204552412033081,0.11520525679060734,-8.264462,alternet.org,Trump Bagdad Bob,https://www.alternet.org/trump-bagdad-bob/,,
1402,2026-03-04,2026-03-04 20:00:00+00:00,0.4191064877650288,0.5324187278747559,0.07916976743584755,-5.4519367,newpol.org,Trump Launches War On Iran Will Americans Support It,https://newpol.org/trump-launches-war-on-iran-will-americans-support-it/,,
1403,2026-03-15,2026-03-15 21:00:00+00:00,0.41908628460036945,0.5203799605369568,0.11520525679060734,-4.3636365,rawstory.com,Trump 2676160204,https://www.rawstory.com/trump-2676160204/,,
1404,2026-03-03,2026-03-03 23:00:00+00:00,0.4190587764105309,0.5328711271286011,0.07762172425632052,-2.763385,businesstimes.com.sg,Trump Says Us Will Escort Insure Oil Tankers Amid Iran War,https://www.businesstimes.com.sg/international/trump-says-us-will-escort-insure-oil-tankers-amid-iran-war,,
1405,2026-03-20,2026-03-20 23:00:00+00:00,0.41905499727432116,0.5358112454414368,0.06878625277297443,-3.2608695,channel4.com,Trump Iran War Will Us Marines Attack Critical Iranian Oil Hub,https://www.channel4.com/news/trump-iran-war-will-us-marines-attack-critical-iranian-oil-hub,,
1406,2026-03-20,2026-03-20 11:00:00+00:00,0.41901614798484316,0.5363205075263977,0.06710306936017948,1.8735363,laosnews.net,Across China Border Hospital Serves As Healthcare Bridge Between China And Southeast Asia,http://www.laosnews.net/news/278933342/across-china-border-hospital-serves-as-healthcare-bridge-between-china-and-southeast-asia,,
1407,2026-03-25,2026-03-25 19:00:00+00:00,0.4189650487528963,0.5202183127403259,0.11520525679060734,-5.460751,rawstory.com,Trump 2676618400,https://www.rawstory.com/trump-2676618400/,,
1408,2026-03-16,2026-03-16 17:00:00+00:00,0.4189573150502367,0.5202080011367798,0.11520525679060734,0.37453184,rawstory.com,Trump 2676219892,https://www.rawstory.com/trump-2676219892/,,
1409,2026-03-12,2026-03-12 21:00:00+00:00,0.4188818267123178,0.5373598337173462,0.06344780569723252,-3.6553526,lemonde.fr,When Trump Declares Victory On Iran The Day After Will Remain An Open Question 6751386 23,https://www.lemonde.fr/en/opinion/article/2026/03/12/when-trump-declares-victory-on-iran-the-day-after-will-remain-an-open-question_6751386_23.html,,
1410,2026-03-09,2026-03-09 23:00:00+00:00,0.41881236664585725,0.5337889194488525,0.07388270823687143,-1.2820513,breitbart.com,Burgum Trumps Iran Policy Will Bring World Peace And Economic Stability,https://www.breitbart.com/clips/2026/03/09/burgum-trumps-iran-policy-will-bring-world-peace-and-economic-stability/,,
1411,2026-03-24,2026-03-24 13:00:00+00:00,0.41880469504037265,0.5349054336547852,0.07050247919713507,-1.8226002,gatestoneinstitute.org,China Cuba Military Bases,https://www.gatestoneinstitute.org/22365/china-cuba-military-bases,,
1412,2026-03-12,2026-03-12 14:00:00+00:00,0.41863315820105546,0.4803295135498047,0.23354409215480776,-2.0872865,globalsecurity.org,China 260311 Prc Mofab01,https://www.globalsecurity.org/wmd/library/news/china/2026/03/china-260311-prc-mofab01.htm,,
1413,2026-03-04,2026-03-04 08:00:00+00:00,0.4186288338528795,0.5197700262069702,0.11520525679060734,-2.1164021,nationalmemo.com,Trump Religion 2675550956,https://www.nationalmemo.com/trump-religion-2675550956,,
1414,2026-03-14,2026-03-14 16:00:00+00:00,0.41860589204467347,0.5377007126808167,0.06132143013624398,-4.5454545,pragativadi.com,Trump Urges Allies To Send Warships Vows Us Will Secure Hormuz Strait,https://pragativadi.com/trump-urges-allies-to-send-warships-vows-us-will-secure-hormuz-strait/,,
1415,2026-03-22,2026-03-22 08:00:00+00:00,0.4186045094823649,0.5304405689239502,0.08309633115760902,5.4054055,newzealandstar.com,China Beijing China Development Forum 2026 Opening Cn,http://www.newzealandstar.com/news/278936810/china-beijing-china-development-forum-2026-opening-cn,,
1416,2026-03-22,2026-03-22 11:00:00+00:00,0.4186045094823649,0.5304405689239502,0.08309633115760902,5.4054055,shanghainews.net,China Beijing China Development Forum 2026 Opening Cn,http://www.shanghainews.net/news/278936810/china-beijing-china-development-forum-2026-opening-cn,,
1417,2026-03-22,2026-03-22 09:00:00+00:00,0.4186045094823649,0.5304405689239502,0.08309633115760902,5.4054055,chinanationalnews.com,China Beijing China Development Forum 2026 Opening Cn,http://www.chinanationalnews.com/news/278936810/china-beijing-china-development-forum-2026-opening-cn,,
1418,2026-03-15,2026-03-15 13:00:00+00:00,0.41853307899104786,0.5196423530578613,0.11520525679060734,-2.2167487,rawstory.com,Trump 2676147666,https://www.rawstory.com/trump-2676147666/,,
1419,2026-03-19,2026-03-19 20:00:00+00:00,0.41848068411736183,0.534010112285614,0.07189239961260521,0.0,theepochtimes.com,2026 Threat Assessment Decenters China Underscoring Adversary Cooperation 6000978,https://www.theepochtimes.com/us/2026-threat-assessment-decenters-china-underscoring-adversary-cooperation-6000978,,
1420,2026-03-19,2026-03-19 13:00:00+00:00,0.4184657461583331,0.5356041193008423,0.06705062673080564,0.62189054,saltwire.com,Gwynne Dyer China Language Law,https://www.saltwire.com/newfoundland-labrador/gwynne-dyer-china-language-law,,
1421,2026-03-09,2026-03-09 22:00:00+00:00,0.41846385636686484,0.5362508893013,0.06510275756355915,-5.3892217,atlantanewsfirst.com,Fulton County Judge Will Not Prevent Trump Other Defendants Collecting Legal Fees,https://www.atlantanewsfirst.com/2026/03/09/fulton-county-judge-will-not-prevent-trump-other-defendants-collecting-legal-fees/,,
1422,2026-03-05,2026-03-05 20:00:00+00:00,0.4184020815649352,0.5350121259689331,0.06857194835294154,3.1496062,neindia.com,Vice President To Visit Tripura Mar 7 8,https://neindia.com/vice-president-to-visit-tripura-mar-7-8/,,
1423,2026-03-23,2026-03-23 17:00:00+00:00,0.41834351433019035,0.5324698686599731,0.07596445134084184,0.78740156,politicalwire.com,Trump Says U S Will Have Joint Control Of Strait Of Hormuz,https://politicalwire.com/2026/03/23/trump-says-u-s-will-have-joint-control-of-strait-of-hormuz/,,
1424,2026-03-10,2026-03-10 12:00:00+00:00,0.41830982979404163,0.519344687461853,0.11520525679060734,-2.9925187,rawstory.com,Trump 2675985590,https://www.rawstory.com/trump-2675985590/,,
1425,2026-03-14,2026-03-14 13:00:00+00:00,0.4183089238346385,0.4798972010612488,0.23354409215480776,0.18001801,globalsecurity.org,China 260313 Prc Mofab01,https://www.globalsecurity.org/wmd/library/news/china/2026/03/china-260313-prc-mofab01.htm,,
1426,2026-03-05,2026-03-05 20:00:00+00:00,0.41830564972895956,0.5250295996665955,0.09813379991605177,-5.263158,reviewjournal.com,Trump Annoucnes Markwayne Mullin Will Replace Kristi Noem 3715426,https://www.reviewjournal.com/news/politics-and-government/trump-annoucnes-markwayne-mullin-will-replace-kristi-noem-3715426/,,
1427,2026-03-11,2026-03-11 06:00:00+00:00,0.41829544689685116,0.534345805644989,0.07014437065243773,-7.439825,thedailyblog.co.nz,Trump Is Beginning To Panic Iran Will Never Allow The Straits To Reopen,https://thedailyblog.co.nz/trump-is-beginning-to-panic-iran-will-never-allow-the-straits-to-reopen/,,
1428,2026-03-20,2026-03-20 18:00:00+00:00,0.41827969964610767,0.5193045139312744,0.11520525679060734,-7.7702703,rawstory.com,Trump 2676451001,https://www.rawstory.com/trump-2676451001/,,
1429,2026-03-11,2026-03-11 21:00:00+00:00,0.41826137121783924,0.5192800760269165,0.11520525679060734,0.78431374,rawstory.com,Trump 2676085325,https://www.rawstory.com/trump-2676085325/,,
1430,2026-03-04,2026-03-04 06:00:00+00:00,0.4182233334232611,0.535340428352356,0.06687204863597662,-3.601108,benzinga.com,Lockheed Pledges To Ax Anthropics Claude Ai After Trump Ban Company Says Will Follow Presidents Di,https://www.benzinga.com/news/contracts/26/03/51025980/lockheed-pledges-to-ax-anthropics-claude-ai-after-trump-ban-company-says-will-follow-presidents-di,,
1431,2026-03-15,2026-03-15 01:00:00+00:00,0.41820584949123096,0.5192060470581055,0.11520525679060734,-8.494208,rawstory.com,Trump 2676116020,https://www.rawstory.com/trump-2676116020/,,
1432,2026-03-05,2026-03-05 16:00:00+00:00,0.4181868952141924,0.5191807746887207,0.11520525679060734,-5.102041,alternet.org,Trump Lawyers 2675558862,https://www.alternet.org/trump-lawyers-2675558862/,,
1433,2026-03-17,2026-03-17 23:00:00+00:00,0.4181532768813204,0.5228293538093567,0.10412504609721152,-1.9061583,highlandcountypress.com,Trump Disappointed Nato Decision Us Will Remember,https://highlandcountypress.com/headlines/trump-disappointed-nato-decision-us-will-remember,,
1434,2026-03-19,2026-03-19 16:00:00+00:00,0.41806369241344166,0.5190165042877197,0.11520525679060734,-2.631579,alternet.org,Trump 2676360554,https://www.alternet.org/trump-2676360554/,,
1435,2026-03-09,2026-03-09 19:00:00+00:00,0.4180480572003464,0.5203751921653748,0.1110666523052612,-2.46114,greanvillepost.com,China Rejects A Joint Us China Hegemony,https://www.greanvillepost.com/2026/03/09/china-rejects-a-joint-us-china-hegemony/,,
1436,2026-03-09,2026-03-09 16:00:00+00:00,0.4180480572003464,0.5203751921653748,0.1110666523052612,-2.2031825,dissidentvoice.org,China Rejects A Joint Us China Hegemony,https://dissidentvoice.org/2026/03/china-rejects-a-joint-us-china-hegemony/,,
1437,2026-03-04,2026-03-04 14:00:00+00:00,0.4180454862058925,0.4795459508895874,0.23354409215480776,-2.4484537,globalsecurity.org,China 260303 Prc Mofab01,https://www.globalsecurity.org/wmd/library/news/china/2026/03/china-260303-prc-mofab01.htm,,
1438,2026-03-17,2026-03-17 05:00:00+00:00,0.4180183270085332,0.5373680591583252,0.05996913055915725,1.525941,livemint.com,China Fdi Press Note 3 India China Trade Investment Ev Supply Chain Industrial Policy 11773682063150,https://www.livemint.com/economy/china-fdi-press-note-3-india-china-trade-investment-ev-supply-chain-industrial-policy-11773682063150.html,,
1439,2026-03-12,2026-03-12 15:00:00+00:00,0.4179943126069231,0.5189239978790283,0.11520525679060734,-3.5250463,rawstory.com,Trump 2676088579,https://www.rawstory.com/trump-2676088579/,,
1440,2026-03-17,2026-03-17 16:00:00+00:00,0.4179884564505739,0.5189161896705627,0.11520525679060734,-3.7037036,rawstory.com,Trump 2676264296,https://www.rawstory.com/trump-2676264296/,,
1441,2026-03-19,2026-03-19 07:00:00+00:00,0.4179677496490097,0.5368428230285645,0.06134252951034536,-3.9473684,openthemagazine.com,Will Not Hesitate Trump Warns Of Massive Retaliation After Iran Strikes Qatar Lng Facilities,https://openthemagazine.com/world/will-not-hesitate-trump-warns-of-massive-retaliation-after-iran-strikes-qatar-lng-facilities,,
1442,2026-03-17,2026-03-17 20:00:00+00:00,0.4179642749853135,0.5278966426849365,0.0881671718864446,-3.6585367,newsbiscuit.com,Us Government Tells Trump Haters Where He Will Be Buried,https://www.newsbiscuit.com/post/us-government-tells-trump-haters-where-he-will-be-buried,,
1443,2026-03-16,2026-03-16 11:00:00+00:00,0.41786291717894547,0.4793025255203247,0.23354409215480776,0.73170733,globalsecurity.org,China 260313 Prc Mofa01,https://www.globalsecurity.org/wmd/library/news/china/2026/03/china-260313-prc-mofa01.htm,,
1444,2026-03-16,2026-03-16 06:00:00+00:00,0.4178618244069947,0.536227822303772,0.06276383071666292,-0.31847134,ibtimes.com.au,Australia Japan Will Not Send Navy Vessels Secure Strait Hormuz Despite Pressure Trump 1863467,https://www.ibtimes.com.au/australia-japan-will-not-send-navy-vessels-secure-strait-hormuz-despite-pressure-trump-1863467,,
1445,2026-03-04,2026-03-04 08:00:00+00:00,0.417845204217403,0.536018967628479,0.06332391398417503,-4.528853,watoday.com.au,Bad Energy Trump Will Be Forced To End His Reckless War Very Soon 20260304 P5O78B,https://www.watoday.com.au/business/the-economy/bad-energy-trump-will-be-forced-to-end-his-reckless-war-very-soon-20260304-p5o78b.html,,
1446,2026-03-04,2026-03-04 08:00:00+00:00,0.417845204217403,0.536018967628479,0.06332391398417503,-4.528853,smh.com.au,Bad Energy Trump Will Be Forced To End His Reckless War Very Soon 20260304 P5O78B,https://www.smh.com.au/business/the-economy/bad-energy-trump-will-be-forced-to-end-his-reckless-war-very-soon-20260304-p5o78b.html,,
1447,2026-03-04,2026-03-04 08:00:00+00:00,0.417845204217403,0.536018967628479,0.06332391398417503,-4.528853,theage.com.au,Bad Energy Trump Will Be Forced To End His Reckless War Very Soon 20260304 P5O78B,https://www.theage.com.au/business/the-economy/bad-energy-trump-will-be-forced-to-end-his-reckless-war-very-soon-20260304-p5o78b.html,,
1448,2026-03-04,2026-03-04 08:00:00+00:00,0.417845204217403,0.536018967628479,0.06332391398417503,-4.528853,brisbanetimes.com.au,Bad Energy Trump Will Be Forced To End His Reckless War Very Soon 20260304 P5O78B,https://www.brisbanetimes.com.au/business/the-economy/bad-energy-trump-will-be-forced-to-end-his-reckless-war-very-soon-20260304-p5o78b.html,,
1449,2026-03-24,2026-03-24 13:00:00+00:00,0.4178208959043788,0.47924649715423584,0.23354409215480776,-0.43898156,globalsecurity.org,China 260323 Prc Mofab01,https://www.globalsecurity.org/wmd/library/news/china/2026/03/china-260323-prc-mofab01.htm,,
1450,2026-03-09,2026-03-09 23:00:00+00:00,0.4177966785060091,0.5186604857444763,0.11520525679060734,-4.231626,alternet.org,Trump Fillibuster,https://www.alternet.org/send/trump-fillibuster/,,
1451,2026-03-16,2026-03-16 19:00:00+00:00,0.41772549172117024,0.5367753505706787,0.06057591517264492,-0.5892256,forbes.com,Defiant Trump Says We Dont Need Anybody But Claims Some Countries Will Help Open Strait Of Hormuz,https://www.forbes.com/sites/siladityaray/2026/03/16/defiant-trump-says-we-dont-need-anybody-but-claims-some-countries-will-help-open-strait-of-hormuz/,,
1452,2026-03-06,2026-03-06 11:00:00+00:00,0.4177132725335059,0.5297167301177979,0.08170289978062995,4.157044,yahoo.com,China Deepen Reform Shenzhens Chinext 103154946,https://finance.yahoo.com/news/china-deepen-reform-shenzhens-chinext-103154946.html,,
1453,2026-03-03,2026-03-03 22:00:00+00:00,0.41771210336062653,0.5301833152770996,0.08029846761120721,-0.32467532,dominicanrepublicpost.com,Us Will Provide Insurance For Ships In Gulf Amid Iranian Attacks Trump,https://dominicanrepublicpost.com/us-will-provide-insurance-for-ships-in-gulf-amid-iranian-attacks-trump/,,
1454,2026-03-20,2026-03-20 00:00:00+00:00,0.41767016764747333,0.518491804599762,0.11520525679060734,-1.0256411,rawstory.com,Trump 2676398069,https://www.rawstory.com/msn/trump-2676398069/,,
1455,2026-03-19,2026-03-19 21:00:00+00:00,0.4176178359171111,0.5363564491271973,0.06140199628685269,-3.0985916,espritdecorps.ca,On Target Why Canada Will Say No To Trumps War In Iran,https://www.espritdecorps.ca/on-target-4/on-target-why-canada-will-say-no-to-trumps-war-in-iran,,
1456,2026-03-24,2026-03-24 01:00:00+00:00,0.4175790452351687,0.5345649719238281,0.06662126516919044,2.8328612,asianews.network,From Wuxia Games To Ai Powered Microdramas China Sharpens Its Soft Power Playbook,https://asianews.network/from-wuxia-games-to-ai-powered-microdramas-china-sharpens-its-soft-power-playbook/,,
1457,2026-03-23,2026-03-23 11:00:00+00:00,0.4175790452351687,0.5345649719238281,0.06662126516919044,2.8429282,straitstimes.com,From Wuxia Games To Ai Powered Microdramas China Sharpens Its Soft Power Playbook,https://www.straitstimes.com/asia/east-asia/from-wuxia-games-to-ai-powered-microdramas-china-sharpens-its-soft-power-playbook,,
1458,2026-03-10,2026-03-10 12:00:00+00:00,0.4175617196445621,0.530967116355896,0.07734552951056056,-6.25,lrt.lt,Lithuania Coordinating Visit By Trump Envoy To Belarus Pm Says,https://www.lrt.lt/en/news-in-english/19/2863231/lithuania-coordinating-visit-by-trump-envoy-to-belarus-pm-says,,
1459,2026-03-25,2026-03-25 15:00:00+00:00,0.41752993281947803,0.5183048248291016,0.11520525679060734,-4.109589,rawstory.com,Trump 2676617111,https://www.rawstory.com/trump-2676617111/,,
1460,2026-03-11,2026-03-11 17:00:00+00:00,0.41751918942432653,0.5352380871772766,0.06436249616547626,0.0,dailykos.com,Trump The Iran Attack Is Pete Steve And Jared S Fault Marco Will Also Go Under The Bus For Cuba,https://www.dailykos.com/stories/2026/3/11/2372651/-Trump-The-Iran-attack-is-Pete-Steve-and-Jared-s-fault-Marco-will-also-go-under-the-bus-for-Cuba,,
1461,2026-03-14,2026-03-14 15:00:00+00:00,0.41751361604797077,0.5182830691337585,0.11520525679060734,-7.352941,rawstory.com,Trump 2676105566,https://www.rawstory.com/trump-2676105566/,,
1462,2026-03-14,2026-03-14 16:00:00+00:00,0.41743256863223743,0.5181750059127808,0.11520525679060734,-6.3131313,rawstory.com,Trump 2676108497,https://www.rawstory.com/trump-2676108497/,,
1463,2026-03-17,2026-03-17 20:00:00+00:00,0.41729320792370644,0.5252532958984375,0.09341294399951333,3.1847134,redstate.com,Trump Lashes Out At Nato For Their Fecklessness We Will Protect Them But They Will Do Nothing For Us N2200306,https://redstate.com/bobhoge/2026/03/17/trump-lashes-out-at-nato-for-their-fecklessness-we-will-protect-them-but-they-will-do-nothing-for-us-n2200306,,
1464,2026-03-11,2026-03-11 22:00:00+00:00,0.41725099288404904,0.5358813405036926,0.0613599500251184,-4.9462366,ibtimes.com,Trump Calls Iran War Little Excursion That Will Keep Us Out War Bizarre Comment 3798949,https://www.ibtimes.com/trump-calls-iran-war-little-excursion-that-will-keep-us-out-war-bizarre-comment-3798949,,
1465,2026-03-25,2026-03-25 20:00:00+00:00,0.41723583828851163,0.5321763753890991,0.07241422698674904,-4.7477746,metro.co.uk,White House Says Trump Will Unleash Hell Iran Unless Accepts Defeat 27668875,https://metro.co.uk/2026/03/25/white-house-says-trump-will-unleash-hell-iran-unless-accepts-defeat-27668875/,,
1466,2026-03-15,2026-03-15 22:00:00+00:00,0.4170549961656593,0.5360857248306274,0.059962810170754756,-2.0,yahoo.com,China Restarts Military Flights Near 222414848,https://www.yahoo.com/news/articles/china-restarts-military-flights-near-222414848.html,,
1467,2026-03-20,2026-03-20 03:00:00+00:00,0.4170487892256899,0.517663300037384,0.11520525679060734,-4.0,rawstory.com,Trump 2676406051,https://www.rawstory.com/trump-2676406051/,,
1468,2026-03-16,2026-03-16 17:00:00+00:00,0.41700654443370533,0.5176069736480713,0.11520525679060734,-5.3254437,rawstory.com,Trump 2676206896,https://www.rawstory.com/trump-2676206896/,,
1469,2026-03-24,2026-03-24 10:00:00+00:00,0.4169917206416225,0.5240929126739502,0.09568814454463935,3.030303,sputnikglobe.com,Lukashenko Will Pay Official Visit To North Korea From March 25 26   Office 1123884899,https://sputnikglobe.com/20260324/lukashenko-will-pay-official-visit-to-north-korea-from-march-25-26---office-1123884899.html,,
1470,2026-03-04,2026-03-04 15:00:00+00:00,0.41692898487060664,0.5348491668701172,0.06316843887207507,-8.363636,businessday.co.za,2026 03 04 Spain Says It Will Not Be A Vassal After Trump Embargo Threat,https://www.businessday.co.za/world/2026-03-04-spain-says-it-will-not-be-a-vassal-after-trump-embargo-threat/,,
1471,2026-03-12,2026-03-12 20:00:00+00:00,0.41690243608798444,0.5353953838348389,0.06142359284742123,0.0,dailykos.com,Impertinent Trump I Should Have A Hand In Choosing Iran S Next Leader Iran Will Just Chop It Off,https://www.dailykos.com/stories/2026/3/12/2369973/-Impertinent-Trump-I-Should-Have-a-Hand-in-Choosing-Iran-s-Next-Leader-Iran-will-just-chop-it-off,,
1472,2026-03-11,2026-03-11 13:00:00+00:00,0.4168543290721102,0.5174040198326111,0.11520525679060734,-2.9045644,rawstory.com,Trump 2676071679,https://www.rawstory.com/trump-2676071679/,,
1473,2026-03-11,2026-03-11 14:00:00+00:00,0.41678198694594376,0.47786128520965576,0.23354409215480776,3.4285715,globalsecurity.org,China 260310 Prc Mnd02,https://www.globalsecurity.org/wmd/library/news/china/2026/03/china-260310-prc-mnd02.htm,,
1474,2026-03-19,2026-03-19 12:00:00+00:00,0.41677693400907706,0.5280506610870361,0.08295575277519975,-3.9334342,npr.org,Japan Takaichi Visit White House,https://www.npr.org/2026/03/19/g-s1-114405/japan-takaichi-visit-white-house,,
1475,2026-03-20,2026-03-20 17:00:00+00:00,0.4167414423922614,0.5279635190963745,0.08307521227992214,-0.21978022,mediaite.com,Cowards We Will Remember Trump Goes Scorched Earth Paper Tiger Nato Allies,https://www.mediaite.com/media/news/cowards-we-will-remember-trump-goes-scorched-earth-paper-tiger-nato-allies/,,
1476,2026-03-20,2026-03-20 15:00:00+00:00,0.41674029048549366,0.5172519683837891,0.11520525679060734,-4.131054,alternet.org,Trump Violence 2676444466,https://www.alternet.org/trump-violence-2676444466/,,
1477,2026-03-11,2026-03-11 14:00:00+00:00,0.4166944128216075,0.47774451971054077,0.23354409215480776,1.0840108,globalsecurity.org,China 260309 Prc Mofa02,https://www.globalsecurity.org/wmd/library/news/china/2026/03/china-260309-prc-mofa02.htm,,
1478,2026-03-23,2026-03-23 22:00:00+00:00,0.4166656356679125,0.5171524286270142,0.11520525679060734,-9.414759,alternet.org,Trump Madman Theory,https://www.alternet.org/trump-madman-theory/,,
1479,2026-03-23,2026-03-23 19:00:00+00:00,0.41648914631473255,0.5169171094894409,0.11520525679060734,-0.4347826,rawstory.com,Trump 2676577503,https://www.rawstory.com/trump-2676577503/,,
1480,2026-03-17,2026-03-17 07:00:00+00:00,0.4164013002353077,0.5295846462249756,0.07685126226630411,0.0,prajavani.net,Trump Says Israel Will Not Use Nuclear Weapons Against Iran 3840114,https://www.prajavani.net/news/world-news/trump-says-israel-will-not-use-nuclear-weapons-against-iran-3840114,,
1481,2026-03-24,2026-03-24 02:00:00+00:00,0.4163161493788268,0.5288708209991455,0.07865213451787081,-6.911447,wrp.org.uk,Iran Will Give A Decisive Response To Trumps Delirious Attacks,https://wrp.org.uk/features/iran-will-give-a-decisive-response-to-trumps-delirious-attacks/,,
1482,2026-03-10,2026-03-10 02:00:00+00:00,0.4162974020465081,0.5227607488632202,0.09690736159637191,-2.455357,news18.com,Irans Irgc Responds To Trump Says It Will Be The One Who Will Determine The End Of War 9951631,https://www.news18.com/world/irans-irgc-responds-to-trump-says-it-will-be-the-one-who-will-determine-the-end-of-war-9951631.html,,
1483,2026-03-10,2026-03-10 21:00:00+00:00,0.41628606959635933,0.524625837802887,0.09126676497677635,-1.391863,theglobeandmail.com,Article Leading During Wartime Will Show Us Who Trump Really Is,https://www.theglobeandmail.com/world/us-politics/article-leading-during-wartime-will-show-us-who-trump-really-is/,,
1484,2026-03-17,2026-03-17 17:00:00+00:00,0.41625708392397465,0.5342411994934082,0.06230473721567407,-1.6260163,breakingnews.ie,Trump Says Energy Prices In Ireland Will Drop Like A Rock After Iran War Ends 1876019,https://www.breakingnews.ie/ireland/trump-says-energy-prices-in-ireland-will-drop-like-a-rock-after-iran-war-ends-1876019.html,,
1485,2026-03-05,2026-03-05 16:00:00+00:00,0.4162160631955432,0.4771067202091217,0.23354409215480776,3.1862745,globalsecurity.org,China 260304 Pdo03,https://www.globalsecurity.org/wmd/library/news/china/2026/03/china-260304-pdo03.htm,,
1486,2026-03-15,2026-03-15 15:00:00+00:00,0.41621225811909013,0.5332880020141602,0.06498502643388006,-0.5449591,thestar.com.my,Trump Says Us Will Hit Iran 039Very Hard039 And Gold Slips And Heads For Second Consecutive Weekly Fall,https://www.thestar.com.my/aseanplus/aseanplus-news/2026/03/15/trump-says-us-will-hit-iran-039very-hard039-and-gold-slips-and-heads-for-second-consecutive-weekly-fall,,
1487,2026-03-16,2026-03-16 17:00:00+00:00,0.416193075142972,0.5165223479270935,0.11520525679060734,0.4878049,rawstory.com,Trump 2676217096,https://www.rawstory.com/trump-2676217096/,,
1488,2026-03-15,2026-03-15 16:00:00+00:00,0.4161441966133694,0.5257424116134644,0.08734955161308437,0.0,dailykos.com,Trump Will Feel It In His Bones,https://www.dailykos.com/stories/2026/3/15/2373275/-Trump-will-feel-it-in-his-bones,,
1489,2026-03-11,2026-03-11 09:00:00+00:00,0.41604250188563363,0.5238163471221924,0.09272096617595728,0.74626863,nationalpost.com,Byelections Could Tip Liberals To A Majority Will It Matter In Dealing With Trump,https://nationalpost.com/news/byelections-could-tip-liberals-to-a-majority-will-it-matter-in-dealing-with-trump,,
1490,2026-03-25,2026-03-25 06:00:00+00:00,0.4160344383201751,0.532691240310669,0.06606403234869367,-0.5181347,carnewschina.com,Porsche Panamera Clone From Huawei To Enter China In June 2026,https://carnewschina.com/2026/03/25/porsche-panamera-clone-from-huawei-to-enter-china-in-june-2026/,,
1491,2026-03-04,2026-03-04 21:00:00+00:00,0.4160256605969591,0.5162991285324097,0.11520525679060734,-3.426396,alternet.org,Trump Cult 2675554150,https://www.alternet.org/trump-cult-2675554150/,,
1492,2026-03-22,2026-03-22 16:00:00+00:00,0.4159905842041243,0.5279517769813538,0.08010700587243595,-4.3933053,newkerala.com,Trump Stands His Red Lines Will Not Let 853,https://www.newkerala.com/news/a/trump-stands-his-red-lines-will-not-let-853.htm,,
1493,2026-03-18,2026-03-18 14:00:00+00:00,0.41588639735587113,0.4766671657562256,0.23354409215480776,5.183585,globalsecurity.org,China 260315 Prc Mofa01,https://www.globalsecurity.org/wmd/library/news/china/2026/03/china-260315-prc-mofa01.htm,,
1494,2026-03-19,2026-03-19 09:00:00+00:00,0.4158784692636928,0.5316113233566284,0.06867990698488596,-5.226481,lasvegassun.com,Trump Says The Us Will Retaliate If Iran Attacks Q,https://lasvegassun.com/news/2026/mar/18/trump-says-the-us-will-retaliate-if-iran-attacks-q/,,
1495,2026-03-20,2026-03-20 09:00:00+00:00,0.4158748501808223,0.5310947895050049,0.07021503220827457,-5.0,marketscreener.com,Israel Will Not Strike Iranian Energy Sites After Trump Rebuke Ce7E5Edfdb8Cff27,https://www.marketscreener.com/news/israel-will-not-strike-iranian-energy-sites-after-trump-rebuke-ce7e5edfdb8cff27,,
1496,2026-03-25,2026-03-25 22:00:00+00:00,0.4158260991867201,0.5263884663581848,0.08413899767232585,-3.90625,yahoo.com,Iran War Supply Shocks China 221609632,https://www.yahoo.com/news/articles/iran-war-supply-shocks-china-221609632.html,,
1497,2026-03-12,2026-03-12 09:00:00+00:00,0.41575697661775746,0.5231888294219971,0.0934614182050387,-1.3937283,newkerala.com,Us Dependence China Medicines Faces Scrutiny 253,https://www.newkerala.com/news/a/us-dependence-china-medicines-faces-scrutiny-253.htm,,
1498,2026-03-24,2026-03-24 01:00:00+00:00,0.41573221691729767,0.5315639972686768,0.06823687586316052,2.5906737,tmz.com,Donald Trump Jokes About Fighting Elvis At Graceland Visit,https://www.tmz.com/2026/03/23/donald-trump-jokes-about-fighting-elvis-at-graceland-visit/,,
1499,2026-03-05,2026-03-05 16:00:00+00:00,0.4157244142831134,0.47645118832588196,0.23354409215480776,-0.18281536,globalsecurity.org,China 260304 Prc Mofab01,https://www.globalsecurity.org/wmd/library/news/china/2026/03/china-260304-prc-mofab01.htm,,
1500,2026-03-07,2026-03-07 22:00:00+00:00,0.4157113284338901,0.5232148766517639,0.09320068378026862,6.25,theconservativetreehouse.com,President Trump Notes U K Lack Of Support We Will Remember,https://theconservativetreehouse.com/blog/2026/03/07/president-trump-notes-u-k-lack-of-support-we-will-remember/,,
1501,2026-03-18,2026-03-18 10:00:00+00:00,0.4156839575169277,0.5152972936630249,0.11684394907863625,0.0,businesstimes.com.sg,Why Firms Are Pivoting China Shedding China Maxxing,https://www.businesstimes.com.sg/opinion-features/why-firms-are-pivoting-china-shedding-china-maxxing,,
1502,2026-03-25,2026-03-25 12:00:00+00:00,0.41565675556071274,0.4763609766960144,0.23354409215480776,-0.83472455,globalsecurity.org,China 260324 Prc Mofab01,https://www.globalsecurity.org/wmd/library/news/china/2026/03/china-260324-prc-mofab01.htm,,
1503,2026-03-10,2026-03-10 09:00:00+00:00,0.4156558496506023,0.5188530683517456,0.10606419354717235,1.3513514,oceanfm.ie,President To Visit Donegal Today 1128751,https://www.oceanfm.ie/news/president-to-visit-donegal-today-1128751,,
1504,2026-03-16,2026-03-16 21:00:00+00:00,0.41561954726904254,0.5320043563842773,0.06646511992333823,-0.75757575,sacurrent.com,Trump Claims Indian Investment Will Make Longstanding Plans South Texas Refinery A Reality,https://www.sacurrent.com/news/texas-news/trump-claims-indian-investment-will-make-longstanding-plans-south-texas-refinery-a-reality/,,
1505,2026-03-12,2026-03-12 02:00:00+00:00,0.4155974906312151,0.515728235244751,0.11520525679060734,-4.8582997,rawstory.com,Trump 2676086445,https://www.rawstory.com/trump-2676086445/,,
1506,2026-03-07,2026-03-07 13:00:00+00:00,0.4155366938935442,0.5156471729278564,0.11520525679060734,-5.263158,rawstory.com,Trump Toxic 2675745733,https://www.rawstory.com/trump-toxic-2675745733/,,
1507,2026-03-11,2026-03-11 17:00:00+00:00,0.4155090062375269,0.5336129069328308,0.0611973041516151,-4.601227,domain-b.com,Iran Crude Exports China Hormuz 2026,https://www.domain-b.com/economy/world-economy/iran-crude-exports-china-hormuz-2026,,
1508,2026-03-20,2026-03-20 07:00:00+00:00,0.4154441920764327,0.5329906940460205,0.06280468616766914,-2.3809524,asiaone.com,Americans Believe Trump Will Send Troops Iran And Dont Idea Reutersipsos Poll Finds,https://www.asiaone.com/world/americans-believe-trump-will-send-troops-iran-and-dont-idea-reutersipsos-poll-finds,,
1509,2026-03-20,2026-03-20 05:00:00+00:00,0.4154441920764327,0.5329906940460205,0.06280468616766914,-2.3809524,asiaone.com,Americans Believe Trump Will Send Troops Iran And Dont Idea Reutersipsos Poll Finds,https://www.asiaone.com:443/world/americans-believe-trump-will-send-troops-iran-and-dont-idea-reutersipsos-poll-finds,,
1510,2026-03-12,2026-03-12 11:00:00+00:00,0.415424431877507,0.5328965187072754,0.06300817138820179,0.7821229,aol.com,China Positions Itself Force Global 072129387,https://www.aol.com/articles/china-positions-itself-force-global-072129387.html,,
1511,2026-03-14,2026-03-14 16:00:00+00:00,0.4152990447224902,0.5308818221092224,0.06855071256229342,-3.7037036,breitbart.com,Axelrod Trump Admin Unclear What The Endpoint Of Iran Conflict Will Be,https://www.breitbart.com/clips/2026/03/13/axelrod-trump-admin-unclear-what-the-endpoint-of-iran-conflict-will-be/,,
1512,2026-03-22,2026-03-22 12:00:00+00:00,0.4152931824254462,0.5289663076400757,0.0742738067815579,0.492126,carnewschina.com,Sunday China Drive Volvo Xc70 Phev Road Tested In China Global Model Bound For 70 Markets,https://carnewschina.com/2026/03/22/sunday-china-drive-volvo-xc70-phev-road-tested-in-china-global-model-bound-for-70-markets/,,
1513,2026-03-21,2026-03-21 13:00:00+00:00,0.41522050615417194,0.5152255892753601,0.11520525679060734,-1.421801,rawstory.com,Trump 2676508703,https://www.rawstory.com/trump-2676508703/,,
1514,2026-03-18,2026-03-18 18:00:00+00:00,0.41517884250747394,0.5151700377464294,0.11520525679060734,1.7094017,thechiefleader.com,"Trump Bump,56164","http://thechiefleader.com/stories/trump-bump,56164",,
1515,2026-03-19,2026-03-19 05:00:00+00:00,0.4151765916129445,0.5317971110343933,0.06531503334859823,-5.2228413,reviewjournal.com,Trump Says The U S Will Retaliate If Iran Attacks Qatar Again 3726753,https://www.reviewjournal.com/news/trump-says-the-u-s-will-retaliate-if-iran-attacks-qatar-again-3726753/,,
1516,2026-03-04,2026-03-04 23:00:00+00:00,0.41516476091014576,0.5151512622833252,0.11520525679060734,-0.99502486,rawstory.com,Trump 2675555000,https://www.rawstory.com/trump-2675555000/,,
1517,2026-03-04,2026-03-04 09:00:00+00:00,0.41509281049494756,0.53321772813797,0.06071805756588026,-2.967742,yahoo.com,Us Just Took Two China 051818457,https://www.yahoo.com/news/articles/us-just-took-two-china-051818457.html,,
1518,2026-03-11,2026-03-11 20:00:00+00:00,0.41501944587471706,0.528064489364624,0.07588431540499625,-3.4482758,firstpost.com,Will Iran War Cost Trump The Mid Term Elections Vantage With Palki Sharma Vd1831229,https://www.firstpost.com/vantage/will-iran-war-cost-trump-the-mid-term-elections-vantage-with-palki-sharma-vd1831229/,,
1519,2026-03-10,2026-03-10 03:00:00+00:00,0.4149353444135345,0.5283627510070801,0.07465312463289789,-5.8252425,spotlightnepal.com,Conflict Iran Will End Very Soon Trump,https://www.spotlightnepal.com/2026/03/10/conflict-iran-will-end-very-soon-trump/,,
1520,2026-03-18,2026-03-18 14:00:00+00:00,0.41493110626347535,0.4753934442996979,0.23354409215480776,-2.6490066,globalsecurity.org,China 260317 Pdo01,https://www.globalsecurity.org/wmd/library/news/china/2026/03/china-260317-pdo01.htm,,
1521,2026-03-23,2026-03-23 13:00:00+00:00,0.4149201134697532,0.5321091413497925,0.06335302982963543,1.0135136,ibtimes.com,Mcdonalds Trials Robots Serve Meals China Triggering Job Security Fears 3799897,https://www.ibtimes.com/mcdonalds-trials-robots-serve-meals-china-triggering-job-security-fears-3799897,,
1522,2026-03-23,2026-03-23 10:00:00+00:00,0.4148725789414568,0.5147616863250732,0.11520525679060734,-3.8197846,rawstory.com,Trump 2676468756,https://www.rawstory.com/raw-investigates/trump-2676468756/,,
1523,2026-03-12,2026-03-12 14:00:00+00:00,0.4147838508764552,0.5325493812561035,0.06148725973751024,9.459459,chinanationalnews.com,China Beijing Sun Yat Sen Commemoration Cn,http://www.chinanationalnews.com/news/278917940/china-beijing-sun-yat-sen-commemoration-cn,,
1524,2026-03-11,2026-03-11 22:00:00+00:00,0.4147643071042223,0.5146173238754272,0.11520525679060734,-0.6557377,alternet.org,Trump 2676084106,https://www.alternet.org/trump-2676084106/,,
1525,2026-03-16,2026-03-16 18:00:00+00:00,0.4147432512294562,0.5267698764801025,0.07866337547751732,1.4925373,bmwblog.com,Bmw Confirms China Next Generation X5,https://www.bmwblog.com/2026/03/16/bmw-confirms-china-next-generation-x5/,,
1526,2026-03-07,2026-03-07 12:00:00+00:00,0.41469165823348103,0.5224918127059937,0.0912911948159432,-0.74626863,thestar.com.my,Trump Says Iran Will Be 039Hit Very Hard039 On Saturday,https://www.thestar.com.my/news/world/2026/03/07/trump-says-iran-will-be-039hit-very-hard039-on-saturday,,
1527,2026-03-04,2026-03-04 01:00:00+00:00,0.41464605862163373,0.5251303911209106,0.08319306112380291,-6.521739,mediaite.com,Huh Will Cain Digs Up Old Clips To Argue Trump Has Stayed Consistent In Opposing Long Wars,https://www.mediaite.com/media/tv/huh-will-cain-digs-up-old-clips-to-argue-trump-has-stayed-consistent-in-opposing-long-wars/,,
1528,2026-03-03,2026-03-03 22:00:00+00:00,0.4146133836745111,0.5288622379302979,0.07186682090715095,-1.2195122,theepochtimes.com,Strikes On Iran Will Cut At The Ccp Gordon Chang 5993488,https://www.theepochtimes.com/china/strikes-on-iran-will-cut-at-the-ccp-gordon-chang-5993488,,
1529,2026-03-12,2026-03-12 04:00:00+00:00,0.41459667877986295,0.5315383076667786,0.06377179211911614,9.895833,ox.ac.uk,Intercultural Collaboration Context China Opportunities And Risks,https://www.ox.ac.uk/event/intercultural-collaboration-context-china-opportunities-and-risks,,
1530,2026-03-13,2026-03-13 13:00:00+00:00,0.4145596761613676,0.5301135778427124,0.06789797111733319,-7.8843627,ibtimes.com,Chinas Nostradamus Warns Us Will Lose Iran War Global Order Disaster 3799129,https://www.ibtimes.com/chinas-nostradamus-warns-us-will-lose-iran-war-global-order-disaster-3799129,,
1531,2026-03-14,2026-03-14 04:00:00+00:00,0.41448748909556143,0.5284594297409058,0.07257166715952836,-4.1666665,wn.com,Trump Says He Has Own Idea On How Long Iran War Will Last,https://article.wn.com/view/2026/03/14/Trump_says_he_has_own_idea_on_how_long_Iran_war_will_last/,,
1532,2026-03-04,2026-03-04 14:00:00+00:00,0.4144559976399707,0.474759966135025,0.23354409215480776,-0.24570024,globalsecurity.org,China 260302 Prc Mofa01,https://www.globalsecurity.org/wmd/library/news/china/2026/03/china-260302-prc-mofa01.htm,,
1533,2026-03-15,2026-03-15 09:00:00+00:00,0.4144129321330542,0.5128692388534546,0.11904401197185288,-1.1579435,rte.ie,1563360 China Iran War,https://www.rte.ie/news/analysis-and-comment/2026/0315/1563360-china-iran-war/,,
1534,2026-03-05,2026-03-05 05:00:00+00:00,0.414372811042968,0.5148409008979797,0.11296854147793293,6.8656716,selectscience.net,Leica Microsystems Ceo Highlights Global Collaboration During China State Visit,https://www.selectscience.net/article/leica-microsystems-ceo-highlights-global-collaboration-during-china-state-visit,,
1535,2026-03-04,2026-03-04 21:00:00+00:00,0.4143617969380541,0.5140806436538696,0.11520525679060734,-4.0618954,alternet.org,Trump Bannon,https://www.alternet.org/news-politics/trump-bannon/,,
1536,2026-03-22,2026-03-22 00:00:00+00:00,0.41432773228056846,0.5309990644454956,0.06431373578578695,-3.652174,pjmedia.com,Trump Says Ice Will Run Airport Security If Dems Dont Fund It N4950912,https://pjmedia.com/catherinesalgado/2026/03/21/trump-says-ice-will-run-airport-security-if-dems-dont-fund-it-n4950912,,
1537,2026-03-22,2026-03-22 07:00:00+00:00,0.41430812763954317,0.524181604385376,0.08468769740204471,-2.4242425,adn.com,Letter If Congress Wont Check Trump Then Who Will,https://www.adn.com/opinions/letters/2026/03/20/letter-if-congress-wont-check-trump-then-who-will/,,
1538,2026-03-04,2026-03-04 14:00:00+00:00,0.41421853273518555,0.47444334626197815,0.23354409215480776,2.474527,globalsecurity.org,China 260303 Pdo01,https://www.globalsecurity.org/wmd/library/news/china/2026/03/china-260303-pdo01.htm,,
1539,2026-03-08,2026-03-08 13:00:00+00:00,0.41415773942787587,0.524939775466919,0.08181163131074669,5.107527,techradar.com,Travel In China Without The Roaming Shock Thanks To Jetpacs China Esim,https://www.techradar.com/pro/travel-in-china-without-the-roaming-shock-thanks-to-jetpacs-china-esim,,
1540,2026-03-11,2026-03-11 14:00:00+00:00,0.4141041588724422,0.4742908477783203,0.23354409215480776,5.5555553,globalsecurity.org,China 260310 Prc Mnd01,https://www.globalsecurity.org/wmd/library/news/china/2026/03/china-260310-prc-mnd01.htm,,
1541,2026-03-11,2026-03-11 14:00:00+00:00,0.41404114591317703,0.5316779017448425,0.06113087841818064,-2.255639,investinglive.com,Trump Suggests Theres Practically Nothing Left To Target In Iran War Will End Soon 20260311,https://investinglive.com:443/news/trump-suggests-theres-practically-nothing-left-to-target-in-iran-war-will-end-soon-20260311/,,
1542,2026-03-06,2026-03-06 20:00:00+00:00,0.4139401091061935,0.5215867757797241,0.09100010908560165,-4.4598613,chinanationalnews.com,Who Will Invade Iran For The Us,http://www.chinanationalnews.com/news/278906293/who-will-invade-iran-for-the-us,,
1543,2026-03-24,2026-03-24 05:00:00+00:00,0.41382995959388447,0.5133715271949768,0.11520525679060734,-3.0558484,lewrockwell.com,Seeing Trump Clearly,https://www.lewrockwell.com/2026/03/no_author/seeing-trump-clearly/,,
1544,2026-03-17,2026-03-17 17:00:00+00:00,0.41380598074219344,0.5024268627166748,0.14794333481874927,1.3245033,pbs.org,Pope Leo Will Accept Liberty Medal In Remote Broadcast From Rome Forgoing U S Visit,https://www.pbs.org/newshour/world/pope-leo-will-accept-liberty-medal-in-remote-broadcast-from-rome-forgoing-u-s-visit,,
1545,2026-03-17,2026-03-17 11:00:00+00:00,0.413798175417058,0.5133291482925415,0.11520525679060734,1.3215859,rawstory.com,Trump 2676262645,https://www.rawstory.com/trump-2676262645/,,
1546,2026-03-04,2026-03-04 21:00:00+00:00,0.4137218571039457,0.5182347297668457,0.10018323911524585,3.5211267,midmichigannow.com,Trump Says He Will Make An Endorsement Soon For Texas Primary Will Ask Other To Drop Out,https://midmichigannow.com/news/nation-world/trump-says-he-will-make-an-endorsement-soon-for-texas-primary-will-ask-other-to-drop-out,,
1547,2026-03-04,2026-03-04 21:00:00+00:00,0.4137218571039457,0.5182347297668457,0.10018323911524585,3.5211267,turnto10.com,Trump Says He Will Make An Endorsement Soon For Texas Primary Will Ask Other To Drop Out,https://turnto10.com/news/nation-world/trump-says-he-will-make-an-endorsement-soon-for-texas-primary-will-ask-other-to-drop-out,,
1548,2026-03-04,2026-03-04 22:00:00+00:00,0.4137218571039457,0.5182347297668457,0.10018323911524585,3.5211267,kpic.com,Trump Says He Will Make An Endorsement Soon For Texas Primary Will Ask Other To Drop Out,https://kpic.com/news/nation-world/trump-says-he-will-make-an-endorsement-soon-for-texas-primary-will-ask-other-to-drop-out,,
1549,2026-03-04,2026-03-04 21:00:00+00:00,0.4137218571039457,0.5182347297668457,0.10018323911524585,3.5211267,foxrochester.com,Trump Says He Will Make An Endorsement Soon For Texas Primary Will Ask Other To Drop Out,https://foxrochester.com/news/nation-world/trump-says-he-will-make-an-endorsement-soon-for-texas-primary-will-ask-other-to-drop-out,,
1550,2026-03-04,2026-03-04 21:00:00+00:00,0.4137218571039457,0.5182347297668457,0.10018323911524585,3.5211267,wgme.com,Trump Says He Will Make An Endorsement Soon For Texas Primary Will Ask Other To Drop Out,https://wgme.com/news/nation-world/trump-says-he-will-make-an-endorsement-soon-for-texas-primary-will-ask-other-to-drop-out,,
1551,2026-03-04,2026-03-04 21:00:00+00:00,0.4137218571039457,0.5182347297668457,0.10018323911524585,3.5211267,fox17.com,Trump Says He Will Make An Endorsement Soon For Texas Primary Will Ask Other To Drop Out,https://fox17.com/news/nation-world/trump-says-he-will-make-an-endorsement-soon-for-texas-primary-will-ask-other-to-drop-out,,
1552,2026-03-04,2026-03-04 22:00:00+00:00,0.4137218571039457,0.5182347297668457,0.10018323911524585,3.5211267,wach.com,Trump Says He Will Make An Endorsement Soon For Texas Primary Will Ask Other To Drop Out,https://wach.com/news/nation-world/trump-says-he-will-make-an-endorsement-soon-for-texas-primary-will-ask-other-to-drop-out,,
1553,2026-03-04,2026-03-04 22:00:00+00:00,0.4137218571039457,0.5182347297668457,0.10018323911524585,3.5460992,cbs12.com,Trump Says He Will Make An Endorsement Soon For Texas Primary Will Ask Other To Drop Out,https://cbs12.com/news/nation-world/trump-says-he-will-make-an-endorsement-soon-for-texas-primary-will-ask-other-to-drop-out,,
1554,2026-03-04,2026-03-04 22:00:00+00:00,0.4137218571039457,0.5182347297668457,0.10018323911524585,3.5211267,krcgtv.com,Trump Says He Will Make An Endorsement Soon For Texas Primary Will Ask Other To Drop Out,https://krcgtv.com/news/nation-world/trump-says-he-will-make-an-endorsement-soon-for-texas-primary-will-ask-other-to-drop-out,,
1555,2026-03-04,2026-03-04 21:00:00+00:00,0.4137218571039457,0.5182347297668457,0.10018323911524585,3.5211267,upnorthlive.com,Trump Says He Will Make An Endorsement Soon For Texas Primary Will Ask Other To Drop Out,https://upnorthlive.com/news/nation-world/trump-says-he-will-make-an-endorsement-soon-for-texas-primary-will-ask-other-to-drop-out,,
1556,2026-03-04,2026-03-04 21:00:00+00:00,0.4137218571039457,0.5182347297668457,0.10018323911524585,3.5211267,wgxa.tv,Trump Says He Will Make An Endorsement Soon For Texas Primary Will Ask Other To Drop Out,https://wgxa.tv/news/nation-world/trump-says-he-will-make-an-endorsement-soon-for-texas-primary-will-ask-other-to-drop-out,,
1557,2026-03-04,2026-03-04 21:00:00+00:00,0.4137218571039457,0.5182347297668457,0.10018323911524585,3.5211267,fox4beaumont.com,Trump Says He Will Make An Endorsement Soon For Texas Primary Will Ask Other To Drop Out,https://fox4beaumont.com/news/nation-world/trump-says-he-will-make-an-endorsement-soon-for-texas-primary-will-ask-other-to-drop-out,,
1558,2026-03-04,2026-03-04 21:00:00+00:00,0.4137218571039457,0.5182347297668457,0.10018323911524585,3.5211267,okcfox.com,Trump Says He Will Make An Endorsement Soon For Texas Primary Will Ask Other To Drop Out,https://okcfox.com/news/nation-world/trump-says-he-will-make-an-endorsement-soon-for-texas-primary-will-ask-other-to-drop-out,,
1559,2026-03-04,2026-03-04 21:00:00+00:00,0.4137218571039457,0.5182347297668457,0.10018323911524585,3.5211267,weartv.com,Trump Says He Will Make An Endorsement Soon For Texas Primary Will Ask Other To Drop Out,https://weartv.com/news/nation-world/trump-says-he-will-make-an-endorsement-soon-for-texas-primary-will-ask-other-to-drop-out,,
1560,2026-03-04,2026-03-04 22:00:00+00:00,0.4137218571039457,0.5182347297668457,0.10018323911524585,3.5211267,fox56.com,Trump Says He Will Make An Endorsement Soon For Texas Primary Will Ask Other To Drop Out,https://fox56.com/news/nation-world/trump-says-he-will-make-an-endorsement-soon-for-texas-primary-will-ask-other-to-drop-out,,
1561,2026-03-04,2026-03-04 21:00:00+00:00,0.4137218571039457,0.5182347297668457,0.10018323911524585,3.5211267,cbs2iowa.com,Trump Says He Will Make An Endorsement Soon For Texas Primary Will Ask Other To Drop Out,https://cbs2iowa.com/news/nation-world/trump-says-he-will-make-an-endorsement-soon-for-texas-primary-will-ask-other-to-drop-out,,
1562,2026-03-04,2026-03-04 22:00:00+00:00,0.4137218571039457,0.5182347297668457,0.10018323911524585,3.5211267,cnycentral.com,Trump Says He Will Make An Endorsement Soon For Texas Primary Will Ask Other To Drop Out,https://cnycentral.com/news/nation-world/trump-says-he-will-make-an-endorsement-soon-for-texas-primary-will-ask-other-to-drop-out,,
1563,2026-03-04,2026-03-04 22:00:00+00:00,0.4137218571039457,0.5182347297668457,0.10018323911524585,3.5211267,fox11online.com,Trump Says He Will Make An Endorsement Soon For Texas Primary Will Ask Other To Drop Out,https://fox11online.com/news/nation-world/trump-says-he-will-make-an-endorsement-soon-for-texas-primary-will-ask-other-to-drop-out,,
1564,2026-03-04,2026-03-04 22:00:00+00:00,0.4137218571039457,0.5182347297668457,0.10018323911524585,3.5460992,news4sanantonio.com,Trump Says He Will Make An Endorsement Soon For Texas Primary Will Ask Other To Drop Out,https://news4sanantonio.com/news/nation-world/trump-says-he-will-make-an-endorsement-soon-for-texas-primary-will-ask-other-to-drop-out,,
1565,2026-03-04,2026-03-04 22:00:00+00:00,0.4137218571039457,0.5182347297668457,0.10018323911524585,3.5211267,katu.com,Trump Says He Will Make An Endorsement Soon For Texas Primary Will Ask Other To Drop Out,https://katu.com/news/nation-world/trump-says-he-will-make-an-endorsement-soon-for-texas-primary-will-ask-other-to-drop-out,,
1566,2026-03-04,2026-03-04 22:00:00+00:00,0.4137218571039457,0.5182347297668457,0.10018323911524585,3.5460992,foxbaltimore.com,Trump Says He Will Make An Endorsement Soon For Texas Primary Will Ask Other To Drop Out,https://foxbaltimore.com/station/share/trump-says-he-will-make-an-endorsement-soon-for-texas-primary-will-ask-other-to-drop-out,,
1567,2026-03-04,2026-03-04 22:00:00+00:00,0.4137218571039457,0.5182347297668457,0.10018323911524585,3.5211267,abcnews4.com,Trump Says He Will Make An Endorsement Soon For Texas Primary Will Ask Other To Drop Out,https://abcnews4.com/news/nation-world/trump-says-he-will-make-an-endorsement-soon-for-texas-primary-will-ask-other-to-drop-out,,
1568,2026-03-04,2026-03-04 22:00:00+00:00,0.4137218571039457,0.5182347297668457,0.10018323911524585,3.5211267,wlos.com,Trump Says He Will Make An Endorsement Soon For Texas Primary Will Ask Other To Drop Out,https://wlos.com/news/nation-world/trump-says-he-will-make-an-endorsement-soon-for-texas-primary-will-ask-other-to-drop-out,,
1569,2026-03-04,2026-03-04 21:00:00+00:00,0.4137218571039457,0.5182347297668457,0.10018323911524585,3.5211267,kfdm.com,Trump Says He Will Make An Endorsement Soon For Texas Primary Will Ask Other To Drop Out,https://kfdm.com/news/nation-world/trump-says-he-will-make-an-endorsement-soon-for-texas-primary-will-ask-other-to-drop-out,,
1570,2026-03-07,2026-03-07 13:00:00+00:00,0.41366503873044064,0.5208286046981812,0.09217434082721918,-0.9433962,japantimes.co.jp,Taiwan Premier Japan Visit Wbc,https://www.japantimes.co.jp/news/2026/03/07/japan/politics/taiwan-premier-japan-visit-wbc/,,
1571,2026-03-20,2026-03-20 14:00:00+00:00,0.413656733595006,0.5131405591964722,0.11520525679060734,-5.490196,rawstory.com,Trump 2676449214,https://www.rawstory.com/trump-2676449214/,,
1572,2026-03-13,2026-03-13 01:00:00+00:00,0.41364574744484633,0.5291222333908081,0.06721628960696109,-1.0135136,econotimes.com,Brazils Top Court Blocks Trump Officials Visit To Imprisoned Bolsonaro 1736170,http://www.econotimes.com/Brazils-Top-Court-Blocks-Trump-Officials-Visit-to-Imprisoned-Bolsonaro-1736170,,
1573,2026-03-16,2026-03-16 09:00:00+00:00,0.4136451550065645,0.5296187996864319,0.06572422096696233,-3.283582,huffingtonpost.co.uk,Donald Trumps Chilling Warning To Starmer Over Iran War Snub We Will Remember Uk 69B7B203E4B0E8Cdfdd2F404,https://www.huffingtonpost.co.uk/entry/donald-trumps-chilling-warning-to-starmer-over-iran-war-snub-we-will-remember_uk_69b7b203e4b0e8cdfdd2f404,,
1574,2026-03-20,2026-03-20 05:00:00+00:00,0.41361878771441946,0.5229358673095703,0.08566754892896687,2.8968713,bignewsnetwork.com,China Focus How Ai Is Reshaping China Manufacturing Landscape,http://www.bignewsnetwork.com/news/278933158/china-focus-how-ai-is-reshaping-china-manufacturing-landscape,,
1575,2026-03-07,2026-03-07 15:00:00+00:00,0.41356710051543155,0.5305609703063965,0.06258549114253664,0.0,wn.com,Trump Says Iran Will Be Hit Very Hard Despite Apology For St,https://article.wn.com/view/2026/03/07/Trump_says_Iran_will_be_hit_very_hard_despite_apology_for_st/,,
1576,2026-03-09,2026-03-09 16:00:00+00:00,0.4135419373850244,0.5201107263565063,0.09383557047057864,-0.23255815,guardian.co.tt,Pm Defends Trump Partnership Says Security Pact Will Benefit Caricom 6.2.2534192.83C26Db5Dc,https://www.guardian.co.tt/news/pm-defends-trump-partnership-says-security-pact-will-benefit-caricom-6.2.2534192.83c26db5dc,,
1577,2026-03-05,2026-03-05 03:00:00+00:00,0.4135220081673337,0.5291579961776733,0.06661404413631476,-3.5714285,japantimes.co.jp,Us Iran China Axis Chaos,https://www.japantimes.co.jp/news/2026/03/05/world/politics/us-iran-china-axis-chaos/,,
1578,2026-03-04,2026-03-04 11:00:00+00:00,0.4134390987563971,0.5265355110168457,0.07414986197505143,-2.238806,hellenicshippingnews.com,Iron Ore Steadies As Key China Meeting Eyed,https://www.hellenicshippingnews.com/iron-ore-steadies-as-key-china-meeting-eyed/,,
1579,2026-03-10,2026-03-10 14:00:00+00:00,0.41341506533638883,0.5248111486434937,0.07922681541507426,-2.6946108,theeagleonline.com.ng,Trump Will Remove African Presidents Wont Help Tinubu Primate Ayodele,https://theeagleonline.com.ng/trump-will-remove-african-presidents-wont-help-tinubu-primate-ayodele/,,
1580,2026-03-20,2026-03-20 02:00:00+00:00,0.4134139936791582,0.5128169059753418,0.11520525679060734,1.0638298,rawstory.com,Trump 2676400032,https://www.rawstory.com/trump-2676400032/,,
1581,2026-03-05,2026-03-05 18:00:00+00:00,0.41339874609392063,0.5242277979850769,0.08091159042045175,-4.878049,businessghana.com,Trump Says Us Navy Will Protect Ships In Middle East,http://www.businessghana.com/site/news/politics/344556/Trump-says-US-Navy-will-protect-ships-in-Middle-East-,,
1582,2026-03-13,2026-03-13 00:00:00+00:00,0.4133828603638509,0.5191152095794678,0.09618581271700039,0.9259259,glasgowtimes.co.uk,25932833.Pussycat Dolls Visit Glasgow 2026 World Tour,https://www.glasgowtimes.co.uk/news/scottish-news/25932833.pussycat-dolls-visit-glasgow-2026-world-tour/,,
1583,2026-03-10,2026-03-10 00:00:00+00:00,0.41330131675238063,0.5238168239593506,0.08175479513147081,-2.4096386,en.apa.az,Trump Says Nobody Has Any Idea Who Will Ultimately Run Iran 495810,https://en.apa.az/america/trump-says-nobody-has-any-idea-who-will-ultimately-run-iran-495810,,
1584,2026-03-20,2026-03-20 14:00:00+00:00,0.41329082502411196,0.5288615226745605,0.0665787320727661,6.0869565,businessinsider.com,Favorite Us Cities To Visit Spring Frequent Traveler 2026 3,https://www.businessinsider.com/favorite-us-cities-to-visit-spring-frequent-traveler-2026-3,,
1585,2026-03-04,2026-03-04 12:00:00+00:00,0.41326036444505804,0.5185763239860535,0.09731248582207169,-5.6485357,newstribune.com,Commentary Trump Wants Iranians To Rise Up Will,https://www.newstribune.com/news/2026/mar/04/commentary-trump-wants-iranians-to-rise-up-will/,,
1586,2026-03-05,2026-03-05 06:00:00+00:00,0.41323816566138327,0.5303175449371338,0.062000027834131805,0.1814882,newcastleherald.com.au,China Rolls Out New Economic And Political Blueprint,https://www.newcastleherald.com.au/story/9191736/china-rolls-out-new-economic-and-political-blueprint/,,
1587,2026-03-05,2026-03-05 07:00:00+00:00,0.41323816566138327,0.5303175449371338,0.062000027834131805,0.1814882,canberratimes.com.au,China Rolls Out New Economic And Political Blueprint,https://www.canberratimes.com.au/story/9191736/china-rolls-out-new-economic-and-political-blueprint/,,
1588,2026-03-05,2026-03-05 07:00:00+00:00,0.41323816566138327,0.5303175449371338,0.062000027834131805,0.0,singletonargus.com.au,China Rolls Out New Economic And Political Blueprint,https://www.singletonargus.com.au/story/9191736/china-rolls-out-new-economic-and-political-blueprint/,,
1589,2026-03-04,2026-03-04 01:00:00+00:00,0.41307719638271456,0.5273216366767883,0.07034387550049317,-2.970297,wowo.com,Trump Claims Oil Prices Will Drop Once Iran Conflict Ends,https://wowo.com/trump-claims-oil-prices-will-drop-once-iran-conflict-ends/,,
1590,2026-03-08,2026-03-08 17:00:00+00:00,0.41306872886095913,0.5237686634063721,0.08096892522472025,-2.9339852,moneycontrol.com,Iran S Top Diplomat Says Iran Not Trump Will Elect New Leader Article 13854208,https://www.moneycontrol.com/world/iran-s-top-diplomat-says-iran-not-trump-will-elect-new-leader-article-13854208.html,,
1591,2026-03-05,2026-03-05 15:00:00+00:00,0.41304644163715076,0.5123268365859985,0.11520525679060734,-5.596107,rawstory.com,Pirro Failure Trump,https://www.rawstory.com/pirro-failure-trump/,,
1592,2026-03-10,2026-03-10 22:00:00+00:00,0.4129460001935258,0.520113468170166,0.09144359626360507,2.173913,gazetaexpress.com,They Will Be Hit Even Harder Than Now Leavitt Trump Will Not Allow Iran To Block The Strait Of Hormuz,https://www.gazetaexpress.com/en/they-will-be-hit-even-harder-than-now-leavitt-trump-will-not-allow-iran-to-block-the-strait-of-hormuz/,,
1593,2026-03-13,2026-03-13 16:00:00+00:00,0.4129429977761431,0.5121889114379883,0.11520525679060734,-1.0964912,alternet.org,Trump Religion 2676098760,https://www.alternet.org/trump-religion-2676098760/,,
1594,2026-03-17,2026-03-17 11:00:00+00:00,0.4129221764148044,0.4727148711681366,0.23354409215480776,0.25974026,globalsecurity.org,China 260316 Prc Mofab01,https://www.globalsecurity.org/wmd/library/news/china/2026/03/china-260316-prc-mofab01.htm,,
1595,2026-03-17,2026-03-17 08:00:00+00:00,0.412902989856798,0.5288636684417725,0.0650209541018747,-1.3605442,irishtimes.com,Trump Says He Will Have The Honour Of Taking Cuba Amid Power Blackout,https://www.irishtimes.com/world/americas/2026/03/17/trump-says-he-will-have-the-honour-of-taking-cuba-amid-power-blackout/,,
1596,2026-03-06,2026-03-06 14:00:00+00:00,0.41286853687930636,0.5181208252906799,0.09711167164518554,-0.7653061,cbc.ca,Us Venezuela Relations Burghum Visit 9.7117034,https://www.cbc.ca/news/world/us-venezuela-relations-burghum-visit-9.7117034,,
1597,2026-03-15,2026-03-15 21:00:00+00:00,0.4128525626288576,0.5120683312416077,0.11520525679060734,-4.897959,rawstory.com,Trump 2676167014,https://www.rawstory.com/trump-2676167014/,,
1598,2026-03-09,2026-03-09 19:00:00+00:00,0.4128493947795552,0.5144288539886475,0.10811101715227837,-3.7313433,capitalfm.co.ke,China Donates Humanitarian Aid To Somalia Amid Heightened Drought China Daily,https://www.capitalfm.co.ke/news/2026/03/china-donates-humanitarian-aid-to-somalia-amid-heightened-drought-china-daily/,,
1599,2026-03-08,2026-03-08 15:00:00+00:00,0.4128436100424098,0.47261011600494385,0.23354409215480776,4.2253523,globalsecurity.org,China 260308 Pdo01,https://www.globalsecurity.org/wmd/library/news/china/2026/03/china-260308-pdo01.htm,,
1600,2026-03-03,2026-03-03 21:00:00+00:00,0.4127811735137465,0.5257406234741211,0.07390282363262264,-1.4314928,maritime-executive.com,Trump U S Will Provide Risk Insurance For All Shipping In The Gulf,https://maritime-executive.com/article/trump-u-s-will-provide-risk-insurance-for-all-shipping-in-the-gulf,,
1601,2026-03-25,2026-03-25 10:00:00+00:00,0.4127349810794289,0.5197048187255859,0.09182546814095782,-1.6949153,wn.com,Iran 8217S Us Radar Strike Exposes China 8217S South China S,https://article.wn.com/view/2026/03/25/iran_8217s_us_radar_strike_exposes_china_8217s_south_china_s/,,
1602,2026-03-06,2026-03-06 23:00:00+00:00,0.4126248088588333,0.5243659019470215,0.07740152959426881,-4.9180326,wn.com,Muted Iran War Stance Fits Concerned Onlooker China S Priori,https://article.wn.com/view/2026/03/06/Muted_Iran_war_stance_fits_concerned_onlooker_China_s_priori/,,
1603,2026-03-12,2026-03-12 14:00:00+00:00,0.41259161650546067,0.47227412462234497,0.23354409215480776,-1.8808777,globalsecurity.org,China 260312 Prc Mofa01,https://www.globalsecurity.org/wmd/library/news/china/2026/03/china-260312-prc-mofa01.htm,,
1604,2026-03-07,2026-03-07 12:00:00+00:00,0.41254445433028214,0.47221124172210693,0.23354409215480776,-0.5007153,globalsecurity.org,China 260306 Prc Mofab01,https://www.globalsecurity.org/wmd/library/news/china/2026/03/china-260306-prc-mofab01.htm,,
1605,2026-03-06,2026-03-06 19:00:00+00:00,0.412512765441835,0.5292348861694336,0.06234640325903934,-4.162537,livemint.com,Trump Issues Stern Warning To Iran Amid Middle East Conflict Says You Will Face Absolute Guaranteed Death 11772816304418,https://www.livemint.com/news/us-news/trump-issues-stern-warning-to-iran-amid-middle-east-conflict-says-you-will-face-absolute-guaranteed-death-11772816304418.html,,
1606,2026-03-20,2026-03-20 05:00:00+00:00,0.4124880852733193,0.5187232494354248,0.09378259278700295,6.2302837,thenational.com.pg,Png China Ties Enter New Frontier,https://www.thenational.com.pg/png-china-ties-enter-new-frontier/,,
1607,2026-03-19,2026-03-19 20:00:00+00:00,0.41229589952949947,0.5265519618988037,0.0695277124215867,0.3267974,al-monitor.com,Exclusive Americans Believe Trump Will Send Troops Iran And Dont Idea,https://www.al-monitor.com/originals/2026/03/exclusive-americans-believe-trump-will-send-troops-iran-and-dont-idea,,
1608,2026-03-25,2026-03-25 22:00:00+00:00,0.4122936964363561,0.517791748046875,0.09579954160479938,0.77021825,carscoops.com,Saic Gm China Ev Revival,https://www.carscoops.com/2026/03/saic-gm-china-ev-revival/,,
1609,2026-03-20,2026-03-20 20:00:00+00:00,0.4122080725060625,0.5112090110778809,0.11520525679060734,-2.8205128,alternet.org,Conway Trump 2676460177,https://www.alternet.org/conway-trump-2676460177/,,
1610,2026-03-10,2026-03-10 01:00:00+00:00,0.41213669250692503,0.5247039198875427,0.07443501036507194,-5.0,athens-times.com,Irans Revolutionary Guards To Trump We Will Decide The Wars End,https://athens-times.com/irans-revolutionary-guards-to-trump-we-will-decide-the-wars-end/,,
1611,2026-03-18,2026-03-18 21:00:00+00:00,0.4121356444679055,0.5243520140647888,0.07548653567725556,-5.028386,theconversation.com,Evangelical Holy War Why Some Christians Think Trump Will End The World 277617,https://theconversation.com/evangelical-holy-war-why-some-christians-think-trump-will-end-the-world-277617,,
1612,2026-03-24,2026-03-24 03:00:00+00:00,0.4120480221451091,0.4715493321418762,0.23354409215480776,-5.03937,yahoo.com,China 136 Mph Speeding Kamikaze 125454954,https://www.yahoo.com/news/articles/china-136-mph-speeding-kamikaze-125454954.html,,
1613,2026-03-14,2026-03-14 02:00:00+00:00,0.412046865324704,0.528672993183136,0.06216848174940806,-3.5328753,myjoyonline.com,Why Has Trump Eased Sanctions On Russian Oil And Will It Help Putin,https://www.myjoyonline.com/why-has-trump-eased-sanctions-on-russian-oil-and-will-it-help-putin/,,
1614,2026-03-17,2026-03-17 15:00:00+00:00,0.4119505499519832,0.5243167281150818,0.07485201546268755,3.1620553,kotatv.com,He Will Do Fantastic Job Trump Endorses Jackley His Run Congress,https://www.kotatv.com/2026/03/17/he-will-do-fantastic-job-trump-endorses-jackley-his-run-congress/,,
1615,2026-03-17,2026-03-17 17:00:00+00:00,0.4119505499519832,0.5243167281150818,0.07485201546268755,3.1620553,dakotanewsnow.com,He Will Do Fantastic Job Trump Endorses Jackley His Run Congress,https://www.dakotanewsnow.com/2026/03/17/he-will-do-fantastic-job-trump-endorses-jackley-his-run-congress/,,
1616,2026-03-05,2026-03-05 12:00:00+00:00,0.4118779881673485,0.5169273614883423,0.09672986820436708,-3.7113402,247wallst.com,Two Forces That Will Make Or Break China Tech Investing In 2026,https://247wallst.com/investing/2026/03/05/two-forces-that-will-make-or-break-china-tech-investing-in-2026/,,
1617,2026-03-04,2026-03-04 14:00:00+00:00,0.411860334569292,0.47129908204078674,0.23354409215480776,3.6764705,globalsecurity.org,China 260304 Pdo01,https://www.globalsecurity.org/wmd/library/news/china/2026/03/china-260304-pdo01.htm,,
1618,2026-03-24,2026-03-24 20:00:00+00:00,0.4118551385031862,0.5107384324073792,0.11520525679060734,-4.328018,alternet.org,Trump Isolated,https://www.alternet.org/trump-isolated/,,
1619,2026-03-03,2026-03-03 23:00:00+00:00,0.41185383196842845,0.5139350891113281,0.10561006053972945,-2.3584905,wardheernews.com,China Says Fishing Vessel Seized Off Somalia Freed Warns Bid To Disrupt Bilateral Ties Will Fail,https://wardheernews.com/china-says-fishing-vessel-seized-off-somalia-freed-warns-bid-to-disrupt-bilateral-ties-will-fail/,,
1620,2026-03-13,2026-03-13 12:00:00+00:00,0.4118482094632311,0.510729193687439,0.11520525679060734,2.6578074,rawstory.com,Amy Coney Barrett Trump 2676098283,https://www.rawstory.com/amy-coney-barrett-trump-2676098283/,,
1621,2026-03-13,2026-03-13 04:00:00+00:00,0.41167598588715887,0.523999810218811,0.07470451289220231,0.1992032,bignewsnetwork.com,Across China Robotic Traffic Police Commander Debuts In South China Shenzhen,http://www.bignewsnetwork.com/news/278919137/across-china-robotic-traffic-police-commander-debuts-in-south-china-shenzhen,,
1622,2026-03-13,2026-03-13 00:00:00+00:00,0.4115997653841517,0.5186801552772522,0.09035859570485028,-4.013378,humanevents.com,Trump Advisor Darren Beattie Cleared To Visit Bolsonaro In Brazil Prison,https://humanevents.com/2026/03/12/trump-advisor-darren-beattie-cleared-to-visit-bolsonaro-in-brazil-prison,,
1623,2026-03-04,2026-03-04 14:00:00+00:00,0.4115231585443782,0.47084951400756836,0.23354409215480776,4.964539,globalsecurity.org,China 260304 Pdo02,https://www.globalsecurity.org/wmd/library/news/china/2026/03/china-260304-pdo02.htm,,
1624,2026-03-08,2026-03-08 10:00:00+00:00,0.41148819705169626,0.5254839658737183,0.06950089058563025,-5.952381,bankingnews.gr,Middle East War Explodes As Refineries Burn From Tehran To Haifa Trump Vows No Iranian Leader Will Survive,https://www.bankingnews.gr/diethni/articles/861033/middle-east-war-explodes-as-refineries-burn-from-tehran-to-haifa-trump-vows-no-iranian-leader-will-survive,,
1625,2026-03-06,2026-03-06 01:00:00+00:00,0.41148427840339374,0.5102439522743225,0.11520525679060734,0.78740156,politicalwire.com,Trump Unleashed 2,https://politicalwire.com/2026/03/05/trump-unleashed-2/,,
1626,2026-03-19,2026-03-19 21:00:00+00:00,0.41137899270317607,0.5263699889183044,0.06640600405779101,-1.1209439,theaviationist.com,China J 16D Ew Jet Pl 15 Aam,https://theaviationist.com/2026/03/19/china-j-16d-ew-jet-pl-15-aam/,,
1627,2026-03-19,2026-03-19 11:00:00+00:00,0.4113484050826652,0.5276322364807129,0.06249691088852198,-6.171649,bankingnews.gr,There Will Be Much Blood Us And Israel Fail In Iran The Murderous Maniac Beside Trump Sows Global Chaos,https://www.bankingnews.gr/diethni/articles/863335/there-will-be-much-blood-us-and-israel-fail-in-iran-the-murderous-maniac-beside-trump-sows-global-chaos,,
1628,2026-03-06,2026-03-06 00:00:00+00:00,0.4112939334608093,0.5271162390708923,0.06382701663056016,1.1881188,scmp.com,Amid External Uncertainties China Steers Growth And Stability,https://www.scmp.com/opinion/comment/article/3345623/amid-external-uncertainties-china-steers-growth-and-stability,,
1629,2026-03-16,2026-03-16 08:00:00+00:00,0.41127193480638036,0.5230865478515625,0.07582809567083389,-2.3323615,bignewsnetwork.com,China Donates Materials To Cambodia For Combating Online Scams,http://www.bignewsnetwork.com/news/278925047/china-donates-materials-to-cambodia-for-combating-online-scams,,
1630,2026-03-16,2026-03-16 09:00:00+00:00,0.41127193480638036,0.5230865478515625,0.07582809567083389,-2.3391812,laosnews.net,China Donates Materials To Cambodia For Combating Online Scams,http://www.laosnews.net/news/278925047/china-donates-materials-to-cambodia-for-combating-online-scams,,
1631,2026-03-06,2026-03-06 14:00:00+00:00,0.411247025126295,0.47048133611679077,0.23354409215480776,-4.745763,globalsecurity.org,China 260305 Prc Mofab01,https://www.globalsecurity.org/wmd/library/news/china/2026/03/china-260305-prc-mofab01.htm,,
1632,2026-03-10,2026-03-10 21:00:00+00:00,0.41124688642500723,0.5241943001747131,0.07240464517588956,-4.6511626,wn.com,How Long Will The Iran War Last Trump Offers Conflicting Ans,https://article.wn.com/view/2026/03/10/How_Long_Will_the_Iran_War_Last_Trump_Offers_Conflicting_Ans/,,
1633,2026-03-25,2026-03-25 16:00:00+00:00,0.41124397578634114,0.5283119678497314,0.06003999959617026,-1.004016,philstar.com,Marcos Talks China Joint Energy Exploration Possible,https://www.philstar.com/headlines/2026/03/26/2516882/marcos-talks-china-joint-energy-exploration-possible,,
1634,2026-03-14,2026-03-14 10:00:00+00:00,0.41121245996179034,0.5186398029327393,0.08893043104894355,3.257329,rte.ie,1563377 Taoiseach Us Visit,https://www.rte.ie/news/politics/2026/0314/1563377-taoiseach-us-visit/,,
1635,2026-03-09,2026-03-09 16:00:00+00:00,0.4111997624848838,0.5234100818634033,0.07456880434932524,-3.5885167,townhall.com,Trump Response To Rising Oil Prices Will Drop Rapidly N2672500,https://townhall.com/tipsheet/dmitri-bolt/2026/03/09/trump-response-to-rising-oil-prices-will-drop-rapidly-n2672500,,
1636,2026-03-08,2026-03-08 16:00:00+00:00,0.41110321005554384,0.5258784294128418,0.06677755198364989,-2.767992,bankingnews.gr,Will A Kurdish Offensive Change The Iran War Five Reasons Trump S Plan May Fail,https://www.bankingnews.gr/diethni/articles/861093/will-a-kurdish-offensive-change-the-iran-war-five-reasons-trump-s-plan-may-fail,,
1637,2026-03-05,2026-03-05 15:00:00+00:00,0.4110652822534559,0.5242122411727905,0.07162440549545206,3.0257187,bignewsnetwork.com,China Focus China Ai Ecosystem Leads Global Adoption Powers Innovation Drive,http://www.bignewsnetwork.com/news/278904053/china-focus-china-ai-ecosystem-leads-global-adoption-powers-innovation-drive,,
1638,2026-03-09,2026-03-09 13:00:00+00:00,0.4110615808824814,0.5160410404205322,0.09612320226832884,2.0434227,energy-storage.news,Eu Made In Europe Regulation Welcomed But Will Not Remove Dependency On China,https://www.energy-storage.news/eu-made-in-europe-regulation-welcomed-but-will-not-remove-dependency-on-china/,,
1639,2026-03-11,2026-03-11 03:00:00+00:00,0.4110274014465713,0.5221690535545349,0.07760244512268051,4.28769,theepochtimes.com,Valencian Parliament Member Says Shen Yuns Beauty Is Beyond Words Hopes It Will One Day Return To China 5996923,https://www.theepochtimes.com/shenyun/valencian-parliament-member-says-shen-yuns-beauty-is-beyond-words-hopes-it-will-one-day-return-to-china-5996923,,
1640,2026-03-13,2026-03-13 12:00:00+00:00,0.4109907260102558,0.5244977474212646,0.07046966177722941,0.0,en.apa.az,Trump We Will Strike Iran Very Hard Next Week 496688,https://en.apa.az/america/trump-we-will-strike-iran-very-hard-next-week-496688,,
1641,2026-03-10,2026-03-10 18:00:00+00:00,0.41096973026619377,0.520753026008606,0.08161984303895721,4.0453076,townandcountrymag.com,Pope Leo Xiv Monaco Visit 2026,https://www.townandcountrymag.com/society/tradition/a70694790/pope-leo-xiv-monaco-visit-2026/,,
1642,2026-03-09,2026-03-09 07:00:00+00:00,0.4109036119083051,0.5279117822647095,0.05987910083909196,-1.1396011,cnbc.com,China Oil Shock Iran War Hormuz Energy Transition,https://www.cnbc.com/2026/03/09/china-oil-shock-iran-war-hormuz-energy-transition.html,,
1643,2026-03-25,2026-03-25 15:00:00+00:00,0.4108637620525714,0.5260369777679443,0.06534411490645274,3.6363637,bignewsnetwork.com,Enchantingguangxi Traditional Lyufen In S China Guangxi Attracts Tourists,http://www.bignewsnetwork.com/news/278943548/enchantingguangxi-traditional-lyufen-in-s-china-guangxi-attracts-tourists,,
1644,2026-03-25,2026-03-25 16:00:00+00:00,0.4108637620525714,0.5260369777679443,0.06534411490645274,3.6697247,shanghainews.net,Enchantingguangxi Traditional Lyufen In S China Guangxi Attracts Tourists,http://www.shanghainews.net/news/278943548/enchantingguangxi-traditional-lyufen-in-s-china-guangxi-attracts-tourists,,
1645,2026-03-25,2026-03-25 19:00:00+00:00,0.41080836175976887,0.5238592028617859,0.07165583845371785,-2.37581,breitbart.com,Nolte Report Says Trump Will Decrease Gay And Immigrant Stories Told In Europe,https://www.breitbart.com/entertainment/2026/03/25/nolte-report-says-trump-will-decrease-gay-and-immigrant-stories-told-in-europe/,,
1646,2026-03-09,2026-03-09 06:00:00+00:00,0.4107964053672702,0.5260813236236572,0.06494165059810914,-4.901961,sputnikglobe.com,Ending Iran War Will Be Mutual Decision With Netanyahu  Trump 1123791898,https://sputnikglobe.com/20260309/ending-iran-war-will-be-mutual-decision-with-netanyahu--trump-1123791898.html,,
1647,2026-03-16,2026-03-16 20:00:00+00:00,0.4107593949794586,0.5241503715515137,0.07058646526329339,0.32051283,thefrontierpost.com,Ai Agent Lobster Fever Grips China,https://thefrontierpost.com/ai-agent-lobster-fever-grips-china/,,
1648,2026-03-24,2026-03-24 13:00:00+00:00,0.41063048858967954,0.5187157392501831,0.08637473660816895,-4.0453076,thenewsherald.com,Oneill Trumps Friendship With Japanese Prime Minister Will Survive Inappropriate Joke,https://www.thenewsherald.com/2026/03/24/oneill-trumps-friendship-with-japanese-prime-minister-will-survive-inappropriate-joke/,,
1649,2026-03-07,2026-03-07 12:00:00+00:00,0.41062549069965343,0.5267131328582764,0.06236256422378459,-2.6666667,naharnet.com,318800 Trump Says Iran Will Be Hit Very Hard Threatens To Expand Targets,https://www.naharnet.com/stories/en/318800-trump-says-iran-will-be-hit-very-hard-threatens-to-expand-targets,,
1650,2026-03-08,2026-03-08 18:00:00+00:00,0.41062549069965343,0.5267131328582764,0.06236256422378459,-5.4860444,naharnet.com,318800 Trump Says Iran Will Be Hit Very Hard Threatens To Expand Targets,https://naharnet.com/stories/en/318800-trump-says-iran-will-be-hit-very-hard-threatens-to-expand-targets,,
1651,2026-03-07,2026-03-07 15:00:00+00:00,0.41062549069965343,0.5267131328582764,0.06236256422378459,-5.4860444,naharnet.com,318800 Trump Says Iran Will Be Hit Very Hard Threatens To Expand Targets,https://www.naharnet.com:443/stories/en/318800-trump-says-iran-will-be-hit-very-hard-threatens-to-expand-targets,,
1652,2026-03-19,2026-03-19 01:00:00+00:00,0.4106223723340072,0.5258113145828247,0.06505554558755484,-0.3021148,tribune.com.pk,Russia Visit Must Deliver Export Gains,https://tribune.com.pk/story/2598361/russia-visit-must-deliver-export-gains,,
1653,2026-03-19,2026-03-19 15:00:00+00:00,0.41061061453298786,0.5256009101867676,0.06563972757164879,1.21673,adn.com,Trumps Face On A Gold Coin His Hand Picked Panel Will Decide,https://www.adn.com/nation-world/2026/03/19/trumps-face-on-a-gold-coin-his-hand-picked-panel-will-decide/,,
1654,2026-03-23,2026-03-23 08:00:00+00:00,0.41053112262169106,0.5272718667984009,0.06030889009156164,-7.0532913,jamaica-gleaner.com,Trump Says Us Will Obliterate Power Plants If Strait Hormuz Not Opened,https://jamaica-gleaner.com/article/world-news/20260323/trump-says-us-will-obliterate-power-plants-if-strait-hormuz-not-opened,,
1655,2026-03-07,2026-03-07 16:00:00+00:00,0.41043277171111114,0.5267961621284485,0.06134260045909922,4.112554,bignewsnetwork.com,1St Ld Writethru China Focus China Earmarks Over 100 Bln Yuan For Childcare Subsidies,http://www.bignewsnetwork.com/news/278907710/1st-ld-writethru-china-focus-china-earmarks-over-100-bln-yuan-for-childcare-subsidies,,
1656,2026-03-25,2026-03-25 20:00:00+00:00,0.4104189004591433,0.5242824554443359,0.06882823550356545,-4.3659043,ibtimes.co.in,Will End War If Conditions Met Wont Let Trump Dictate Iran Rejects Us Proposal 899955,https://www.ibtimes.co.in/will-end-war-if-conditions-met-wont-let-trump-dictate-iran-rejects-us-proposal-899955,,
1657,2026-03-14,2026-03-14 17:00:00+00:00,0.41037215018867174,0.5267314910888672,0.06129412748808528,-3.097345,saharareporters.com,Us Will Keep Shooting Iranian Boats Ships Keep Strait Hormuz Open Says Trump,https://saharareporters.com/2026/03/14/us-will-keep-shooting-iranian-boats-ships-keep-strait-hormuz-open-says-trump,,
1658,2026-03-17,2026-03-17 12:00:00+00:00,0.4103448197545645,0.5250978469848633,0.06608573806366812,5.787037,news.tuoitre.vn,China Willing To Import More Goods From Vietnam 103260317172728768,https://news.tuoitre.vn/china-willing-to-import-more-goods-from-vietnam-103260317172728768.htm,,
1659,2026-03-16,2026-03-16 11:00:00+00:00,0.4103417125285434,0.46927425265312195,0.23354409215480776,5.122494,globalsecurity.org,China 260313 Prc Mofa02,https://www.globalsecurity.org/wmd/library/news/china/2026/03/china-260313-prc-mofa02.htm,,
1660,2026-03-10,2026-03-10 18:00:00+00:00,0.41027752602983036,0.5207611322402954,0.07882670739843513,7.142857,tbsnews.net,Kl Eyes Stronger Ties Dhaka Through Pm Tariques Prospective Visit Malaysia 1383301,https://www.tbsnews.net/bangladesh/kl-eyes-stronger-ties-dhaka-through-pm-tariques-prospective-visit-malaysia-1383301,,
1661,2026-03-15,2026-03-15 14:00:00+00:00,0.4102025493780771,0.5244359970092773,0.06750220648447638,-6.4356437,ariananews.af,China Offers To Mediate Between Kabul And Islamabad,https://www.ariananews.af/china-offers-to-mediate-between-kabul-and-islamabad/,,
1662,2026-03-10,2026-03-10 08:00:00+00:00,0.4101656941028237,0.521121084690094,0.07729952234101298,-3.1818182,metro.co.uk,Trump Says Iran War Will Very Soon Threatens Fire Fury 27337684,https://metro.co.uk/2026/03/10/trump-says-iran-war-will-very-soon-threatens-fire-fury-27337684/,,
1663,2026-03-23,2026-03-23 18:00:00+00:00,0.409994087778203,0.5082570314407349,0.11520525679060734,-2.4271846,alternet.org,Trump Populism 2676577399,https://www.alternet.org/trump-populism-2676577399/,,
1664,2026-03-23,2026-03-23 07:00:00+00:00,0.40992328792222016,0.4687163531780243,0.23354409215480776,0.80106807,billboard.com,Jennie Debuts Dracula China 1236204156,https://www.billboard.com/music/concerts/jennie-debuts-dracula-china-1236204156/,,
1665,2026-03-16,2026-03-16 17:00:00+00:00,0.4099015966034633,0.5236513018608093,0.0686524808314252,-4.9382715,en.apa.az,Trump Oil Prices Will Fall Rapidly After War Ends 497127,https://en.apa.az/america/trump-oil-prices-will-fall-rapidly-after-war-ends-497127,,
1666,2026-03-06,2026-03-06 01:00:00+00:00,0.4098099007986209,0.5249513387680054,0.06438558689046744,-4.055944,firstpost.com,Firstup Vote Counting In Nepal Canadas Carney To Visit Japan The News Today 13986541,https://www.firstpost.com/explainers/firstup-vote-counting-in-nepal-canadas-carney-to-visit-japan-the-news-today-13986541.html,,
1667,2026-03-23,2026-03-23 11:00:00+00:00,0.40975728167884246,0.5215553045272827,0.07436321313352158,-5.319149,yahoo.com,China Warns Vicious Cycle War 073939626,https://www.yahoo.com/news/articles/china-warns-vicious-cycle-war-073939626.html,,
1668,2026-03-06,2026-03-06 23:00:00+00:00,0.40975724627529075,0.521915078163147,0.07328375061172218,1.8867924,middleeasteye.net,Trump Says Us Defence Firms Will Quadruple Production Weapons,https://www.middleeasteye.net/live-blog/live-blog-update/trump-says-us-defence-firms-will-quadruple-production-weapons,,
1669,2026-03-07,2026-03-07 16:00:00+00:00,0.40974009829857727,0.524696946144104,0.06486955476199699,-7.1895423,salon.com,Trump Iran Will Be Hit Very Hard Soon With New Strikes,https://www.salon.com/2026/03/07/trump-iran-will-be-hit-very-hard-soon-with-new-strikes/,,
1670,2026-03-06,2026-03-06 23:00:00+00:00,0.409715106017367,0.5169702768325806,0.08794959357172628,1.9607843,chrisd.ca,Connor Hellebuyck Winnipeg Jets White House Visit,https://www.chrisd.ca/2026/03/06/connor-hellebuyck-winnipeg-jets-white-house-visit/,,
1671,2026-03-11,2026-03-11 21:00:00+00:00,0.4097096058407305,0.5255964398384094,0.06204910384769376,-6.230201,ibtimes.co.uk,Iran War Will End Any Time I Want Trump Makes Explosive Claim Conflict Could Over Very Soon 1784888,https://www.ibtimes.co.uk/iran-war-will-end-any-time-i-want-trump-makes-explosive-claim-conflict-could-over-very-soon-1784888,,
1672,2026-03-24,2026-03-24 02:00:00+00:00,0.40963404592143726,0.5077769756317139,0.11520525679060734,-3.8461537,alternet.org,Normalizing Trump,https://www.alternet.org/normalizing-trump/,,
1673,2026-03-25,2026-03-25 11:00:00+00:00,0.40959123217234217,0.46831750869750977,0.23341240259683946,1.9498607,ianslive.in,Rahul Gandhis Kozhikode Visit Deferred Kharge To Arrive  20260325143248,https://ianslive.in/rahul-gandhis-kozhikode-visit-deferred-kharge-to-arrive--20260325143248,,
1674,2026-03-07,2026-03-07 12:00:00+00:00,0.40952346587559274,0.5226296186447144,0.07020500756822784,-2.7586207,gulfnews.com,Iran Will Be Hit Very Hard Warns Trump 1.500466635,https://gulfnews.com/world/mena/iran-will-be-hit-very-hard-warns-trump-1.500466635,,
1675,2026-03-12,2026-03-12 01:00:00+00:00,0.4095218708414951,0.5152238607406616,0.09241590114399553,-4.7619047,wn.com,Trump Says Aposwe Won Apos But Fight Will Go On As Iran Thre,https://article.wn.com/view/2026/03/11/trump_says_aposwe_won_apos_but_fight_will_go_on_as_iran_thre/,,
1676,2026-03-09,2026-03-09 20:00:00+00:00,0.40940557916950676,0.5232519507408142,0.06786646445558436,-3.0837004,nypost.com,Trump Will Back Taking Out Khameneis Impotent Son If He Doesnt Cooperate With Us Report,https://nypost.com/2026/03/09/world-news/trump-will-back-taking-out-khameneis-impotent-son-if-he-doesnt-cooperate-with-us-report/,,
1677,2026-03-09,2026-03-09 10:00:00+00:00,0.4093534973204898,0.46795663237571716,0.23354409215480776,0.7981756,globalsecurity.org,China 260309 Pdo01,https://www.globalsecurity.org/wmd/library/news/china/2026/03/china-260309-pdo01.htm,,
1678,2026-03-22,2026-03-22 05:00:00+00:00,0.40934847465640445,0.5256859660148621,0.06033600058103168,-3.4543843,standardmedia.co.ke,Containing China The Endgame In Iran War,https://www.standardmedia.co.ke/xn-iraki/article/2001543538/containing-china-the-endgame-in-iran-war,,
1679,2026-03-04,2026-03-04 16:00:00+00:00,0.4093431541224356,0.5220680832862854,0.07116836663088624,0.0,dailykos.com,End Trump Reign By Demanding He Faces Gold Star Families To Offer Condolences He Never Will,https://www.dailykos.com/stories/2026/3/4/2371592/-End-Trump-Reign-By-DEMANDING-He-Faces-GOLD-STAR-FAMILIES-To-Offer-Condolences-He-Never-Will,,
1680,2026-03-06,2026-03-06 16:00:00+00:00,0.4093086398468614,0.5171676874160767,0.08573149713921557,-3.7854888,wnd.com,Trump Says Only Iran Deal He Will Accept,https://www.wnd.com/2026/03/trump-says-only-iran-deal-he-will-accept/,,
1681,2026-03-13,2026-03-13 15:00:00+00:00,0.4092264474973377,0.5182933807373047,0.08202564777743693,5.1546392,alwihdainfo.com,Understanding China Requires Both Historical And Developmental Perspectives A148503,https://www.alwihdainfo.com/Understanding-China-requires-both-historical-and-developmental-perspectives_a148503.html,,
1682,2026-03-11,2026-03-11 09:00:00+00:00,0.4092059436477541,0.5177330374717712,0.08362466217570273,-1.4248705,dealstreetasia.com,China Ai Push 475437,https://www.dealstreetasia.com/stories/china-ai-push-475437,,
1683,2026-03-12,2026-03-12 16:00:00+00:00,0.4092001633097465,0.5208335518836975,0.07429999758789352,-1.0080645,latimes.com,Trump Says Texas Will Get First New Oil Refinery In U S In 50 Years,https://www.latimes.com/business/story/2026-03-12/trump-says-texas-will-get-first-new-oil-refinery-in-u-s-in-50-years,,
1684,2026-03-23,2026-03-23 11:00:00+00:00,0.4090929931859494,0.5216437578201294,0.07144069928340928,-2.4464831,dailymail.co.uk,Embarrass King Labour State Visit Us Trumps Iran,https://www.dailymail.co.uk/news/article-15671005/Embarrass-King-Labour-state-visit-US-Trumps-Iran.html,,
1685,2026-03-19,2026-03-19 18:00:00+00:00,0.4089182658678779,0.515817403793335,0.08822085209150668,-2.415459,crooksandliars.com,Congressman Trump Will Destroy Gop If He,https://crooksandliars.com/2026/03/congressman-trump-will-destroy-gop-if-he,,
1686,2026-03-12,2026-03-12 01:00:00+00:00,0.40886740162367896,0.5214807987213135,0.07102721033077532,6.2827225,travelweekly.com.au,Wendy Wu Tours Launches Full Inclusive China Uncovered,https://travelweekly.com.au/wendy-wu-tours-launches-full-inclusive-china-uncovered/,,
1687,2026-03-19,2026-03-19 22:00:00+00:00,0.4088355236513923,0.5224368572235107,0.06803152293503704,-1.2048193,scmp.com,How Long Will Us Israel War Iran Last Chinese Analysts Offer Clues,https://www.scmp.com/news/china/military/article/3347212/how-long-will-us-israel-war-iran-last-chinese-analysts-offer-clues,,
1688,2026-03-09,2026-03-09 12:00:00+00:00,0.4086912521849377,0.5113245844841003,0.10079125528744963,-1.6233766,pakistantoday.com.pk,China Criticises Taiwan Premiers Visit To Japan Calls It Evil Designs,https://www.pakistantoday.com.pk/2026/03/09/china-criticises-taiwan-premiers-visit-to-japan-calls-it-evil-designs,,
1689,2026-03-10,2026-03-10 03:00:00+00:00,0.408586470462705,0.5244728922843933,0.060927204997640136,-4.9250536,benzinga.com,Dow Futures Fall More Than 100 Points Oil Tumbles Over 8 As Trump Says Supplies Will Be Dramaticall,https://www.benzinga.com/news/politics/26/03/51147961/dow-futures-fall-more-than-100-points-oil-tumbles-over-8-as-trump-says-supplies-will-be-dramaticall,,
1690,2026-03-10,2026-03-10 03:00:00+00:00,0.4085261373121434,0.5092421174049377,0.10637819703376028,-2.2187004,thestar.com.my,Trump Vows Iran War Will 039End Very Soon039,https://www.thestar.com.my/news/world/2026/03/10/trump-vows-iran-war-will-039end-very-soon039,,
1691,2026-03-24,2026-03-24 10:00:00+00:00,0.40851207522984523,0.5190156102180481,0.07700147026523665,0.7936508,chinaeconomicreview.com,China Developing First Deepwater Submersible For Tourism,https://chinaeconomicreview.com/china-developing-first-deepwater-submersible-for-tourism/,,
1692,2026-03-04,2026-03-04 23:00:00+00:00,0.40850618765223395,0.5237900018692017,0.06265474500133074,0.6033183,wsgw.com,Trump Says He Will Endorse Soon In Texas Gop Senate Runoff,https://www.wsgw.com/trump-says-he-will-endorse-soon-in-texas-gop-senate-runoff/,,
1693,2026-03-19,2026-03-19 19:00:00+00:00,0.40850293843267305,0.5208824872970581,0.07136429183951788,2.1126761,hungarytoday.hu,U S Vice President J D Vance May Visit Budapest,https://hungarytoday.hu/u-s-vice-president-j-d-vance-may-visit-budapest/,,
1694,2026-03-10,2026-03-10 08:00:00+00:00,0.4084191009207085,0.5214511156082153,0.06932305685818793,-5.177515,deccanchronicle.com,Trump Says He Will Waive Some Oil Sanctions As Iran War Roils Markets 1942763,https://www.deccanchronicle.com/world/trump-says-he-will-waive-some-oil-sanctions-as-iran-war-roils-markets-1942763,,
1695,2026-03-20,2026-03-20 02:00:00+00:00,0.4082010310517473,0.505866289138794,0.11520525679060734,-0.6430868,rawstory.com,Trump 2676404605,https://www.rawstory.com/trump-2676404605/,,
1696,2026-03-06,2026-03-06 13:00:00+00:00,0.4081854681332002,0.5195987224578857,0.07394570515914375,-6.8441067,firstpost.com,Trump Warns Of Possible Iranian Retaliation On Us Soil Says Some People Will Die 13986938,https://www.firstpost.com/world/trump-warns-of-possible-iranian-retaliation-on-us-soil-says-some-people-will-die-13986938.html,,
1697,2026-03-10,2026-03-10 12:00:00+00:00,0.40818380530911885,0.5242869257926941,0.05987444385839308,-4.875519,deccanchronicle.com,Markets Bet Trump Will End Iran War Soon Despite Threats From Both Sides 1942837,https://www.deccanchronicle.com/west-asia/markets-bet-trump-will-end-iran-war-soon-despite-threats-from-both-sides-1942837,,
1698,2026-03-06,2026-03-06 03:00:00+00:00,0.4081101498536313,0.522250235080719,0.0656898941723682,-3.3333333,mediaite.com,Trump Says I Guess When Asked If Americans Should Fear Iranian Attacks Like I Said Some People Will Die,https://www.mediaite.com/media/news/trump-says-i-guess-when-asked-if-americans-should-fear-iranian-attacks-like-i-said-some-people-will-die/,,
1699,2026-03-20,2026-03-20 05:00:00+00:00,0.4080737424471962,0.5228801965713501,0.06365438007473441,-4.2735043,moneycontrol.com,Israel Will Hold Off Netanyahu On Attacking Iran S Gas Fields Post Trump Rebuke Article 13865804,https://www.moneycontrol.com/world/israel-will-hold-off-netanyahu-on-attacking-iran-s-gas-fields-post-trump-rebuke-article-13865804.html,,
1700,2026-03-07,2026-03-07 15:00:00+00:00,0.40804052182119194,0.5240198373794556,0.0601025751464011,-7.2961373,kvia.com,Trump Signals Escalation In Iran Conflict Says Country Will Be Hit Very Hard,https://kvia.com/news/top-stories/2026/03/07/trump-signals-escalation-in-iran-conflict-says-country-will-be-hit-very-hard/,,
1701,2026-03-12,2026-03-12 09:00:00+00:00,0.4079106456468213,0.5217887163162231,0.06627643363861566,1.7857143,marketscreener.com,China Committed To Boosting Consumption Expert Says Ce7E5Fdddc8Bf427,https://www.marketscreener.com/news/china-committed-to-boosting-consumption-expert-says-ce7e5fdddc8bf427,,
1702,2026-03-04,2026-03-04 00:00:00+00:00,0.40790379667592425,0.52094566822052,0.06877818204213697,-3.833866,themedialine.org,President Trump Says Us Navy Will Protect Gulf Shipping As Iran Threatens Strait Of Hormuz,https://themedialine.org/headlines/president-trump-says-us-navy-will-protect-gulf-shipping-as-iran-threatens-strait-of-hormuz/,,
1703,2026-03-04,2026-03-04 18:00:00+00:00,0.40787971631843667,0.510612428188324,0.09968158070877473,-2.5854108,baptistnews.com,Who Will Tell Trumps Hes Not Gods Anointed,https://baptistnews.com/article/who-will-tell-trumps-hes-not-gods-anointed/,,
1704,2026-03-10,2026-03-10 19:00:00+00:00,0.4078763799784557,0.5201318264007568,0.07111004071155233,-0.8760951,rollcall.com,In Massie District Trumps Revenge Push Will Clash With Keeping House,https://rollcall.com/2026/03/10/in-massie-district-trumps-revenge-push-will-clash-with-keeping-house/,,
1705,2026-03-25,2026-03-25 20:00:00+00:00,0.40785428661929435,0.5177862048149109,0.07805853203244469,1.1441648,townandcountrymag.com,Prince Edward Duke Kent Bletchley Park Visit 2026,https://www.townandcountrymag.com/society/tradition/a70845432/prince-edward-duke-kent-bletchley-park-visit-2026/,,
1706,2026-03-05,2026-03-05 16:00:00+00:00,0.4078032475651073,0.4658896327018738,0.23354409215480776,-2.5641026,globalsecurity.org,China 260305 Pdo02,https://www.globalsecurity.org/wmd/library/news/china/2026/03/china-260305-pdo02.htm,,
1707,2026-03-22,2026-03-22 12:00:00+00:00,0.40777568919695667,0.5218110680580139,0.06566955261378499,-4.347826,wn.com,Trump Tells Iran It Has 48 Hours To Open Hormuz Or Us Will O 6,https://article.wn.com/view/2026/03/22/Trump_tells_Iran_it_has_48_hours_to_open_Hormuz_or_US_will_o_6/,,
1708,2026-03-13,2026-03-13 16:00:00+00:00,0.40772136187064056,0.5225299596786499,0.06329556844661244,-5.196305,newrepublic.com,Acid Rain Iran Pollution Trump,https://newrepublic.com/article/207709/acid-rain-iran-pollution-trump,,
1709,2026-03-16,2026-03-16 12:00:00+00:00,0.40770722160153816,0.5129991769790649,0.09183135546895789,-2.3182297,royalgazette.com,Trumps Iran War Will Compound His Affordability Woes,https://www.royalgazette.com/opinion-writer/opinion/article/20260316/trumps-iran-war-will-compound-his-affordability-woes/,,
1710,2026-03-25,2026-03-25 00:00:00+00:00,0.4076968855535342,0.5191779732704163,0.07325362240288809,2.878788,thedailybeast.com,Trump Eyes Glitzy Social Security Makeover After Elvis Visit,https://www.thedailybeast.com/trump-eyes-glitzy-social-security-makeover-after-elvis-visit/,,
1711,2026-03-16,2026-03-16 15:00:00+00:00,0.40769412720604,0.5229969620704651,0.06178562261276473,2.1276596,c3sindia.org,C3S China Watch Newsletter March 1 15 2026,https://www.c3sindia.org/post/c3s-china-watch-newsletter-march-1-15-2026,,
1712,2026-03-17,2026-03-17 13:00:00+00:00,0.4076343628984704,0.5214662551879883,0.06613868602991667,-2.0,wn.com,Trump Says Chief Of Staff Has Breast Cancer Will Keep Workin,https://article.wn.com/view/2026/03/17/Trump_Says_Chief_of_Staff_Has_Breast_Cancer_Will_Keep_Workin/,,
1713,2026-03-07,2026-03-07 00:00:00+00:00,0.4076227910975385,0.5214483737945557,0.06614604300648705,4.123711,thenewhumanitarian.org,Untangling China S Aid Africa,https://www.thenewhumanitarian.org/analysis/2013/09/17/untangling-china-s-aid-africa,,
1714,2026-03-15,2026-03-15 18:00:00+00:00,0.4075858324109923,0.5232753753662109,0.06051720354533623,1.2658228,thestar.com.my,Into The Ev Mix In China,https://www.thestar.com.my/business/business-news/2026/03/16/into-the-ev-mix-in-china,,
1715,2026-03-23,2026-03-23 18:00:00+00:00,0.407380148436077,0.5192004442214966,0.07191926107981829,0.0,app.com.pk,Trump Says U S Will Postpone Strikes On Iranian Energy Infrastructure 2,https://www.app.com.pk/foreign-correspondent/trump-says-u-s-will-postpone-strikes-on-iranian-energy-infrastructure-2/,,
1716,2026-03-25,2026-03-25 19:00:00+00:00,0.407315143335669,0.5112298727035522,0.0955709552320193,-6.8965516,benzinga.com,Donald Trump Is Repeating Richard Nixons Mistakes And Will Cause A Recession Historian Niall Ferguson Says,https://www.benzinga.com/markets/prediction-markets/26/03/51467101/donald-trump-is-repeating-richard-nixons-mistakes-and-will-cause-a-recession-historian-niall-ferguson-says,,
1717,2026-03-25,2026-03-25 04:00:00+00:00,0.4073013915390766,0.5192644596099854,0.07141218732635024,-0.93457943,bignewsnetwork.com,China Focus China Boosts Judicial Protection For Minors With New Court Guideline,http://www.bignewsnetwork.com/news/278942527/china-focus-china-boosts-judicial-protection-for-minors-with-new-court-guideline,,
1718,2026-03-22,2026-03-22 17:00:00+00:00,0.4072496763090452,0.5201047658920288,0.06868440756009438,5.2919707,neworleanssun.com,Trump Will Have A Gold Coin With His Face On It By July 4,http://www.neworleanssun.com/news/278935132/trump-will-have-a-gold-coin-with-his-face-on-it-by-july-4,,
1719,2026-03-22,2026-03-22 18:00:00+00:00,0.4072496763090452,0.5201047658920288,0.06868440756009438,5.2919707,coloradostar.com,Trump Will Have A Gold Coin With His Face On It By July 4,http://www.coloradostar.com/news/278935132/trump-will-have-a-gold-coin-with-his-face-on-it-by-july-4,,
1720,2026-03-22,2026-03-22 20:00:00+00:00,0.4072496763090452,0.5201047658920288,0.06868440756009438,5.2919707,ohiostandard.com,Trump Will Have A Gold Coin With His Face On It By July 4,http://www.ohiostandard.com/news/278935132/trump-will-have-a-gold-coin-with-his-face-on-it-by-july-4,,
1721,2026-03-22,2026-03-22 18:00:00+00:00,0.4072496763090452,0.5201047658920288,0.06868440756009438,5.2919707,tennesseedaily.com,Trump Will Have A Gold Coin With His Face On It By July 4,http://www.tennesseedaily.com/news/278935132/trump-will-have-a-gold-coin-with-his-face-on-it-by-july-4,,
1722,2026-03-22,2026-03-22 20:00:00+00:00,0.4072496763090452,0.5201047658920288,0.06868440756009438,5.2919707,milwaukeesun.com,Trump Will Have A Gold Coin With His Face On It By July 4,http://www.milwaukeesun.com/news/278935132/trump-will-have-a-gold-coin-with-his-face-on-it-by-july-4,,
1723,2026-03-22,2026-03-22 18:00:00+00:00,0.4072496763090452,0.5201047658920288,0.06868440756009438,5.2919707,hawaiitelegraph.com,Trump Will Have A Gold Coin With His Face On It By July 4,http://www.hawaiitelegraph.com/news/278935132/trump-will-have-a-gold-coin-with-his-face-on-it-by-july-4,,
1724,2026-03-22,2026-03-22 20:00:00+00:00,0.4072496763090452,0.5201047658920288,0.06868440756009438,5.2919707,saltlakecitysun.com,Trump Will Have A Gold Coin With His Face On It By July 4,http://www.saltlakecitysun.com/news/278935132/trump-will-have-a-gold-coin-with-his-face-on-it-by-july-4,,
1725,2026-03-22,2026-03-22 19:00:00+00:00,0.4072496763090452,0.5201047658920288,0.06868440756009438,5.2919707,phoenixherald.com,Trump Will Have A Gold Coin With His Face On It By July 4,http://www.phoenixherald.com/news/278935132/trump-will-have-a-gold-coin-with-his-face-on-it-by-july-4,,
1726,2026-03-22,2026-03-22 19:00:00+00:00,0.4072496763090452,0.5201047658920288,0.06868440756009438,5.2919707,floridastatesman.com,Trump Will Have A Gold Coin With His Face On It By July 4,http://www.floridastatesman.com/news/278935132/trump-will-have-a-gold-coin-with-his-face-on-it-by-july-4,,
1727,2026-03-22,2026-03-22 20:00:00+00:00,0.4072496763090452,0.5201047658920288,0.06868440756009438,5.2919707,theusnews.com,Trump Will Have A Gold Coin With His Face On It By July 4,http://www.theusnews.com/news/278935132/trump-will-have-a-gold-coin-with-his-face-on-it-by-july-4,,
1728,2026-03-22,2026-03-22 21:00:00+00:00,0.4072496763090452,0.5201047658920288,0.06868440756009438,5.2919707,birminghamstar.com,Trump Will Have A Gold Coin With His Face On It By July 4,http://www.birminghamstar.com/news/278935132/trump-will-have-a-gold-coin-with-his-face-on-it-by-july-4,,
1729,2026-03-22,2026-03-22 20:00:00+00:00,0.4072496763090452,0.5201047658920288,0.06868440756009438,5.2919707,clevelandstar.com,Trump Will Have A Gold Coin With His Face On It By July 4,http://www.clevelandstar.com/news/278935132/trump-will-have-a-gold-coin-with-his-face-on-it-by-july-4,,
1730,2026-03-22,2026-03-22 20:00:00+00:00,0.4072496763090452,0.5201047658920288,0.06868440756009438,5.2919707,cincinnatisun.com,Trump Will Have A Gold Coin With His Face On It By July 4,http://www.cincinnatisun.com/news/278935132/trump-will-have-a-gold-coin-with-his-face-on-it-by-july-4,,
1731,2026-03-22,2026-03-22 19:00:00+00:00,0.4072496763090452,0.5201047658920288,0.06868440756009438,5.2919707,stlouisstar.com,Trump Will Have A Gold Coin With His Face On It By July 4,http://www.stlouisstar.com/news/278935132/trump-will-have-a-gold-coin-with-his-face-on-it-by-july-4,,
1732,2026-03-10,2026-03-10 09:00:00+00:00,0.4072268243138716,0.5214747786521912,0.06448296129891284,-4.258675,sky.com,Energy Prices Ease On Hope Trump Will Call Halt To Iran War Soon 13517548,https://news.sky.com/story/energy-prices-ease-on-hope-trump-will-call-halt-to-iran-war-soon-13517548,,
1733,2026-03-12,2026-03-12 16:00:00+00:00,0.4072201801444645,0.5168594121932983,0.0783024839979628,0.0,truebluela.com,Dodgers Notes White House Visit Questions,https://www.truebluela.com/los-angeles-dodgers-news-notes/111138/dodgers-notes-white-house-visit-questions,,
1734,2026-03-16,2026-03-16 04:00:00+00:00,0.40715856798857897,0.5165363550186157,0.07902520689846862,-3.3966033,livemint.com,Oil Industry Warns Trump Administration Fuel Crunch Will Likely Worsen 11773624294087,https://www.livemint.com/global/oil-industry-warns-trump-administration-fuel-crunch-will-likely-worsen-11773624294087.html,,
1735,2026-03-05,2026-03-05 16:00:00+00:00,0.40702992200263016,0.4648585319519043,0.23354409215480776,2.162162,globalsecurity.org,China 260305 Pdo01,https://www.globalsecurity.org/wmd/library/news/china/2026/03/china-260305-pdo01.htm,,
1736,2026-03-12,2026-03-12 13:00:00+00:00,0.40696075104345875,0.5055311322212219,0.11124960751016931,-2.5110784,thenextweb.com,Gestala Bci Ultrasound Funding China,https://thenextweb.com:443/news/gestala-bci-ultrasound-funding-china,,
1737,2026-03-22,2026-03-22 20:00:00+00:00,0.40692577477561664,0.5041659474372864,0.11520525679060734,0.0,dailykos.com,Trump Derangement Syndrome Tds,https://www.dailykos.com/stories/2026/3/22/2374314/-TRUMP-DERANGEMENT-SYNDROME-TDS,,
1738,2026-03-16,2026-03-16 11:00:00+00:00,0.406908261472063,0.46469631791114807,0.23354409215480776,0.0,globalsecurity.org,China 260314 Pdo01,https://www.globalsecurity.org/wmd/library/news/china/2026/03/china-260314-pdo01.htm,,
1739,2026-03-07,2026-03-07 12:00:00+00:00,0.4067769374927582,0.5188970565795898,0.07041658023226316,-4.38247,breakingnews.ie,Trump Warns Iran Will Be Hit Very Hard 1872340,https://www.breakingnews.ie/world/trump-warns-iran-will-be-hit-very-hard-1872340.html,,
1740,2026-03-06,2026-03-06 19:00:00+00:00,0.40675322104898914,0.509100079536438,0.09971264558664251,-7.6271186,livemint.com,Trump Says Cubas Government Will Fall Pretty Soon 11772816262830,https://www.livemint.com/news/world/trump-says-cubas-government-will-fall-pretty-soon-11772816262830.html,,
1741,2026-03-22,2026-03-22 11:00:00+00:00,0.4066365480575853,0.519254207611084,0.06878356939708924,1.0582011,myanmarnews.net,China Focus China Southern Frontier Region Emerges As Medical Ai Gateway To Asean,http://www.myanmarnews.net/news/278936560/china-focus-china-southern-frontier-region-emerges-as-medical-ai-gateway-to-asean,,
1742,2026-03-22,2026-03-22 12:00:00+00:00,0.4066365480575853,0.519254207611084,0.06878356939708924,1.0582011,vietnamtribune.com,China Focus China Southern Frontier Region Emerges As Medical Ai Gateway To Asean,http://www.vietnamtribune.com/news/278936560/china-focus-china-southern-frontier-region-emerges-as-medical-ai-gateway-to-asean,,
1743,2026-03-22,2026-03-22 07:00:00+00:00,0.4066365480575853,0.519254207611084,0.06878356939708924,1.0582011,laosnews.net,China Focus China Southern Frontier Region Emerges As Medical Ai Gateway To Asean,http://www.laosnews.net/news/278936560/china-focus-china-southern-frontier-region-emerges-as-medical-ai-gateway-to-asean,,
1744,2026-03-16,2026-03-16 23:00:00+00:00,0.40658577046389804,0.5200015902519226,0.06633831109982442,-4.0740743,bignewsnetwork.com,Trump Says He Thinks War With Iran Will Continue Through This Week,http://www.bignewsnetwork.com/news/278926333/trump-says-he-thinks-war-with-iran-will-continue-through-this-week,,
1745,2026-03-23,2026-03-23 23:00:00+00:00,0.40657147861982806,0.5088542699813843,0.09972310453515949,-4.2168674,crooksandliars.com,Trump Vetoes Dhs Funding Deal And Will,https://crooksandliars.com/2026/03/trump-vetoes-dhs-funding-deal-and-will,,
1746,2026-03-25,2026-03-25 19:00:00+00:00,0.4065634037241952,0.5151312947273254,0.08085973071480441,-1.2254902,rawstory.com,Trump S Final Years In Office Will Set Dismal Scene For Incumbent President Analysis,https://www.rawstory.com/trump-s-final-years-in-office-will-set-dismal-scene-for-incumbent-president-analysis/,,
1747,2026-03-09,2026-03-09 08:00:00+00:00,0.40650615575079696,0.5191441178321838,0.06859226950663642,-2.4577572,timesofoman.com,169259 Trump Says End Of Iran War Will Be Mutual With Netanyahu,https://timesofoman.com/article/169259-trump-says-end-of-iran-war-will-be-mutual-with-netanyahu,,
1748,2026-03-11,2026-03-11 12:00:00+00:00,0.40647797998058033,0.5035688877105713,0.11520525679060734,-6.3197026,alternet.org,Trump Insanity,https://www.alternet.org/trump-insanity/,,
1749,2026-03-11,2026-03-11 14:00:00+00:00,0.4064487767160701,0.4640836715698242,0.23354409215480776,-1.4465408,globalsecurity.org,China 260310 Prc Mofab01,https://www.globalsecurity.org/wmd/library/news/china/2026/03/china-260310-prc-mofab01.htm,,
1750,2026-03-07,2026-03-07 09:00:00+00:00,0.4064356281644911,0.5175063014030457,0.07322360844882726,3.4068136,thestar.com.my,World039S Highest Bridge Elevates Tourism In China,https://www.thestar.com.my/aseanplus/aseanplus-news/2026/03/07/world039s-highest-bridge-elevates-tourism-in-china,,
1751,2026-03-10,2026-03-10 15:00:00+00:00,0.40637291467342923,0.514352560043335,0.08243397856371211,-6.6707096,bankingnews.gr,Tehran Mocks Us As Trump Softens Stance No Ceasefire We Will Dismantle You%20Title=,https://www.bankingnews.gr/diethni/articles/861493/tehran-mocks-us-as-trump-softens-stance-no-ceasefire-we-will-dismantle-you%20title=,,
1752,2026-03-09,2026-03-09 14:00:00+00:00,0.40636413003644617,0.5167601108551025,0.07517618758047706,-1.6771488,latintimes.com,Trump Appears Hint Attacks Against Cartels Mexico Will Do Whatever Necessary Defend Our 595439,https://www.latintimes.com/trump-appears-hint-attacks-against-cartels-mexico-will-do-whatever-necessary-defend-our-595439,,
1753,2026-03-16,2026-03-16 13:00:00+00:00,0.40635062780514064,0.5100769400596619,0.09517169104157687,-1.6666666,shanghainews.net,China Tea Harvest Cn,http://www.shanghainews.net/news/278925389/china-tea-harvest-cn,,
1754,2026-03-17,2026-03-17 03:00:00+00:00,0.40633906380285784,0.5164806246757507,0.07591438118417906,-2.9069767,bloomberg.com,Iran War Will Be Eclipsed By Trump S Tariffs Come Midterms,https://www.bloomberg.com:443/news/articles/2026-03-16/iran-war-will-be-eclipsed-by-trump-s-tariffs-come-midterms,,
1755,2026-03-06,2026-03-06 06:00:00+00:00,0.406322715611078,0.5192932486534119,0.06741111648407644,-5.576208,breitbart.com,Murphy Trump Is Not Leveling With Us Iran Will Likely Be Incredibly Long Active War,https://www.breitbart.com/clips/2026/03/05/murphy-trump-is-not-leveling-with-us-iran-will-likely-be-incredibly-long-active-war/,,
1756,2026-03-07,2026-03-07 00:00:00+00:00,0.406322715611078,0.5192932486534119,0.06741111648407644,-5.576208,breitbart.com,Murphy Trump Is Not Leveling With Us Iran Will Likely Be Incredibly Long Active War,https://www.breitbart.com/politics/2026/03/05/murphy-trump-is-not-leveling-with-us-iran-will-likely-be-incredibly-long-active-war/,,
1757,2026-03-13,2026-03-13 20:00:00+00:00,0.40627652380828905,0.5186779499053955,0.06907224551696972,3.0555556,townandcountrymag.com,Sophie Duchess Edinburgh New York Visit March 2026,https://www.townandcountrymag.com/society/tradition/a70734708/sophie-duchess-edinburgh-new-york-visit-march-2026/,,
1758,2026-03-11,2026-03-11 03:00:00+00:00,0.40621852015959625,0.5205261707305908,0.06329556844661244,-3.4307497,alternet.org,Trump Decisions Iran,https://www.alternet.org/trump-decisions-iran/,,
1759,2026-03-17,2026-03-17 11:00:00+00:00,0.4061886247933673,0.46373680233955383,0.23354409215480776,0.0,dealstreetasia.com,Jpmorgan Zhang China I Banking 476210,https://www.dealstreetasia.com/stories/jpmorgan-zhang-china-i-banking-476210,,
1760,2026-03-18,2026-03-18 15:00:00+00:00,0.4061794803158798,0.5184698700904846,0.0693083109920654,-3.7128713,lasvegassun.com,Trump Dhs Pick Markwayne Mullin Will Appear Before,https://lasvegassun.com/news/2026/mar/18/trump-dhs-pick-markwayne-mullin-will-appear-before/,,
1761,2026-03-22,2026-03-22 05:00:00+00:00,0.40617644309409134,0.46372056007385254,0.23354409215480776,-1.0852714,theweek.in,China A Sleeping Kumbhakarna,https://www.theweek.in/columns/prasannan/2026/03/21/china-a-sleeping-kumbhakarna.html,,
1762,2026-03-25,2026-03-25 06:00:00+00:00,0.4061562923398657,0.5176749229431152,0.07160040053011726,-5.0916495,miningjournal.net,Why Trump Will Surrender Soon But Hell Call It A Great Victory,https://www.miningjournal.net/opinion/2026/03/why-trump-will-surrender-soon-but-hell-call-it-a-great-victory/,,
1763,2026-03-25,2026-03-25 19:00:00+00:00,0.40604347399242646,0.5192334055900574,0.0664736791995337,-1.2232416,planetf1.com,Toto Wolff Self Promotion Guenther Steiner Kimi Antonelli China Gp Message,https://www.planetf1.com/news/toto-wolff-self-promotion-guenther-steiner-kimi-antonelli-china-gp-message,,
1764,2026-03-13,2026-03-13 12:00:00+00:00,0.40599209781753254,0.5029210448265076,0.11520525679060734,-5.392157,rawstory.com,Trump 2676097995,https://www.rawstory.com/trump-2676097995/,,
1765,2026-03-09,2026-03-09 12:00:00+00:00,0.40584565756577806,0.5211406946182251,0.05996054640843701,-1.9417475,nypost.com,Trump Says He And Israels Netanyahu Will Make Mutual Decision On Ending Iran War,https://nypost.com/2026/03/09/us-news/trump-says-he-and-israels-netanyahu-will-make-mutual-decision-on-ending-iran-war/,,
1766,2026-03-20,2026-03-20 09:00:00+00:00,0.405840148299578,0.5018318891525269,0.11786492574073144,-6.9491525,dailystar.co.uk,Donald Trump Will Not Hesitate 36897039,https://www.dailystar.co.uk/news/us-news/donald-trump-will-not-hesitate-36897039,,
1767,2026-03-07,2026-03-07 00:00:00+00:00,0.4057750662855152,0.5181306600570679,0.06870828497085711,-1.2578616,informationng.com,Only Unconditional Surrender Of Iran Will End War Trump Insists,https://www.informationng.com/2026/03/only-unconditional-surrender-of-iran-will-end-war-trump-insists.html,,
1768,2026-03-15,2026-03-15 06:00:00+00:00,0.40574260874685175,0.5134490132331848,0.08262339528785252,-4.312354,politicaldog101.com,Iran Israel Trump 3 14 2026 When Will It End,https://politicaldog101.com/2026/03/iran-israel-trump-3-14-2026-when-will-it-end/,,
1769,2026-03-06,2026-03-06 07:00:00+00:00,0.40570163814096255,0.5186388492584229,0.0668900047885816,-0.53475934,benzinga.com,Who Will Exit The Trump White House In 2026 Prediction Market Is Betting On This Perso,https://www.benzinga.com/markets/prediction-markets/26/03/51089250/who-will-exit-the-trump-white-house-in-2026-prediction-market-is-betting-on-this-perso,,
1770,2026-03-04,2026-03-04 23:00:00+00:00,0.40559537154726727,0.5197346210479736,0.06317762304514815,0.1472754,theitem.com,"Trump Says Deal On Data Centers Will Lower Electricity Costs But Offers Few Details,440394","http://theitem.com/stories/trump-says-deal-on-data-centers-will-lower-electricity-costs-but-offers-few-details,440394",,
1771,2026-03-05,2026-03-05 03:00:00+00:00,0.40559537154726727,0.5197346210479736,0.06317762304514815,0.1472754,theitem.com,"Trump Says Deal On Data Centers Will Lower Electricity Costs But Offers Few Details,440394","http://www.theitem.com/stories/trump-says-deal-on-data-centers-will-lower-electricity-costs-but-offers-few-details,440394",,
1772,2026-03-20,2026-03-20 16:00:00+00:00,0.40558152384384416,0.5135570168495178,0.08165504482682319,2.1361816,bignewsnetwork.com,China Focus China Advancing A Greener Smarter Blue Economy,http://www.bignewsnetwork.com/news/278934127/china-focus-china-advancing-a-greener-smarter-blue-economy,,
1773,2026-03-20,2026-03-20 17:00:00+00:00,0.40558152384384416,0.5135570168495178,0.08165504482682319,2.1390374,bruneinews.net,China Focus China Advancing A Greener Smarter Blue Economy,http://www.bruneinews.net/news/278934127/china-focus-china-advancing-a-greener-smarter-blue-economy,,
1774,2026-03-21,2026-03-21 02:00:00+00:00,0.4055814456734187,0.5185725688934326,0.06660807601337704,4.347826,dailypioneer.com,China Welcomes Vikram Appointment,https://dailypioneer.com/news/china-welcomes-vikram-appointment,,
1775,2026-03-11,2026-03-11 17:00:00+00:00,0.40558060225116443,0.5023723840713501,0.11520525679060734,-1.5479876,alternet.org,Trump Underwater,https://www.alternet.org/trump-underwater/,,
1776,2026-03-11,2026-03-11 18:00:00+00:00,0.40554704797884655,0.5188575983047485,0.06561539700114061,-0.20876826,wgbh.org,Healeys Demanding Tariff Refunds For Residents She Doesnt Expect Trump Will Send Them,https://www.wgbh.org/news/politics/2026-03-11/healeys-demanding-tariff-refunds-for-residents-she-doesnt-expect-trump-will-send-them,,
1777,2026-03-12,2026-03-12 11:00:00+00:00,0.4055407916604255,0.5203539133071899,0.06110142672013213,0.7518797,romania-insider.com,Romania Export Dairy Products China 2026,https://www.romania-insider.com/romania-export-dairy-products-china-2026,,
1778,2026-03-19,2026-03-19 14:00:00+00:00,0.405538472767459,0.5016365051269531,0.11724437568897667,0.0,middleeasteye.net,China Says Reunification Will Solve Taiwans Energy Crisis Amid Iran War,https://www.middleeasteye.net/live-blog/live-blog-update/china-says-reunification-will-solve-taiwans-energy-crisis-amid-iran-war,,
1779,2026-03-04,2026-03-04 13:00:00+00:00,0.405469118671042,0.5202940702438354,0.06099426395266164,9.158051,peoplesdailyng.com,China Nigeria Strengthens Friendship With Lantern Festival,https://peoplesdailyng.com/china-nigeria-strengthens-friendship-with-lantern-festival/,,
1780,2026-03-24,2026-03-24 13:00:00+00:00,0.40537851863171837,0.5168454647064209,0.07097768040761065,1.9476906,islands.com,Hardest Working Cities Visit Us 2026 Study,https://www.islands.com/2126936/hardest-working-cities-visit-us-2026-study/,,
1781,2026-03-12,2026-03-12 17:00:00+00:00,0.4052585216398517,0.4948465824127197,0.13649433932124772,1.2562814,grandprix247.com,Lewis Hamilton Says Ferrari Will Run Trick Rear Wing Dubbed The Macarena In China,https://www.grandprix247.com/formula-1-news/lewis-hamilton-says-ferrari-will-run-trick-rear-wing-dubbed-the-macarena-in-china,,
1782,2026-03-07,2026-03-07 17:00:00+00:00,0.4052480684590286,0.5176737904548645,0.06797090247152084,-4.0740743,dunyanews.tv,939297 Trump Says Iran Will Be Hit Very Hard On Saturday,https://dunyanews.tv/en/World/939297-trump-says-iran-will-be-hit-very-hard-on-saturday,,
1783,2026-03-23,2026-03-23 05:00:00+00:00,0.4052273813883039,0.5190411806106567,0.06378598372124539,3.1561463,newscentralasia.net,Turkmenistan And China A Partnership In Motion,https://www.newscentralasia.net/2026/03/23/turkmenistan-and-china-a-partnership-in-motion/,,
1784,2026-03-10,2026-03-10 06:00:00+00:00,0.4051505380765252,0.5105299949645996,0.08901216741230182,2.7777777,cphpost.dk,China Summons Maersk And Swiss Peer To Meeting,https://cphpost.dk/2026-03-10/news/round-up/china-summons-maersk-and-swiss-peer-to-meeting/,,
1785,2026-03-24,2026-03-24 06:00:00+00:00,0.4051402818215105,0.5167090892791748,0.07043385944851771,-0.6741573,spotlightnepal.com,Trump Deal Iran End War Close Israel Will Be Happy Strikes Energy Sites Postponed,https://www.spotlightnepal.com/2026/03/24/trump-deal-iran-end-war-close-israel-will-be-happy-strikes-energy-sites-postponed/,,
1786,2026-03-20,2026-03-20 18:00:00+00:00,0.40510435700852876,0.49034690856933594,0.1493767023261071,3.8461537,bostonglobe.com,Hungary Vance Visit Orban,https://www.bostonglobe.com/2026/03/20/world/hungary-vance-visit-orban/,,
1787,2026-03-06,2026-03-06 17:00:00+00:00,0.40496558853795556,0.5155567526817322,0.07319209610662579,-7.2649574,moneycontrol.com,Us President Trump Says Cuba S Government Will Fall Pretty Soon Article 13853444,https://www.moneycontrol.com/world/us-president-trump-says-cuba-s-government-will-fall-pretty-soon-article-13853444.html,,
1788,2026-03-13,2026-03-13 07:00:00+00:00,0.4048175584899111,0.501354992389679,0.11520525679060734,-3.8170974,juancole.com,Horror Trump Burden,https://www.juancole.com/2026/03/horror-trump-burden.html,,
1789,2026-03-25,2026-03-25 20:00:00+00:00,0.4047967172957317,0.5177828669548035,0.06583826831851637,1.1627907,marieclaire.com,Charles Camilla State Visit Usa Confirmation Soon,https://www.marieclaire.com/celebrity/royals/charles-camilla-state-visit-usa-confirmation-soon/,,
1790,2026-03-04,2026-03-04 16:00:00+00:00,0.4047857717343464,0.514912486076355,0.07440562870832064,-2.970297,knoe.com,Pres Trump Admits Energy Prices Will Rise Iran Conflict Continues,https://www.knoe.com/2026/03/03/pres-trump-admits-energy-prices-will-rise-iran-conflict-continues/,,
1791,2026-03-04,2026-03-04 03:00:00+00:00,0.4047857717343464,0.514912486076355,0.07440562870832064,-2.970297,kwtx.com,Pres Trump Admits Energy Prices Will Rise Iran Conflict Continues,https://www.kwtx.com/2026/03/03/pres-trump-admits-energy-prices-will-rise-iran-conflict-continues/,,
1792,2026-03-04,2026-03-04 03:00:00+00:00,0.4047857717343464,0.514912486076355,0.07440562870832064,-2.970297,wibw.com,Pres Trump Admits Energy Prices Will Rise Iran Conflict Continues,https://www.wibw.com/2026/03/03/pres-trump-admits-energy-prices-will-rise-iran-conflict-continues/,,
1793,2026-03-05,2026-03-05 13:00:00+00:00,0.4047857717343464,0.514912486076355,0.07440562870832064,-2.970297,fox10tv.com,Pres Trump Admits Energy Prices Will Rise Iran Conflict Continues,https://www.fox10tv.com/2026/03/03/pres-trump-admits-energy-prices-will-rise-iran-conflict-continues/,,
1794,2026-03-25,2026-03-25 17:00:00+00:00,0.40477028929942077,0.5171419978141785,0.06765516375514771,-5.108055,irishtimes.com,Why Trumps Rehashed 15 Point Iran Plan Will Not Appease Tehran,https://www.irishtimes.com/world/middle-east/2026/03/25/why-trumps-rehashed-15-point-iran-plan-will-not-appease-tehran/,,
1795,2026-03-13,2026-03-13 08:00:00+00:00,0.40473115160518985,0.5145598649978638,0.07524501142716812,2.7149322,bignewsnetwork.com,China Focus From China To World Wardrobes The Rise Of Hanfu Fashion,http://www.bignewsnetwork.com/news/278919615/china-focus-from-china-to-world-wardrobes-the-rise-of-hanfu-fashion,,
1796,2026-03-17,2026-03-17 17:00:00+00:00,0.40472430041567387,0.5188641548156738,0.06230473721567407,-1.6260163,limerickleader.ie,Trump Says Energy Prices In Ireland Will Drop Like A Rock After Iran War Ends,https://www.limerickleader.ie/news/national-news/2040938/trump-says-energy-prices-in-ireland-will-drop-like-a-rock-after-iran-war-ends.html,,
1797,2026-03-17,2026-03-17 19:00:00+00:00,0.40472430041567387,0.5188641548156738,0.06230473721567407,-1.6260163,dundalkdemocrat.ie,Trump Says Energy Prices In Ireland Will Drop Like A Rock After Iran War Ends,https://www.dundalkdemocrat.ie/news/national-news/2040938/trump-says-energy-prices-in-ireland-will-drop-like-a-rock-after-iran-war-ends.html,,
1798,2026-03-17,2026-03-17 19:00:00+00:00,0.40472430041567387,0.5188641548156738,0.06230473721567407,-1.6260163,leinsterexpress.ie,Trump Says Energy Prices In Ireland Will Drop Like A Rock After Iran War Ends,https://www.leinsterexpress.ie/news/national-news/2040938/trump-says-energy-prices-in-ireland-will-drop-like-a-rock-after-iran-war-ends.html,,
1799,2026-03-17,2026-03-17 19:00:00+00:00,0.40472430041567387,0.5188641548156738,0.06230473721567407,-1.6260163,kilkennypeople.ie,Trump Says Energy Prices In Ireland Will Drop Like A Rock After Iran War Ends,https://www.kilkennypeople.ie/news/national-news/2040938/trump-says-energy-prices-in-ireland-will-drop-like-a-rock-after-iran-war-ends.html,,
1800,2026-03-17,2026-03-17 17:00:00+00:00,0.40472430041567387,0.5188641548156738,0.06230473721567407,-1.6260163,leitrimobserver.ie,Trump Says Energy Prices In Ireland Will Drop Like A Rock After Iran War Ends,https://www.leitrimobserver.ie/news/national-news/2040938/trump-says-energy-prices-in-ireland-will-drop-like-a-rock-after-iran-war-ends.html,,
1801,2026-03-17,2026-03-17 17:00:00+00:00,0.40472430041567387,0.5188641548156738,0.06230473721567407,-1.6260163,tipperarylive.ie,Trump Says Energy Prices In Ireland Will Drop Like A Rock After Iran War Ends,https://www.tipperarylive.ie/news/national-news/2040938/trump-says-energy-prices-in-ireland-will-drop-like-a-rock-after-iran-war-ends.html,,
1802,2026-03-17,2026-03-17 19:00:00+00:00,0.40472430041567387,0.5188641548156738,0.06230473721567407,-1.6260163,leinsterleader.ie,Trump Says Energy Prices In Ireland Will Drop Like A Rock After Iran War Ends,https://www.leinsterleader.ie/news/national-news/2040938/trump-says-energy-prices-in-ireland-will-drop-like-a-rock-after-iran-war-ends.html,,
1803,2026-03-17,2026-03-17 18:00:00+00:00,0.40472430041567387,0.5188641548156738,0.06230473721567407,-1.6260163,offalyexpress.ie,Trump Says Energy Prices In Ireland Will Drop Like A Rock After Iran War Ends,https://www.offalyexpress.ie/news/national-news/2040938/trump-says-energy-prices-in-ireland-will-drop-like-a-rock-after-iran-war-ends.html,,
1804,2026-03-17,2026-03-17 17:00:00+00:00,0.40472430041567387,0.5188641548156738,0.06230473721567407,-1.6260163,donegallive.ie,Trump Says Energy Prices In Ireland Will Drop Like A Rock After Iran War Ends,https://www.donegallive.ie/news/national-news/2040938/trump-says-energy-prices-in-ireland-will-drop-like-a-rock-after-iran-war-ends.html,,
1805,2026-03-17,2026-03-17 19:00:00+00:00,0.40472430041567387,0.5188641548156738,0.06230473721567407,-1.6260163,longfordleader.ie,Trump Says Energy Prices In Ireland Will Drop Like A Rock After Iran War Ends,https://www.longfordleader.ie/news/national-news/2040938/trump-says-energy-prices-in-ireland-will-drop-like-a-rock-after-iran-war-ends.html,,
1806,2026-03-17,2026-03-17 22:00:00+00:00,0.40472430041567387,0.5188641548156738,0.06230473721567407,-1.8656716,meathchronicle.ie,Trump Says Energy Prices In Ireland Will Drop Like A Rock After Iran War Ends,https://www.meathchronicle.ie/2026/03/17/trump-says-energy-prices-in-ireland-will-drop-like-a-rock-after-iran-war-ends/,,
1807,2026-03-17,2026-03-17 20:00:00+00:00,0.40472430041567387,0.5188641548156738,0.06230473721567407,-1.8656716,offalyindependent.ie,Trump Says Energy Prices In Ireland Will Drop Like A Rock After Iran War Ends,https://www.offalyindependent.ie/2026/03/17/trump-says-energy-prices-in-ireland-will-drop-like-a-rock-after-iran-war-ends/,,
1808,2026-03-17,2026-03-17 21:00:00+00:00,0.40472430041567387,0.5188641548156738,0.06230473721567407,-1.8656716,westmeathexaminer.ie,Trump Says Energy Prices In Ireland Will Drop Like A Rock After Iran War Ends,https://www.westmeathexaminer.ie/2026/03/17/trump-says-energy-prices-in-ireland-will-drop-like-a-rock-after-iran-war-ends/,,
1809,2026-03-17,2026-03-17 21:00:00+00:00,0.40472430041567387,0.5188641548156738,0.06230473721567407,-1.8656716,anglocelt.ie,Trump Says Energy Prices In Ireland Will Drop Like A Rock After Iran War Ends,https://www.anglocelt.ie/2026/03/17/trump-says-energy-prices-in-ireland-will-drop-like-a-rock-after-iran-war-ends/,,
1810,2026-03-17,2026-03-17 19:00:00+00:00,0.40472430041567387,0.5188641548156738,0.06230473721567407,-1.8656716,westmeathindependent.ie,Trump Says Energy Prices In Ireland Will Drop Like A Rock After Iran War Ends,https://www.westmeathindependent.ie/2026/03/17/trump-says-energy-prices-in-ireland-will-drop-like-a-rock-after-iran-war-ends/,,
1811,2026-03-17,2026-03-17 18:00:00+00:00,0.40472430041567387,0.5188641548156738,0.06230473721567407,-1.8656716,con-telegraph.ie,Trump Says Energy Prices In Ireland Will Drop Like A Rock After Iran War Ends,https://www.con-telegraph.ie/2026/03/17/trump-says-energy-prices-in-ireland-will-drop-like-a-rock-after-iran-war-ends/,,
1812,2026-03-09,2026-03-09 16:00:00+00:00,0.40471379163140125,0.5150023102760315,0.07384823569751045,-1.1470282,shanghainews.net,China Reaffirms Peaceful Development Amid Heightened Global Volatility,http://www.shanghainews.net/news/278911550/china-reaffirms-peaceful-development-amid-heightened-global-volatility,,
1813,2026-03-09,2026-03-09 15:00:00+00:00,0.40471379163140125,0.5150023102760315,0.07384823569751045,-1.1470282,chinanationalnews.com,China Reaffirms Peaceful Development Amid Heightened Global Volatility,http://www.chinanationalnews.com/news/278911550/china-reaffirms-peaceful-development-amid-heightened-global-volatility,,
1814,2026-03-09,2026-03-09 15:00:00+00:00,0.40471379163140125,0.5150023102760315,0.07384823569751045,-1.1470282,australiannews.net,China Reaffirms Peaceful Development Amid Heightened Global Volatility,http://www.australiannews.net/news/278911550/china-reaffirms-peaceful-development-amid-heightened-global-volatility,,
1815,2026-03-09,2026-03-09 15:00:00+00:00,0.40471379163140125,0.5150023102760315,0.07384823569751045,-1.1470282,kenyastar.com,China Reaffirms Peaceful Development Amid Heightened Global Volatility,http://www.kenyastar.com/news/278911550/china-reaffirms-peaceful-development-amid-heightened-global-volatility,,
1816,2026-03-11,2026-03-11 07:00:00+00:00,0.40471379163140125,0.5150023102760315,0.07384823569751045,-5.8139534,thestar.com.my,China Reaffirms Peaceful Development Amid Heightened Global Volatility,https://www.thestar.com.my/opinion/columnists/comment/2026/03/11/china-reaffirms-peaceful-development-amid-heightened-global-volatility,,
1817,2026-03-09,2026-03-09 15:00:00+00:00,0.40471379163140125,0.5150023102760315,0.07384823569751045,-1.1470282,heraldglobe.com,China Reaffirms Peaceful Development Amid Heightened Global Volatility,http://www.heraldglobe.com/news/278911550/china-reaffirms-peaceful-development-amid-heightened-global-volatility,,
1818,2026-03-10,2026-03-10 18:00:00+00:00,0.40471379163140125,0.5150023102760315,0.07384823569751045,-1.1305242,antaranews.com,China Reaffirms Peaceful Development Amid Heightened Global Volatility,https://en.antaranews.com/news/407871/china-reaffirms-peaceful-development-amid-heightened-global-volatility,,
1819,2026-03-19,2026-03-19 07:00:00+00:00,0.4046969032385697,0.513749897480011,0.0775379205142459,0.50377834,yahoo.com,China Likely Standards Post Quantum 035603679,https://www.yahoo.com/news/articles/china-likely-standards-post-quantum-035603679.html,,
1820,2026-03-24,2026-03-24 16:00:00+00:00,0.404653065432033,0.5096215009689331,0.08974775882133273,0.16863406,mining-technology.com,China Dominate Rare Earths,https://www.mining-technology.com/analyst-comment/china-dominate-rare-earths/,,
1821,2026-03-16,2026-03-16 19:00:00+00:00,0.40459484739480445,0.5010980367660522,0.11508527928106094,-1.5706806,irishtimes.com,Big Week For Irish In Washington But How Will Taoiseach Handle Tricky White House Visit,https://www.irishtimes.com/politics/2026/03/16/big-week-for-irish-in-washington-but-how-will-taoiseach-handle-tricky-white-house-visit/,,
1822,2026-03-10,2026-03-10 10:00:00+00:00,0.4044944021864175,0.519223153591156,0.06030814797220208,-3.539823,irishtimes.com,Revolutionary Guard Warns Trump Iran Will Determine When The War Ends,https://www.irishtimes.com/world/middle-east/2026/03/10/revolutionary-guard-warns-trump-iran-will-determine-when-the-war-ends/,,
1823,2026-03-10,2026-03-10 04:00:00+00:00,0.40449350164708986,0.5118915438652039,0.08229937499274775,-3.163017,freepressjournal.in,We Will Determine The End Iran Responds To Donald Trumps Claim Of War Will End Very Soon,https://www.freepressjournal.in/world/we-will-determine-the-end-iran-responds-to-donald-trumps-claim-of-war-will-end-very-soon,,
1824,2026-03-18,2026-03-18 12:00:00+00:00,0.4044888090716524,0.5009166598320007,0.11520525679060734,-1.8609207,rawstory.com,Trump Tantrum,https://www.rawstory.com/raw-investigates/trump-tantrum/,,
1825,2026-03-14,2026-03-14 15:00:00+00:00,0.4044289331468516,0.5168134570121765,0.06727536155087678,-4.922644,monocle.com,Trumps Mistakes Will Quite Likely Result In This Failing John Bolton On Why Operation Epic Fury Is A Bust,https://monocle.com/affairs/trumps-mistakes-will-quite-likely-result-in-this-failing-john-bolton-on-why-operation-epic-fury-is-a-bust/,,
1826,2026-03-04,2026-03-04 16:00:00+00:00,0.4044146338498237,0.5102303624153137,0.08696744815335349,-3.7082818,rte.ie,1561659 Uk Labour China,https://www.rte.ie/news/2026/0304/1561659-uk-labour-china/,,
1827,2026-03-04,2026-03-04 17:00:00+00:00,0.40435799342998524,0.5151413679122925,0.07200786998306355,-3.3333333,worldoil.com,Trump Says U S Navy Will Escort Tankers To Protect Hormuz Oil Flows,https://worldoil.com/news/2026/3/3/trump-says-u-s-navy-will-escort-tankers-to-protect-hormuz-oil-flows/,,
1828,2026-03-22,2026-03-22 09:00:00+00:00,0.40434836042638767,0.5164682865142822,0.06798858216270402,5.9645853,vietnam.vnanet.vn,Pms Visit To Deepen Vietnam Russia Comprehensive Strategic Partnership 436092,https://vietnam.vnanet.vn/english/tin-tuc/pms-visit-to-deepen-vietnam-russia-comprehensive-strategic-partnership-436092.html,,
1829,2026-03-07,2026-03-07 23:00:00+00:00,0.4041905424370722,0.512206494808197,0.08014268532369784,5.0,nagalandpost.com,Trump Warns He Will Hit Iran Harder,https://nagalandpost.com/trump-warns-he-will-hit-iran-harder/,,
1830,2026-03-18,2026-03-18 02:00:00+00:00,0.4041612369759565,0.5121973156929016,0.08005300082512126,-5.037037,thedailybeast.com,Political Strategist James Carville Predicts When Donald Trump Will Quit Presidency,https://www.thedailybeast.com/political-strategist-james-carville-predicts-when-donald-trump-will-quit-presidency/,,
1831,2026-03-06,2026-03-06 01:00:00+00:00,0.4040936183870601,0.46094346046447754,0.23354409215480776,1.0775862,macrobusiness.com.au,China Tightens Bhp Screws,https://www.macrobusiness.com.au/2026/03/china-tightens-bhp-screws/,,
1832,2026-03-16,2026-03-16 11:00:00+00:00,0.40407099842436783,0.4609133005142212,0.23354409215480776,-4.4444447,globalsecurity.org,China 260312 Prc Mofa02,https://www.globalsecurity.org/wmd/library/news/china/2026/03/china-260312-prc-mofa02.htm,,
1833,2026-03-23,2026-03-23 21:00:00+00:00,0.404057453890467,0.5047202706336975,0.10206900366077547,-0.08237232,bostonglobe.com,Denmarks Election How Will Woman Who Took Trump Fare,https://www.bostonglobe.com/2026/03/23/world/denmarks-election-how-will-woman-who-took-trump-fare/,,
1834,2026-03-17,2026-03-17 03:00:00+00:00,0.40393544115693697,0.514356791973114,0.07267138870840593,-1.1049724,bloomberg.com,China S Teapot Oil Refineries And Iran,https://www.bloomberg.com:443/news/articles/2026-03-13/china-s-teapot-oil-refineries-and-iran,,
1835,2026-03-08,2026-03-08 03:00:00+00:00,0.4038883531201727,0.5179424285888672,0.06172612671408908,-6.751825,news18.com,We Will Avenge Blood Of Our Leader Larijani Warns Trump After Khameneis Killing Ws L 9948386,https://www.news18.com/world/we-will-avenge-blood-of-our-leader-larijani-warns-trump-after-khameneis-killing-ws-l-9948386.html,,
1836,2026-03-06,2026-03-06 14:00:00+00:00,0.40388536071252734,0.5155648589134216,0.06884686610984457,-7.751938,ibtimes.com,Trump Caught Saying Iranians Could Attack American Soil Like I Said Some People Will Die 3798511,https://www.ibtimes.com/trump-caught-saying-iranians-could-attack-american-soil-like-i-said-some-people-will-die-3798511,,
1837,2026-03-11,2026-03-11 00:00:00+00:00,0.4038363170252962,0.5000466704368591,0.11520525679060734,-7.2100315,rawstory.com,Trump Prosecutor 2676016798,https://www.rawstory.com/trump-prosecutor-2676016798/,,
1838,2026-03-05,2026-03-05 03:00:00+00:00,0.4038080396008106,0.5150141716003418,0.07018964360221681,-3.7089872,yahoo.com,China Prioritises Energy Diplomacy Over 020721352,https://www.yahoo.com/news/articles/china-prioritises-energy-diplomacy-over-020721352.html,,
1839,2026-03-08,2026-03-08 09:00:00+00:00,0.40379778339134725,0.5145742893218994,0.0714682655996907,-1.2307693,irishcentral.com,Leo Varadkar White House Visit Advice,https://www.irishcentral.com/news/politics/leo-varadkar-white-house-visit-advice,,
1840,2026-03-13,2026-03-13 07:00:00+00:00,0.4037937252678493,0.5144908428192139,0.07170237261375555,0.51975054,bignewsnetwork.com,China Focus China Extends Green Wall In Battle Against Desertification,http://www.bignewsnetwork.com/news/278919537/china-focus-china-extends-green-wall-in-battle-against-desertification,,
1841,2026-03-17,2026-03-17 23:00:00+00:00,0.403770107704932,0.505103349685669,0.09977038176272114,1.5625,planetf1.com,Liam Lawson Radio Message China Karma Arvid Lindblad,https://www.planetf1.com/news/liam-lawson-radio-message-china-karma-arvid-lindblad,,
1842,2026-03-24,2026-03-24 03:00:00+00:00,0.4037270617114229,0.4999009966850281,0.11520525679060734,-4.776119,indiatimes.com,Trump Bowls A Doosra 2,https://timesofindia.indiatimes.com/blogs/gen-zedits/trump-bowls-a-doosra-2/,,
1843,2026-03-10,2026-03-10 14:00:00+00:00,0.4036304371984177,0.516459584236145,0.06514299608523572,-5.897772,zerohedge.com,Irgc Says Iran Not Us Will Determine Wars End Trump Threatens Strikes 20 Times Harder,https://www.zerohedge.com/geopolitical/irgc-says-iran-not-us-will-determine-wars-end-trump-threatens-strikes-20-times-harder,,
1844,2026-03-19,2026-03-19 16:00:00+00:00,0.4034865897835063,0.4601340889930725,0.23354409215480776,-3.9473684,yahoo.com,China Driverless Vans Delivering Package 113000113,https://autos.yahoo.com/ev-and-future-tech/articles/china-driverless-vans-delivering-package-113000113.html,,
1845,2026-03-06,2026-03-06 03:00:00+00:00,0.4034650724606898,0.5178126096725464,0.060422460825120115,-5.0328226,news18.com,When Will Iran War End Trump Says He Has No Time Limits But Lays Objectives Behind Attack 9945112,https://www.news18.com/world/when-will-iran-war-end-trump-says-he-has-no-time-limits-but-lays-objectives-behind-attack-9945112.html,,
1846,2026-03-07,2026-03-07 19:00:00+00:00,0.4033480848340067,0.5163021087646484,0.06448601304208144,-9.77918,pmnewsnigeria.com,Trump Vows Iran Will Be Hit Very Hard In Escalating Conflict,https://pmnewsnigeria.com/2026/03/07/trump-vows-iran-will-be-hit-very-hard-in-escalating-conflict/,,
1847,2026-03-14,2026-03-14 12:00:00+00:00,0.4033020233061307,0.515099048614502,0.06791094738101688,0.6433166,yahoo.com,China Wooing Paraguay Political Class 090404984,https://www.yahoo.com/news/articles/china-wooing-paraguay-political-class-090404984.html,,
1848,2026-03-14,2026-03-14 06:00:00+00:00,0.4032780599223299,0.49930232763290405,0.11520525679060734,-5.8103976,alternet.org,Trump Nixon 2676101875,https://www.alternet.org/trump-nixon-2676101875/,,
1849,2026-03-07,2026-03-07 13:00:00+00:00,0.4032701583250807,0.5169060230255127,0.06236256422378459,-3.4334764,freemalaysiatoday.com,Trump Says Iran Will Be Hit Very Hard Threatens To Expand Targets,https://www.freemalaysiatoday.com/category/highlight/2026/03/07/trump-says-iran-will-be-hit-very-hard-threatens-to-expand-targets,,
1850,2026-03-07,2026-03-07 14:00:00+00:00,0.4032701583250807,0.5169060230255127,0.06236256422378459,-3.3613446,ewn.co.za,Trump Says Iran Will Be Hit Very Hard Threatens To Expand Targets,https://www.ewn.co.za/2026/03/07/trump-says-iran-will-be-hit-very-hard-threatens-to-expand-targets,,
1851,2026-03-07,2026-03-07 16:00:00+00:00,0.4032701583250807,0.5169060230255127,0.06236256422378459,-3.3613446,thepeninsulaqatar.com,Trump Says Iran Will Be Hit Very Hard Threatens To Expand Targets,http://thepeninsulaqatar.com/article/07/03/2026/trump-says-iran-will-be-hit-very-hard-threatens-to-expand-targets,,
1852,2026-03-10,2026-03-10 02:00:00+00:00,0.403221029700969,0.5096597075462341,0.08390499616517363,1.2064344,perthnow.com.au,Why Prince Harry And Meghan Will Need Thick Skins During Their Planned Visit To Australia In April C 21891866,https://www.perthnow.com.au/entertainment/royals/why-prince-harry-and-meghan-will-need-thick-skins-during-their-planned-visit-to-australia-in-april-c-21891866,,
1853,2026-03-17,2026-03-17 10:00:00+00:00,0.4032005235834854,0.5142537951469421,0.07004070889311514,1.3972056,jagranjosh.com,Largest River In China 1820007068 1,https://www.jagranjosh.com/general-knowledge/largest-river-in-china-1820007068-1,,
1854,2026-03-13,2026-03-13 07:00:00+00:00,0.40319409583122773,0.5035053491592407,0.10226033584718879,2.9106028,romania-insider.com,Zelensky F16 Training Center Visit Romania 2026,https://www.romania-insider.com/zelensky-f16-training-center-visit-romania-2026,,
1855,2026-03-12,2026-03-12 03:00:00+00:00,0.4031814109908266,0.49917346239089966,0.11520525679060734,-3.053435,alternet.org,Trump Wolff 2676081770,https://www.alternet.org/trump/trump-wolff-2676081770/,,
1856,2026-03-04,2026-03-04 05:00:00+00:00,0.40313300198805757,0.5152199864387512,0.06687204863597662,-3.601108,benzinga.com,Lockheed Pledges To Ax Anthropics Claude Ai After Trump Ban Company Says Will Follow Presidents Direction,https://www.benzinga.com/news/contracts/26/03/51025980/lockheed-pledges-to-ax-anthropics-claude-ai-after-trump-ban-company-says-will-follow-presidents-direction,,
1857,2026-03-19,2026-03-19 04:00:00+00:00,0.40304769434251897,0.5172266960144043,0.06051068932686289,-2.7210884,thefrontierpost.com,Trump Says The Us Will Retaliate If Iran Attacks Qatar Again,https://thefrontierpost.com/trump-says-the-us-will-retaliate-if-iran-attacks-qatar-again/,,
1858,2026-03-15,2026-03-15 11:00:00+00:00,0.4030289865965822,0.5164077877998352,0.06289258298682315,-6.847826,peakoil.com,Peak War Panic Will Likely Hit Financial Markets In 1 3 Weeks Strategist Predicts As Trump Balks At Ceasefire Deal,https://peakoil.com/business/peak-war-panic-will-likely-hit-financial-markets-in-1-3-weeks-strategist-predicts-as-trump-balks-at-ceasefire-deal,,
1859,2026-03-25,2026-03-25 09:00:00+00:00,0.4030002608635545,0.4960842728614807,0.12374822486977585,-0.9695291,yahoo.com,Exotic Pet Trade Thrives China 063050897,https://www.yahoo.com/news/articles/exotic-pet-trade-thrives-china-063050897.html,,
1860,2026-03-05,2026-03-05 10:00:00+00:00,0.40281568095051395,0.5166195631027222,0.061404034493889384,-4.477612,thedailystar.net,China Tells Oil Refiners Suspend Exports Bloomberg Report 4121411,https://www.thedailystar.net/business/news/china-tells-oil-refiners-suspend-exports-bloomberg-report-4121411,,
1861,2026-03-23,2026-03-23 15:00:00+00:00,0.40280838057484225,0.5051981210708618,0.09563915908678354,-4.9930654,marketscreener.com,Trump Says U S Will Postpone Strikes On Iranian 2 Ce7E5Edcd08Ff125,https://www.marketscreener.com/news/trump-says-u-s-will-postpone-strikes-on-iranian-2-ce7e5edcd08ff125,,
1862,2026-03-14,2026-03-14 19:00:00+00:00,0.40276973690140555,0.5092129111289978,0.08344021421862884,1.7167382,engadget.com,Trump Administration Will Reportedly Get 10 Billion For Brokering The Tiktok Deal 180954979,https://www.engadget.com/big-tech/trump-administration-will-reportedly-get-10-billion-for-brokering-the-tiktok-deal-180954979.html,,
1863,2026-03-17,2026-03-17 11:00:00+00:00,0.40275160489545153,0.5158549547195435,0.06344155542317573,1.6438357,thedailystar.net,Middle East Could Be Top Priority Tarique Rahmans First Foreign Visit 4130836,https://www.thedailystar.net/news/bangladesh/news/middle-east-could-be-top-priority-tarique-rahmans-first-foreign-visit-4130836,,
1864,2026-03-19,2026-03-19 16:00:00+00:00,0.4026800614224596,0.49850499629974365,0.11520525679060734,-4.692557,alternet.org,Trump Psychopath,https://www.alternet.org/trump-psychopath/,,
1865,2026-03-25,2026-03-25 00:00:00+00:00,0.4026387698778817,0.5077024698257446,0.087447670034293,0.0,iheart.com,Sean Hannity Bomb Dropped President Trump Says Iran Agrees To No Nukes They Will Neve,https://960weli.iheart.com/featured/the-sean-hannity-show/content/sean-hannity-bomb-dropped-president-trump-says-iran-agrees-to-no-nukes-they-will-neve/,,
1866,2026-03-21,2026-03-21 03:00:00+00:00,0.40262541811153474,0.5094071626663208,0.08228018444717645,-4.0425534,armstrongeconomics.com,Trump Backs Down Will Declare Victory,https://www.armstrongeconomics.com/uncategorized/trump-backs-down-will-declare-victory/,,
1867,2026-03-24,2026-03-24 22:00:00+00:00,0.4026070493632149,0.5133836269378662,0.07027731663926097,-0.56179774,hannity.com,Bomb Dropped President Trump Says Iran Agrees To No Nukes They Will Never Have A Nuclear Weapon Watch,https://hannity.com/media-room/bomb-dropped-president-trump-says-iran-agrees-to-no-nukes-they-will-never-have-a-nuclear-weapon-watch/,,
1868,2026-03-13,2026-03-13 20:00:00+00:00,0.4025453551679269,0.5121870040893555,0.07362040840364109,-0.99750626,leoweekly.com,Beshear Trump Should Have Spent Kentucky Visit Justifying Iran War,https://www.leoweekly.com/news/beshear-trump-should-have-spent-kentucky-visit-justifying-iran-war/,,
1869,2026-03-24,2026-03-24 20:00:00+00:00,0.4025430823281968,0.5039964914321899,0.09818285501621739,-1.3313609,independent.co.uk,China Drinking Ban Wine B2944879,https://www.independent.co.uk/news/world/americas/china-drinking-ban-wine-b2944879.html,,
1870,2026-03-25,2026-03-25 17:00:00+00:00,0.40252253625224593,0.5156958103179932,0.06300271405500434,-6.6783834,theweek.in,Iran Will End The War When Why Tehran Rejected Donald Trump S Illogical Ceasefire Plan Amid Gulf Chaos,https://www.theweek.in/news/middle-east/2026/03/25/iran-will-end-the-war-when-why-tehran-rejected-donald-trump-s-illogical-ceasefire-plan-amid-gulf-chaos.html,,
1871,2026-03-16,2026-03-16 20:00:00+00:00,0.40251839127408695,0.49828943610191345,0.11520525679060734,-8.714597,alternet.org,Trump Flail,https://www.alternet.org/trump-flail/,,
1872,2026-03-09,2026-03-09 00:00:00+00:00,0.4024530843485654,0.5153207778930664,0.06385000371506236,2.0833333,hellenicshippingnews.com,China Advocates For Universally Beneficial And Inclusive Economic Globalization Fm Says,https://www.hellenicshippingnews.com/china-advocates-for-universally-beneficial-and-inclusive-economic-globalization-fm-says/,,
1873,2026-03-13,2026-03-13 03:00:00+00:00,0.4023955168997717,0.5011231303215027,0.10621267663457877,-0.9433962,orissadiary.com,Prime Minister Narendra Modi Will Be On Two Day Visit To Assam Beginning Today,https://orissadiary.com/prime-minister-narendra-modi-will-be-on-two-day-visit-to-assam-beginning-today/,,
1874,2026-03-24,2026-03-24 12:00:00+00:00,0.4023345340531135,0.48477399349212646,0.15501615573607455,5.4166665,glassonweb.com,Rcn Solutions China Glass 2026,https://www.glassonweb.com/news/rcn-solutions-china-glass-2026,,
1875,2026-03-25,2026-03-25 03:00:00+00:00,0.40231785576978224,0.5141469240188599,0.06683065102254933,3.7815125,asianews.network,Malaysias Festive Warmth Delights Muslim Visitors From China,https://asianews.network/malaysias-festive-warmth-delights-muslim-visitors-from-china/,,
1876,2026-03-12,2026-03-12 14:00:00+00:00,0.4022265103400516,0.4584539830684662,0.23354409215480776,3.9634147,globalsecurity.org,China 260311 Pdo02,https://www.globalsecurity.org/wmd/library/news/china/2026/03/china-260311-pdo02.htm,,
1877,2026-03-10,2026-03-10 08:00:00+00:00,0.4022138798486974,0.514212429523468,0.06621823082438547,-5.3956833,hurriyetdailynews.com,Trump Says Will Waive Some Oil Sanctions To Boost Supply 219791,https://www.hurriyetdailynews.com/trump-says-will-waive-some-oil-sanctions-to-boost-supply-219791,,
1878,2026-03-23,2026-03-23 21:00:00+00:00,0.40217448079873136,0.5119573473930359,0.07282588101581776,3.649635,athens-times.com,Netanyahu To Trump We Will Continue Striking Iran And Hezbollah,https://athens-times.com/netanyahu-to-trump-we-will-continue-striking-iran-and-hezbollah/,,
1879,2026-03-12,2026-03-12 00:00:00+00:00,0.4021444800177096,0.5155096054077148,0.06204910384769376,-6.230201,ibtimes.com,Iran War Will End Any Time I Want Trump Makes Explosive Claim Conflict Could Over Very Soon 3798950,https://www.ibtimes.com/iran-war-will-end-any-time-i-want-trump-makes-explosive-claim-conflict-could-over-very-soon-3798950,,
1880,2026-03-14,2026-03-14 11:00:00+00:00,0.4020600680063904,0.5149815678596497,0.06329556844661244,-10.769231,gatestoneinstitute.org,Trump Derangement Syndrome Iran,https://www.gatestoneinstitute.org/22338/trump-derangement-syndrome-iran,,
1881,2026-03-09,2026-03-09 02:00:00+00:00,0.40203977834953203,0.5149149894714355,0.06341414498382149,-2.2222223,marketscreener.com,Trump Says Ending Iran War Will Be Mutual Decision With Netanyahu Ce7E5Fd9Da8Ff526,https://www.marketscreener.com/news/trump-says-ending-iran-war-will-be-mutual-decision-with-netanyahu-ce7e5fd9da8ff526,,
1882,2026-03-05,2026-03-05 21:00:00+00:00,0.40201382333618924,0.5043385028839111,0.09503978469302353,0.23866348,hottytoddy.com,Giovanni Tuggle Ole Miss Visit 2028 Safety,https://www.hottytoddy.com/2026/03/05/giovanni-tuggle-ole-miss-visit-2028-safety/,,
1883,2026-03-08,2026-03-08 13:00:00+00:00,0.4019429825031241,0.5008412599563599,0.10524815014341676,-1.0416666,thestar.com.my,Taiwan Premier Makes First Japan Visit Since 1972 Defying China,https://www.thestar.com.my/aseanplus/aseanplus-news/2026/03/08/taiwan-premier-makes-first-japan-visit-since-1972-defying-china,,
1884,2026-03-06,2026-03-06 01:00:00+00:00,0.40193013165840813,0.5037261247634888,0.09654215234316611,-1.369863,scroll.in,Why The Us Iran War Will Hurt India More Than China,https://scroll.in/article/1091183/why-the-us-iran-war-will-hurt-india-more-than-china,,
1885,2026-03-12,2026-03-12 00:00:00+00:00,0.4018949956016749,0.5096441507339478,0.0786475302048564,-3.7037036,wn.com,Practically Nothing Left To Target Trump Says Iran War Will  F,https://article.wn.com/view/2026/03/11/Practically_nothing_left_to_target_Trump_says_Iran_war_will__f/,,
1886,2026-03-17,2026-03-17 01:00:00+00:00,0.40189048947755796,0.506698489189148,0.08746649034278794,-0.20491803,kbtx.com,Pres Trump Promises Oil Prices Will Come Down,https://www.kbtx.com/2026/03/16/pres-trump-promises-oil-prices-will-come-down/,,
1887,2026-03-17,2026-03-17 01:00:00+00:00,0.40189048947755796,0.506698489189148,0.08746649034278794,-0.20491803,kmvt.com,Pres Trump Promises Oil Prices Will Come Down,https://www.kmvt.com/2026/03/16/pres-trump-promises-oil-prices-will-come-down/,,
1888,2026-03-07,2026-03-07 14:00:00+00:00,0.4018818353722959,0.51545250415802,0.0611698290151234,-5.681818,channelnewsasia.com,Trump Warns Iran Will Be Hit Very Hard After Pezeshkian Apologises Strikes Neighbours 5978856,https://www.channelnewsasia.com/watch/trump-warns-iran-will-be-hit-very-hard-after-pezeshkian-apologises-strikes-neighbours-5978856,,
1889,2026-03-11,2026-03-11 11:00:00+00:00,0.4018327798604782,0.5122482180595398,0.07058646526329339,0.0,digitimes.com,Tencent Wechat Ai Agent Flagship China,https://www.digitimes.com/news/a20260311VL212/tencent-wechat-ai-agent-flagship-china.html,,
1890,2026-03-24,2026-03-24 18:00:00+00:00,0.4017989075342873,0.5132094025611877,0.06756742245358609,2.3529413,dailydot.com,Mcdonalds Testing Humanoid Robots In China,https://dailydot.com/mcdonalds-testing-humanoid-robots-in-china,,
1891,2026-03-25,2026-03-25 12:00:00+00:00,0.40179248942291,0.5137324333190918,0.06597265773436461,-0.85592014,aawsat.com,5255025 Exotic Pet Trade Thrives China Despite Welfare Concerns,https://english.aawsat.com/varieties/5255025-exotic-pet-trade-thrives-china-despite-welfare-concerns,,
1892,2026-03-16,2026-03-16 21:00:00+00:00,0.40174472856803956,0.5091005563735962,0.0796772451513696,-11.320755,wn.com,Trump Will Use War To Silence Domestic Opposition Conservati,https://article.wn.com/view/2026/03/16/Trump_will_use_war_to_silence_domestic_opposition_conservati/,,
1893,2026-03-14,2026-03-14 03:00:00+00:00,0.40173898188250906,0.5058860182762146,0.08929787270139246,0.5249344,mediaite.com,Trump Administration Will Reportedly Pocket 10 Billion From Tiktok Deal,https://www.mediaite.com/media/news/trump-administration-will-reportedly-pocket-10-billion-from-tiktok-deal/,,
1894,2026-03-14,2026-03-14 14:00:00+00:00,0.4016140679413874,0.5068587064743042,0.08588015234263689,-3.2608695,newsday.com,China North Korea Flights Air China L94737,https://www.newsday.com/news/nation/china-north-korea-flights-air-china-l94737,,
1895,2026-03-10,2026-03-10 18:00:00+00:00,0.4015468205001793,0.4880736172199249,0.14196643034094247,-3.3333333,delfi.lt,Us Special Envoy To Belarus Will Visit Lithuania 120222280,https://www.delfi.lt/en/politics/us-special-envoy-to-belarus-will-visit-lithuania-120222280,,
1896,2026-03-23,2026-03-23 20:00:00+00:00,0.4015298691139118,0.5050321817398071,0.09102293123622575,-2.9411764,breitbart.com,Ana Navarro People Will Celebrate When Trump Dies,https://www.breitbart.com/clips/2026/03/23/ana-navarro-people-will-celebrate-when-trump-dies/,,
1897,2026-03-24,2026-03-24 03:00:00+00:00,0.4015298691139118,0.5050321817398071,0.09102293123622575,-2.9411764,breitbart.com,Ana Navarro People Will Celebrate When Trump Dies,https://www.breitbart.com/politics/2026/03/23/ana-navarro-people-will-celebrate-when-trump-dies/,,
1898,2026-03-11,2026-03-11 14:00:00+00:00,0.4015286889613437,0.45752355456352234,0.23354409215480776,3.5363457,globalsecurity.org,China 260311 Pdo01,https://www.globalsecurity.org/wmd/library/news/china/2026/03/china-260311-pdo01.htm,,
1899,2026-03-06,2026-03-06 14:00:00+00:00,0.4015173528903034,0.5106356143951416,0.07416256837578872,-8.357348,domain-b.com,Nexperia China It Disruption 2026,https://www.domain-b.com/technology/technology-general/nexperia-china-it-disruption-2026,,
1900,2026-03-07,2026-03-07 14:00:00+00:00,0.4013805278116582,0.5148307681083679,0.06102980692152923,3.8154392,bignewsnetwork.com,China Focus China Eyes Stronger Push For Common Prosperity As Modernization Drive Enters Pivotal Decade,http://www.bignewsnetwork.com/news/278907577/china-focus-china-eyes-stronger-push-for-common-prosperity-as-modernization-drive-enters-pivotal-decade,,
1901,2026-03-09,2026-03-09 17:00:00+00:00,0.40137587992254486,0.5149173736572266,0.060751398718499716,-6.075949,aol.com,Us China Clash Over Fentanyl 160929052,https://www.aol.com/articles/us-china-clash-over-fentanyl-160929052.html,,
1902,2026-03-05,2026-03-05 07:00:00+00:00,0.4013253670560045,0.4966987371444702,0.11520525679060734,-4.0707965,alternet.org,Slurring Trump,https://www.alternet.org/slurring-trump/,,
1903,2026-03-17,2026-03-17 13:00:00+00:00,0.40124906754488543,0.5024792551994324,0.09755850458124456,-1.5151515,nigerianeye.com,Why Eu Will Not Help Trump Fight Iran,https://www.nigerianeye.com/2026/03/why-eu-will-not-help-trump-fight-iran.html,,
1904,2026-03-04,2026-03-04 10:00:00+00:00,0.4012410012964098,0.5149298906326294,0.06017433328775115,3.7037036,sentinelassam.com,Vice President C P Radhakrishnan To Visit Tripura On March 78,https://www.sentinelassam.com/breakingnews/vice-president-c-p-radhakrishnan-to-visit-tripura-on-march-78,,
1905,2026-03-16,2026-03-16 17:00:00+00:00,0.40122887458669376,0.49657008051872253,0.11520525679060734,-5.0819674,yahoo.com,Trump Inner Circle Showing Buyer 162610940,https://www.yahoo.com/news/articles/trump-inner-circle-showing-buyer-162610940.html,,
1906,2026-03-16,2026-03-16 21:00:00+00:00,0.4011852986065777,0.5139795541763306,0.06280253189731899,-1.2195122,latimes.com,Supreme Court Will Rule On Trumps Plan To End Temporary Protection For Haitians Syrians,https://www.latimes.com/politics/story/2026-03-16/supreme-court-will-rule-on-trumps-plan-to-end-temporary-protection-for-haitians-syrians,,
1907,2026-03-15,2026-03-15 13:00:00+00:00,0.4011712318759891,0.513316810131073,0.06473449711073741,5.714286,bignewsnetwork.com,China Focus China Advances Ai Powered Digital Healthcare For Higher Medical Efficiency Accessibility,http://www.bignewsnetwork.com/news/278923414/china-focus-china-advances-ai-powered-digital-healthcare-for-higher-medical-efficiency-accessibility,,
1908,2026-03-04,2026-03-04 13:00:00+00:00,0.4011614137843703,0.5137178897857666,0.06349198578018156,-9.722222,dawn.com,Trump Says Will Cut Off All Trade With Spain Over Nato Iran,https://www.dawn.com/news/1977969/trump-says-will-cut-off-all-trade-with-spain-over-nato-iran,,
1909,2026-03-07,2026-03-07 08:00:00+00:00,0.40113834331958315,0.5147764086723328,0.060224147261334245,-0.56657225,yahoo.com,China Pivots Ai Manage Record 074817525,https://finance.yahoo.com/news/china-pivots-ai-manage-record-074817525.html,,
1910,2026-03-09,2026-03-09 19:00:00+00:00,0.4011178469643411,0.5019906759262085,0.09849936007873894,1.4018692,mediaite.com,I Will Raise Up The Trump Trump Promotes Wild 2007 Prophesy,https://www.mediaite.com/media/news/i-will-raise-up-the-trump-trump-promotes-wild-2007-prophesy/,,
1911,2026-03-06,2026-03-06 05:00:00+00:00,0.40108945446101907,0.5146915912628174,0.060283044055624166,6.382979,dailynews.co.zw,China Reaffirms Lifelong Health Sector Support,https://dailynews.co.zw/china-reaffirms-lifelong-health-sector-support/,,
1912,2026-03-09,2026-03-09 16:00:00+00:00,0.4010876122754062,0.5102105736732483,0.07371872808187982,-7.153966,theroot.com,As Trump Goes To War With Iran Black Americans Will Pa 2000093328,https://www.theroot.com/as-trump-goes-to-war-with-iran-black-americans-will-pa-2000093328,,
1913,2026-03-17,2026-03-17 06:00:00+00:00,0.401078112088315,0.49636906385421753,0.11520525679060734,0.0,politicaldog101.com,Syrians Trump,https://politicaldog101.com/tag/syrians-trump/,,
1914,2026-03-21,2026-03-21 12:00:00+00:00,0.4009805348456668,0.4567926824092865,0.23354409215480776,2.3011177,globalsecurity.org,China 260320 Prc Mofab01,https://www.globalsecurity.org/wmd/library/news/china/2026/03/china-260320-prc-mofab01.htm,,
1915,2026-03-22,2026-03-22 18:00:00+00:00,0.4009480696545763,0.4961956739425659,0.11520525679060734,-5.0164475,alternet.org,Trump Betrayal,https://www.alternet.org/trump-betrayal/,,
1916,2026-03-13,2026-03-13 02:00:00+00:00,0.40087529808820205,0.5095998048782349,0.07470177771810359,0.0,dailykos.com,Will The Trump Regime Successfully Rig And Steal The Midterms Highly Unlikely And Here S Why,https://www.dailykos.com/stories/2026/3/12/2372934/-Will-the-Trump-regime-successfully-rig-and-steal-the-midterms-Highly-unlikely-And-here-s-why,,
1917,2026-03-23,2026-03-23 22:00:00+00:00,0.40085333339943224,0.513461172580719,0.06302981585557205,-3.0,kpcw.org,Pc Chamber Updates Tourism And Tax Data 2026 Olympic Visit,https://www.kpcw.org/show/local-news-hour/2026-03-23/pc-chamber-updates-tourism-and-tax-data-2026-olympic-visit,,
1918,2026-03-17,2026-03-17 12:00:00+00:00,0.40081954211868204,0.5059818029403687,0.08533275965362218,-2.4725275,rappler.com,China Espionage Network Worrisome Gibo Teodoro,https://www.rappler.com/philippines/china-espionage-network-worrisome-gibo-teodoro/,,
1919,2026-03-09,2026-03-09 08:00:00+00:00,0.40069585094847526,0.5136131048202515,0.06194408933314655,-1.0067114,rttnews.com,China Inflation Strongest Since Early 2023,https://www.rttnews.com/3628859/china-inflation-strongest-since-early-2023.aspx,,
1920,2026-03-19,2026-03-19 06:00:00+00:00,0.4006836125146354,0.509757399559021,0.07346225138147873,2.4077046,aninews.in,President Droupadi Murmu To Visit Ayodhya Offer Prayers At Ram Janmabhoomi Temple20260319094632,https://aninews.in/news/national/general-news/president-droupadi-murmu-to-visit-ayodhya-offer-prayers-at-ram-janmabhoomi-temple20260319094632/,,
1921,2026-03-06,2026-03-06 20:00:00+00:00,0.40066739503229853,0.5107358694076538,0.07046197190623278,-0.13755158,grenadachronicle.com,Irans Future Will Be Determined By Iranians Not Trump Officials Say,https://grenadachronicle.com/irans-future-will-be-determined-by-iranians-not-trump-officials-say/,,
1922,2026-03-06,2026-03-06 20:00:00+00:00,0.40066739503229853,0.5107358694076538,0.07046197190623278,-0.13755158,aljazeera.com,Irans Future Will Be Determined By Iranians Not Trump Officials Say,https://www.aljazeera.com/news/2026/3/6/irans-future-will-be-determined-by-iranians-not-trump-officials-say,,
1923,2026-03-13,2026-03-13 22:00:00+00:00,0.40053933274037073,0.5140279531478882,0.060073471517818326,-5.7220707,bgr.com,China Ai Panda Detecting Cancer Doctors Might Miss,https://www.bgr.com/2119159/china-ai-panda-detecting-cancer-doctors-might-miss/,,
1924,2026-03-24,2026-03-24 22:00:00+00:00,0.4005004000398014,0.49469971656799316,0.11790245045522611,2.017291,rcrwireless.com,China Unicom Ai,https://www.rcrwireless.com/20260324/5g/china-unicom-ai,,
1925,2026-03-08,2026-03-08 08:00:00+00:00,0.400446987424139,0.5089002847671509,0.07508709539510337,-4.0740743,athens-times.com,Donald Trump I Dont Think Anyone Will Be Left To Surrender To Iran,https://athens-times.com/donald-trump-i-dont-think-anyone-will-be-left-to-surrender-to-iran/,,
1926,2026-03-16,2026-03-16 11:00:00+00:00,0.4004091572702693,0.45603084564208984,0.23354409215480776,5.4744525,globalsecurity.org,China 260316 Pdo01,https://www.globalsecurity.org/wmd/library/news/china/2026/03/china-260316-pdo01.htm,,
1927,2026-03-19,2026-03-19 06:00:00+00:00,0.4002770549528584,0.509581446647644,0.07236387986850162,0.0,dailykos.com,Iran War Week 3 Trump Micro Managing His Dumb Threats Because He Will Kill Us All,https://www.dailykos.com/stories/2026/3/18/2373821/-Iran-War-Week-3-Trump-micro-managing-his-dumb-threats-because-he-will-kill-us-all,,
1928,2026-03-06,2026-03-06 11:00:00+00:00,0.40023152724225863,0.5082687139511108,0.07611996711570197,4.8327136,romania-insider.com,Nicusor Dan Visit Warsaw March 2026,https://www.romania-insider.com/nicusor-dan-visit-warsaw-march-2026,,
1929,2026-03-22,2026-03-22 15:00:00+00:00,0.40021988272078507,0.45577847957611084,0.23354409215480776,4.7619047,globalsecurity.org,China 260322 Pdo01,https://www.globalsecurity.org/wmd/library/news/china/2026/03/china-260322-pdo01.htm,,
1930,2026-03-20,2026-03-20 16:00:00+00:00,0.40020215964849054,0.5135188698768616,0.06025202896337753,-4.3209877,euronews.com,Trumps Disdain For Renewables Will Make Us Biggest Short Term Loser Of Iran War Warns Expe,https://www.euronews.com/2026/03/20/trumps-disdain-for-renewables-will-make-us-biggest-short-term-loser-of-iran-war-warns-expe,,
1931,2026-03-05,2026-03-05 09:00:00+00:00,0.4001082490507697,0.5089660286903381,0.07353491013206445,0.84745765,marketscreener.com,China S Top Chip Bosses Urge Supportive Policies To Create China S Asml Ce7E5Fdad088Ff23,https://www.marketscreener.com/news/china-s-top-chip-bosses-urge-supportive-policies-to-create-china-s-asml-ce7e5fdad088ff23,,
1932,2026-03-19,2026-03-19 17:00:00+00:00,0.400091404396188,0.506234884262085,0.08166096479849715,-4.3956046,bignewsnetwork.com,Trump Says He Will Not Put Troops In Iran,http://www.bignewsnetwork.com/news/278932281/trump-says-he-will-not-put-troops-in-iran,,
1933,2026-03-10,2026-03-10 05:00:00+00:00,0.40007536475164107,0.509303867816925,0.07238985555578918,-3.9215686,wn.com,Trump Vows Iran War Will End Very Soon 2,https://article.wn.com/view/2026/03/10/Trump_vows_Iran_war_will_end_very_soon_2/,,
1934,2026-03-05,2026-03-05 01:00:00+00:00,0.4000345706438126,0.5104707479476929,0.06872603873217181,-7.246377,theepochtimes.com,China Amplifies Covert Ai Campaigns To Deeply Infiltrate Democracies Analysts 5994019,https://www.theepochtimes.com/china/china-amplifies-covert-ai-campaigns-to-deeply-infiltrate-democracies-analysts-5994019,,
1935,2026-03-11,2026-03-11 22:00:00+00:00,0.4000175787551366,0.5130627751350403,0.06088198961542551,-1.9920319,bignewsnetwork.com,Trump Sends Mixed Messages On When Strikes On Iran Will End,http://www.bignewsnetwork.com/news/278916316/trump-sends-mixed-messages-on-when-strikes-on-iran-will-end,,
1936,2026-03-23,2026-03-23 16:00:00+00:00,0.3999576738508165,0.5080606937408447,0.07564861418073174,-6.6666665,middleeasteye.net,Trump Suggests Price Oil Will Drop Rock If Deal Iran Made,https://www.middleeasteye.net/live-blog/live-blog-update/trump-suggests-price-oil-will-drop-rock-if-deal-iran-made,,
1937,2026-03-17,2026-03-17 00:00:00+00:00,0.3999397012669057,0.5081888437271118,0.07519227388628724,0.0,dailykos.com,Trump S Art Of The Deal Do What I Want Or Your People Will Die,https://www.dailykos.com/stories/2026/3/16/2373444/-Trump-s-art-of-the-deal-Do-what-I-want-or-your-people-will-die,,
1938,2026-03-19,2026-03-19 14:00:00+00:00,0.39992601775315106,0.5060591101646423,0.0815267405186772,3.2608695,en.apa.az,Coale Mentions Preparations For Lukashenkos Possible Visit To Usa 497661,https://en.apa.az/cis-countries/coale-mentions-preparations-for-lukashenkos-possible-visit-to-usa-497661,,
1939,2026-03-25,2026-03-25 20:00:00+00:00,0.39977639369382306,0.5112301111221313,0.06541524140889818,-10.714286,wn.com,Trump Will Hit Iran Harder If It Rejects Military Defeat Whi,https://article.wn.com/view/2026/03/25/Trump_will_hit_Iran_harder_if_it_rejects_military_defeat_Whi/,,
1940,2026-03-07,2026-03-07 10:00:00+00:00,0.3997432908895796,0.5099589824676514,0.06909621615536435,0.5988024,en.apa.az,Cmo Chairman To Pay Visit To Rome 495530,https://en.apa.az/religion/cmo-chairman-to-pay-visit-to-rome-495530,,
1941,2026-03-06,2026-03-06 06:00:00+00:00,0.3997403631722124,0.511650562286377,0.0640097658297188,-3.1506848,lewrockwell.com,The Third Gulf War Will Greatly Expand If Trump Plays The Kurdish Card,https://www.lewrockwell.com/2026/03/no_author/the-third-gulf-war-will-greatly-expand-if-trump-plays-the-kurdish-card/,,
1942,2026-03-09,2026-03-09 22:00:00+00:00,0.3997228629727522,0.5115795731544495,0.06415273242766052,-3.4482758,cnbctv18.com,Mideast War Will Be Short Term Trump To Republican House Members Ws L 19865057,https://www.cnbctv18.com/world/mideast-war-will-be-short-term-trump-to-republican-house-members-ws-l-19865057.htm,,
1943,2026-03-16,2026-03-16 21:00:00+00:00,0.3997012863475871,0.5012152194976807,0.09515948689730647,-3.1084657,scotusblog.com,Justices Will Hear Argument On Trump Administrations Removal Of Protected Status For Syrian And Haitian Nationals,https://www.scotusblog.com/2026/03/justices-will-hear-argument-on-trump-administrations-removal-of-protected-status-for-syrian-and-haitian-nationals/,,
1944,2026-03-04,2026-03-04 14:00:00+00:00,0.3996115796583097,0.5075343251228333,0.07584334326473892,-4.83871,sej.org,Trump Bets Energy Dominance Will Make War Iran Less Costly,https://www.sej.org/headlines/trump-bets-energy-dominance-will-make-war-iran-less-costly,,
1945,2026-03-06,2026-03-06 13:00:00+00:00,0.39959563301146084,0.5125911235809326,0.0606091613030455,4.4491525,sb.by,Minsk China Identified Co Operation Priorities,https://www.sb.by/en/minsk-china-identified-co-operation-priorities.html,,
1946,2026-03-22,2026-03-22 03:00:00+00:00,0.39959501288694765,0.5096027851104736,0.0695716962163698,-2.688172,newkerala.com,Us Will Obliterate Irans Power Plants Trump Gives 210,https://www.newkerala.com/news/a/us-will-obliterate-irans-power-plants-trump-gives-210.htm,,
1947,2026-03-22,2026-03-22 15:00:00+00:00,0.3995102256096333,0.5036612749099731,0.08705707770861375,-2.1818182,battellemedia.com,Google China Congress Wakes Up,https://battellemedia.com/archives/2006/01/google_china_congress_wakes_up,,
1948,2026-03-18,2026-03-18 04:00:00+00:00,0.3995063351332719,0.5053895115852356,0.08185680577738078,-0.9153318,yahoo.com,Soybeans Collapsing Midday China Uncertainty 171711508,https://finance.yahoo.com/news/soybeans-collapsing-midday-china-uncertainty-171711508.html,,
1949,2026-03-08,2026-03-08 09:00:00+00:00,0.3994724871683057,0.5107598304748535,0.06561045724866228,-2.2135417,azerbaijannews.net,Trump Slams Uk S Starmer Says Lack Of Support Will Be Remembered,http://www.azerbaijannews.net/news/278908207/trump-slams-uk-s-starmer-says-lack-of-support-will-be-remembered,,
1950,2026-03-08,2026-03-08 09:00:00+00:00,0.3994724871683057,0.5107598304748535,0.06561045724866228,-2.2135417,bruneinews.net,Trump Slams Uk S Starmer Says Lack Of Support Will Be Remembered,http://www.bruneinews.net/news/278908207/trump-slams-uk-s-starmer-says-lack-of-support-will-be-remembered,,
1951,2026-03-08,2026-03-08 09:00:00+00:00,0.3994724871683057,0.5107598304748535,0.06561045724866228,-2.2135417,britainnews.net,Trump Slams Uk S Starmer Says Lack Of Support Will Be Remembered,http://www.britainnews.net/news/278908207/trump-slams-uk-s-starmer-says-lack-of-support-will-be-remembered,,
1952,2026-03-08,2026-03-08 10:00:00+00:00,0.3994724871683057,0.5107598304748535,0.06561045724866228,-2.2135417,afghanistannews.net,Trump Slams Uk S Starmer Says Lack Of Support Will Be Remembered,http://www.afghanistannews.net/news/278908207/trump-slams-uk-s-starmer-says-lack-of-support-will-be-remembered,,
1953,2026-03-08,2026-03-08 09:00:00+00:00,0.3994724871683057,0.5107598304748535,0.06561045724866228,-2.2135417,shanghainews.net,Trump Slams Uk S Starmer Says Lack Of Support Will Be Remembered,http://www.shanghainews.net/news/278908207/trump-slams-uk-s-starmer-says-lack-of-support-will-be-remembered,,
1954,2026-03-08,2026-03-08 06:00:00+00:00,0.3994724871683057,0.5107598304748535,0.06561045724866228,-2.2135417,myanmarnews.net,Trump Slams Uk S Starmer Says Lack Of Support Will Be Remembered,http://www.myanmarnews.net/news/278908207/trump-slams-uk-s-starmer-says-lack-of-support-will-be-remembered,,
1955,2026-03-08,2026-03-08 06:00:00+00:00,0.3994724871683057,0.5107598304748535,0.06561045724866228,-2.2135417,laosnews.net,Trump Slams Uk S Starmer Says Lack Of Support Will Be Remembered,http://www.laosnews.net/news/278908207/trump-slams-uk-s-starmer-says-lack-of-support-will-be-remembered,,
1956,2026-03-08,2026-03-08 10:00:00+00:00,0.3994724871683057,0.5107598304748535,0.06561045724866228,-2.2135417,thailandnews.net,Trump Slams Uk S Starmer Says Lack Of Support Will Be Remembered,http://www.thailandnews.net/news/278908207/trump-slams-uk-s-starmer-says-lack-of-support-will-be-remembered,,
1957,2026-03-08,2026-03-08 08:00:00+00:00,0.3994724871683057,0.5107598304748535,0.06561045724866228,-2.2135417,calcuttanews.net,Trump Slams Uk S Starmer Says Lack Of Support Will Be Remembered,http://www.calcuttanews.net/news/278908207/trump-slams-uk-s-starmer-says-lack-of-support-will-be-remembered,,
1958,2026-03-08,2026-03-08 10:00:00+00:00,0.3994724871683057,0.5107598304748535,0.06561045724866228,-2.2135417,australiannews.net,Trump Slams Uk S Starmer Says Lack Of Support Will Be Remembered,http://www.australiannews.net/news/278908207/trump-slams-uk-s-starmer-says-lack-of-support-will-be-remembered,,
1959,2026-03-19,2026-03-19 12:00:00+00:00,0.39943000460749145,0.5116963386535645,0.06263100246927253,-1.9174899,china-briefing.com,China Annual Iit Reconciliation 2026 Guide,https://www.china-briefing.com/news/china-annual-iit-reconciliation-2026-guide/,,
1960,2026-03-04,2026-03-04 16:00:00+00:00,0.39942377027141285,0.49416327476501465,0.11520525679060734,-9.268292,rawstory.com,Trump Supporter 2675552740,https://www.rawstory.com/trump-supporter-2675552740/,,
1961,2026-03-07,2026-03-07 07:00:00+00:00,0.3993922316739285,0.4956344664096832,0.11066552746666446,-0.45330915,irishtimes.com,Mark Oconnell Will Americans Want To Visit A Richard Nixon Interpretive Centre Just Outside Naas,https://www.irishtimes.com/opinion/2026/03/08/mark-oconnell-will-americans-want-to-visit-a-richard-nixon-interpretive-centre-just-outside-naas/,,
1962,2026-03-04,2026-03-04 23:00:00+00:00,0.3993092892146622,0.5097457766532898,0.0679998268987793,1.8518518,labelsandlabeling.com,China Growth Amid Challenges,http://www.labelsandlabeling.com/features/market-trends/china-growth-amid-challenges,,
1963,2026-03-24,2026-03-24 12:00:00+00:00,0.399293495449667,0.5094232559204102,0.06890421403743754,-5.0556116,courant.com,Robert B Reich Why Trump Will Surrender Soon But Hell Call It A Great Victory,https://www.courant.com/2026/03/24/robert-b-reich-why-trump-will-surrender-soon-but-hell-call-it-a-great-victory/,,
1964,2026-03-17,2026-03-17 01:00:00+00:00,0.39928200565798544,0.5113704204559326,0.06301676126414393,-3.2258065,wn.com,Wont Be Long Trump Says Iran War Will End Soon But Likely No,https://article.wn.com/view/2026/03/17/Wont_be_long_Trump_says_Iran_war_will_end_soon_but_likely_no/,,
1965,2026-03-10,2026-03-10 18:00:00+00:00,0.39926481582929507,0.5122698545455933,0.06024969968040044,-3.0283506,aninews.in,Only God And Trump Know When War Will Begin And End Ex Mos Mea Mj Akbar Over West Asia Crisis20260310230539,https://aninews.in/news/world/asia/only-god-and-trump-know-when-war-will-begin-and-end-ex-mos-mea-mj-akbar-over-west-asia-crisis20260310230539/,,
1966,2026-03-24,2026-03-24 23:00:00+00:00,0.39921624455600757,0.504073977470398,0.08464304581283633,-2.0,wn.com,Israel Doubts Iran Will Agree To Trumps Demands,https://article.wn.com/view/2026/03/24/Israel_doubts_Iran_will_agree_to_Trumps_demands/,,
1967,2026-03-11,2026-03-11 18:00:00+00:00,0.3992153272861073,0.5094982385635376,0.06836659345381653,-3.1007752,en.apa.az,Trump Us Will Continue To Strike Iran With The Same Force 496230,https://en.apa.az/america/trump-us-will-continue-to-strike-iran-with-the-same-force-496230,,
1968,2026-03-12,2026-03-12 14:00:00+00:00,0.39918718754656785,0.45440155267715454,0.23354409215480776,3.6798527,globalsecurity.org,China 260312 Pdo01,https://www.globalsecurity.org/wmd/library/news/china/2026/03/china-260312-pdo01.htm,,
1969,2026-03-09,2026-03-09 01:00:00+00:00,0.3991691309318187,0.5038461089134216,0.08513819698700992,-1.5281174,theguardian.com,Kasasa Island Japan China Tension,https://www.theguardian.com/world/2026/mar/09/kasasa-island-japan-china-tension,,
1970,2026-03-17,2026-03-17 22:00:00+00:00,0.39911200817691517,0.4937475919723511,0.11520525679060734,-4.4326243,hollywoodreporter.com,Larry Ellison Trump Warner Bros Jeff Shell 1236536672,https://www.hollywoodreporter.com/business/business-news/larry-ellison-trump-warner-bros-jeff-shell-1236536672/,,
1971,2026-03-17,2026-03-17 16:00:00+00:00,0.3991074602208447,0.5047879219055176,0.08206607516682608,-3.5714285,chinatechnews.com,117443 Ph Cry China Crush America Now,https://www.chinatechnews.com/2026/03/18/117443-ph-cry-china-crush-america-now,,
1972,2026-03-05,2026-03-05 19:00:00+00:00,0.3990683245120043,0.5116424560546875,0.06134592988395471,0.70422536,gamereactor.eu,Sanchez Wont Help Trump But Will Help Europe Spain Sends Warship Toward Cyprus 1685503,https://www.gamereactor.eu/sanchez-wont-help-trump-but-will-help-europe-spain-sends-warship-toward-cyprus-1685503/,,
1973,2026-03-12,2026-03-12 00:00:00+00:00,0.39897345828742314,0.5030181407928467,0.08683941077115252,-1.6129032,gazetaexpress.com,Trump Says Iran Operations Will Lower Oil Prices,https://www.gazetaexpress.com/en/Trump-says-Iran-operations-will-lower-oil-prices/,,
1974,2026-03-19,2026-03-19 08:00:00+00:00,0.3989729186339235,0.5093286037445068,0.06790586330217348,-1.6722409,yahoo.com,China Offers Southeast Asia Energy 081951444,https://www.yahoo.com/news/articles/china-offers-southeast-asia-energy-081951444.html,,
1975,2026-03-10,2026-03-10 17:00:00+00:00,0.39894553828779167,0.506901204586029,0.07507853939307957,-1.4925373,washingtonblade.com,Trump Will Refuse To Sign Voting Bill Without Anti Trans Provisions,https://www.washingtonblade.com/2026/03/10/trump-will-refuse-to-sign-voting-bill-without-anti-trans-provisions/,,
1976,2026-03-10,2026-03-10 20:00:00+00:00,0.39894553828779167,0.506901204586029,0.07507853939307957,-1.4925373,epgn.com,Trump Will Refuse To Sign Voting Bill Without Anti Trans Provisions,https://epgn.com/2026/03/10/trump-will-refuse-to-sign-voting-bill-without-anti-trans-provisions/,,
1977,2026-03-19,2026-03-19 04:00:00+00:00,0.39891624368340006,0.5104305744171143,0.06437325148225759,-5.4704595,orissapost.com,Trump Says Us Will Retaliate If Iran Attacks Qatar Again,https://www.orissapost.com/trump-says-us-will-retaliate-if-iran-attacks-qatar-again/,,
1978,2026-03-12,2026-03-12 02:00:00+00:00,0.3989103395473462,0.5044200420379639,0.08238123207549329,2.097902,scoop.co.nz,Pm To Visit Samoa And Tonga,https://pacific.scoop.co.nz/2026/03/pm-to-visit-samoa-and-tonga/,,
1979,2026-03-11,2026-03-11 22:00:00+00:00,0.3989103395473462,0.5044200420379639,0.08238123207549329,2.1604939,scoop.co.nz,Pm To Visit Samoa And Tonga,https://www.scoop.co.nz/stories/PA2603/S00070/pm-to-visit-samoa-and-tonga.htm,,
1980,2026-03-12,2026-03-12 03:00:00+00:00,0.3989103395473462,0.5044200420379639,0.08238123207549329,2.3809524,scoop.co.nz,Pm To Visit Samoa And Tonga,https://auckland.scoop.co.nz/2026/03/pm-to-visit-samoa-and-tonga/,,
1981,2026-03-04,2026-03-04 20:00:00+00:00,0.3988706210165658,0.5113042593002319,0.061569706165567374,2.1367521,wdiy.org,The Presidential Phone Call And Visit Something To Say,https://www.wdiy.org/show/something-to-say/2026-03-04/the-presidential-phone-call-and-visit-something-to-say,,
1982,2026-03-11,2026-03-11 17:00:00+00:00,0.39883417742649874,0.5044296383857727,0.0820477945486768,-2.1505377,theepochtimes.com,China Publicizes Alleged Defection Plot Amid Intensifying Us China Intelligence Rivalry 5997038,https://www.theepochtimes.com/china/china-publicizes-alleged-defection-plot-amid-intensifying-us-china-intelligence-rivalry-5997038,,
1983,2026-03-16,2026-03-16 05:00:00+00:00,0.39881407863924795,0.5116046667098999,0.060442314427292,-3.7694013,morningstar.com,Dow Jones Top Energy Headlines At 12 Am Et Oil Industry Warns Trump Administration That Fuel Crunch Will Likely Worsen White,https://www.morningstar.com/news/dow-jones/2026031664/dow-jones-top-energy-headlines-at-12-am-et-oil-industry-warns-trump-administration-that-fuel-crunch-will-likely-worsen-white,,
1984,2026-03-07,2026-03-07 16:00:00+00:00,0.39881025966273975,0.4933452606201172,0.11520525679060734,5.6603775,rt.com,591411 Trump Bukele Joven Apuesto,https://actualidad.rt.com/actualidad/591411-trump-bukele-joven-apuesto,,
1985,2026-03-04,2026-03-04 19:00:00+00:00,0.39875838549488035,0.5075351595878601,0.07242806321594102,-1.3037809,zerohedge.com,Watch Bessent Teases Series Announcements Stabilize Oil Says Trumps 15 Tariff Will Kick,https://www.zerohedge.com/political/watch-bessent-teases-series-announcements-stabilize-oil-says-trumps-15-tariff-will-kick,,
1986,2026-03-23,2026-03-23 17:00:00+00:00,0.3987549694065832,0.502722978591919,0.08685094185057615,6.1728396,en.apa.az,Trump Says Us Will Demand Enriched Uranium From Iran 498012,https://en.apa.az/america/trump-says-us-will-demand-enriched-uranium-from-iran-498012,,
1987,2026-03-25,2026-03-25 17:00:00+00:00,0.39873026895798847,0.5075416564941406,0.07229610634953205,0.30349013,newsweek.com,Satellite Photos China Manmade Island Disputed Waters Antelope Reef 11733191,https://www.newsweek.com/satellite-photos-china-manmade-island-disputed-waters-antelope-reef-11733191,,
1988,2026-03-13,2026-03-13 18:00:00+00:00,0.39853711740507103,0.49184635281562805,0.11860941117339992,-3.2258065,gulfnews.com,Us Will Not Impose Steep Duties On Battery Material From China 1.500472809,https://gulfnews.com/business/energy/us-will-not-impose-steep-duties-on-battery-material-from-china-1.500472809,,
1989,2026-03-18,2026-03-18 12:00:00+00:00,0.39847108622789973,0.5095118284225464,0.06534885964395969,-2.5270758,breitbart.com,Gop Rep Bacon There Will Be Gop Civil War If Trump Withdraws U S From Nato,https://www.breitbart.com/clips/2026/03/17/gop-rep-bacon-there-will-be-gop-civil-war-if-trump-withdraws-u-s-from-nato/,,
1990,2026-03-18,2026-03-18 21:00:00+00:00,0.39846959748914285,0.5109550356864929,0.061013282897092624,0.14184397,timeshighereducation.com,New Zealand China Education Ties Risk Faltering,https://www.timeshighereducation.com/news/new-zealand-china-education-ties-risk-faltering,,
1991,2026-03-23,2026-03-23 05:00:00+00:00,0.3984058594988014,0.4838256239891052,0.14214656602789008,5.7416267,punchng.com,Uk Visit History Will Be Kind To Tinubu Jimoh Ibrahim,https://punchng.com/uk-visit-history-will-be-kind-to-tinubu-jimoh-ibrahim/,,
1992,2026-03-20,2026-03-20 18:00:00+00:00,0.39834503050910663,0.4927249550819397,0.11520525679060734,-3.7815125,rawstory.com,Trump Indictment,https://www.rawstory.com/trump-indictment/,,
1993,2026-03-25,2026-03-25 05:00:00+00:00,0.3982502810206187,0.5074172019958496,0.07074951809492594,0.0,channelnewsasia.com,China Ai Tech Hubs Plan Involution 6013626,https://www.channelnewsasia.com/east-asia/china-ai-tech-hubs-plan-involution-6013626,,
1994,2026-03-16,2026-03-16 23:00:00+00:00,0.3982386874704739,0.4995695948600769,0.0942459653016649,5.1671734,miragenews.com,Visit To Philippines 1638018,https://www.miragenews.com/visit-to-philippines-1638018/,,
1995,2026-03-23,2026-03-23 12:00:00+00:00,0.39821920185029847,0.5077000856399536,0.06977655048133305,0.0,scmp.com,Trump Says Us Will Halt Military Strikes Iranian Power Plants 5 Days,https://www.scmp.com/news/china/diplomacy/article/3347612/trump-says-us-will-halt-military-strikes-iranian-power-plants-5-days,,
1996,2026-03-06,2026-03-06 15:00:00+00:00,0.3981968695996024,0.46730154752731323,0.19088283581646984,-0.5714286,musketfire.com,Will Campbell Suddenly Faces Patriots Pressure Following Revealing Visit 01Kjzm59J7Mq,https://musketfire.com/will-campbell-suddenly-faces-patriots-pressure-following-revealing-visit-01kjzm59j7mq,,
1997,2026-03-08,2026-03-08 08:00:00+00:00,0.39817040828320505,0.5052273869514465,0.07699947227848061,-0.78585464,ianslive.in,Finnish Prez Alexander Stubb Concludes Fruitful India Visit  20260308121608,https://ianslive.in/finnish-prez-alexander-stubb-concludes-fruitful-india-visit--20260308121608,,
1998,2026-03-24,2026-03-24 20:00:00+00:00,0.3981095268056827,0.5102918744087219,0.061562483996565,-5.172414,ibtimes.co.uk,Israel Shuts Down Trumps Peace Talk Claims Iran Will Continue Strikes Full Intensity 1788039,https://www.ibtimes.co.uk/israel-shuts-down-trumps-peace-talk-claims-iran-will-continue-strikes-full-intensity-1788039,,
1999,2026-03-24,2026-03-24 20:00:00+00:00,0.3980644947383758,0.5073156356811523,0.07031107191004621,0.0,flightglobal.com,Indonesia To Order 16 Kf 21 Fighters During Presidential Visit Yonhap,https://www.flightglobal.com/fixed-wing/2026/03/indonesia-to-order-16-kf-21-fighters-during-presidential-visit-yonhap/,,
2000,2026-03-13,2026-03-13 11:00:00+00:00,0.39806091751920414,0.4923461377620697,0.11520525679060734,-3.9927404,alternet.org,Cornered Trump,https://www.alternet.org/cornered-trump/,,
2001,2026-03-06,2026-03-06 17:00:00+00:00,0.39805807606820515,0.495414137840271,0.10598989075200757,-7.4074073,punchng.com,Cubas Government Will Fall Pretty Soon Trump,https://punchng.com/cubas-government-will-fall-pretty-soon-trump/,,
2002,2026-03-23,2026-03-23 20:00:00+00:00,0.39788991379052063,0.5097293257713318,0.06237167784808708,-2.8132992,mediaite.com,The Views Ana Navarro Warns Trump That People Will Celebrate His Death After Robert Mueller Firestorm,https://www.mediaite.com/media/news/the-views-ana-navarro-warns-trump-that-people-will-celebrate-his-death-after-robert-mueller-firestorm/,,
2003,2026-03-16,2026-03-16 15:00:00+00:00,0.39786497278426347,0.4967364966869354,0.10125040107624762,-1.3297873,wmal.com,Gas Prices Will Stay High A Few More Weeks But Will Drop After War Trump Energy Secretary Says,https://www.wmal.com/2026/03/16/gas-prices-will-stay-high-a-few-more-weeks-but-will-drop-after-war-trump-energy-secretary-says/,,
2004,2026-03-19,2026-03-19 02:00:00+00:00,0.39778633826919063,0.5005708932876587,0.08943267321378641,4.0712466,theindependent.co.zw,Zimbabwe China Deepen Military Ties,https://www.theindependent.co.zw/local-news/article/200030294/zimbabwe-china-deepen-military-ties,,
2005,2026-03-16,2026-03-16 08:00:00+00:00,0.39772610020511473,0.5022430419921875,0.08417527484389642,0.45351472,express.co.uk,China Launches 30Bn Megastore Uk Jdcom,https://www.express.co.uk/news/uk/2182604/china-launches-30bn-megastore-uk-jdcom,,
2006,2026-03-12,2026-03-12 17:00:00+00:00,0.397716392298377,0.5084969401359558,0.06537474878564066,5.249344,finanznachrichten.de,67929988 Medialinks Tv Llc Cgtn America Cctv Un China In Springtime China S Development Opportunities For The World 008,https://www.finanznachrichten.de/nachrichten-2026-03/67929988-medialinks-tv-llc-cgtn-america-cctv-un-china-in-springtime-china-s-development-opportunities-for-the-world-008.htm,,
2007,2026-03-17,2026-03-17 18:00:00+00:00,0.39771145714041045,0.5065159797668457,0.07129788926110477,0.0,newstalkkit.com,China Buying More Ag,https://newstalkkit.com/ixp/1144/p/china-buying-more-ag/,,
2008,2026-03-16,2026-03-16 15:00:00+00:00,0.3976908209308428,0.509946346282959,0.06092424487449421,-4.805195,stratfordobserver.co.uk,Starmer Insists Britain Will Not Join Iran War As Tensions Grow With Trump National News 60719,https://stratfordobserver.co.uk/news/starmer-insists-britain-will-not-join-iran-war-as-tensions-grow-with-trump-national-news-60719/,,
2009,2026-03-16,2026-03-16 17:00:00+00:00,0.3976908209308428,0.509946346282959,0.06092424487449421,-4.805195,leamingtonobserver.co.uk,Starmer Insists Britain Will Not Join Iran War As Tensions Grow With Trump National News 60719,https://leamingtonobserver.co.uk/news/starmer-insists-britain-will-not-join-iran-war-as-tensions-grow-with-trump-national-news-60719/,,
2010,2026-03-16,2026-03-16 14:00:00+00:00,0.3976908209308428,0.509946346282959,0.06092424487449421,-4.805195,droitwichstandard.co.uk,Starmer Insists Britain Will Not Join Iran War As Tensions Grow With Trump National News 60719,https://droitwichstandard.co.uk/news/starmer-insists-britain-will-not-join-iran-war-as-tensions-grow-with-trump-national-news-60719/,,
2011,2026-03-16,2026-03-16 14:00:00+00:00,0.3976908209308428,0.509946346282959,0.06092424487449421,-4.805195,coventryobserver.co.uk,Starmer Insists Britain Will Not Join Iran War As Tensions Grow With Trump National News 60719,https://coventryobserver.co.uk/news/starmer-insists-britain-will-not-join-iran-war-as-tensions-grow-with-trump-national-news-60719/,,
2012,2026-03-16,2026-03-16 15:00:00+00:00,0.3976908209308428,0.509946346282959,0.06092424487449421,-4.805195,bromsgrovestandard.co.uk,Starmer Insists Britain Will Not Join Iran War As Tensions Grow With Trump National News 60719,https://bromsgrovestandard.co.uk/news/starmer-insists-britain-will-not-join-iran-war-as-tensions-grow-with-trump-national-news-60719/,,
2013,2026-03-16,2026-03-16 15:00:00+00:00,0.3976908209308428,0.509946346282959,0.06092424487449421,-4.805195,redditchstandard.co.uk,Starmer Insists Britain Will Not Join Iran War As Tensions Grow With Trump National News 60719,https://redditchstandard.co.uk/news/starmer-insists-britain-will-not-join-iran-war-as-tensions-grow-with-trump-national-news-60719/,,
2014,2026-03-16,2026-03-16 20:00:00+00:00,0.3976581602664905,0.5036550760269165,0.07966741298521231,-5.687204,yahoo.com,China Argues Us Abusing Section 000055826,https://www.yahoo.com/news/articles/china-argues-us-abusing-section-000055826.html,,
2015,2026-03-12,2026-03-12 17:00:00+00:00,0.39764697624479206,0.5092412829399109,0.06286405615943558,-0.3976143,dailysignal.com,Trump Says High Oil Prices Will Make Us A Lot Of Money,https://www.dailysignal.com/2026/03/12/trump-says-high-oil-prices-will-make-us-a-lot-of-money/,,
2016,2026-03-21,2026-03-21 21:00:00+00:00,0.39764167390081756,0.5098485946655273,0.06102091160668814,0.46948355,deccanchronicle.com,Modi To Visit Telangana In April Lay Stones For Aiims Mmts Phase 2 1945475,https://www.deccanchronicle.com/southern-states/telangana/modi-to-visit-telangana-in-april-lay-stones-for-aiims-mmts-phase-2-1945475,,
2017,2026-03-17,2026-03-17 05:00:00+00:00,0.3976267097001458,0.5065058469772339,0.07098929786888147,-2.2727273,breitbart.com,Code Red Author Wynton Hall Tells Maria Bartiromo We Must Beat China On Ai Without Becoming China,https://www.breitbart.com/tech/2026/03/16/code-red-author-wynton-hall-tells-maria-bartiromo-we-must-beat-china-on-ai-without-becoming-china/,,
2018,2026-03-16,2026-03-16 18:00:00+00:00,0.3976267097001458,0.5065058469772339,0.07098929786888147,-2.2727273,breitbart.com,Code Red Author Wynton Hall Tells Maria Bartiromo We Must Beat China On Ai Without Becoming China,https://www.breitbart.com/politics/2026/03/16/code-red-author-wynton-hall-tells-maria-bartiromo-we-must-beat-china-on-ai-without-becoming-china/,,
2019,2026-03-13,2026-03-13 18:00:00+00:00,0.3976046165422512,0.508567750453949,0.06471521480715799,1.5267175,vietnamnews.vn,Viet Nam China Cooperation Steering Committee To Convene In Ha Noi,https://vietnamnews.vn/politics-laws/1777320/viet-nam-china-cooperation-steering-committee-to-convene-in-ha-noi.html,,
2020,2026-03-14,2026-03-14 10:00:00+00:00,0.3975988556310214,0.5086577534675598,0.06442216212140607,0.26041666,formula1.com,Russell Explains Q3 Problems In China After P2 Damage Limitation.6Iawilh3Ngmvm1Jcciyiyg,https://www.formula1.com/en/latest/article/russell-explains-q3-problems-in-china-after-p2-damage-limitation.6IaWilh3nGMVM1JccIyiyg,,
2021,2026-03-24,2026-03-24 03:00:00+00:00,0.3975658934937639,0.4916861057281494,0.11520525679060734,-7.6086955,indiatimes.com,Trump Bowls A Doosra,https://timesofindia.indiatimes.com/blogs/toi-edit-page/trump-bowls-a-doosra/,,
2022,2026-03-06,2026-03-06 06:00:00+00:00,0.3974675905333681,0.49155503511428833,0.11520525679060734,-4.5356374,alternet.org,Trump Liar,https://www.alternet.org/trump-liar/,,
2023,2026-03-25,2026-03-25 22:00:00+00:00,0.39745195600639377,0.49800893664360046,0.09578101409477378,0.0,marketscreener.com,Trump Delays Naming New Cdc Head Bhattacharya Will Still Oversee Agency Ce7E5Ed3De81F12C,https://www.marketscreener.com/news/trump-delays-naming-new-cdc-head-bhattacharya-will-still-oversee-agency-ce7e5ed3de81f12c,,
2024,2026-03-06,2026-03-06 17:00:00+00:00,0.3971634605672307,0.5064631700515747,0.06926433211419854,-0.5479452,mercopress.com,Trump Says Cuba Will Fall Pretty Soon But Says Iran Comes First,https://en.mercopress.com/2026/03/06/trump-says-cuba-will-fall-pretty-soon-but-says-iran-comes-first,,
2025,2026-03-06,2026-03-06 17:00:00+00:00,0.3971370567189578,0.5067905783653259,0.06817649177985347,3.9145908,vietnamnews.vn,China S Guangxi Looks Forwards To Deepening Ties With Viet Nam,https://vietnamnews.vn/politics-laws/1766895/china-s-guangxi-looks-forwards-to-deepening-ties-with-viet-nam.html,,
2026,2026-03-25,2026-03-25 03:00:00+00:00,0.3971168424193418,0.5086773037910461,0.06243545830422881,3.5971222,asianews.network,China Us Should Work In The Same Direction On Trade Ties China Commerce Minister Says,https://asianews.network/china-us-should-work-in-the-same-direction-on-trade-ties-china-commerce-minister-says/,,
2027,2026-03-25,2026-03-25 05:00:00+00:00,0.3971168424193418,0.5086773037910461,0.06243545830422881,3.649635,phnompenhpost.com,China Us Should Work In The Same Direction On Trade Ties China Commerce Minister Says,https://www.phnompenhpost.com/international/china-us-should-work-in-the-same-direction-on-trade-ties-china-commerce-minister-says,,
2028,2026-03-24,2026-03-24 09:00:00+00:00,0.39711093962157307,0.506169855594635,0.06993419170238728,2.173913,news.az,Belarus Leader Lukashenko To Visit North Korea,https://news.az/news/belarus-leader-lukashenko-to-visit-north-korea,,
2029,2026-03-24,2026-03-24 10:00:00+00:00,0.3971109367769318,0.5091891288757324,0.0608763604805301,1.6528926,nknews.org,Belarus Lukashenko To Visit North Korea From Wednesday Minsk Says,https://www.nknews.org/2026/03/belarus-lukashenko-to-visit-north-korea-from-wednesday-minsk-says/,,
2030,2026-03-10,2026-03-10 07:00:00+00:00,0.3971044292790282,0.5081965923309326,0.06382794012331497,-4.6892037,thedailystar.net,Iran Says Oil Blockade Will Continue Until Attacks End Trump Threatens Escalate Strikes 4125231,https://www.thedailystar.net/business/news/iran-says-oil-blockade-will-continue-until-attacks-end-trump-threatens-escalate-strikes-4125231,,
2031,2026-03-04,2026-03-04 10:00:00+00:00,0.39697924872897233,0.5073692798614502,0.06580915533153878,2.8846154,newstodaynet.com,Modi To Visit Tirchy On March 11,https://newstodaynet.com/2026/03/04/modi-to-visit-tirchy-on-march-11/,,
2032,2026-03-16,2026-03-16 10:00:00+00:00,0.3968969282137079,0.4907941520214081,0.11520525679060734,-3.3898306,yahoo.com,Trump Cornered Cashing Jaw Dropping 022010214,https://www.yahoo.com/news/articles/trump-cornered-cashing-jaw-dropping-022010214.html,,
2033,2026-03-20,2026-03-20 11:00:00+00:00,0.3968919224342526,0.4997462332248688,0.08832899006240394,6.25,housingwire.com,What Trumps Order To Modernize Appraisals Will Mean For Housing,https://www.housingwire.com/podcast/what-trumps-order-to-modernize-appraisals-will-mean-for-housing/,,
2034,2026-03-20,2026-03-20 16:00:00+00:00,0.3968792147416811,0.5053784847259521,0.071381404788868,-5.0,wn.com,Bolton Trump Doesnt Know Iran War Objective When It Will End,https://article.wn.com/view/2026/03/20/Bolton_Trump_doesnt_know_Iran_war_objective_when_it_will_end/,,
2035,2026-03-18,2026-03-18 06:00:00+00:00,0.3968285041457095,0.5014625191688538,0.0829264590762768,1.2958963,newkerala.com,Ayodhya Gears Up President Murmus Visit March 19 174,https://www.newkerala.com/news/a/ayodhya-gears-up-president-murmus-visit-march-19-174.htm,,
2036,2026-03-07,2026-03-07 05:00:00+00:00,0.3967742095112861,0.5082942247390747,0.06221416382792026,-1.4285715,japantimes.co.jp,China Military Flights Taiwan Adiz,https://www.japantimes.co.jp/news/2026/03/07/asia-pacific/china-military-flights-taiwan-adiz/,,
2037,2026-03-17,2026-03-17 13:00:00+00:00,0.3967721156488216,0.5084642171859741,0.06169581103736397,-2.1904762,newburytoday.co.uk,King To Host First State Visit By Muslim Leader During Ramadan For A Century 164126,https://www.newburytoday.co.uk/national/king-to-host-first-state-visit-by-muslim-leader-during-ramadan-for-a-century-164126/,,
2038,2026-03-17,2026-03-17 13:00:00+00:00,0.3967721156488216,0.5084642171859741,0.06169581103736397,-2.1904762,rutland-times.co.uk,King To Host First State Visit By Muslim Leader During Ramadan For A Century 164126,https://www.rutland-times.co.uk/national/king-to-host-first-state-visit-by-muslim-leader-during-ramadan-for-a-century-164126/,,
2039,2026-03-18,2026-03-18 01:00:00+00:00,0.39669679566765953,0.5025064945220947,0.07926769910435404,-2.3489933,deadline.com,China Censors Cnn Censorship Report 1236758666,https://deadline.com/2026/03/china-censors-cnn-censorship-report-1236758666/,,
2040,2026-03-16,2026-03-16 20:00:00+00:00,0.3966927431117764,0.5023595094680786,0.0796924440428696,-4.7311826,irishmirror.ie,Ireland Will Not Involved Trumps 36876600,https://www.irishmirror.ie/news/irish-news/politics/ireland-will-not-involved-trumps-36876600,,
2041,2026-03-23,2026-03-23 17:00:00+00:00,0.39668516503606344,0.5063279867172241,0.06775669999258144,-5.4054055,yalibnan.com,The Price Of Oil Will Drop Like A Rock After Iran Deal Trump Says,https://yalibnan.com/2026/03/23/the-price-of-oil-will-drop-like-a-rock-after-iran-deal-trump-says/,,
2042,2026-03-15,2026-03-15 23:00:00+00:00,0.3966825254961073,0.5053186416625977,0.07077417699663614,-2.6506023,futurism.com,China Alarmed Openclaw Agents,https://futurism.com/artificial-intelligence/china-alarmed-openclaw-agents,,
2043,2026-03-20,2026-03-20 15:00:00+00:00,0.39667473530746244,0.5080127716064453,0.0626606264105139,-5.4545455,gazetaexpress.com,Trump Calls Nato Members Cowards  But We Will Remember How They Helped Open The Strait Of Hormuz,https://www.gazetaexpress.com/en/Trump-calls-NATO-members-cowards--but-we-will-remember-how-they-helped-open-the-Strait-of-Hormuz/,,
2044,2026-03-19,2026-03-19 14:00:00+00:00,0.39650816436874103,0.4902758002281189,0.11520525679060734,-4.4041452,rawstory.com,Trump Humiliation 2676354313,https://www.rawstory.com/trump-humiliation-2676354313/,,
2045,2026-03-04,2026-03-04 11:00:00+00:00,0.3964918494449117,0.5084131956100464,0.060727810949507834,2.0576131,gasgoo.com,Personnel Change Li Fangfang To Succeed Yang Meihong As Ford China Vp Of Communications 2029090143703502848,https://autonews.gasgoo.com/articles/news/personnel-change-li-fangfang-to-succeed-yang-meihong-as-ford-china-vp-of-communications-2029090143703502848,,
2046,2026-03-11,2026-03-11 20:00:00+00:00,0.3963718339927722,0.5003131628036499,0.08454784756013918,-2.536232,jamaicaobserver.com,Time Want End Will End Trump Says Iran War,https://www.jamaicaobserver.com/2026/03/11/time-want-end-will-end-trump-says-iran-war/,,
2047,2026-03-04,2026-03-04 12:00:00+00:00,0.3963447284327669,0.49005788564682007,0.11520525679060734,-0.79617834,ibtimes.co.uk,Vanessa Trump Tiger Woods Genesis Invitational 1783072,https://www.ibtimes.co.uk/vanessa-trump-tiger-woods-genesis-invitational-1783072,,
2048,2026-03-20,2026-03-20 22:00:00+00:00,0.396242121583094,0.4932743012905121,0.10514558246083992,-1.3333334,theepochtimes.com,Human Rights Wasnt Proactively Raised During Carneys China Visit Privy Council 6001731,https://www.theepochtimes.com/world/human-rights-wasnt-proactively-raised-during-carneys-china-visit-privy-council-6001731,,
2049,2026-03-06,2026-03-06 22:00:00+00:00,0.39622071230250117,0.5079658031463623,0.06098543977091776,-2.2116904,signalscv.com,Trump Says He Wants Unconditional Surrender From Iran Will Help Rebuild,https://signalscv.com/2026/03/trump-says-he-wants-unconditional-surrender-from-iran-will-help-rebuild/,,
2050,2026-03-10,2026-03-10 03:00:00+00:00,0.39621806945555516,0.5053182244300842,0.06891760453196795,-5.714286,cinaradio.com,We Will Decide When To End War Not Us Irans Sharp Response To Trump,https://www.cinaradio.com/2026/03/09/we-will-decide-when-to-end-war-not-us-irans-sharp-response-to-trump/,,
2051,2026-03-14,2026-03-14 08:00:00+00:00,0.39614090666423485,0.4942742586135864,0.10174085081618008,0.0,tribune.com.pk,China Urges Dialogue To Resolve Pakistan Afghanistan Tensions Warns Force Will Worsen Crisis,https://tribune.com.pk/story/2597570/china-urges-dialogue-to-resolve-pakistan-afghanistan-tensions-warns-force-will-worsen-crisis,,
2052,2026-03-05,2026-03-05 21:00:00+00:00,0.3961022883638187,0.5081234574317932,0.06003878115989534,0.0,fox17.com,Trump Says Deal On Data Centers Will Lower Electricity Prices With Tech Company Vows,https://fox17.com/news/nation-world/trump-says-deal-on-data-centers-will-lower-electricity-prices-with-tech-company-vows,,
2053,2026-03-05,2026-03-05 18:00:00+00:00,0.3961022883638187,0.5081234574317932,0.06003878115989534,0.0,newschannel9.com,Trump Says Deal On Data Centers Will Lower Electricity Prices With Tech Company Vows,https://newschannel9.com/news/nation-world/trump-says-deal-on-data-centers-will-lower-electricity-prices-with-tech-company-vows,,
2054,2026-03-07,2026-03-07 20:00:00+00:00,0.3960946066473471,0.5059990882873535,0.06638116172732783,-2.1126761,koreatimes.co.kr,Trump Warns Iran Will Be Hit Very Hard Threatens Wider Targets,https://www.koreatimes.co.kr/world/20260308/trump-warns-iran-will-be-hit-very-hard-threatens-wider-targets,,
2055,2026-03-13,2026-03-13 04:00:00+00:00,0.39606905612871923,0.5036367177963257,0.07336607112589978,-2.3709903,mediaite.com,Kasie Hunt Confronts Jim Jordan With Old Trump Quote Criticizing Obama Our President Will Start A War With Iran,https://www.mediaite.com/media/news/kasie-hunt-confronts-jim-jordan-with-old-trump-quote-criticizing-obama-our-president-will-start-a-war-with-iran/,,
2056,2026-03-20,2026-03-20 22:00:00+00:00,0.3960525685802553,0.4931429624557495,0.10478138695377248,0.6535948,scmp.com,China Struggles Boost Demand No One Size Fits All Solution Will Work,https://www.scmp.com/opinion/china-opinion/article/3347017/china-struggles-boost-demand-no-one-size-fits-all-solution-will-work,,
2057,2026-03-16,2026-03-16 07:00:00+00:00,0.39603418339157626,0.5074741840362549,0.06171418145754047,-3.4482758,cnbc.com,China Oil Reserves Trump Iran War Hormuz,https://www.cnbc.com/2026/03/16/china-oil-reserves-trump-iran-war-hormuz.html,,
2058,2026-03-04,2026-03-04 00:00:00+00:00,0.3959902168650039,0.503822922706604,0.07249209934020351,-5.5727553,washingtonexaminer.com,Doj Will Defend Trump Executive Orders Targeting Law Firms,https://www.washingtonexaminer.com/news/justice/4478653/doj-will-defend-trump-executive-orders-targeting-law-firms/,,
2059,2026-03-17,2026-03-17 22:00:00+00:00,0.3959508531850381,0.503557562828064,0.07313072425596046,-3.1884058,heraldglobe.com,They Will Do Nothing For Us Trump On Nato,http://www.heraldglobe.com/news/278928217/they-will-do-nothing-for-us-trump-on-nato,,
2060,2026-03-18,2026-03-18 01:00:00+00:00,0.3959508531850381,0.503557562828064,0.07313072425596046,-3.1884058,australiannews.net,They Will Do Nothing For Us Trump On Nato,http://www.australiannews.net/news/278928217/they-will-do-nothing-for-us-trump-on-nato,,
2061,2026-03-17,2026-03-17 22:00:00+00:00,0.3959508531850381,0.503557562828064,0.07313072425596046,-3.2069972,heraldglobe.com,They Will Do Nothing For Us Trump On Nato,http://www.heraldglobe.com/news/278928229/they-will-do-nothing-for-us-trump-on-nato,,
2062,2026-03-18,2026-03-18 00:00:00+00:00,0.3959508531850381,0.503557562828064,0.07313072425596046,-3.1884058,philippinetimes.com,They Will Do Nothing For Us Trump On Nato,http://www.philippinetimes.com/news/278928217/they-will-do-nothing-for-us-trump-on-nato,,
2063,2026-03-17,2026-03-17 22:00:00+00:00,0.3959508531850381,0.503557562828064,0.07313072425596046,-3.1791906,bignewsnetwork.com,They Will Do Nothing For Us Trump On Nato,http://www.bignewsnetwork.com/news/278928217/they-will-do-nothing-for-us-trump-on-nato,,
2064,2026-03-17,2026-03-17 22:00:00+00:00,0.3959508531850381,0.503557562828064,0.07313072425596046,-3.1884058,iranherald.com,They Will Do Nothing For Us Trump On Nato,http://www.iranherald.com/news/278928217/they-will-do-nothing-for-us-trump-on-nato,,
2065,2026-03-18,2026-03-18 01:00:00+00:00,0.3959508531850381,0.503557562828064,0.07313072425596046,-3.1884058,sydneysun.com,They Will Do Nothing For Us Trump On Nato,http://www.sydneysun.com/news/278928217/they-will-do-nothing-for-us-trump-on-nato,,
2066,2026-03-18,2026-03-18 05:00:00+00:00,0.3959508531850381,0.503557562828064,0.07313072425596046,-3.1791906,2lt.com.au,They Will Do Nothing For Us Trump On Nato,https://www.2lt.com.au/they-will-do-nothing-for-us-trump-on-nato/,,
2067,2026-03-10,2026-03-10 10:00:00+00:00,0.39592709578416174,0.5031192302703857,0.0743506923254897,3.5598705,newkerala.com,Pm Modi Visit Assam Hm Shah Address Mega 503,https://www.newkerala.com/news/a/pm-modi-visit-assam-hm-shah-address-mega-503.htm,,
2068,2026-03-13,2026-03-13 22:00:00+00:00,0.39581253346072864,0.48934829235076904,0.11520525679060734,-2.7600849,cnn.com,Trump Fundraise Email Soldier,https://us.cnn.com/2026/03/13/politics/trump-fundraise-email-soldier,,
2069,2026-03-13,2026-03-13 22:00:00+00:00,0.39581253346072864,0.48934829235076904,0.11520525679060734,-2.7600849,cnn.com,Trump Fundraise Email Soldier,https://www.cnn.com/2026/03/13/politics/trump-fundraise-email-soldier,,
2070,2026-03-05,2026-03-05 17:00:00+00:00,0.39578615029368924,0.49775320291519165,0.08988499242918209,-2.7480917,americanisraelite.com,Trump Assault On Iran Necessary Will Cost More Us Lives,https://americanisraelite.com/trump-assault-on-iran-necessary-will-cost-more-us-lives/,,
2071,2026-03-11,2026-03-11 19:00:00+00:00,0.39578441306881085,0.507381021976471,0.06099458634583056,-3.9170506,latintimes.com,Trump Says War Iran Will End Soon Because There Practically Nothing Left Target 595548,https://www.latintimes.com/trump-says-war-iran-will-end-soon-because-there-practically-nothing-left-target-595548,,
2072,2026-03-05,2026-03-05 01:00:00+00:00,0.39571979269195756,0.5035569667816162,0.07220827042298167,-1.7112299,aol.com,U Shown China Russia Really 121819546,https://www.aol.com/articles/u-shown-china-russia-really-121819546.html,,
2073,2026-03-23,2026-03-23 23:00:00+00:00,0.39569326755485335,0.4969063401222229,0.09205404985274478,2.237927,eastbayri.com,"The World Will Be Visiting,138579","http://www.eastbayri.com/stories/the-world-will-be-visiting,138579",,
2074,2026-03-19,2026-03-19 14:00:00+00:00,0.39563422148993876,0.5005137324333191,0.08099568865979767,-0.5681818,coosavalleynews.com,Erin Brockovich To Visit Northwest Georgia Amid Expanded Pfas Testing Effort,https://coosavalleynews.com/2026/03/erin-brockovich-to-visit-northwest-georgia-amid-expanded-pfas-testing-effort/,,
2075,2026-03-12,2026-03-12 00:00:00+00:00,0.39555309290882057,0.5053314566612244,0.06621800165160911,-3.5476718,ibtimes.com,Senior Trump Cabinet Member Building Bunker Amid Iran War Constructor Says When Will Mine 3798956,https://www.ibtimes.com/senior-trump-cabinet-member-building-bunker-amid-iran-war-constructor-says-when-will-mine-3798956,,
2076,2026-03-19,2026-03-19 13:00:00+00:00,0.3955368023739977,0.48898065090179443,0.11520525679060734,-6.344411,rawstory.com,Mace Trump,https://www.rawstory.com/mace-trump/,,
2077,2026-03-10,2026-03-10 06:00:00+00:00,0.3955155523094579,0.5072553157806396,0.06029626189591259,-6.2639823,freepressjournal.in,Not A Single Litre Of Oil Will Be Exported Irans Stern Warning After Donald Trumps Strait Of Hormuz Takeover Remark,https://www.freepressjournal.in/world/not-a-single-litre-of-oil-will-be-exported-irans-stern-warning-after-donald-trumps-strait-of-hormuz-takeover-remark,,
2078,2026-03-15,2026-03-15 16:00:00+00:00,0.39550928737985325,0.4889439642429352,0.11520525679060734,-2.9185867,alternet.org,Cornered Trump 2676148831,https://www.alternet.org/cornered-trump-2676148831/,,
2079,2026-03-10,2026-03-10 18:00:00+00:00,0.39544790355347476,0.5070276856422424,0.060708557287171776,-3.8942976,moroccoworldnews.com,Trump Says Iran War Will End Soon As Markets React To Gulf Crisis,https://www.moroccoworldnews.com/2026/03/282144/trump-says-iran-war-will-end-soon-as-markets-react-to-gulf-crisis/,,
2080,2026-03-14,2026-03-14 21:00:00+00:00,0.3954275103386738,0.5061898827552795,0.06314039308885663,-2.0681264,theglobeandmail.com,Article Putonghua China Common Language Law,https://www.theglobeandmail.com/world/article-putonghua-china-common-language-law/,,
2081,2026-03-09,2026-03-09 23:00:00+00:00,0.39542031530129923,0.4993349015712738,0.08367655649137555,-3.5856574,news.az,Trump Says Iran War Will Eventually Reduce Oil Prices,https://news.az/news/trump-says-iran-war-will-eventually-reduce-oil-prices,,
2082,2026-03-04,2026-03-04 04:00:00+00:00,0.3953939852918035,0.502746045589447,0.07333780439887283,0.591716,businesstimes.com.sg,Dbs China Captures 38 Panda Bond Market 2025 Secures Principal Underwriting License,https://www.businesstimes.com.sg/companies-markets/dbs-china-captures-38-panda-bond-market-2025-secures-principal-underwriting-license,,
2083,2026-03-10,2026-03-10 14:00:00+00:00,0.39523569686070154,0.5000506639480591,0.08079079559862888,-2.0920503,english.pravda.ru,166107 Iaea Chief Rafael Grossi Visit Russia Nuclear Safety,https://english.pravda.ru/news/world/166107-iaea-chief-rafael-grossi-visit-russia-nuclear-safety/,,
2084,2026-03-20,2026-03-20 08:00:00+00:00,0.3952100902660154,0.5050460696220398,0.0657021521979422,-0.2016129,bangkokpost.com,Kpop Boyband Bts To Visit 34 Cities In A Year For Comeback World Tour Arirang,https://www.bangkokpost.com/life/arts-and-entertainment/3220715/kpop-boyband-bts-to-visit-34-cities-in-a-year-for-comeback-world-tour-arirang,,
2085,2026-03-20,2026-03-20 09:00:00+00:00,0.3952100902660154,0.5050460696220398,0.0657021521979422,0.4651163,philstar.com,Kpop Boyband Bts To Visit 34 Cities In A Year For Comeback World Tour Arirang,https://interaksyon.philstar.com/celebrities/2026/03/20/310834/kpop-boyband-bts-to-visit-34-cities-in-a-year-for-comeback-world-tour-arirang/,,
2086,2026-03-09,2026-03-09 13:00:00+00:00,0.39520803060399723,0.4885422885417938,0.11520525679060734,-1.9230769,yahoo.com,Trump Bought Netflix Warner Bros 132120706,https://finance.yahoo.com/news/trump-bought-netflix-warner-bros-132120706.html,,
2087,2026-03-17,2026-03-17 03:00:00+00:00,0.3952064333212249,0.5069832801818848,0.059875892739245345,-5.357143,firstpost.com,Trump Claims Us Will Have The Honour Of Taking Cuba As Country Plunges Into Darkness 13990193,https://www.firstpost.com/world/trump-claims-us-will-have-the-honour-of-taking-cuba-as-country-plunges-into-darkness-13990193.html,,
2088,2026-03-05,2026-03-05 11:00:00+00:00,0.3951803884253782,0.5063748359680176,0.061597045797460157,2.6128266,bignewsnetwork.com,China Focus China Reviews Draft Law On Promoting Ethnic Unity Progress,http://www.bignewsnetwork.com/news/278903590/china-focus-china-reviews-draft-law-on-promoting-ethnic-unity-progress,,
2089,2026-03-18,2026-03-18 19:00:00+00:00,0.39514975568702976,0.5012097954750061,0.07696963632310079,-0.5662514,theoaklandpress.com,The Voting Bill Trump Says Will Secure Victory Could Backfire,https://www.theoaklandpress.com/2026/03/18/the-voting-bill-trump-says-will-secure-victory-could-backfire/,,
2090,2026-03-18,2026-03-18 17:00:00+00:00,0.39514975568702976,0.5012097954750061,0.07696963632310079,-0.56593096,themorningsun.com,The Voting Bill Trump Says Will Secure Victory Could Backfire,https://www.themorningsun.com/2026/03/18/the-voting-bill-trump-says-will-secure-victory-could-backfire/,,
2091,2026-03-18,2026-03-18 17:00:00+00:00,0.39514975568702976,0.5012097954750061,0.07696963632310079,-0.5662514,macombdaily.com,The Voting Bill Trump Says Will Secure Victory Could Backfire,https://www.macombdaily.com/2026/03/18/the-voting-bill-trump-says-will-secure-victory-could-backfire/,,
2092,2026-03-18,2026-03-18 15:00:00+00:00,0.39514975568702976,0.5012097954750061,0.07696963632310079,-0.5662514,thenewsherald.com,The Voting Bill Trump Says Will Secure Victory Could Backfire,https://www.thenewsherald.com/2026/03/18/the-voting-bill-trump-says-will-secure-victory-could-backfire/,,
2093,2026-03-17,2026-03-17 18:00:00+00:00,0.39508286717897356,0.5023390054702759,0.07331445230506659,0.6756757,newsregister.com,Article?Articletitle=Vietnam Wall Replica To Visit Mcminnville  1773764516  54725  1Home News,https://newsregister.com/article?articleTitle=vietnam-wall-replica-to-visit-mcminnville--1773764516--54725--1home-news,,
2094,2026-03-13,2026-03-13 11:00:00+00:00,0.3950824470954905,0.5046505928039551,0.06637800997009671,5.4054055,digitimes.com,China Genai X86 Revenue Demand,https://www.digitimes.com/news/a20260313VL210/china-genai-x86-revenue-demand.html,,
2095,2026-03-20,2026-03-20 19:00:00+00:00,0.3949875116212629,0.5047492980957031,0.0657021521979422,0.32258064,963jackfm.com,Factbox Kpop Boyband Bts To Visit 34 Cities In A Year For Comeback World Tour Arirang,https://963jackfm.com/2026/03/20/factbox-kpop-boyband-bts-to-visit-34-cities-in-a-year-for-comeback-world-tour-arirang/,,
2096,2026-03-20,2026-03-20 21:00:00+00:00,0.3949875116212629,0.5047492980957031,0.0657021521979422,0.32258064,froggyweb.com,Factbox Kpop Boyband Bts To Visit 34 Cities In A Year For Comeback World Tour Arirang,https://froggyweb.com/2026/03/20/factbox-kpop-boyband-bts-to-visit-34-cities-in-a-year-for-comeback-world-tour-arirang/,,
2097,2026-03-20,2026-03-20 21:00:00+00:00,0.3949875116212629,0.5047492980957031,0.0657021521979422,0.32258064,927thevan.com,Factbox Kpop Boyband Bts To Visit 34 Cities In A Year For Comeback World Tour Arirang,https://927thevan.com/2026/03/20/factbox-kpop-boyband-bts-to-visit-34-cities-in-a-year-for-comeback-world-tour-arirang/,,
2098,2026-03-20,2026-03-20 20:00:00+00:00,0.3949875116212629,0.5047492980957031,0.0657021521979422,0.32258064,hot96.com,Factbox Kpop Boyband Bts To Visit 34 Cities In A Year For Comeback World Tour Arirang,https://hot96.com/2026/03/20/factbox-kpop-boyband-bts-to-visit-34-cities-in-a-year-for-comeback-world-tour-arirang/,,
2099,2026-03-20,2026-03-20 19:00:00+00:00,0.3949875116212629,0.5047492980957031,0.0657021521979422,0.32258064,wdez.com,Factbox Kpop Boyband Bts To Visit 34 Cities In A Year For Comeback World Tour Arirang,https://wdez.com/2026/03/20/factbox-kpop-boyband-bts-to-visit-34-cities-in-a-year-for-comeback-world-tour-arirang/,,
2100,2026-03-20,2026-03-20 22:00:00+00:00,0.3949875116212629,0.5047492980957031,0.0657021521979422,0.32258064,b975.com,Factbox Kpop Boyband Bts To Visit 34 Cities In A Year For Comeback World Tour Arirang,https://b975.com/2026/03/20/factbox-kpop-boyband-bts-to-visit-34-cities-in-a-year-for-comeback-world-tour-arirang/,,
2101,2026-03-20,2026-03-20 20:00:00+00:00,0.3949875116212629,0.5047492980957031,0.0657021521979422,0.32258064,b93radio.com,Factbox Kpop Boyband Bts To Visit 34 Cities In A Year For Comeback World Tour Arirang,https://b93radio.com/2026/03/20/factbox-kpop-boyband-bts-to-visit-34-cities-in-a-year-for-comeback-world-tour-arirang/,,
2102,2026-03-20,2026-03-20 19:00:00+00:00,0.3949875116212629,0.5047492980957031,0.0657021521979422,0.32258064,wiky.com,Factbox Kpop Boyband Bts To Visit 34 Cities In A Year For Comeback World Tour Arirang,https://wiky.com/2026/03/20/factbox-kpop-boyband-bts-to-visit-34-cities-in-a-year-for-comeback-world-tour-arirang/,,
2103,2026-03-20,2026-03-20 19:00:00+00:00,0.3949875116212629,0.5047492980957031,0.0657021521979422,0.32258064,wincountry.com,Factbox Kpop Boyband Bts To Visit 34 Cities In A Year For Comeback World Tour Arirang,https://wincountry.com/2026/03/20/factbox-kpop-boyband-bts-to-visit-34-cities-in-a-year-for-comeback-world-tour-arirang/,,
2104,2026-03-20,2026-03-20 22:00:00+00:00,0.3949875116212629,0.5047492980957031,0.0657021521979422,0.32258064,wifc.com,Factbox Kpop Boyband Bts To Visit 34 Cities In A Year For Comeback World Tour Arirang,https://wifc.com/2026/03/20/factbox-kpop-boyband-bts-to-visit-34-cities-in-a-year-for-comeback-world-tour-arirang/,,
2105,2026-03-20,2026-03-20 20:00:00+00:00,0.3949875116212629,0.5047492980957031,0.0657021521979422,0.32258064,mymixfm.com,Factbox Kpop Boyband Bts To Visit 34 Cities In A Year For Comeback World Tour Arirang,https://mymixfm.com/2026/03/20/factbox-kpop-boyband-bts-to-visit-34-cities-in-a-year-for-comeback-world-tour-arirang/,,
2106,2026-03-20,2026-03-20 21:00:00+00:00,0.3949875116212629,0.5047492980957031,0.0657021521979422,0.32258064,krro.com,Factbox Kpop Boyband Bts To Visit 34 Cities In A Year For Comeback World Tour Arirang,https://krro.com/2026/03/20/factbox-kpop-boyband-bts-to-visit-34-cities-in-a-year-for-comeback-world-tour-arirang/,,
2107,2026-03-06,2026-03-06 18:00:00+00:00,0.3949469907389368,0.5021552443504333,0.07332222990444713,1.5873016,donegalnews.com,President Catherine Connolly To Visit Donegal Next Week,https://donegalnews.com/president-catherine-connolly-to-visit-donegal-next-week/,,
2108,2026-03-16,2026-03-16 15:00:00+00:00,0.3949168870630722,0.5001105666160583,0.07933584840411376,5.8043118,ibtimes.co.uk,Sean Penn Skips 2026 Oscars Ukraine Visit 1785812,https://www.ibtimes.co.uk/sean-penn-skips-2026-oscars-ukraine-visit-1785812,,
2109,2026-03-12,2026-03-12 01:00:00+00:00,0.3949118743794494,0.5017140507698059,0.07450534520837993,-1.5670911,morningsun.net,"China Is Expected To Push For An Ethnic Unity Law That Critics Say Will Cement Assimilation,319465","http://www.morningsun.net/stories/china-is-expected-to-push-for-an-ethnic-unity-law-that-critics-say-will-cement-assimilation,319465",,
2110,2026-03-13,2026-03-13 08:00:00+00:00,0.3948639172746691,0.5026755928993225,0.07142889040070884,-2.9532404,uiargonaut.com,Iran War Will Not End How Trump Wants Ui Expert Panel Says,https://www.uiargonaut.com/2026/03/12/iran-war-will-not-end-how-trump-wants-ui-expert-panel-says/,,
2111,2026-03-04,2026-03-04 01:00:00+00:00,0.39484599712920376,0.5012423992156982,0.07565679086972038,-2.4505184,nbcnews.com,Trump Officials Tell Congress Iran Will Hit Overwhelming Firepower Com Rcna261523,https://www.nbcnews.com/politics/congress/trump-officials-tell-congress-iran-will-hit-overwhelming-firepower-com-rcna261523,,
2112,2026-03-04,2026-03-04 09:00:00+00:00,0.39479875284843813,0.49363818764686584,0.09828044845315491,-0.135318,news18.com,Your Visit Will Take India Finland Ties To New Heights Pm Modi Welcomes President Alexander Stubb Ws L 9941794,https://www.news18.com/india/your-visit-will-take-india-finland-ties-to-new-heights-pm-modi-welcomes-president-alexander-stubb-ws-l-9941794.html,,
2113,2026-03-25,2026-03-25 05:00:00+00:00,0.3947893681777984,0.49466192722320557,0.09517169104157687,-2.5316455,yahoo.com,China Bars Manus Co Founders 044724261,https://finance.yahoo.com/sectors/technology/articles/china-bars-manus-co-founders-044724261.html,,
2114,2026-03-04,2026-03-04 23:00:00+00:00,0.39476943952135785,0.5053000450134277,0.06317762304514815,-0.6655574,abccolumbia.com,Trump Says Deal On Data Centers Will Lower Electricity Costs But Offers Few Details,https://www.abccolumbia.com/2026/03/04/trump-says-deal-on-data-centers-will-lower-electricity-costs-but-offers-few-details/,,
2115,2026-03-05,2026-03-05 00:00:00+00:00,0.39476943952135785,0.5053000450134277,0.06317762304514815,0.0,wtop.com,Trump Says Deal On Data Centers Will Lower Electricity Costs But Offers Few Details,https://wtop.com/virginia/2026/03/trump-says-deal-on-data-centers-will-lower-electricity-costs-but-offers-few-details/,,
2116,2026-03-05,2026-03-05 02:00:00+00:00,0.39476943952135785,0.5053000450134277,0.06317762304514815,-0.65789473,wptf.com,Trump Says Deal On Data Centers Will Lower Electricity Costs But Offers Few Details,https://www.wptf.com/2026/03/04/trump-says-deal-on-data-centers-will-lower-electricity-costs-but-offers-few-details/,,
2117,2026-03-05,2026-03-05 01:00:00+00:00,0.39476943952135785,0.5053000450134277,0.06317762304514815,0.0,wsvn.com,Trump Says Deal On Data Centers Will Lower Electricity Costs But Offers Few Details,https://wsvn.com/news/us-world/trump-says-deal-on-data-centers-will-lower-electricity-costs-but-offers-few-details/,,
2118,2026-03-05,2026-03-05 01:00:00+00:00,0.39476943952135785,0.5053000450134277,0.06317762304514815,0.14184397,clickondetroit.com,Trump Says Deal On Data Centers Will Lower Electricity Costs But Offers Few Details,https://www.clickondetroit.com/news/politics/2026/03/04/trump-says-deal-on-data-centers-will-lower-electricity-costs-but-offers-few-details/,,
2119,2026-03-05,2026-03-05 09:00:00+00:00,0.39476943952135785,0.5053000450134277,0.06317762304514815,0.0,seattletimes.com,Trump Says Deal On Data Centers Will Lower Electricity Costs But Offers Few Details,https://www.seattletimes.com/business/trump-says-deal-on-data-centers-will-lower-electricity-costs-but-offers-few-details/,,
2120,2026-03-05,2026-03-05 00:00:00+00:00,0.39476943952135785,0.5053000450134277,0.06317762304514815,-0.6557377,thebusinessjournal.com,Trump Says Deal On Data Centers Will Lower Electricity Costs But Offers Few Details,https://thebusinessjournal.com/trump-says-deal-on-data-centers-will-lower-electricity-costs-but-offers-few-details/,,
2121,2026-03-04,2026-03-04 22:00:00+00:00,0.39476943952135785,0.5053000450134277,0.06317762304514815,-0.33670035,winnipegfreepress.com,Trump Says Deal On Data Centers Will Lower Electricity Costs But Offers Few Details,https://www.winnipegfreepress.com/business/2026/03/04/trump-says-deal-on-data-centers-will-lower-electricity-costs-but-offers-few-details,,
2122,2026-03-04,2026-03-04 22:00:00+00:00,0.39476943952135785,0.5053000450134277,0.06317762304514815,-0.37243947,news4jax.com,Trump Says Deal On Data Centers Will Lower Electricity Costs But Offers Few Details,https://www.news4jax.com/news/politics/2026/03/04/trump-says-deal-on-data-centers-will-lower-electricity-costs-but-offers-few-details/,,
2123,2026-03-04,2026-03-04 22:00:00+00:00,0.39476943952135785,0.5053000450134277,0.06317762304514815,-0.5025126,wsls.com,Trump Says Deal On Data Centers Will Lower Electricity Costs But Offers Few Details,https://www.wsls.com/news/politics/2026/03/04/trump-says-deal-on-data-centers-will-lower-electricity-costs-but-offers-few-details/,,
2124,2026-03-05,2026-03-05 00:00:00+00:00,0.39476943952135785,0.5053000450134277,0.06317762304514815,0.14184397,ksat.com,Trump Says Deal On Data Centers Will Lower Electricity Costs But Offers Few Details,https://www.ksat.com/news/politics/2026/03/04/trump-says-deal-on-data-centers-will-lower-electricity-costs-but-offers-few-details/,,
2125,2026-03-05,2026-03-05 01:00:00+00:00,0.39476943952135785,0.5053000450134277,0.06317762304514815,-0.49586776,butlereagle.com,Trump Says Deal On Data Centers Will Lower Electricity Costs But Offers Few Details,https://www.butlereagle.com/20260304/trump-says-deal-on-data-centers-will-lower-electricity-costs-but-offers-few-details/,,
2126,2026-03-24,2026-03-24 03:00:00+00:00,0.39469304509470937,0.4909026622772217,0.10606419354717235,-0.5899705,srilankamirror.com,Adb President To Visit Sl Today,https://srilankamirror.com/photo-story/adb-president-to-visit-sl-today/,,
2127,2026-03-21,2026-03-21 13:00:00+00:00,0.39467696024977733,0.5039641857147217,0.06681528385494422,0.0,kenyastar.com,Economyinfocus China Jiangsu Taicang Port Cn,http://www.kenyastar.com/news/278935395/economyinfocus-china-jiangsu-taicang-port-cn,,
2128,2026-03-21,2026-03-21 16:00:00+00:00,0.39467696024977733,0.5039641857147217,0.06681528385494422,0.0,zimbabwestar.com,Economyinfocus China Jiangsu Taicang Port Cn,http://www.zimbabwestar.com/news/278935395/economyinfocus-china-jiangsu-taicang-port-cn,,
2129,2026-03-21,2026-03-21 13:00:00+00:00,0.39467696024977733,0.5039641857147217,0.06681528385494422,0.0,bignewsnetwork.com,Economyinfocus China Jiangsu Taicang Port Cn,http://www.bignewsnetwork.com/news/278935395/economyinfocus-china-jiangsu-taicang-port-cn,,
2130,2026-03-21,2026-03-21 16:00:00+00:00,0.39467696024977733,0.5039641857147217,0.06681528385494422,0.0,shanghainews.net,Economyinfocus China Jiangsu Taicang Port Cn,http://www.shanghainews.net/news/278935395/economyinfocus-china-jiangsu-taicang-port-cn,,
2131,2026-03-21,2026-03-21 16:00:00+00:00,0.39467696024977733,0.5039641857147217,0.06681528385494422,0.0,africaleader.com,Economyinfocus China Jiangsu Taicang Port Cn,http://www.africaleader.com/news/278935395/economyinfocus-china-jiangsu-taicang-port-cn,,
2132,2026-03-21,2026-03-21 14:00:00+00:00,0.39467696024977733,0.5039641857147217,0.06681528385494422,0.0,nigeriasun.com,Economyinfocus China Jiangsu Taicang Port Cn,http://www.nigeriasun.com/news/278935395/economyinfocus-china-jiangsu-taicang-port-cn,,
2133,2026-03-20,2026-03-20 14:00:00+00:00,0.3946671577896484,0.5056929588317871,0.061589754663232285,2.900232,chinanationalnews.com,How Ai Is Reshaping China Manufacturing Landscape,http://www.chinanationalnews.com/news/278933858/how-ai-is-reshaping-china-manufacturing-landscape,,
2134,2026-03-20,2026-03-20 14:00:00+00:00,0.3946671577896484,0.5056929588317871,0.061589754663232285,2.900232,newzealandstar.com,How Ai Is Reshaping China Manufacturing Landscape,http://www.newzealandstar.com/news/278933858/how-ai-is-reshaping-china-manufacturing-landscape,,
2135,2026-03-20,2026-03-20 14:00:00+00:00,0.3946671577896484,0.5056929588317871,0.061589754663232285,2.900232,singaporestar.com,How Ai Is Reshaping China Manufacturing Landscape,http://www.singaporestar.com/news/278933858/how-ai-is-reshaping-china-manufacturing-landscape,,
2136,2026-03-20,2026-03-20 16:00:00+00:00,0.3946671577896484,0.5056929588317871,0.061589754663232285,2.900232,shanghainews.net,How Ai Is Reshaping China Manufacturing Landscape,http://www.shanghainews.net/news/278933858/how-ai-is-reshaping-china-manufacturing-landscape,,
2137,2026-03-19,2026-03-19 04:00:00+00:00,0.3946652687870026,0.5012525320053101,0.07490347913208006,-2.5139666,benzinga.com,Elizabeth Warren Says Trump Approving Nvidias Chip Deal Will Drive Up Prices Of Smartphones And Lapt,https://www.benzinga.com/markets/tech/26/03/51345581/elizabeth-warren-says-trump-approving-nvidias-chip-deal-will-drive-up-prices-of-smartphones-and-lapt,,
2138,2026-03-07,2026-03-07 15:00:00+00:00,0.3945634301204349,0.5048540830612183,0.06369147129808468,-5.3426247,crookwellgazette.com.au,Trump Warns Iran Will Be Hit Very Hard In New Attacks,https://www.crookwellgazette.com.au/story/9192689/trump-warns-iran-will-be-hit-very-hard-in-new-attacks/,,
2139,2026-03-07,2026-03-07 13:00:00+00:00,0.3945634301204349,0.5048540830612183,0.06369147129808468,-5.3426247,singletonargus.com.au,Trump Warns Iran Will Be Hit Very Hard In New Attacks,https://www.singletonargus.com.au/story/9192689/trump-warns-iran-will-be-hit-very-hard-in-new-attacks/,,
2140,2026-03-07,2026-03-07 14:00:00+00:00,0.3945634301204349,0.5048540830612183,0.06369147129808468,-5.437352,maitlandmercury.com.au,Trump Warns Iran Will Be Hit Very Hard In New Attacks,https://www.maitlandmercury.com.au/story/9192689/trump-warns-iran-will-be-hit-very-hard-in-new-attacks/,,
2141,2026-03-07,2026-03-07 16:00:00+00:00,0.3945634301204349,0.5048540830612183,0.06369147129808468,-5.3426247,naroomanewsonline.com.au,Trump Warns Iran Will Be Hit Very Hard In New Attacks,https://www.naroomanewsonline.com.au/story/9192689/trump-warns-iran-will-be-hit-very-hard-in-new-attacks/,,
2142,2026-03-07,2026-03-07 16:00:00+00:00,0.3945634301204349,0.5048540830612183,0.06369147129808468,-5.226481,canberratimes.com.au,Trump Warns Iran Will Be Hit Very Hard In New Attacks,https://www.canberratimes.com.au/story/9192689/trump-warns-iran-will-be-hit-very-hard-in-new-attacks/,,
2143,2026-03-07,2026-03-07 12:00:00+00:00,0.3945634301204349,0.5048540830612183,0.06369147129808468,-5.28169,goulburnpost.com.au,Trump Warns Iran Will Be Hit Very Hard In New Attacks,https://www.goulburnpost.com.au/story/9192689/trump-warns-iran-will-be-hit-very-hard-in-new-attacks/,,
2144,2026-03-07,2026-03-07 13:00:00+00:00,0.3945634301204349,0.5048540830612183,0.06369147129808468,-5.5690074,sconeadvocate.com.au,Trump Warns Iran Will Be Hit Very Hard In New Attacks,https://www.sconeadvocate.com.au/story/9192689/trump-warns-iran-will-be-hit-very-hard-in-new-attacks/,,
2145,2026-03-07,2026-03-07 15:00:00+00:00,0.3945634301204349,0.5048540830612183,0.06369147129808468,-5.5690074,yasstribune.com.au,Trump Warns Iran Will Be Hit Very Hard In New Attacks,https://www.yasstribune.com.au/story/9192689/trump-warns-iran-will-be-hit-very-hard-in-new-attacks/,,
2146,2026-03-07,2026-03-07 14:00:00+00:00,0.3945634301204349,0.5048540830612183,0.06369147129808468,-5.3426247,edenmagnet.com.au,Trump Warns Iran Will Be Hit Very Hard In New Attacks,https://www.edenmagnet.com.au/story/9192689/trump-warns-iran-will-be-hit-very-hard-in-new-attacks/,,
2147,2026-03-07,2026-03-07 13:00:00+00:00,0.3945634301204349,0.5048540830612183,0.06369147129808468,-5.5690074,easternriverinachronicle.com.au,Trump Warns Iran Will Be Hit Very Hard In New Attacks,https://www.easternriverinachronicle.com.au/story/9192689/trump-warns-iran-will-be-hit-very-hard-in-new-attacks/,,
2148,2026-03-07,2026-03-07 13:00:00+00:00,0.3945634301204349,0.5048540830612183,0.06369147129808468,-5.226481,newcastleherald.com.au,Trump Warns Iran Will Be Hit Very Hard In New Attacks,https://www.newcastleherald.com.au/story/9192689/trump-warns-iran-will-be-hit-very-hard-in-new-attacks/,,
2149,2026-03-07,2026-03-07 16:00:00+00:00,0.3945634301204349,0.5048540830612183,0.06369147129808468,-5.5690074,queanbeyanage.com.au,Trump Warns Iran Will Be Hit Very Hard In New Attacks,https://www.queanbeyanage.com.au/story/9192689/trump-warns-iran-will-be-hit-very-hard-in-new-attacks/,,
2150,2026-03-07,2026-03-07 14:00:00+00:00,0.3945634301204349,0.5048540830612183,0.06369147129808468,-5.5690074,merimbulanewsweekly.com.au,Trump Warns Iran Will Be Hit Very Hard In New Attacks,https://www.merimbulanewsweekly.com.au/story/9192689/trump-warns-iran-will-be-hit-very-hard-in-new-attacks/,,
2151,2026-03-06,2026-03-06 15:00:00+00:00,0.3945232554032703,0.49631670117378235,0.08914291809173432,1.6,politicalwire.com,Trump Says Cuba Will Fall Pretty Soon,https://politicalwire.com/2026/03/06/trump-says-cuba-will-fall-pretty-soon/,,
2152,2026-03-05,2026-03-05 06:00:00+00:00,0.3944087007489687,0.505211591720581,0.062000027834131805,0.0,perthnow.com.au,China Rolls Out New Economic And Political Blueprint C 21844747,https://www.perthnow.com.au/news/politics/china-rolls-out-new-economic-and-political-blueprint-c-21844747,,
2153,2026-03-10,2026-03-10 16:00:00+00:00,0.39440829259960664,0.5007388591766357,0.07541659286851943,2.0270271,dailygalaxy.com,China Targets Rimae Bode A Lunar Museum,https://dailygalaxy.com/2026/03/china-targets-rimae-bode-a-lunar-museum/,,
2154,2026-03-15,2026-03-15 05:00:00+00:00,0.3943972579617982,0.5013062357902527,0.07367032447643465,1.4109347,bignewsnetwork.com,China Focus Low Altitude Logistics Elevating Transforming Daily Deliveries Across China,http://www.bignewsnetwork.com/news/278923001/china-focus-low-altitude-logistics-elevating-transforming-daily-deliveries-across-china,,
2155,2026-03-10,2026-03-10 04:00:00+00:00,0.3943814595790019,0.5051037073135376,0.06221471637539467,-3.6585367,benzinga.com,Trump Says Iran War Pretty Much Over But Tehran Says They Will Decide The End Heres Wh,https://www.benzinga.com/markets/prediction-markets/26/03/51148296/trump-says-iran-war-pretty-much-over-but-tehran-says-they-will-decide-the-end-heres-wh,,
2156,2026-03-06,2026-03-06 08:00:00+00:00,0.3943608326306767,0.5016893148422241,0.0723753859960346,-7.328605,thestar.com.my,China Denies Philippine Espionage Allegations,https://www.thestar.com.my/aseanplus/aseanplus-news/2026/03/06/china-denies-philippine-espionage-allegations,,
2157,2026-03-07,2026-03-07 17:00:00+00:00,0.3942980842661804,0.5030738115310669,0.06797090247152084,-0.84033614,ksl.com,Trump Says Iran Will Be Hit Very Hard On Saturday,https://www.ksl.com:443/article/51458624/trump-says-iran-will-be-hit-very-hard-on-saturday,,
2158,2026-03-07,2026-03-07 13:00:00+00:00,0.3942980842661804,0.5030738115310669,0.06797090247152084,-1.0,cyprus-mail.com,Trump Says Iran Will Be Hit Very Hard On Saturday,https://cyprus-mail.com/2026/03/07/trump-says-iran-will-be-hit-very-hard-on-saturday,,
2159,2026-03-07,2026-03-07 16:00:00+00:00,0.3942980842661804,0.5030738115310669,0.06797090247152084,-0.7407407,wsau.com,Trump Says Iran Will Be Hit Very Hard On Saturday,https://wsau.com/2026/03/07/trump-says-iran-will-be-hit-very-hard-on-saturday/,,
2160,2026-03-12,2026-03-12 01:00:00+00:00,0.39429366990500025,0.500889778137207,0.07450534520837993,-1.4720314,wsls.com,China Is Expected To Push For An Ethnic Unity Law That Critics Say Will Cement Assimilation,https://www.wsls.com/news/world/2026/03/12/china-is-expected-to-push-for-an-ethnic-unity-law-that-critics-say-will-cement-assimilation/,,
2161,2026-03-12,2026-03-12 00:00:00+00:00,0.39429366990500025,0.500889778137207,0.07450534520837993,-1.4164306,winnipegfreepress.com,China Is Expected To Push For An Ethnic Unity Law That Critics Say Will Cement Assimilation,https://www.winnipegfreepress.com/world/2026/03/11/china-is-expected-to-push-for-an-ethnic-unity-law-that-critics-say-will-cement-assimilation,,
2162,2026-03-12,2026-03-12 01:00:00+00:00,0.39429366990500025,0.500889778137207,0.07450534520837993,-1.5414258,kob.com,China Is Expected To Push For An Ethnic Unity Law That Critics Say Will Cement Assimilation,https://www.kob.com/ap-top-news/china-is-expected-to-push-for-an-ethnic-unity-law-that-critics-say-will-cement-assimilation/,,
2163,2026-03-12,2026-03-12 02:00:00+00:00,0.39429366990500025,0.500889778137207,0.07450534520837993,-1.4720314,clickorlando.com,China Is Expected To Push For An Ethnic Unity Law That Critics Say Will Cement Assimilation,https://www.clickorlando.com/news/world/2026/03/12/china-is-expected-to-push-for-an-ethnic-unity-law-that-critics-say-will-cement-assimilation/,,
2164,2026-03-12,2026-03-12 03:00:00+00:00,0.39429366990500025,0.500889778137207,0.07450534520837993,-1.4720314,clickondetroit.com,China Is Expected To Push For An Ethnic Unity Law That Critics Say Will Cement Assimilation,https://www.clickondetroit.com/news/world/2026/03/12/china-is-expected-to-push-for-an-ethnic-unity-law-that-critics-say-will-cement-assimilation/,,
2165,2026-03-12,2026-03-12 04:00:00+00:00,0.39429366990500025,0.500889778137207,0.07450534520837993,-1.4720314,news4jax.com,China Is Expected To Push For An Ethnic Unity Law That Critics Say Will Cement Assimilation,https://www.news4jax.com/news/world/2026/03/12/china-is-expected-to-push-for-an-ethnic-unity-law-that-critics-say-will-cement-assimilation/,,
2166,2026-03-12,2026-03-12 04:00:00+00:00,0.39429366990500025,0.500889778137207,0.07450534520837993,-1.4720314,ksat.com,China Is Expected To Push For An Ethnic Unity Law That Critics Say Will Cement Assimilation,https://www.ksat.com/news/world/2026/03/12/china-is-expected-to-push-for-an-ethnic-unity-law-that-critics-say-will-cement-assimilation/,,
2167,2026-03-12,2026-03-12 15:00:00+00:00,0.39429366990500025,0.500889778137207,0.07450534520837993,-1.3371538,seattletimes.com,China Is Expected To Push For An Ethnic Unity Law That Critics Say Will Cement Assimilation,https://www.seattletimes.com/nation-world/china-is-expected-to-push-for-an-ethnic-unity-law-that-critics-say-will-cement-assimilation/,,
2168,2026-03-10,2026-03-10 05:00:00+00:00,0.39423958339312704,0.5040779113769531,0.06472459944164874,-1.3850416,theweek.in,We Will Decide Irans Sharp Retort After Trump Says War Could End Soon,https://www.theweek.in/news/middle-east/2026/03/10/we-will-decide-irans-sharp-retort-after-trump-says-war-could-end-soon.html,,
2169,2026-03-06,2026-03-06 19:00:00+00:00,0.3942327088597324,0.5042814612388611,0.06408645172234628,-2.7419355,dailysignal.com,Breaking Trump Says Only Iran Deal He Will Accept Is Unconditional Surrender,https://www.dailysignal.com/2026/03/06/breaking-trump-says-only-iran-deal-he-will-accept-is-unconditional-surrender/,,
2170,2026-03-13,2026-03-13 07:00:00+00:00,0.3941592587490052,0.5045558214187622,0.06296957073973415,-3.8684719,express.co.uk,Russia China Flood Airwaves World,https://www.express.co.uk/news/politics/2181531/russia-china-flood-airwaves-world,,
2171,2026-03-05,2026-03-05 02:00:00+00:00,0.3941280614958925,0.48710232973098755,0.11520525679060734,2.1696253,aol.co.uk,Outspoken Trump Supporter Danica Patrick 012131066,https://www.aol.co.uk/articles/outspoken-trump-supporter-danica-patrick-012131066.html,,
2172,2026-03-24,2026-03-24 20:00:00+00:00,0.39409583028423023,0.4870593547821045,0.11520525679060734,-2.008032,yahoo.com,O Reilly Becoming Apparent Trump 172043368,https://www.yahoo.com/news/articles/o-reilly-becoming-apparent-trump-172043368.html,,
2173,2026-03-20,2026-03-20 01:00:00+00:00,0.394077909526151,0.49456918239593506,0.0926040909167988,-1.1363636,dotchuoinon.com,Its Not China Suddenly Becoming Greater,https://dotchuoinon.com/2026/03/19/its-not-china-suddenly-becoming-greater/,,
2174,2026-03-16,2026-03-16 17:00:00+00:00,0.39403910156356525,0.4869837164878845,0.11520525679060734,-2.6923077,rawstory.com,Trump Desperation 2676204714,https://www.rawstory.com/trump-desperation-2676204714/,,
2175,2026-03-09,2026-03-09 13:00:00+00:00,0.3939924245793401,0.5032023787498474,0.06636256206781813,-3.9136302,columbian.com,Collier Trump Has No Idea How Or When War In Iran Will Be Finished,https://www.columbian.com/news/2026/mar/09/collier-trump-has-no-idea-how-or-when-war-in-iran-will-be-finished/,,
2176,2026-03-23,2026-03-23 15:00:00+00:00,0.3939195692964376,0.5043375492095947,0.06266562955696629,-4.7619047,wjr.com,Trump Said U S Will Pause Airstrikes On Iran Power Plants After Talks,https://www.wjr.com/2026/03/23/trump-said-u-s-will-pause-airstrikes-on-iran-power-plants-after-talks/,,
2177,2026-03-10,2026-03-10 04:00:00+00:00,0.3938816755956836,0.502322793006897,0.0685583233620434,5.365854,scmp.com,5 Top China Instagram Spots Huizhous Highway 218 Blend Nature And Architecture,https://www.scmp.com/lifestyle/travel-leisure/article/3345983/5-top-china-instagram-spots-huizhous-highway-218-blend-nature-and-architecture,,
2178,2026-03-11,2026-03-11 23:00:00+00:00,0.3938234704255671,0.5030252933502197,0.06621800165160911,-3.4557235,latintimes.com,Senior Trump Cabinet Member Building Bunker Amid Iran War Constructor Says When Will Mine 595570,https://www.latintimes.com/senior-trump-cabinet-member-building-bunker-amid-iran-war-constructor-says-when-will-mine-595570,,
2179,2026-03-16,2026-03-16 16:00:00+00:00,0.3937991779671831,0.486663818359375,0.11520525679060734,3.4136546,mymotherlode.com,Trump Honoring K 9 Veterans,https://mymotherlode.com/news/local/10634376/trump-honoring-k-9-veterans.html,,
2180,2026-03-13,2026-03-13 23:00:00+00:00,0.3937740132196028,0.503248929977417,0.06534926294616038,-2.3121388,eenews.net,Eu Deforestation Law Will Damage Trade With Us Trump Official Warns,https://www.eenews.net/articles/eu-deforestation-law-will-damage-trade-with-us-trump-official-warns/,,
2181,2026-03-18,2026-03-18 10:00:00+00:00,0.39373857758012815,0.5031580328941345,0.06548021163810906,-4.7619047,londonlovesbusiness.com,Lithuania Faces Growing Fears Of Attack From Belarus As Trump Will No Longer Help Nato,https://londonlovesbusiness.com/lithuania-faces-growing-fears-of-attack-from-belarus-as-trump-will-no-longer-help-nato/,,
2182,2026-03-07,2026-03-07 05:00:00+00:00,0.39373195543088335,0.5005531311035156,0.07326842841298646,-3.7406483,marketscreener.com,Trump Administration Says Nashville Reporter Arrested By Ice Will Get Due Process Ce7E5Fd8D081F620,https://www.marketscreener.com/news/trump-administration-says-nashville-reporter-arrested-by-ice-will-get-due-process-ce7e5fd8d081f620,,
2183,2026-03-12,2026-03-12 19:00:00+00:00,0.3936911967025919,0.48651984333992004,0.11520525679060734,0.74626863,thewrap.com,Trump Nominates Sarah B Rogers Usagm,https://www.thewrap.com/media-platforms/journalism/trump-nominates-sarah-b-rogers-usagm/,,
2184,2026-03-18,2026-03-18 17:00:00+00:00,0.39360173820845623,0.49482473731040955,0.08993274090259637,0.9287926,aol.co.uk,Why King Visit Us Must 165026917,https://www.aol.co.uk/articles/why-king-visit-us-must-165026917.html,,
2185,2026-03-09,2026-03-09 07:00:00+00:00,0.3935669864217266,0.5041079521179199,0.06194408933314655,-1.0273973,finanzen.ch,China Inflation Strongest Since Early 2023 1035908845,https://www.finanzen.ch/nachrichten/zinsen/china-inflation-strongest-since-early-2023-1035908845,,
2186,2026-03-10,2026-03-10 03:00:00+00:00,0.39354255140322086,0.49751272797584534,0.08163202168534744,-2.6809652,firstpost.com,Trump Says Iran War Will Be Finished Quickly But Us Hasnt Won Enough 13987834,https://www.firstpost.com/world/trump-says-iran-war-will-be-finished-quickly-but-us-hasnt-won-enough-13987834.html,,
2187,2026-03-09,2026-03-09 15:00:00+00:00,0.39353780091612045,0.49710363149642944,0.08284030917519351,0.78740156,politicalwire.com,Trump Promises Gas Prices Will Drop Rapidly,https://politicalwire.com/2026/03/09/trump-promises-gas-prices-will-drop-rapidly/,,
2188,2026-03-13,2026-03-13 06:00:00+00:00,0.3934976997036561,0.49523359537124634,0.08829001270088543,-0.49751243,yahoo.com,Vw Targets China Comeback First 053135795,https://www.yahoo.com/news/articles/vw-targets-china-comeback-first-053135795.html,,
2189,2026-03-11,2026-03-11 00:00:00+00:00,0.39349441196786594,0.4862574636936188,0.11520525679060734,-1.9230769,yahoo.com,Trump Bought Netflix Warner Bros 132120346,https://finance.yahoo.com/news/trump-bought-netflix-warner-bros-132120346.html,,
2190,2026-03-17,2026-03-17 17:00:00+00:00,0.39344236410184136,0.5045478940010071,0.060125774404344114,1.9762846,romania-insider.com,Romania China Sign Memorandum Agri Food Exports,https://www.romania-insider.com/romania-china-sign-memorandum-agri-food-exports,,
2191,2026-03-05,2026-03-05 06:00:00+00:00,0.39336661564818165,0.5038639307022095,0.06187467048609824,1.6,nknews.org,North Korean Education Officials Visit Chinese School Furniture Factory,https://www.nknews.org/2026/03/north-korean-education-officials-visit-chinese-school-furniture-factory/,,
2192,2026-03-04,2026-03-04 04:00:00+00:00,0.3933642844498075,0.5007106065750122,0.07132531807419334,0.34013605,newkerala.com,China Closing Undersea Gap Us Warns 580,https://www.newkerala.com/news/a/china-closing-undersea-gap-us-warns-580.htm,,
2193,2026-03-10,2026-03-10 02:00:00+00:00,0.39331962515402985,0.5008081793785095,0.07085396248059092,-0.26143792,aninews.in,Irans Military Wiped Out Us Will Go Further If Needed Says Trump20260310055652,https://aninews.in/news/world/us/irans-military-wiped-out-us-will-go-further-if-needed-says-trump20260310055652/,,
2194,2026-03-04,2026-03-04 21:00:00+00:00,0.39328022209016616,0.4968365430831909,0.0826112591110919,1.5841584,hottytoddy.com,Ole Miss Jeremiah Douglas Official Visit Set,https://www.hottytoddy.com/2026/03/04/ole-miss-jeremiah-douglas-official-visit-set/,,
2195,2026-03-09,2026-03-09 15:00:00+00:00,0.3931448070994553,0.5009704232215881,0.06966795873305692,-4.1666665,newser.com,Trump End Of War Will Be Mutual Call With Netanyahu,https://www.newser.com/story/385043/trump-end-of-war-will-be-mutual-call-with-netanyahu.html,,
2196,2026-03-10,2026-03-10 13:00:00+00:00,0.39309412292904855,0.5015241503715515,0.06780404060153974,-4.2990656,sharecast.com,Oil Prices Retreat As Trump Pledges War Will End Very Soon  21987546,https://www.sharecast.com/news/commodities/oil-prices-retreat-as-trump-pledges-war-will-end-very-soon--21987546.html,,
2197,2026-03-04,2026-03-04 08:00:00+00:00,0.39305163962424605,0.48789677023887634,0.10851624778035518,0.770416,aninews.in,Your Visit Will Take India Finland Relations To New Heights Pm Modi Welcomes Finland President Stubb20260304113700,https://aninews.in/news/world/asia/your-visit-will-take-india-finland-relations-to-new-heights-pm-modi-welcomes-finland-president-stubb20260304113700/,,
2198,2026-03-11,2026-03-11 00:00:00+00:00,0.39304990967939707,0.49767544865608215,0.07917329274934183,-8.235294,theepochtimes.com,Leavitt Says Trump Will Define Irans Unconditional Surrender 5996831,https://www.theepochtimes.com/world/leavitt-says-trump-will-define-irans-unconditional-surrender-5996831,,
2199,2026-03-04,2026-03-04 18:00:00+00:00,0.3930225821470516,0.5035592913627625,0.061412454499919084,-1.28,wsgw.com,Doj Reverses Course Will Now Defend Trump Executive Orders Targeting Law Firms,https://www.wsgw.com/doj-reverses-course-will-now-defend-trump-executive-orders-targeting-law-firms/,,
2200,2026-03-23,2026-03-23 05:00:00+00:00,0.39296571561647015,0.5001534819602966,0.0714024165849907,-0.64102566,ckgsb.edu.cn,China Migrants Rethinking Urban Life,https://english.ckgsb.edu.cn/knowledge/article/china-migrants-rethinking-urban-life/,,
2201,2026-03-06,2026-03-06 03:00:00+00:00,0.3929646169743123,0.4993874728679657,0.07369604929335215,4.878049,valleycenter.com,Couple Takes Paper To China,https://www.valleycenter.com/articles/couple-takes-paper-to-china/,,
2202,2026-03-23,2026-03-23 22:00:00+00:00,0.3929257391665072,0.502377450466156,0.06457060526756081,-1.7268445,theregister.com,Rsa Panel China Threat Collaboration Call,https://www.theregister.com/2026/03/23/rsa_panel_china_threat_collaboration_call/,,
2203,2026-03-07,2026-03-07 20:00:00+00:00,0.3927957811208702,0.496604859828949,0.08136854499663392,4.1666665,shafaqna.com,China On Threshold Of Bci Era,https://en.shafaqna.com/443472/china-on-threshold-of-bci-era/,,
2204,2026-03-16,2026-03-16 17:00:00+00:00,0.3927715518409975,0.49794456362724304,0.07725251648226082,-1.0380623,jalopnik.com,Unreliability F1 New Ruleset China Grand Prix,https://www.jalopnik.com/2124540/unreliability-f1-new-ruleset-china-grand-prix/,,
2205,2026-03-24,2026-03-24 02:00:00+00:00,0.39268328880774384,0.5024791955947876,0.06329556844661244,-6.0240965,alternet.org,Trump Mess Iran,https://www.alternet.org/trump-mess-iran/,,
2206,2026-03-19,2026-03-19 22:00:00+00:00,0.3926601335898604,0.4970930814743042,0.07936128993652898,0.6756757,newsregister.com,Article?Articletitle=Vietnam Wall Replica To Visit Mcminnville  1773764516  54725,https://newsregister.com/article?articleTitle=vietnam-wall-replica-to-visit-mcminnville--1773764516--54725--,,
2207,2026-03-10,2026-03-10 23:00:00+00:00,0.39265374044653234,0.49464064836502075,0.08669301669106702,-3.9215686,redlandsdailyfacts.com,Editorial Trumps Trucker Crackdown Will Drive Inflation,https://www.redlandsdailyfacts.com/2026/03/10/editorial-trumps-trucker-crackdown-will-drive-inflation/,,
2208,2026-03-10,2026-03-10 22:00:00+00:00,0.39265374044653234,0.49464064836502075,0.08669301669106702,-3.9215686,dailybreeze.com,Editorial Trumps Trucker Crackdown Will Drive Inflation,https://www.dailybreeze.com/2026/03/10/editorial-trumps-trucker-crackdown-will-drive-inflation/,,
2209,2026-03-10,2026-03-10 20:00:00+00:00,0.39265374044653234,0.49464064836502075,0.08669301669106702,-3.9215686,ocregister.com,Editorial Trumps Trucker Crackdown Will Drive Inflation,https://www.ocregister.com/2026/03/10/editorial-trumps-trucker-crackdown-will-drive-inflation/,,
2210,2026-03-10,2026-03-10 23:00:00+00:00,0.39265374044653234,0.49464064836502075,0.08669301669106702,-3.9215686,sbsun.com,Editorial Trumps Trucker Crackdown Will Drive Inflation,https://www.sbsun.com/2026/03/10/editorial-trumps-trucker-crackdown-will-drive-inflation/,,
2211,2026-03-10,2026-03-10 23:00:00+00:00,0.39265374044653234,0.49464064836502075,0.08669301669106702,-3.9215686,whittierdailynews.com,Editorial Trumps Trucker Crackdown Will Drive Inflation,https://www.whittierdailynews.com/2026/03/10/editorial-trumps-trucker-crackdown-will-drive-inflation/,,
2212,2026-03-10,2026-03-10 21:00:00+00:00,0.39265374044653234,0.49464064836502075,0.08669301669106702,-3.9215686,dailybulletin.com,Editorial Trumps Trucker Crackdown Will Drive Inflation,https://www.dailybulletin.com/2026/03/10/editorial-trumps-trucker-crackdown-will-drive-inflation/,,
2213,2026-03-10,2026-03-10 20:00:00+00:00,0.39265374044653234,0.49464064836502075,0.08669301669106702,-3.9215686,presstelegram.com,Editorial Trumps Trucker Crackdown Will Drive Inflation,https://www.presstelegram.com/2026/03/10/editorial-trumps-trucker-crackdown-will-drive-inflation/,,
2214,2026-03-10,2026-03-10 23:00:00+00:00,0.39265374044653234,0.49464064836502075,0.08669301669106702,-3.9215686,pasadenastarnews.com,Editorial Trumps Trucker Crackdown Will Drive Inflation,https://www.pasadenastarnews.com/2026/03/10/editorial-trumps-trucker-crackdown-will-drive-inflation/,,
2215,2026-03-10,2026-03-10 23:00:00+00:00,0.39265374044653234,0.49464064836502075,0.08669301669106702,-3.9215686,sgvtribune.com,Editorial Trumps Trucker Crackdown Will Drive Inflation,https://www.sgvtribune.com/2026/03/10/editorial-trumps-trucker-crackdown-will-drive-inflation/,,
2216,2026-03-14,2026-03-14 17:00:00+00:00,0.39265374044653234,0.49464064836502075,0.08669301669106702,-3.7688441,record-bee.com,Editorial Trumps Trucker Crackdown Will Drive Inflation,https://www.record-bee.com/2026/03/14/editorial-trumps-trucker-crackdown-will-drive-inflation/,,
2217,2026-03-10,2026-03-10 22:00:00+00:00,0.39265374044653234,0.49464064836502075,0.08669301669106702,-3.9215686,dailynews.com,Editorial Trumps Trucker Crackdown Will Drive Inflation,https://www.dailynews.com/2026/03/10/editorial-trumps-trucker-crackdown-will-drive-inflation/,,
2218,2026-03-14,2026-03-14 14:00:00+00:00,0.3926478289253967,0.5035420656204224,0.05996511884031965,-2.9239767,express.co.uk,King Charles Us State Visit Latest,https://www.express.co.uk/news/royal/2182211/king-charles-us-state-visit-latest,,
2219,2026-03-12,2026-03-12 11:00:00+00:00,0.39262743764074365,0.4748455286026001,0.14597316475517436,0.6329114,en.apa.az,Charles Michel Costas Visit Will Help Define Priorities In Eu Azerbaijan Partnership 496401,https://en.apa.az/foreign-policy/charles-michel-costas-visit-will-help-define-priorities-in-eu-azerbaijan-partnership-496401,,
2220,2026-03-12,2026-03-12 21:00:00+00:00,0.3926244115405139,0.479352205991745,0.1324410281868207,2.6785715,odishachannel.com,Rahul Gandhi To Visit Odisha In August,https://odishachannel.com/index.php/82/rahul-gandhi-to-visit-odisha-in-august/,,
2221,2026-03-05,2026-03-05 12:00:00+00:00,0.39257934296257674,0.5001651048660278,0.06982205725222353,-0.7352941,yahoo.com,China Vows Accelerate Technological Self 013732976,https://finance.yahoo.com/news/china-vows-accelerate-technological-self-013732976.html,,
2222,2026-03-04,2026-03-04 11:00:00+00:00,0.3924703271458048,0.4881371557712555,0.10546984126945282,4.8421054,travelmole.com,Visit Malaysia 2026 Itb Berlin,https://www.travelmole.com/news/visit-malaysia-2026-itb-berlin/,,
2223,2026-03-06,2026-03-06 21:00:00+00:00,0.39247005859702827,0.4977734386920929,0.07655991831183445,-2.6415095,ibtimes.com,Trump Says Iran War Will Only End Unconditional Surrender 3798626,https://www.ibtimes.com/trump-says-iran-war-will-only-end-unconditional-surrender-3798626,,
2224,2026-03-10,2026-03-10 09:00:00+00:00,0.39243828578989565,0.5027367472648621,0.06154290136499645,-1.7241379,thecitizen.co.tz,Iran Says Oil Blockade Will Continue Until Attacks End Trump Threatens To Escalate Strikes 5385886,https://www.thecitizen.co.tz/tanzania/news/international/iran-says-oil-blockade-will-continue-until-attacks-end-trump-threatens-to-escalate-strikes-5385886,,
2225,2026-03-21,2026-03-21 15:00:00+00:00,0.3924076918314636,0.5021117329597473,0.06329556844661244,-6.557377,express.co.uk,Trump Slammed Insane Grandad Iran,https://www.express.co.uk/news/world/2184964/trump-slammed-insane-grandad-iran,,
2226,2026-03-09,2026-03-09 01:00:00+00:00,0.39231095429526996,0.48467952013015747,0.11520525679060734,0.0,drudge.com,Trump Wore Baseball Cap Militarys,https://drudge.com/news/290546/trump-wore-baseball-cap-militarys,,
2227,2026-03-24,2026-03-24 09:00:00+00:00,0.39227091890977206,0.49691641330718994,0.07833443571751851,-1.0752689,thechronicle.com.gh,Trump Says Iran War Will Be Settled If 5 Day Period Goes Well,https://thechronicle.com.gh/trump-says-iran-war-will-be-settled-if-5-day-period-goes-well/,,
2228,2026-03-06,2026-03-06 04:00:00+00:00,0.39221238311397266,0.48454809188842773,0.11520525679060734,-7.4074073,buzzfeed.com,Trump 25Th Amendment,https://www.buzzfeed.com/natashajokic1/trump-25th-amendment,,
2229,2026-03-03,2026-03-03 21:00:00+00:00,0.3922023961530746,0.49985626339912415,0.069240794414926,-1.2903225,townhall.com,China Offers Iran Moral Backing N2672222,https://townhall.com/tipsheet/amy-curtis/2026/03/03/china-offers-iran-moral-backing-n2672222,,
2230,2026-03-23,2026-03-23 21:00:00+00:00,0.39217867580938043,0.500525176525116,0.06713917366217377,0.61349696,aninews.in,Us Ambassador Gor Announces Visit Of Top Defence Official To India20260324005810,https://aninews.in/news/world/asia/us-ambassador-gor-announces-visit-of-top-defence-official-to-india20260324005810/,,
2231,2026-03-23,2026-03-23 00:00:00+00:00,0.3920586582091814,0.5024564862251282,0.060865174161341046,-2.094241,latimes.com,Bigger Tax Refunds Touted By Trump Will Probably Be Spent On Gas,https://www.latimes.com/world-nation/story/2026-03-22/bigger-tax-refunds-touted-by-trump-will-probably-be-spent-on-gas,,
2232,2026-03-04,2026-03-04 02:00:00+00:00,0.39204618409900654,0.4911380708217621,0.09477052393073995,-1.7182131,scmp.com,Quiet Revolution Animal Rights China,https://www.scmp.com/opinion/china-opinion/article/3344884/quiet-revolution-animal-rights-china,,
2233,2026-03-07,2026-03-07 21:00:00+00:00,0.391986331297439,0.49743789434432983,0.07563164215676646,-1.25,dailypost.ng,War Us Will Be Keeping Deaths In Iran To Minimum Trump,https://dailypost.ng/2026/03/07/war-us-will-be-keeping-deaths-in-iran-to-minimum-trump/,,
2234,2026-03-25,2026-03-25 04:00:00+00:00,0.3919637824694661,0.4823201298713684,0.12089474026375917,0.72202164,altoonamirror.com,Author Visit,https://www.altoonamirror.com/news/local-news/2026/03/author-visit/,,
2235,2026-03-05,2026-03-05 19:00:00+00:00,0.3917938973226135,0.49337127804756165,0.08706175514776911,0.0,newzealandstar.com,Kenya Kisumu China Highway,http://www.newzealandstar.com/news/278904333/kenya-kisumu-china-highway,,
2236,2026-03-05,2026-03-05 19:00:00+00:00,0.3917938973226135,0.49337127804756165,0.08706175514776911,0.0,shanghainews.net,Kenya Kisumu China Highway,http://www.shanghainews.net/news/278904333/kenya-kisumu-china-highway,,
2237,2026-03-05,2026-03-05 19:00:00+00:00,0.3917938973226135,0.49337127804756165,0.08706175514776911,0.0,hongkongherald.com,Kenya Kisumu China Highway,http://www.hongkongherald.com/news/278904333/kenya-kisumu-china-highway,,
2238,2026-03-05,2026-03-05 18:00:00+00:00,0.3917938973226135,0.49337127804756165,0.08706175514776911,0.0,cambodiantimes.com,Kenya Kisumu China Highway,http://www.cambodiantimes.com/news/278904333/kenya-kisumu-china-highway,,
2239,2026-03-05,2026-03-05 20:00:00+00:00,0.3917938973226135,0.49337127804756165,0.08706175514776911,0.0,chinanationalnews.com,Kenya Kisumu China Highway,http://www.chinanationalnews.com/news/278904333/kenya-kisumu-china-highway,,
2240,2026-03-11,2026-03-11 19:00:00+00:00,0.39167016470847166,0.4969843626022339,0.07572757102718503,-3.816794,channelnewsasia.com,Trump War Will End Soon Iran Israel Us 5987481,https://www.channelnewsasia.com/world/trump-war-will-end-soon-iran-israel-us-5987481,,
2241,2026-03-20,2026-03-20 19:00:00+00:00,0.3916645500112017,0.49787819385528564,0.07302361847894985,1.8382353,abcnews.com,Vance Visit Hungary Days Orbns Election Challenge Foreign 131260479,https://abcnews.com/International/wireStory/vance-visit-hungary-days-orbns-election-challenge-foreign-131260479,,
2242,2026-03-10,2026-03-10 17:00:00+00:00,0.39162961957181436,0.48287200927734375,0.11790245045522611,4.6181173,rcrwireless.com,China Telecom Ai,https://www.rcrwireless.com/20260310/5g/china-telecom-ai,,
2243,2026-03-09,2026-03-09 18:00:00+00:00,0.39161352592599996,0.47896087169647217,0.12957148861458345,0.0,getsurrey.co.uk,East Molesey Vets Fly China 33558668,https://www.getsurrey.co.uk/news/surrey-news/east-molesey-vets-fly-china-33558668,,
2244,2026-03-23,2026-03-23 23:00:00+00:00,0.39160274315844523,0.4980846643447876,0.07215697959941811,-1.9093078,americanbazaaronline.com,Trump Confirms Us Will Postpone Strikes On Iranian Energy Infrastructure 477401,https://americanbazaaronline.com/2026/03/23/trump-confirms-us-will-postpone-strikes-on-iranian-energy-infrastructure-477401/,,
2245,2026-03-06,2026-03-06 00:00:00+00:00,0.39149964754347055,0.49805688858032227,0.07182792443291533,-3.0683403,aljazeera.com,Trump Says He Will Replace Homeland Security Chief Kristi Noem,https://www.aljazeera.com/news/2026/3/5/trump-says-he-will-replace-homeland-security-chief-kristi-noem,,
2246,2026-03-17,2026-03-17 01:00:00+00:00,0.39148515737399175,0.5015457272529602,0.061303447737086465,-0.87649405,timesleader.com,Trumps Secretive Fast Tracked Process To Pick Who Will Run Pa S New Detention Centers,https://www.timesleader.com/news/1735647/trumps-secretive-fast-tracked-process-to-pick-who-will-run-pa-s-new-detention-centers,,
2247,2026-03-24,2026-03-24 15:00:00+00:00,0.39147225666041924,0.4956262707710266,0.07901021432859703,-0.3472222,scmp.com,Why Military Base Contested Paracels Will Be Limited Value Beijing,https://www.scmp.com/news/china/diplomacy/article/3347748/why-military-base-contested-paracels-will-be-limited-value-beijing,,
2248,2026-03-25,2026-03-25 16:00:00+00:00,0.3914355146856427,0.49319538474082947,0.0861559045200823,4.0268455,townandcountrymag.com,Queen Mathilde Belgian State Visit Norway 2026,https://www.townandcountrymag.com/society/tradition/a70843935/queen-mathilde-belgian-state-visit-norway-2026/,,
2249,2026-03-09,2026-03-09 17:00:00+00:00,0.3914000903020053,0.49972474575042725,0.06642612395673937,-3.4843206,zerohedge.com,Ending Iran War Will Be Mutual Decision Israel Trump Says,https://www.zerohedge.com/geopolitical/ending-iran-war-will-be-mutual-decision-israel-trump-says,,
2250,2026-03-10,2026-03-10 11:00:00+00:00,0.3913989575468913,0.4992412328720093,0.06787213157153747,-3.5294118,thedailystar.net,Iran Says Oil Blockade Will Continue Until Attacks End Trump Threatens Heavier Strikes 4125231,https://www.thedailystar.net/business/news/iran-says-oil-blockade-will-continue-until-attacks-end-trump-threatens-heavier-strikes-4125231,,
2251,2026-03-20,2026-03-20 19:00:00+00:00,0.39130381121401864,0.4989193081855774,0.06845732029934234,-1.25,politicalwire.com,Trump Says It Will Take Iran 10 Years To Rebuild,https://politicalwire.com/2026/03/20/trump-says-it-will-take-iran-10-years-to-rebuild/,,
2252,2026-03-13,2026-03-13 12:00:00+00:00,0.39126051232509,0.4947379231452942,0.08082827986447749,-0.5524862,rte.ie,1563248 Volkswagen Targets China Market,https://www.rte.ie/news/business/2026/0313/1563248-volkswagen-targets-china-market/,,
2253,2026-03-23,2026-03-23 22:00:00+00:00,0.39125189691687695,0.49790453910827637,0.07129397034267869,-5.4945054,ualrpublicradio.org,Trump Says U S Will Pause Attacks On Iranian Power Plants,https://www.ualrpublicradio.org/npr-news/2026-03-23/trump-says-u-s-will-pause-attacks-on-iranian-power-plants,,
2254,2026-03-23,2026-03-23 22:00:00+00:00,0.39125189691687695,0.49790453910827637,0.07129397034267869,-5.4945054,kacu.org,Trump Says U S Will Pause Attacks On Iranian Power Plants,https://www.kacu.org/2026-03-23/trump-says-u-s-will-pause-attacks-on-iranian-power-plants,,
2255,2026-03-23,2026-03-23 22:00:00+00:00,0.39125189691687695,0.49790453910827637,0.07129397034267869,-5.4945054,kasu.org,Trump Says U S Will Pause Attacks On Iranian Power Plants,https://www.kasu.org/2026-03-23/trump-says-u-s-will-pause-attacks-on-iranian-power-plants,,
2256,2026-03-23,2026-03-23 21:00:00+00:00,0.39125189691687695,0.49790453910827637,0.07129397034267869,-5.4945054,wkyufm.org,Trump Says U S Will Pause Attacks On Iranian Power Plants,https://www.wkyufm.org/news/2026-03-23/trump-says-u-s-will-pause-attacks-on-iranian-power-plants,,
2257,2026-03-23,2026-03-23 21:00:00+00:00,0.39125189691687695,0.49790453910827637,0.07129397034267869,-5.4945054,wcsufm.org,Trump Says U S Will Pause Attacks On Iranian Power Plants,https://www.wcsufm.org/latest-from-npr/2026-03-23/trump-says-u-s-will-pause-attacks-on-iranian-power-plants,,
2258,2026-03-24,2026-03-24 00:00:00+00:00,0.39125189691687695,0.49790453910827637,0.07129397034267869,-5.4945054,wbaa.org,Trump Says U S Will Pause Attacks On Iranian Power Plants,https://www.wbaa.org/npr-news/2026-03-23/trump-says-u-s-will-pause-attacks-on-iranian-power-plants,,
2259,2026-03-23,2026-03-23 20:00:00+00:00,0.39125189691687695,0.49790453910827637,0.07129397034267869,-5.4945054,wknofm.org,Trump Says U S Will Pause Attacks On Iranian Power Plants,https://www.wknofm.org/news-from-npr/2026-03-23/trump-says-u-s-will-pause-attacks-on-iranian-power-plants,,
2260,2026-03-23,2026-03-23 20:00:00+00:00,0.39125189691687695,0.49790453910827637,0.07129397034267869,-5.4945054,southcarolinapublicradio.org,Trump Says U S Will Pause Attacks On Iranian Power Plants,https://www.southcarolinapublicradio.org/news/2026-03-23/trump-says-u-s-will-pause-attacks-on-iranian-power-plants,,
2261,2026-03-23,2026-03-23 20:00:00+00:00,0.39125189691687695,0.49790453910827637,0.07129397034267869,-5.4945054,wdiy.org,Trump Says U S Will Pause Attacks On Iranian Power Plants,https://www.wdiy.org/npr-news/2026-03-23/trump-says-u-s-will-pause-attacks-on-iranian-power-plants,,
2262,2026-03-23,2026-03-23 20:00:00+00:00,0.39125189691687695,0.49790453910827637,0.07129397034267869,-5.4945054,wmra.org,Trump Says U S Will Pause Attacks On Iranian Power Plants,https://www.wmra.org/2026-03-23/trump-says-u-s-will-pause-attacks-on-iranian-power-plants,,
2263,2026-03-07,2026-03-07 23:00:00+00:00,0.3912514946689868,0.4987372159957886,0.06879433068858146,-0.88495576,al-monitor.com,Trump Says Iran Will Be Hit Very Hard Saturday,https://www.al-monitor.com/originals/2026/03/trump-says-iran-will-be-hit-very-hard-saturday,,
2264,2026-03-07,2026-03-07 11:00:00+00:00,0.3912514946689868,0.4987372159957886,0.06879433068858146,-6.6666665,middleeasteye.net,Trump Says Iran Will Be Hit Very Hard Saturday,https://www.middleeasteye.net/live-blog/live-blog-update/trump-says-iran-will-be-hit-very-hard-saturday,,
2265,2026-03-03,2026-03-03 21:00:00+00:00,0.3912374661518217,0.4887624680995941,0.09866246030850453,0.85227275,wccftech.com,Msi Geforce Rtx 5090D V2 Lightning Surfaces In China,https://wccftech.com/msi-geforce-rtx-5090d-v2-lightning-surfaces-in-china/,,
2266,2026-03-09,2026-03-09 20:00:00+00:00,0.3912264898139194,0.4963390827178955,0.07588871110199104,-0.23696682,washingtonexaminer.com,King Charles Urged Cancel State Visit Trump Iran War,https://www.washingtonexaminer.com/policy/foreign-policy/4485623/king-charles-urged-cancel-state-visit-trump-iran-war/,,
2267,2026-03-18,2026-03-18 01:00:00+00:00,0.39121875595043054,0.4978828430175781,0.07122649474898789,-0.7782101,theborneopost.com,Sarawak Paddlers To Undergo 2 Month Training Stint In China,https://www.theborneopost.com/2026/03/18/sarawak-paddlers-to-undergo-2-month-training-stint-in-china/,,
2268,2026-03-06,2026-03-06 08:00:00+00:00,0.3911831748114748,0.4831758141517639,0.11520525679060734,-3.885805,nationalmemo.com,Trump Incompetence 2675607813,https://www.nationalmemo.com/trump-incompetence-2675607813,,
2269,2026-03-23,2026-03-23 08:00:00+00:00,0.3911776996611214,0.494667112827301,0.08070946016258261,-4.7619047,wn.com,In Denmark S Election How Will The Woman Who Took On Trump F I,https://article.wn.com/view/2026/03/23/In_Denmark_s_Election_How_Will_the_Woman_Who_Took_On_Trump_F_i/,,
2270,2026-03-21,2026-03-21 22:00:00+00:00,0.39116760222551805,0.5007940530776978,0.06228824966897901,-3.75,universitytimes.ie,Routine Diplomacy Or Blatant Hypocrisy Micheal Martins White House Visit,https://universitytimes.ie/2026/03/routine-diplomacy-or-blatant-hypocrisy-micheal-martins-white-house-visit/,,
2271,2026-03-13,2026-03-13 16:00:00+00:00,0.3911661656979596,0.4953719973564148,0.07854867072259387,-2.2813687,thepoultrysite.com,China Tightens Checks On Brazilian Soy Shipments,https://www.thepoultrysite.com/news/2026/03/china-tightens-checks-on-brazilian-soy-shipments,,
2272,2026-03-13,2026-03-13 14:00:00+00:00,0.3911661656979596,0.4953719973564148,0.07854867072259387,-2.2813687,thepigsite.com,China Tightens Checks On Brazilian Soy Shipments,https://www.thepigsite.com/news/2026/03/china-tightens-checks-on-brazilian-soy-shipments,,
2273,2026-03-13,2026-03-13 12:00:00+00:00,0.3911661656979596,0.4953719973564148,0.07854867072259387,-2.2813687,thecattlesite.com,China Tightens Checks On Brazilian Soy Shipments,https://www.thecattlesite.com/news/china-tightens-checks-on-brazilian-soy-shipments,,
2274,2026-03-07,2026-03-07 12:00:00+00:00,0.3911071147998871,0.4980039596557617,0.07041658023226316,-4.2063494,expressandstar.com,Trump Warns Iran Will Be Hit Very Hard,https://www.expressandstar.com/world-news/2026/03/07/trump-warns-iran-will-be-hit-very-hard/,,
2275,2026-03-09,2026-03-09 14:00:00+00:00,0.3910853767088612,0.4996436834335327,0.06541045653484659,-4.8513303,bignewsnetwork.com,China Focus China Tough Crackdown On Crimes Ensures Public Security Quality Development,http://www.bignewsnetwork.com/news/278911579/china-focus-china-tough-crackdown-on-crimes-ensures-public-security-quality-development,,
2276,2026-03-15,2026-03-15 18:00:00+00:00,0.39107285979724804,0.49750977754592896,0.07176210655120537,9.090909,shanghainews.net,China Jiangxi Nanchang Rapeseed Flower Tourism Cn,http://www.shanghainews.net/news/278923436/china-jiangxi-nanchang-rapeseed-flower-tourism-cn,,
2277,2026-03-23,2026-03-23 22:00:00+00:00,0.391029635295906,0.4758073091506958,0.13669661373153663,7.1823206,traveldailynews.asia,Visit Malaysia 2026 Hari Raya Airports,https://www.traveldailynews.asia/uncategorized/visit-malaysia-2026-hari-raya-airports/,,
2278,2026-03-25,2026-03-25 02:00:00+00:00,0.391029635295906,0.4758073091506958,0.13669661373153663,7.1823206,traveldailynews.asia,Visit Malaysia 2026 Hari Raya Airports,https://www.traveldailynews.asia/meetings-events/visit-malaysia-2026-hari-raya-airports/,,
2279,2026-03-12,2026-03-12 04:00:00+00:00,0.3910120514171179,0.4899207353591919,0.09428599959089612,6.993007,artdaily.com,China Institute Gallery Presents The Dancing Goddess  Mei Lanfang In America,https://artdaily.com/news/193831/China-Institute-Gallery-presents-The-Dancing-Goddess--Mei-Lanfang-in-America,,
2280,2026-03-07,2026-03-07 12:00:00+00:00,0.3909762262474928,0.48215872049331665,0.11742874351002121,2.9535866,liteonline.com,Tim Walz Visit Boise,https://liteonline.com/ixp/658/p/tim-walz-visit-boise/,,
2281,2026-03-07,2026-03-07 03:00:00+00:00,0.3909762262474928,0.48215872049331665,0.11742874351002121,2.9535866,1035kissfmboise.com,Tim Walz Visit Boise,https://1035kissfmboise.com/ixp/658/p/tim-walz-visit-boise/,,
2282,2026-03-07,2026-03-07 06:00:00+00:00,0.3909762262474928,0.48215872049331665,0.11742874351002121,2.9535866,mix106radio.com,Tim Walz Visit Boise,https://mix106radio.com/ixp/658/p/tim-walz-visit-boise/,,
2283,2026-03-15,2026-03-15 18:00:00+00:00,0.39097259412960944,0.5002847909927368,0.0630360035402274,-5.3742805,indianexpress.com,Manish Tewari A World Adrift Punjab Lit Foundation India China Geopolitics 10583786,https://indianexpress.com/article/cities/chandigarh/manish-tewari-a-world-adrift-punjab-lit-foundation-india-china-geopolitics-10583786/,,
2284,2026-03-04,2026-03-04 12:00:00+00:00,0.3909414396835447,0.4883677661418915,0.09866246030850453,-0.30769232,televisual.com,Supercollider Preps Wham In China Feature Doc,https://www.televisual.com/news/supercollider-preps-wham-in-china-feature-doc/,,
2285,2026-03-17,2026-03-17 09:00:00+00:00,0.3909247533082445,0.48871350288391113,0.09755850458124456,-1.5665796,dailypost.ng,Why Eu Will Not Help Trump Fight Iran Rufai Oseni,https://dailypost.ng/2026/03/17/why-eu-will-not-help-trump-fight-iran-rufai-oseni/,,
2286,2026-03-25,2026-03-25 22:00:00+00:00,0.390880894349303,0.49292951822280884,0.0847350227287856,-1.7647059,thetimes.com,No 10 Secretive Jonathan Powerll China 7Zwc89F8K,https://www.thetimes.com/uk/politics/article/no-10-secretive-jonathan-powerll-china-7zwc89f8k,,
2287,2026-03-10,2026-03-10 02:00:00+00:00,0.3908737699064919,0.495563805103302,0.07680366431606175,-3.2159264,bgnes.com,Trump Iran War Will End Very Soon,http://www.bgnes.com/politics/trump-iran-war-will-end-very-soon,,
2288,2026-03-17,2026-03-17 16:00:00+00:00,0.39086526598798466,0.4827519357204437,0.11520525679060734,-0.21645021,rawstory.com,Trump Cringe,https://www.rawstory.com/trump-cringe/,,
2289,2026-03-18,2026-03-18 16:00:00+00:00,0.39084345068799686,0.48272284865379333,0.11520525679060734,-3.5151515,alternet.org,Trump Burned Bridges,https://www.alternet.org/trump-burned-bridges/,,
2290,2026-03-06,2026-03-06 04:00:00+00:00,0.3908283745659131,0.49783048033714294,0.06982205725222353,2.1201413,yahoo.com,China Vows Accelerate Technological Self 014121650,https://www.yahoo.com/news/articles/china-vows-accelerate-technological-self-014121650.html,,
2291,2026-03-10,2026-03-10 01:00:00+00:00,0.3908281523395196,0.49175572395324707,0.08804543749833722,5.866667,traveldailynews.asia,Visit Malaysia 2026 Tourism Standards Image,https://www.traveldailynews.asia/destinations/visit-malaysia-2026-tourism-standards-image/,,
2292,2026-03-23,2026-03-23 11:00:00+00:00,0.39075286795772174,0.48631751537323,0.1040589257111971,6.4935064,electronicsweekly.com,China Dancing Robots Useless 2026 03,https://www.electronicsweekly.com/news/business/china-dancing-robots-useless-2026-03/,,
2293,2026-03-08,2026-03-08 07:00:00+00:00,0.3907074705544423,0.499382346868515,0.06468284161222433,0.17391305,asiaone.com,Sim Ann Business China Japan Historical Issues Ww2,https://www.asiaone.com/singapore/sim-ann-business-china-japan-historical-issues-ww2,,
2294,2026-03-08,2026-03-08 08:00:00+00:00,0.3907074705544423,0.499382346868515,0.06468284161222433,0.17391305,asiaone.com,Sim Ann Business China Japan Historical Issues Ww2,https://www.asiaone.com:443/singapore/sim-ann-business-china-japan-historical-issues-ww2,,
2295,2026-03-23,2026-03-23 15:00:00+00:00,0.3906859818648041,0.4998161196708679,0.06329556844661244,-6.6666665,rt.com,594712 Trump Lider Supremo Iran Matar Trabajo,https://actualidad.rt.com/actualidad/594712-trump-lider-supremo-iran-matar-trabajo,,
2296,2026-03-08,2026-03-08 02:00:00+00:00,0.3906400239299454,0.4977216124534607,0.06939525835939947,0.34246576,slashgear.com,Why China Installed Pedestrian Speedbumps,https://www.slashgear.com/2114784/why-china-installed-pedestrian-speedbumps/,,
2297,2026-03-05,2026-03-05 12:00:00+00:00,0.39059150295499884,0.48404234647750854,0.11023897238746969,3.9325843,bournemouthecho.co.uk,25909161.Flying Scotsman Visit Swanage Railway October 2026,https://www.bournemouthecho.co.uk/news/25909161.flying-scotsman-visit-swanage-railway-october-2026/,,
2298,2026-03-12,2026-03-12 13:00:00+00:00,0.3905631547972036,0.48790982365608215,0.09852314822056793,5.4195805,gasgoo.com,Melexis Establishes Wholly Owned China Entity To Deepen Localization Strategy 2032015428304355329,https://autonews.gasgoo.com/articles/news/melexis-establishes-wholly-owned-china-entity-to-deepen-localization-strategy-2032015428304355329,,
2299,2026-03-19,2026-03-19 09:00:00+00:00,0.3905631547972036,0.48790982365608215,0.09852314822056793,5.4195805,gasgoo.com,Melexis Establishes Wholly Owned China Entity To Deepen Localization Strategy 2032015428304355329,https://autonews.gasgoo.com/articles/market-industry/melexis-establishes-wholly-owned-china-entity-to-deepen-localization-strategy-2032015428304355329,,
2300,2026-03-11,2026-03-11 23:00:00+00:00,0.39055261449528755,0.4972584545612335,0.07043509429744961,-1.3574661,eastbaytimes.com,Trump Signals Us Will Tap Oil Reserve To Ease Iran Price Shocks,https://www.eastbaytimes.com/2026/03/11/trump-signals-us-will-tap-oil-reserve-to-ease-iran-price-shocks/,,
2301,2026-03-11,2026-03-11 23:00:00+00:00,0.39055261449528755,0.4972584545612335,0.07043509429744961,-1.3574661,mercurynews.com,Trump Signals Us Will Tap Oil Reserve To Ease Iran Price Shocks,https://www.mercurynews.com/2026/03/11/trump-signals-us-will-tap-oil-reserve-to-ease-iran-price-shocks/,,
2302,2026-03-17,2026-03-17 11:00:00+00:00,0.39055191691981983,0.4823341369628906,0.11520525679060734,-3.9671683,yahoo.com,Mette Frederiksen Denmarks Trump Defying 100950204,https://www.yahoo.com/news/articles/mette-frederiksen-denmarks-trump-defying-100950204.html,,
2303,2026-03-11,2026-03-11 15:00:00+00:00,0.3905252619869557,0.4959268867969513,0.07432038755696882,-4.0,en.apa.az,Trump Says Iran War Will Be Over Very Soon 496204,https://en.apa.az/america/trump-says-iran-war-will-be-over-very-soon-496204,,
2304,2026-03-08,2026-03-08 17:00:00+00:00,0.39050633259770073,0.4974021911621094,0.06981875690447481,0.0,alwihdainfo.com,China Implements Measures To Counter Japan S Accelerating Remilitarization A148469,https://www.alwihdainfo.com/China-implements-measures-to-counter-Japan-s-accelerating-remilitarization_a148469.html,,
2305,2026-03-22,2026-03-22 16:00:00+00:00,0.3904045151178676,0.49161428213119507,0.08677521407788519,1.6393442,drudge.com,Openclaw Enthusiasm Grips China,https://drudge.com/news/290845/openclaw-enthusiasm-grips-china,,
2306,2026-03-12,2026-03-12 11:00:00+00:00,0.3903688729074578,0.4923038184642792,0.08456403623699375,1.9900497,yahoo.com,Zelenskyy Visit Romania 12 March 083600847,https://www.yahoo.com/news/articles/zelenskyy-visit-romania-12-march-083600847.html,,
2307,2026-03-10,2026-03-10 07:00:00+00:00,0.3903589032511002,0.49996423721313477,0.06154290136499645,-4.5989304,kathmandupost.com,Iran Says Oil Blockade Will Continue Until Attacks End Trump Threatens To Escalate Strikes,https://kathmandupost.com/world/2026/03/10/iran-says-oil-blockade-will-continue-until-attacks-end-trump-threatens-to-escalate-strikes,,
2308,2026-03-10,2026-03-10 16:00:00+00:00,0.3903589032511002,0.49996423721313477,0.06154290136499645,-4.610656,bworldonline.com,Iran Says Oil Blockade Will Continue Until Attacks End Trump Threatens To Escalate Strikes,https://www.bworldonline.com/world/2026/03/10/735238/iran-says-oil-blockade-will-continue-until-attacks-end-trump-threatens-to-escalate-strikes/,,
2309,2026-03-10,2026-03-10 12:00:00+00:00,0.3903209639669737,0.4959975481033325,0.07329121155789715,-6.3492064,wn.com,Iran Says Oil Blockade Will Continue Until Attacks End Trump L,https://article.wn.com/view/2026/03/10/Iran_says_oil_blockade_will_continue_until_attacks_end_Trump_l/,,
2310,2026-03-17,2026-03-17 21:00:00+00:00,0.3902790692077799,0.48197034001350403,0.11520525679060734,-0.77922076,alternet.org,Trump Kavanaugh 2676264329,https://www.alternet.org/trump-kavanaugh-2676264329/,,
2311,2026-03-10,2026-03-10 06:00:00+00:00,0.3902654340293589,0.4985623061656952,0.06537481762035009,-3.8461537,newindianexpress.com,Then Who Knows Trump Says Will Waive Some Oil Sanctions As Iran War Roils Markets,https://www.newindianexpress.com/world/2026/Mar/10/then-who-knows-trump-says-will-waive-some-oil-sanctions-as-iran-war-roils-markets,,
2312,2026-03-24,2026-03-24 17:00:00+00:00,0.39025544816999547,0.4906880855560303,0.08895753601189108,1.5151515,bracknellnews.co.uk,25963846.Trump 900K Costs Will Not Paid Thames Valley Police Told,https://www.bracknellnews.co.uk/news/25963846.trump-900k-costs-will-not-paid-thames-valley-police-told/,,
2313,2026-03-24,2026-03-24 17:00:00+00:00,0.39025544816999547,0.4906880855560303,0.08895753601189108,1.5151515,readingchronicle.co.uk,25963846.Trump 900K Costs Will Not Paid Thames Valley Police Told,https://www.readingchronicle.co.uk/news/25963846.trump-900k-costs-will-not-paid-thames-valley-police-told/,,
2314,2026-03-05,2026-03-05 09:00:00+00:00,0.3902544736167262,0.4997166395187378,0.06186797591069151,7.6252723,finanznachrichten.de,67862366 China International Bicycle Fair China Cycle 2026 Building A Global Platform To Advance Global Cooperation And Innovation 008,https://www.finanznachrichten.de/nachrichten-2026-03/67862366-china-international-bicycle-fair-china-cycle-2026-building-a-global-platform-to-advance-global-cooperation-and-innovation-008.htm,,
2315,2026-03-25,2026-03-25 12:00:00+00:00,0.3902508240806172,0.4880182445049286,0.09694856280768292,-0.8695652,dunyanews.tv,942251 Shehbaz Sharif To Visit Karachi Amid Political Developments,https://dunyanews.tv/en/Pakistan/942251-shehbaz-sharif-to-visit-karachi-amid-political-developments,,
2316,2026-03-12,2026-03-12 17:00:00+00:00,0.3902424255638511,0.49772095680236816,0.0678068318482998,-2.9532404,uiargonaut.com,Head Iran War Will Not End How Trump Wants Ui Expert Panel Says,https://www.uiargonaut.com/2026/03/12/head-iran-war-will-not-end-how-trump-wants-ui-expert-panel-says/,,
2317,2026-03-24,2026-03-24 22:00:00+00:00,0.3902311247216387,0.4819064140319824,0.11520525679060734,0.44444445,rawstory.com,Trump Indiana Redistricting Endorsements,https://www.rawstory.com/trump-indiana-redistricting-endorsements/,,
2318,2026-03-14,2026-03-14 11:00:00+00:00,0.3902189070713375,0.49975547194480896,0.06160921245092318,-5.255023,newstribune.com,Fbi Agents May Visit Cuba To Help With,https://www.newstribune.com/news/2026/mar/14/fbi-agents-may-visit-cuba-to-help-with/,,
2319,2026-03-12,2026-03-12 05:00:00+00:00,0.39006923278886557,0.4984164237976074,0.06502765976264004,-0.2610966,newkerala.com,President Murmu Visit Ram Janmabhoomi Temple March 19 791,https://www.newkerala.com/news/a/president-murmu-visit-ram-janmabhoomi-temple-march-19-791.htm,,
2320,2026-03-20,2026-03-20 14:00:00+00:00,0.39004681434209987,0.4943183958530426,0.07723206980927162,-1.6559337,washingtonexaminer.com,Trump Will Not Submit Budget Request Without Iran Dhs Stability,https://www.washingtonexaminer.com/news/white-house/4495646/trump-will-not-submit-budget-request-without-iran-dhs-stability/,,
2321,2026-03-06,2026-03-06 21:00:00+00:00,0.39001859105431536,0.4993065893650055,0.06215459612224493,-0.48076922,worldtribune.com,Trump Will Only Accept Irans Unconditional Surrender In Week Old War,https://worldtribune.com/trump-will-only-accept-irans-unconditional-surrender-in-week-old-war/,,
2322,2026-03-24,2026-03-24 00:00:00+00:00,0.38998971672742594,0.49809330701828003,0.06567894585486372,2.0833333,dailynews.co.zw,China Reaffirms Zimbabwe Food Security Support,https://dailynews.co.zw/china-reaffirms-zimbabwe-food-security-support/,,
2323,2026-03-23,2026-03-23 21:00:00+00:00,0.38994680867444714,0.49681201577186584,0.06935118738219104,0.0,newkerala.com,Us Ambassador Gor Announces Visit Top Defence Official 443,https://www.newkerala.com/news/a/us-ambassador-gor-announces-visit-top-defence-official-443.htm,,
2324,2026-03-23,2026-03-23 16:00:00+00:00,0.3899443889147705,0.4964553117752075,0.07041162033345948,-1.1173184,dailypost.ng,War Us Will Just Keep Striking If Talks With Iran Fails Trump,https://dailypost.ng/2026/03/23/war-us-will-just-keep-striking-if-talks-with-iran-fails-trump/,,
2325,2026-03-06,2026-03-06 17:00:00+00:00,0.389917156588789,0.49814915657043457,0.06522115664385239,-4.4481053,philstar.com,China Denies Using Pinoys Spying,https://www.philstar.com/headlines/2026/03/07/2512590/china-denies-using-pinoys-spying,,
2326,2026-03-12,2026-03-12 15:00:00+00:00,0.38989617614248895,0.4998288154602051,0.06009825818934048,2.096774,indiaeducationdiary.in,Pm To Visit West Bengal On 14Th March,https://indiaeducationdiary.in/pm-to-visit-west-bengal-on-14th-march/,,
2327,2026-03-12,2026-03-12 16:00:00+00:00,0.38989617614248895,0.4998288154602051,0.06009825818934048,2.096774,orissadiary.com,Pm To Visit West Bengal On 14Th March,https://orissadiary.com/pm-to-visit-west-bengal-on-14th-march/,,
2328,2026-03-13,2026-03-13 01:00:00+00:00,0.3898829923702619,0.48030751943588257,0.11860941117339992,-2.2522523,freemalaysiatoday.com,Us Will Not Impose Steep Duties On Battery Material From China,https://www.freemalaysiatoday.com/category/business/2026/03/13/us-will-not-impose-steep-duties-on-battery-material-from-china,,
2329,2026-03-11,2026-03-11 02:00:00+00:00,0.3898811266566585,0.4964480996131897,0.070180207787065,2.631579,carnegieendowment.org,China Russia Rescue Iran,https://carnegieendowment.org/russia-eurasia/politika/2026/03/china-russia-rescue-iran,,
2330,2026-03-17,2026-03-17 16:00:00+00:00,0.3898342397032736,0.4997045397758484,0.06022333948554904,3.5508637,gasgoo.com,China Targets 100000 Fuel Cell Vehicles In Operation By 2030 2033875947533529088,https://autonews.gasgoo.com/articles/ev/china-targets-100000-fuel-cell-vehicles-in-operation-by-2030-2033875947533529088,,
2331,2026-03-23,2026-03-23 14:00:00+00:00,0.38979086246358585,0.481319397687912,0.11520525679060734,-4.5751634,crooksandliars.com,Talarico Terrifies Trump,https://crooksandliars.com/2026/03/talarico-terrifies-trump,,
2332,2026-03-18,2026-03-18 15:00:00+00:00,0.38973005052190063,0.48581820726394653,0.10146558029576298,-0.31779662,blogforiowa.com,Trump Data Grab Will Likely Motivate Voters,https://blogforiowa.com/2026/03/18/trump-data-grab-will-likely-motivate-voters/,,
2333,2026-03-21,2026-03-21 16:00:00+00:00,0.3896915276583036,0.4949636459350586,0.07387517282803861,9.71564,newkerala.com,Gujarat Pm Modi Expected Visit Gandhinagar Mahavir Janm 530,https://www.newkerala.com/news/a/gujarat-pm-modi-expected-visit-gandhinagar-mahavir-janm-530.htm,,
2334,2026-03-10,2026-03-10 12:00:00+00:00,0.3895926770194193,0.49949875473976135,0.05987444385839308,-4.816754,bnnbloomberg.ca,Markets Bet Trump Will End Iran War Soon Despite Threats From Both Sides,https://www.bnnbloomberg.ca/business/2026/03/10/markets-bet-trump-will-end-iran-war-soon-despite-threats-from-both-sides/,,
2335,2026-03-10,2026-03-10 12:00:00+00:00,0.3895926770194193,0.49949875473976135,0.05987444385839308,-4.8654246,omanobserver.om,Markets Bet Trump Will End Iran War Soon Despite Threats From Both Sides,https://www.omanobserver.om/article/1185866/world/region/markets-bet-trump-will-end-iran-war-soon-despite-threats-from-both-sides,,
2336,2026-03-13,2026-03-13 02:00:00+00:00,0.3895518717972972,0.48391878604888916,0.10645112904252149,0.8680556,cbc.ca,Mexico Trade Visit 9.7126778,https://www.cbc.ca/news/world/mexico-trade-visit-9.7126778,,
2337,2026-03-10,2026-03-10 20:00:00+00:00,0.3895082820938019,0.4990505278110504,0.06088154494205632,-3.0812325,marketscreener.com,Heaviest Day Of Strikes In Iran As Market Bets Trump Will End War Soon Ce7E5Fdfdd8Ff521,https://www.marketscreener.com/news/heaviest-day-of-strikes-in-iran-as-market-bets-trump-will-end-war-soon-ce7e5fdfdd8ff521,,
2338,2026-03-10,2026-03-10 13:00:00+00:00,0.38947451415733547,0.49898242950439453,0.060950768116158384,-4.80167,asiaone.com,Markets Bet Trump Will End Iran War Soon Despite Both Sides Threats,https://www.asiaone.com:443/world/markets-bet-trump-will-end-iran-war-soon-despite-both-sides-threats,,
2339,2026-03-10,2026-03-10 14:00:00+00:00,0.38947451415733547,0.49898242950439453,0.060950768116158384,-4.816754,cyprus-mail.com,Markets Bet Trump Will End Iran War Soon Despite Both Sides Threats,https://cyprus-mail.com/2026/03/10/markets-bet-trump-will-end-iran-war-soon-despite-both-sides-threats,,
2340,2026-03-10,2026-03-10 15:00:00+00:00,0.38947451415733547,0.49898242950439453,0.060950768116158384,-4.80167,asiaone.com,Markets Bet Trump Will End Iran War Soon Despite Both Sides Threats,https://www.asiaone.com/world/markets-bet-trump-will-end-iran-war-soon-despite-both-sides-threats,,
2341,2026-03-10,2026-03-10 12:00:00+00:00,0.38947451415733547,0.49898242950439453,0.060950768116158384,-4.4715447,businesstimes.com.sg,Markets Bet Trump Will End Iran War Soon Despite Both Sides Threats,https://www.businesstimes.com.sg/international/global/markets-bet-trump-will-end-iran-war-soon-despite-both-sides-threats,,
2342,2026-03-22,2026-03-22 16:00:00+00:00,0.3894160988582641,0.48749756813049316,0.09517169104157687,7.6923075,shanghainews.net,China Xizang Flower Blossom Cn,http://www.shanghainews.net/news/278937273/china-xizang-flower-blossom-cn,,
2343,2026-03-06,2026-03-06 15:00:00+00:00,0.38937472550717034,0.49851715564727783,0.06194743508684784,-3.524229,maltatoday.com.mt,Trump Will Only Accept Unconditional Surrender From Iran,https://www.maltatoday.com.mt/news/world/140160/trump_will_only_accept_unconditional_surrender_from_iran,,
2344,2026-03-23,2026-03-23 16:00:00+00:00,0.38937029798644074,0.49910831451416016,0.060156248403282424,-6.3768115,mediaite.com,Retired General Warns Trump Against Enormous Escalation In Bombing Iranian Power Plants People Will Say Its A War Crime,https://www.mediaite.com/media/tv/retired-general-warns-trump-against-enormous-escalation-in-bombing-iranian-power-plants-people-will-say-its-a-war-crime/,,
2345,2026-03-16,2026-03-16 16:00:00+00:00,0.3893539968680084,0.4980401396751404,0.06329556844661244,-2.5310006,euronews.com,Iran Krieg Trump Allianz Hormus,https://de.euronews.com/2026/03/16/iran-krieg-trump-allianz-hormus,,
2346,2026-03-17,2026-03-17 20:00:00+00:00,0.38934021744387454,0.4857853055000305,0.10000495327540654,-3.9634147,mediamatters.org,Foxs Media Critic Shocked Hegseths Open Suggestion Cnn Under Ellison Will Be Trump,https://www.mediamatters.org/fox-news/foxs-media-critic-shocked-hegseths-open-suggestion-cnn-under-ellison-will-be-trump,,
2347,2026-03-08,2026-03-08 03:00:00+00:00,0.3893247014001422,0.49292147159576416,0.07853439081327623,-5.2724075,dunyanews.tv,939267 Trump Vows Hard Strikes Tehran Says Will Not Surrender,https://dunyanews.tv/en/World/939267-trump-vows-hard-strikes-tehran-says-will-not-surrender,,
2348,2026-03-18,2026-03-18 03:00:00+00:00,0.3893152368144621,0.4834906756877899,0.10678892019447864,-5.7709646,hrw.org,China Cybercrime Bill Entrenches Censorship Surveillance,https://www.hrw.org/news/2026/03/17/china-cybercrime-bill-entrenches-censorship-surveillance,,
2349,2026-03-14,2026-03-14 16:00:00+00:00,0.3892390107556,0.4951571822166443,0.07148449637246718,-4.9707603,mediaite.com,Trump Confronted By Reporter On When War Will End Claims Media Says Iran Doing Wonderfully,https://www.mediaite.com/online/trump-confronted-by-reporter-on-when-war-will-end-claims-media-says-iran-doing-wonderfully/,,
2350,2026-03-09,2026-03-09 11:00:00+00:00,0.38919819111585446,0.4740654230117798,0.1345964954280785,-0.7058824,siasat.com,Hyderabad Telangana Census 2027 What Officials Will Ask When They Visit Homes 3427280,https://www.siasat.com/hyderabad-telangana-census-2027-what-officials-will-ask-when-they-visit-homes-3427280/,,
2351,2026-03-23,2026-03-23 09:00:00+00:00,0.3891506395875494,0.48764997720718384,0.09365262672864624,-5.0,marketscreener.com,China S Sinopec Will Not Buy Iranian Oil Wants To Tap State Reserves Ce7E5Edcdc8Ff424,https://www.marketscreener.com/news/china-s-sinopec-will-not-buy-iranian-oil-wants-to-tap-state-reserves-ce7e5edcdc8ff424,,
2352,2026-03-06,2026-03-06 06:00:00+00:00,0.38910975929662095,0.49404117465019226,0.07431551323590707,-4.020979,aol.com,Florida Nurse Urges China Uk 230031620,https://www.aol.com/articles/florida-nurse-urges-china-uk-230031620.html,,
2353,2026-03-17,2026-03-17 10:00:00+00:00,0.3890889320046591,0.4776752293109894,0.12333004008566831,0.33898306,independent.co.uk,Scare Out China Movie Zhang Yimou B2939889,https://www.independent.co.uk/asia/china/scare-out-china-movie-zhang-yimou-b2939889.html,,
2354,2026-03-16,2026-03-16 22:00:00+00:00,0.3890886869962086,0.49794647097587585,0.06251533505720686,0.0,marketscreener.com,China Supergrid Gives Xi Buffer Against Energy Shocks Ce7E5Edbd98Ef42D,https://www.marketscreener.com/news/china-supergrid-gives-xi-buffer-against-energy-shocks-ce7e5edbd98ef42d,,
2355,2026-03-09,2026-03-09 04:00:00+00:00,0.3889933854567059,0.4958658814430237,0.06837589749775252,-2.2222223,al-monitor.com,Trump Says Ending Iran War Will Be Mutual Decision Netanyahu,https://www.al-monitor.com/originals/2026/03/trump-says-ending-iran-war-will-be-mutual-decision-netanyahu,,
2356,2026-03-05,2026-03-05 16:00:00+00:00,0.38898220781637693,0.49246126413345337,0.0785450388651477,-7.4074073,yahoo.com,German President Postpones Visit South 161320999,https://www.yahoo.com/news/articles/german-president-postpones-visit-south-161320999.html,,
2357,2026-03-13,2026-03-13 21:00:00+00:00,0.38886041382515063,0.49047791957855225,0.08400789656494584,-2.7989821,navhindtimes.in,Trump Tariffs Will Cost American Households More Than 2500 This Yr,https://navhindtimes.in/worldnews/trump-tariffs-will-cost-american-households-more-than-2500-this-yr/,,
2358,2026-03-13,2026-03-13 01:00:00+00:00,0.38879569586383533,0.47999250888824463,0.11520525679060734,18.518518,reviewjournal.com,Cartoon Lt Col Trump Kilgore 3724229,https://www.reviewjournal.com/opinion/michael-ramirez/cartoon-lt-col-trump-kilgore-3724229/,,
2359,2026-03-16,2026-03-16 22:00:00+00:00,0.3887164012455837,0.49816375970840454,0.06037432585712121,2.6666667,businesstimes.com.sg,Deals Over Principles Trumps China Gambit Shadow Iran,https://www.businesstimes.com.sg/opinion-features/deals-over-principles-trumps-china-gambit-shadow-iran,,
2360,2026-03-19,2026-03-19 20:00:00+00:00,0.388691112665117,0.4946855902671814,0.07070767985892394,0.0,dailykos.com,Trump S Pearl Harbor Joke Will Make Your Jaw Drop,https://www.dailykos.com/stories/2026/3/19/2373887/-Trump-s-Pearl-Harbor-joke-will-make-your-jaw-drop,,
2361,2026-03-12,2026-03-12 15:00:00+00:00,0.38856895875464686,0.48520445823669434,0.09866246030850453,-12.195122,shafaqna.com,Bmw Trapped In China,https://en.shafaqna.com/443994/bmw-trapped-in-china/,,
2362,2026-03-06,2026-03-06 15:00:00+00:00,0.3885013124359212,0.49451136589050293,0.07047115207217583,-1.7793595,mediaite.com,Trump Vows There Will Be No Iran Peace Deal Without Unconditional Surrender,https://www.mediaite.com/media/news/trump-vows-there-will-be-no-iran-peace-deal-without-unconditional-surrender/,,
2363,2026-03-11,2026-03-11 02:00:00+00:00,0.38848335527328665,0.4937591552734375,0.07265595527283401,-6.6666665,drudge.com,China Set Approve New Law Promoting,https://drudge.com/news/290578/china-set-approve-new-law-promoting,,
2364,2026-03-16,2026-03-16 12:00:00+00:00,0.38845313680776394,0.4942946135997772,0.07092870643172407,1.6806723,bignewsnetwork.com,China Targets 100000 Fuel Cell Vehicles By 2030,http://www.bignewsnetwork.com/news/278925426/china-targets-100000-fuel-cell-vehicles-by-2030,,
2365,2026-03-24,2026-03-24 20:00:00+00:00,0.3883891499664695,0.48520010709762573,0.09795627857300078,0.0,dailykos.com,Trump Spiked Gas Prices The Gop Will Pay,https://www.dailykos.com/stories/2026/3/24/2374614/-Trump-spiked-gas-prices-The-GOP-will-pay,,
2366,2026-03-17,2026-03-17 05:00:00+00:00,0.3883747046477316,0.49727863073349,0.061662926390456514,-6.5498157,haitiantimes.com,Supreme Court Will Hear Haitian Tps Case Rejecting Trumps Request For Emergency Ruling,https://haitiantimes.com/2026/03/16/supreme-court-will-hear-haitian-tps-case-rejecting-trumps-request-for-emergency-ruling/,,
2367,2026-03-23,2026-03-23 18:00:00+00:00,0.3883462023364229,0.4793931841850281,0.11520525679060734,-6.6874027,alternet.org,Trump Desperate,https://www.alternet.org/trump-desperate/,,
2368,2026-03-04,2026-03-04 15:00:00+00:00,0.3883177496695908,0.48101067543029785,0.11023897238746969,3.9325843,dorsetecho.co.uk,25906250.Flying Scotsman Visit Swanage Railway October 2026,https://www.dorsetecho.co.uk/news/25906250.flying-scotsman-visit-swanage-railway-october-2026/,,
2369,2026-03-08,2026-03-08 19:00:00+00:00,0.38823153143044203,0.49157974123954773,0.07818690200312496,0.0,wn.com,Kennedy Says He Doesn T Believe Trump Will Send Troops To Ir,https://article.wn.com/view/2026/03/08/Kennedy_says_he_doesn_t_believe_Trump_will_send_troops_to_Ir/,,
2370,2026-03-06,2026-03-06 05:00:00+00:00,0.3881862816043241,0.49388182163238525,0.07109966152014072,-6.434316,antiwar.com,The Kyle Anzalone Show Guest Col Lawrence Wilkerson Trump Admits Americans Will Die In The War For Israel,https://www.antiwar.com/blog/2026/03/05/the-kyle-anzalone-show-guest-col-lawrence-wilkerson-trump-admits-americans-will-die-in-the-war-for-israel/,,
2371,2026-03-12,2026-03-12 19:00:00+00:00,0.38813230119476233,0.495224267244339,0.06685640304603226,-1.4003295,straitstimes.com,Will Chinas New Ethnic Unity Law Hasten The Erosion Of Minority Cultures,https://www.straitstimes.com/asia/east-asia/will-chinas-new-ethnic-unity-law-hasten-the-erosion-of-minority-cultures,,
2372,2026-03-24,2026-03-24 08:00:00+00:00,0.38809986788671824,0.49627169966697693,0.0635843725459422,2.8985507,cobrapost.com,Top Us Defence Official Elbridge Colby To Visit India,https://cobrapost.com/blog/top-us-defence-official-elbridge-colby-to-visit-india,,
2373,2026-03-08,2026-03-08 09:00:00+00:00,0.38788868430598644,0.49417322874069214,0.06903505100186941,0.7109005,aninews.in,Tmc Showed Gross Disrespect To President Murmu During Bengal Visit Pm Modi20260308144117,https://aninews.in/news/national/politics/tmc-showed-gross-disrespect-to-president-murmu-during-bengal-visit-pm-modi20260308144117/,,
2374,2026-03-14,2026-03-14 10:00:00+00:00,0.3878822182316325,0.4942924380302429,0.06865155883580114,1.3043479,philstar.com,Subic Welcomes First Cruise Ship Visit 2026,https://www.philstar.com/nation/2026/03/14/2514293/subic-welcomes-first-cruise-ship-visit-2026,,
2375,2026-03-10,2026-03-10 01:00:00+00:00,0.3878637286265873,0.492963969707489,0.07256300538388225,-0.2610966,bignewsnetwork.com,Iran Military Wiped Out Us Will Go Further If Needed Says Trump,http://www.bignewsnetwork.com/news/278912413/iran-military-wiped-out-us-will-go-further-if-needed-says-trump,,
2376,2026-03-10,2026-03-10 01:00:00+00:00,0.3878637286265873,0.492963969707489,0.07256300538388225,-0.26143792,austinglobe.com,Iran Military Wiped Out Us Will Go Further If Needed Says Trump,http://www.austinglobe.com/news/278912413/iran-military-wiped-out-us-will-go-further-if-needed-says-trump,,
2377,2026-03-10,2026-03-10 01:00:00+00:00,0.3878637286265873,0.492963969707489,0.07256300538388225,-0.26143792,israelherald.com,Iran Military Wiped Out Us Will Go Further If Needed Says Trump,http://www.israelherald.com/news/278912413/iran-military-wiped-out-us-will-go-further-if-needed-says-trump,,
2378,2026-03-10,2026-03-10 01:00:00+00:00,0.3878637286265873,0.492963969707489,0.07256300538388225,-0.26143792,heraldglobe.com,Iran Military Wiped Out Us Will Go Further If Needed Says Trump,http://www.heraldglobe.com/news/278912413/iran-military-wiped-out-us-will-go-further-if-needed-says-trump,,
2379,2026-03-10,2026-03-10 05:00:00+00:00,0.3878637286265873,0.492963969707489,0.07256300538388225,-0.26143792,russiaherald.com,Iran Military Wiped Out Us Will Go Further If Needed Says Trump,http://www.russiaherald.com/news/278912413/iran-military-wiped-out-us-will-go-further-if-needed-says-trump,,
2380,2026-03-10,2026-03-10 02:00:00+00:00,0.3878637286265873,0.492963969707489,0.07256300538388225,-0.26143792,iraqsun.com,Iran Military Wiped Out Us Will Go Further If Needed Says Trump,http://www.iraqsun.com/news/278912413/iran-military-wiped-out-us-will-go-further-if-needed-says-trump,,
2381,2026-03-10,2026-03-10 02:00:00+00:00,0.3878637286265873,0.492963969707489,0.07256300538388225,-0.26143792,arabherald.com,Iran Military Wiped Out Us Will Go Further If Needed Says Trump,http://www.arabherald.com/news/278912413/iran-military-wiped-out-us-will-go-further-if-needed-says-trump,,
2382,2026-03-10,2026-03-10 03:00:00+00:00,0.3878637286265873,0.492963969707489,0.07256300538388225,-0.26143792,azerbaijannews.net,Iran Military Wiped Out Us Will Go Further If Needed Says Trump,http://www.azerbaijannews.net/news/278912413/iran-military-wiped-out-us-will-go-further-if-needed-says-trump,,
2383,2026-03-10,2026-03-10 03:00:00+00:00,0.3878637286265873,0.492963969707489,0.07256300538388225,-0.26143792,asiabulletin.com,Iran Military Wiped Out Us Will Go Further If Needed Says Trump,http://www.asiabulletin.com/news/278912413/iran-military-wiped-out-us-will-go-further-if-needed-says-trump,,
2384,2026-03-10,2026-03-10 01:00:00+00:00,0.3878452070827056,0.48732316493988037,0.0894113335111813,-3.3057852,dailycaller.com,Trump Addresses Iran Conflict Will End,https://dailycaller.com/2026/03/09/trump-addresses-iran-conflict-will-end/,,
2385,2026-03-25,2026-03-25 01:00:00+00:00,0.3878050053263399,0.48848527669906616,0.0857641912081611,0.14012145,marinetechnologynews.com,China Mapping Ocean Floor 660332,https://www.marinetechnologynews.com/news/china-mapping-ocean-floor-660332,,
2386,2026-03-16,2026-03-16 09:00:00+00:00,0.38764866658294284,0.4820633828639984,0.10440451773977617,-2.2988505,newstribune.com,Commentary Trumps Iran War Will Compound His,https://www.newstribune.com/news/2026/mar/16/commentary-trumps-iran-war-will-compound-his/,,
2387,2026-03-18,2026-03-18 20:00:00+00:00,0.38763799379768,0.4959372282028198,0.06274029058226047,-5.199307,theglobeandmail.com,Article John Burns Obituary Globe Beijing China Foreign Correspondent,https://www.theglobeandmail.com/canada/article-john-burns-obituary-globe-beijing-china-foreign-correspondent/,,
2388,2026-03-11,2026-03-11 14:00:00+00:00,0.3875144641839315,0.4948170781135559,0.06560662239505831,2.3809524,allaboutfeed.net,China Gradually Embraces Gm Crops To Boost Feed Security,https://www.allaboutfeed.net/animal-feed/raw-materials/china-gradually-embraces-gm-crops-to-boost-feed-security/,,
2389,2026-03-08,2026-03-08 10:00:00+00:00,0.3874609908178859,0.49043652415275574,0.07853439081327623,-5.3097343,dailythepatriot.com,Trump Vows Hard Strikes Tehran Says Will Not Surrender,https://dailythepatriot.com/trump-vows-hard-strikes-tehran-says-will-not-surrender/,,
2390,2026-03-04,2026-03-04 17:00:00+00:00,0.38746023406205715,0.49390506744384766,0.06812573391668562,4.2168674,philstar.com,German President Visit Philippines,https://www.philstar.com/headlines/2026/03/05/2512138/german-president-visit-philippines,,
2391,2026-03-04,2026-03-04 23:00:00+00:00,0.38743982589754644,0.4933346211910248,0.06975544001711137,0.0,biztimes.com,Visit Milwaukee Achieved Record Sales In 2025,https://biztimes.com/visit-milwaukee-achieved-record-sales-in-2025/,,
2392,2026-03-04,2026-03-04 22:00:00+00:00,0.38739303465949726,0.4781222939491272,0.11520525679060734,-2.6104417,yahoo.com,Trump Humiliated Allied Pilot Downed 174309270,https://www.yahoo.com/news/articles/trump-humiliated-allied-pilot-downed-174309270.html,,
2393,2026-03-11,2026-03-11 15:00:00+00:00,0.3873762763471874,0.49543124437332153,0.06321137226878507,-3.2608695,al-monitor.com,Trump Tells Axios War Iran Will End Soon Practically Nothing Left Target,https://www.al-monitor.com/originals/2026/03/trump-tells-axios-war-iran-will-end-soon-practically-nothing-left-target,,
2394,2026-03-05,2026-03-05 02:00:00+00:00,0.38730243215445637,0.4843365550041199,0.09620006360546587,-4.9504952,australiannews.net,China Earthquake Of Magnitude 49 Hits Xinjiang,http://www.australiannews.net/news/278902804/china-earthquake-of-magnitude-49-hits-xinjiang,,
2395,2026-03-05,2026-03-05 02:00:00+00:00,0.38730243215445637,0.4843365550041199,0.09620006360546587,-4.9504952,japanherald.com,China Earthquake Of Magnitude 49 Hits Xinjiang,http://www.japanherald.com/news/278902804/china-earthquake-of-magnitude-49-hits-xinjiang,,
2396,2026-03-05,2026-03-05 04:00:00+00:00,0.38730243215445637,0.4843365550041199,0.09620006360546587,-4.9504952,shanghainews.net,China Earthquake Of Magnitude 49 Hits Xinjiang,http://www.shanghainews.net/news/278902804/china-earthquake-of-magnitude-49-hits-xinjiang,,
2397,2026-03-05,2026-03-05 02:00:00+00:00,0.38730243215445637,0.4843365550041199,0.09620006360546587,-4.9504952,philippinetimes.com,China Earthquake Of Magnitude 49 Hits Xinjiang,http://www.philippinetimes.com/news/278902804/china-earthquake-of-magnitude-49-hits-xinjiang,,
2398,2026-03-18,2026-03-18 18:00:00+00:00,0.3872920650986392,0.48541009426116943,0.09293797761104852,0.0,athens-times.com,Papastavrou To Visit Belgrade For Energy And Environment Talks,https://athens-times.com/papastavrou-to-visit-belgrade-for-energy-and-environment-talks/,,
2399,2026-03-25,2026-03-25 01:00:00+00:00,0.3872610500342743,0.4959203898906708,0.061283030465084945,-0.47619048,inquirer.com,Lincoln Temple Ghana President Visit Cancelled 20260324,https://www.inquirer.com/education/lincoln-temple-ghana-president-visit-cancelled-20260324.html,,
2400,2026-03-08,2026-03-08 16:00:00+00:00,0.3871611883231194,0.48769739270210266,0.08555257518616974,2.8037384,politicalwire.com,Trump Bets Bigger Refunds Will Help Republicans,https://politicalwire.com/2026/03/08/trump-bets-bigger-refunds-will-help-republicans/,,
2401,2026-03-07,2026-03-07 06:00:00+00:00,0.38712128915775934,0.4961172640323639,0.06013336453394564,3.6065574,vietnamnet.vn,International Press Conference Introduces Visit Vietnam Year Gia Lai 2026 2495398,https://vietnamnet.vn/en/international-press-conference-introduces-visit-vietnam-year-gia-lai-2026-2495398.html,,
2402,2026-03-11,2026-03-11 16:00:00+00:00,0.38706076313604715,0.4936225712299347,0.06737533885438456,2.0833333,marketscreener.com,Why Is China Embracing Openclaw Ce7E5Fdcde8Ff525,https://www.marketscreener.com/news/why-is-china-embracing-openclaw-ce7e5fdcde8ff525,,
2403,2026-03-24,2026-03-24 08:00:00+00:00,0.3869785371565767,0.49260029196739197,0.07011327272413083,-1.0548524,theheraldghana.com,Trump Administration Will Pay Totalenergies 1 Billion In Taxpayer Funds To Not Build Wind Farms,https://theheraldghana.com/trump-administration-will-pay-totalenergies-1-billion-in-taxpayer-funds-to-not-build-wind-farms/,,
2404,2026-03-05,2026-03-05 18:00:00+00:00,0.38696542224508934,0.4952310025691986,0.062168681272761525,0.0,aps.dz,Mmdll1Cs Assigned By President Of The Republic Sayoud On Working Visit To Italy,https://www.aps.dz:443/en/algeria/national-news/mmdll1cs-assigned-by-president-of-the-republic-sayoud-on-working-visit-to-italy,,
2405,2026-03-17,2026-03-17 11:00:00+00:00,0.38679552789794636,0.4773256182670593,0.11520525679060734,-1.897019,novinite.com,Trump+Stunned:+,https://www.novinite.com/articles/237538/Trump+Stunned:+,,
2406,2026-03-07,2026-03-07 13:00:00+00:00,0.3867656354323046,0.493671715259552,0.0660473959505623,0.0,wn.com,No Deal Trump Says Us Will Accept Nothing Less Than Irans Un,https://article.wn.com/view/2026/03/07/No_Deal_Trump_Says_US_Will_Accept_Nothing_Less_Than_Irans_Un/,,
2407,2026-03-24,2026-03-24 13:00:00+00:00,0.3867485661456605,0.4955633878707886,0.060304100970276234,-5.732484,newsday.com,Japan China Embassy Break Q04846,https://www.newsday.com/news/nation/japan-china-embassy-break-q04846,,
2408,2026-03-25,2026-03-25 01:00:00+00:00,0.3867422160796485,0.4881433844566345,0.08253871094869046,-3.9279869,rappler.com,Marcos China Joint Gas Exploration South China Sea,https://www.rappler.com/philippines/marcos-china-joint-gas-exploration-south-china-sea/,,
2409,2026-03-14,2026-03-14 16:00:00+00:00,0.3867320441967974,0.4952281713485718,0.06124366274147435,8.333333,chinatechnews.com,117222 China Introduces Ai Powered Robot Pharmacist In Beijing,https://www.chinatechnews.com/2026/03/14/117222-china-introduces-ai-powered-robot-pharmacist-in-beijing,,
2410,2026-03-11,2026-03-11 22:00:00+00:00,0.38657167395256564,0.49357277154922485,0.065568381162588,-2.6666667,channelstv.com,Us War On Iran Will End Soon Trump Tells Axios,https://www.channelstv.com/2026/03/11/us-war-on-iran-will-end-soon-trump-tells-axios/,,
2411,2026-03-06,2026-03-06 02:00:00+00:00,0.3865168130249117,0.4909093379974365,0.07333923810733722,1.8018018,rnz.co.nz,In Trump S Precarious World Nz Will Need All The Middle Sized Friends It Can Get,https://www.rnz.co.nz/news/world/588849/in-trump-s-precarious-world-nz-will-need-all-the-middle-sized-friends-it-can-get,,
2412,2026-03-17,2026-03-17 13:00:00+00:00,0.38645576473683524,0.4891090393066406,0.0784959410274191,1.3986014,yahoo.com,Tesla Tsla Growth China Signals 124220491,https://finance.yahoo.com/news/tesla-tsla-growth-china-signals-124220491.html,,
2413,2026-03-25,2026-03-25 16:00:00+00:00,0.38633360567064323,0.49513792991638184,0.05992063293342745,5.194805,thestar.com.my,A Trendy Twist On Tea Herbal Infusions Are All The Rage In China,https://www.thestar.com.my/aseanplus/aseanplus-news/2026/03/25/a-trendy-twist-on-tea-herbal-infusions-are-all-the-rage-in-china,,
2414,2026-03-18,2026-03-18 10:00:00+00:00,0.3862502223258422,0.4941912293434143,0.06242720127312592,7.116105,glassonweb.com,Pujol Group Showcases Advanced Glass Technologies China Glass 2026,https://www.glassonweb.com/news/pujol-group-showcases-advanced-glass-technologies-china-glass-2026,,
2415,2026-03-10,2026-03-10 06:00:00+00:00,0.38620772389438607,0.48708078265190125,0.08358854762184051,-5.341246,al-monitor.com,Trump Says Will Waive Some Oil Sanctions Iran War Roils Markets,https://www.al-monitor.com/originals/2026/03/trump-says-will-waive-some-oil-sanctions-iran-war-roils-markets,,
2416,2026-03-19,2026-03-19 13:00:00+00:00,0.3861879825016196,0.49156445264816284,0.07005857206198993,0.0,yahoo.com,China Now Controls Nearly 70 190000549,https://finance.yahoo.com/news/china-now-controls-nearly-70-190000549.html,,
2417,2026-03-09,2026-03-09 05:00:00+00:00,0.38617346149457826,0.4937599003314972,0.06341414498382149,-1.4084507,legitgov.org,Trump Says Ending Iran War Will Be Mutual Decision With Netanyahu,https://legitgov.org/trump-says-ending-iran-war-will-be-mutual-decision-with-netanyahu/,,
2418,2026-03-09,2026-03-09 12:00:00+00:00,0.38617346149457826,0.4937599003314972,0.06341414498382149,-2.0408163,thefrontierpost.com,Trump Says Ending Iran War Will Be Mutual Decision With Netanyahu,https://thefrontierpost.com/trump-says-ending-iran-war-will-be-mutual-decision-with-netanyahu/,,
2419,2026-03-25,2026-03-25 00:00:00+00:00,0.3861665816225185,0.4913702607154846,0.07055554434362017,2.0432692,theeagleonline.com.ng,Postscript Tinubus State Visit To Uk By Sunday Dare,https://theeagleonline.com.ng/postscript-tinubus-state-visit-to-uk-by-sunday-dare/,,
2420,2026-03-04,2026-03-04 16:00:00+00:00,0.38611492167481304,0.4888240098953247,0.0779876570132781,0.0,miragenews.com,Chief Justice Roberts To Visit Rices Baker 1630843,https://www.miragenews.com/chief-justice-roberts-to-visit-rices-baker-1630843/,,
2421,2026-03-08,2026-03-08 05:00:00+00:00,0.38606793074389656,0.4892726540565491,0.07645376080593892,2.247191,sunstar.com.ph,Marcos Departs For A 3 Day Work Visit To Us,https://www.sunstar.com.ph/manila/marcos-departs-for-a-3-day-work-visit-to-us,,
2422,2026-03-04,2026-03-04 17:00:00+00:00,0.38601949108422606,0.47852057218551636,0.10851624778035518,0.74294204,firstpost.com,Your Visit Will Take India Finland Relations To New Heights Pm Modi Welcomes Finland President Stubb 13986204,https://www.firstpost.com/india/your-visit-will-take-india-finland-relations-to-new-heights-pm-modi-welcomes-finland-president-stubb-13986204.html,,
2423,2026-03-04,2026-03-04 16:00:00+00:00,0.38601949108422606,0.47852057218551636,0.10851624778035518,0.74294204,firstpost.com,Your Visit Will Take India Finland Relations To New Heights Pm Modi Welcomes Finland President Stubb 13986204,https://www.firstpost.com/world/your-visit-will-take-india-finland-relations-to-new-heights-pm-modi-welcomes-finland-president-stubb-13986204.html,,
2424,2026-03-04,2026-03-04 16:00:00+00:00,0.38601949108422606,0.47852057218551636,0.10851624778035518,0.74294204,firstpost.com,Your Visit Will Take India Finland Relations To New Heights Pm Modi Welcomes Finland President Stubb 13986204,https://www.firstpost.com/uncategorized/your-visit-will-take-india-finland-relations-to-new-heights-pm-modi-welcomes-finland-president-stubb-13986204.html,,
2425,2026-03-16,2026-03-16 09:00:00+00:00,0.38601279222135454,0.493550568819046,0.06339946242828004,-1.5917603,jamaicaobserver.com,Oil China Euro American Empire,https://www.jamaicaobserver.com/2026/03/16/oil-china-euro-american-empire/,,
2426,2026-03-10,2026-03-10 09:00:00+00:00,0.385958518726651,0.4904814064502716,0.07238985555578918,-2.851524,geo.tv,654978 Trump Vows Iran War Will End Very Soon,https://www.geo.tv/latest/654978-trump-vows-iran-war-will-end-very-soon,,
2427,2026-03-05,2026-03-05 03:00:00+00:00,0.38594821778492194,0.49272364377975464,0.06562193980042393,-8.607907,shtfplan.com,Trumps Hormuz Escort Order Is A Desperate Deadly Gambit That Will Sink America,https://www.shtfplan.com/headline-news/trumps-hormuz-escort-order-is-a-desperate-deadly-gambit-that-will-sink-america,,
2428,2026-03-12,2026-03-12 15:00:00+00:00,0.3858927020912903,0.4896814227104187,0.07452654023390504,2.5316455,bignewsnetwork.com,China Focus China Adopts Landmark Legislation To Propel Green Modernization,http://www.bignewsnetwork.com/news/278918130/china-focus-china-adopts-landmark-legislation-to-propel-green-modernization,,
2429,2026-03-22,2026-03-22 11:00:00+00:00,0.38569504783850533,0.4909130036830902,0.07004118030475066,-1.1494253,yahoo.com,China Pledges More Balanced Trade 110948847,https://finance.yahoo.com/economy/policy/articles/china-pledges-more-balanced-trade-110948847.html,,
2430,2026-03-13,2026-03-13 16:00:00+00:00,0.3856250794092729,0.4808586835861206,0.09992426687872974,0.3164557,engadget.com,Bytedance Will Reportedly Buy Nvidias Latest Ai Chips To Use Outside Of China 155553019,https://www.engadget.com/ai/bytedance-will-reportedly-buy-nvidias-latest-ai-chips-to-use-outside-of-china-155553019.html,,
2431,2026-03-10,2026-03-10 09:00:00+00:00,0.3856076097232688,0.49286749958992004,0.06382794012331497,-4.613734,asiaone.com,Iran Says Oil Blockade Will Continue Until Attacks End Trump Threatens Escalate Strikes,https://www.asiaone.com:443/world/iran-says-oil-blockade-will-continue-until-attacks-end-trump-threatens-escalate-strikes,,
2432,2026-03-10,2026-03-10 15:00:00+00:00,0.38559866941128323,0.48665356636047363,0.08243397856371211,-6.6707096,bankingnews.gr,Tehran Mocks Us As Trump Softens Stance No Ceasefire We Will Dismantle You,https://www.bankingnews.gr/diethni/articles/861493/tehran-mocks-us-as-trump-softens-stance-no-ceasefire-we-will-dismantle-you,,
2433,2026-03-06,2026-03-06 17:00:00+00:00,0.3855193035330597,0.49369028210639954,0.06100636781304018,-4.347826,dunyanews.tv,939145 Trump Says There Will Be No Deal With Iran Except Unconditional Surre,https://dunyanews.tv/en/World/939145-trump-says-there-will-be-no-deal-with-iran-except-unconditional-surre,,
2434,2026-03-05,2026-03-05 06:00:00+00:00,0.3854863178602116,0.488727867603302,0.07576166863094037,-1.9436997,politico.eu,China Huawei Dominates Telco Jamboree Despite European Bans,https://www.politico.eu/article/china-huawei-dominates-telco-jamboree-despite-european-bans/,,
2435,2026-03-10,2026-03-10 17:00:00+00:00,0.3853771963946179,0.49320894479751587,0.06188195118592417,3.2646048,gobankingrates.com,Can Social Security Still Pay Full Benefits What Experts Say After Trump Claims We Will Always Protect It,https://www.gobankingrates.com/retirement/social-security/can-social-security-still-pay-full-benefits-what-experts-say-after-trump-claims-we-will-always-protect-it/,,
2436,2026-03-09,2026-03-09 20:00:00+00:00,0.38534658463099153,0.4761946201324463,0.11280247812662725,0.5263158,sandiegouniontribune.com,Carrier Uss Nimitz Makes Will Make Final Visit To San Diego Tuesday Before Decommissioning,https://www.sandiegouniontribune.com/2026/03/09/carrier-uss-nimitz-makes-will-make-final-visit-to-san-diego-tuesday-before-decommissioning/,,
2437,2026-03-06,2026-03-06 16:00:00+00:00,0.3853340978014059,0.48891663551330566,0.07458648466570646,-1.2820513,freemalaysiatoday.com,Trump Says Only Unconditional Surrender Of Iran Will End War,https://www.freemalaysiatoday.com/category/world/2026/03/06/trump-says-only-unconditional-surrender-of-iran-will-end-war,,
2438,2026-03-06,2026-03-06 15:00:00+00:00,0.3853340978014059,0.48891663551330566,0.07458648466570646,-0.5050505,koreatimes.co.kr,Trump Says Only Unconditional Surrender Of Iran Will End War,https://www.koreatimes.co.kr/world/20260306/trump-says-only-unconditional-surrender-of-iran-will-end-war,,
2439,2026-03-10,2026-03-10 19:00:00+00:00,0.38515012328130416,0.48940354585647583,0.07238985555578918,-2.9161603,dunyanews.tv,939812 Trump Vows Iran War Will End Very Soon,https://dunyanews.tv/en/World/939812-trump-vows-iran-war-will-end-very-soon,,
2440,2026-03-10,2026-03-10 01:00:00+00:00,0.3850855502954299,0.4916621446609497,0.06535576719887046,-1.9774011,nbcnews.com,President Calls Iran War Little Excursion Will End Soon Rcna262494,https://www.nbcnews.com/politics/donald-trump/president-calls-iran-war-little-excursion-will-end-soon-rcna262494,,
2441,2026-03-12,2026-03-12 22:00:00+00:00,0.3850359447232519,0.4884157180786133,0.07489662465716775,4.6875,thebeijinger.com,Sounds Without Borders Peace Trio China Premiere,https://www.thebeijinger.com/events/2026/mar/sounds-without-borders-peace-trio-china-premiere,,
2442,2026-03-05,2026-03-05 23:00:00+00:00,0.38501117827838305,0.49138933420181274,0.06587671050809395,-0.8583691,townhall.com,Tom Tiffany Close China Birthright Loophole N2672363,https://townhall.com/tipsheet/amy-curtis/2026/03/05/tom-tiffany-close-china-birthright-loophole-n2672363,,
2443,2026-03-24,2026-03-24 16:00:00+00:00,0.384990318790571,0.4914618730545044,0.06557565599877073,-0.5820722,bignewsnetwork.com,China Focus How China Is Making Tangible Progress In Tb Control,http://www.bignewsnetwork.com/news/278941526/china-focus-how-china-is-making-tangible-progress-in-tb-control,,
2444,2026-03-11,2026-03-11 18:00:00+00:00,0.3849214657078651,0.49275684356689453,0.061415332130776934,-4.6296296,koreatimes.co.kr,Trump Says Iran War Will End Any Time I Want It To End As Targets Run Out,https://www.koreatimes.co.kr/world/20260312/trump-says-iran-war-will-end-any-time-i-want-it-to-end-as-targets-run-out,,
2445,2026-03-23,2026-03-23 17:00:00+00:00,0.384740240977991,0.48453110456466675,0.0853676502179636,3.2258065,indianexpress.com,Denmark Election How Will The Woman Took On Trump Fare 10597190,https://indianexpress.com/shorts/world/denmark-election-how-will-the-woman-took-on-trump-fare-10597190/,,
2446,2026-03-23,2026-03-23 16:00:00+00:00,0.384740240977991,0.48453110456466675,0.0853676502179636,0.0,indianexpress.com,Denmark Election How Will The Woman Took On Trump Fare 10597190,https://indianexpress.com/article/world/denmark-election-how-will-the-woman-took-on-trump-fare-10597190/,,
2447,2026-03-18,2026-03-18 13:00:00+00:00,0.3847297527105972,0.492178738117218,0.062382796490734596,0.4683841,euronews.com,Europes Far Right Unites Around Orban While Trumps Hungary Visit Remains Uncertain,https://www.euronews.com/my-europe/2026/03/18/europes-far-right-unites-around-orban-while-trumps-hungary-visit-remains-uncertain,,
2448,2026-03-17,2026-03-17 23:00:00+00:00,0.3847262721460457,0.49027615785598755,0.06807661501622016,2.122016,townandcountrymag.com,Sweden Crown Princess Victoria Texas Visit March 2026,https://www.townandcountrymag.com/society/tradition/a70769893/sweden-crown-princess-victoria-texas-visit-march-2026/,,
2449,2026-03-17,2026-03-17 23:00:00+00:00,0.38467316295968723,0.4744957983493805,0.11520525679060734,-5.2054796,rawstory.com,Trump Doge 2676268707,https://www.rawstory.com/trump-doge-2676268707/,,
2450,2026-03-12,2026-03-12 20:00:00+00:00,0.38466017157710947,0.4844359755516052,0.08533275965362218,-3.8461537,yahoo.com,Tesla China Deliveries Jump 91 192615464,https://finance.yahoo.com/news/tesla-china-deliveries-jump-91-192615464.html,,
2451,2026-03-18,2026-03-18 11:00:00+00:00,0.3846556479974655,0.49162352085113525,0.06375202943645619,-2.6923077,aol.co.uk,China Demands Investigation Nepal College 110125701,https://www.aol.co.uk/articles/china-demands-investigation-nepal-college-110125701.html,,
2452,2026-03-04,2026-03-04 22:00:00+00:00,0.38460326889791024,0.48433971405029297,0.08539393344076204,-3.876853,spokesman.com,Senate Will Vote On Forcing Trump To End Iran Stri,https://www.spokesman.com/stories/2026/mar/04/senate-will-vote-on-forcing-trump-to-end-iran-stri/,,
2453,2026-03-05,2026-03-05 01:00:00+00:00,0.3845135531278007,0.4889698028564453,0.07114480394186692,-5.150977,dominicanrepublicpost.com,Us Will Rain Missiles Death And Destruction On Iran Trump Aides Say,https://dominicanrepublicpost.com/us-will-rain-missiles-death-and-destruction-on-iran-trump-aides-say/,,
2454,2026-03-05,2026-03-05 00:00:00+00:00,0.3845135531278007,0.4889698028564453,0.07114480394186692,-5.123675,aljazeera.com,Us Will Rain Missiles Death And Destruction On Iran Trump Aides Say,https://www.aljazeera.com/news/2026/3/4/us-will-rain-missiles-death-and-destruction-on-iran-trump-aides-say,,
2455,2026-03-05,2026-03-05 04:00:00+00:00,0.3845135531278007,0.4889698028564453,0.07114480394186692,-5.150977,grenadachronicle.com,Us Will Rain Missiles Death And Destruction On Iran Trump Aides Say,https://grenadachronicle.com/us-will-rain-missiles-death-and-destruction-on-iran-trump-aides-say/,,
2456,2026-03-07,2026-03-07 09:00:00+00:00,0.38447423041800616,0.48530352115631104,0.08198635820309148,-1.1402508,rte.ie,1562024 5 Ways Trumps War Will Make You Poorer,https://www.rte.ie/news/business/2026/0307/1562024-5-ways-trumps-war-will-make-you-poorer/,,
2457,2026-03-19,2026-03-19 01:00:00+00:00,0.38444853177243526,0.4856615662574768,0.08080942831731054,0.0,macaudailytimes.com.mo,Ce To Visit Portugal And Spain From Apr 17,https://macaudailytimes.com.mo/ce-to-visit-portugal-and-spain-from-apr-17.html,,
2458,2026-03-07,2026-03-07 02:00:00+00:00,0.38432610981324894,0.4790131449699402,0.1002650043431752,1.5503876,skopjediem.com,Turkish President Erdogan To Visit Skopje Says Pm Mickoski,http://skopjediem.com/uncategorized/turkish-president-erdogan-to-visit-skopje-says-pm-mickoski/,,
2459,2026-03-12,2026-03-12 04:00:00+00:00,0.38430207682880485,0.488903284072876,0.07049845509659154,-3.508772,wn.com,War In Iran Squeezing China 8217S Oil Lifeline,https://article.wn.com/view/2026/03/12/war_in_iran_squeezing_china_8217s_oil_lifeline/,,
2460,2026-03-13,2026-03-13 20:00:00+00:00,0.3842020754601869,0.49012476205825806,0.06643401566597355,0.21231422,thefrontierpost.com,Trump Says Putin Helping Iran A Little Bit Iran Govt Will Fall But Maybe Not Immediately,https://thefrontierpost.com/trump-says-putin-helping-iran-a-little-bit-iran-govt-will-fall-but-maybe-not-immediately/,,
2461,2026-03-12,2026-03-12 07:00:00+00:00,0.38419597905998104,0.49072855710983276,0.06459824491042598,-8.064516,newstodaynet.com,Trump Says Us Won Iran War But Will Finish The Job Completely,https://newstodaynet.com/2026/03/12/trump-says-us-won-iran-war-but-will-finish-the-job-completely/,,
2462,2026-03-18,2026-03-18 01:00:00+00:00,0.3841611940704171,0.4894002079963684,0.0684441522925631,-2.4261603,chiangraitimes.com,China Demographic Data Leak,https://www.chiangraitimes.com/china/china-demographic-data-leak/,,
2463,2026-03-19,2026-03-19 10:00:00+00:00,0.38415557376532594,0.49168169498443604,0.06157721010799565,-12.280702,wn.com,China Weathering Iran War With Minimal Damage,https://article.wn.com/view/2026/03/19/China_weathering_Iran_war_with_minimal_damage/,,
2464,2026-03-06,2026-03-06 15:00:00+00:00,0.38393412395754306,0.49194467067718506,0.05990248379861716,0.0,news18.com,No Deal Trump Says Us Will Accept Nothing Less Than Irans Unconditional Surrender 9946657,https://www.news18.com/world/no-deal-trump-says-us-will-accept-nothing-less-than-irans-unconditional-surrender-9946657.html,,
2465,2026-03-11,2026-03-11 16:00:00+00:00,0.383911102294919,0.4911244511604309,0.06227105569838331,-3.5714285,firstpost.com,Practically Nothing Left To Target Trump Says War With Iran Will End Soon 13988513,https://www.firstpost.com/world/practically-nothing-left-to-target-trump-says-war-with-iran-will-end-soon-13988513.html,,
2466,2026-03-20,2026-03-20 21:00:00+00:00,0.38381673585852305,0.4894615411758423,0.06688231990656544,-6.428571,bruneinews.net,China Warns Philippines To Cease Infringement Provocations In South China Sea,http://www.bruneinews.net/news/278934330/china-warns-philippines-to-cease-infringement-provocations-in-south-china-sea,,
2467,2026-03-20,2026-03-20 18:00:00+00:00,0.38381673585852305,0.4894615411758423,0.06688231990656544,-6.382979,bignewsnetwork.com,China Warns Philippines To Cease Infringement Provocations In South China Sea,http://www.bignewsnetwork.com/news/278934330/china-warns-philippines-to-cease-infringement-provocations-in-south-china-sea,,
2468,2026-03-07,2026-03-07 12:00:00+00:00,0.3838093041332579,0.47649887204170227,0.10574060040792481,-1.5222483,thetimes.com,Deflation China Xi Economics Cfwmfzvdq,https://www.thetimes.com/business/economics/article/deflation-china-xi-economics-cfwmfzvdq,,
2469,2026-03-13,2026-03-13 00:00:00+00:00,0.38380278985692,0.48446446657180786,0.08181775971225654,-11.666667,digg.com,Farmer Warns Trumps War Will Raise,https://digg.com/news/za7m3Wx/farmer-warns-trumps-war-will-raise,,
2470,2026-03-06,2026-03-06 20:00:00+00:00,0.38378425483032513,0.4892611503601074,0.0673535682409783,0.41095892,journal-advocate.com,China Electric Aircraft,https://www.journal-advocate.com/2026/03/06/china-electric-aircraft/,,
2471,2026-03-06,2026-03-06 19:00:00+00:00,0.38378425483032513,0.4892611503601074,0.0673535682409783,0.41095892,thereporteronline.com,China Electric Aircraft,https://www.thereporteronline.com/2026/03/06/china-electric-aircraft/,,
2472,2026-03-06,2026-03-06 19:00:00+00:00,0.38378425483032513,0.4892611503601074,0.0673535682409783,0.41095892,republicanherald.com,China Electric Aircraft,https://www.republicanherald.com/2026/03/06/china-electric-aircraft/,,
2473,2026-03-06,2026-03-06 20:00:00+00:00,0.38378425483032513,0.4892611503601074,0.0673535682409783,0.41095892,dailydemocrat.com,China Electric Aircraft,https://www.dailydemocrat.com/2026/03/06/china-electric-aircraft/,,
2474,2026-03-06,2026-03-06 20:00:00+00:00,0.38378425483032513,0.4892611503601074,0.0673535682409783,0.41095892,coloradohometownweekly.com,China Electric Aircraft,https://www.coloradohometownweekly.com/2026/03/06/china-electric-aircraft/,,
2475,2026-03-06,2026-03-06 21:00:00+00:00,0.38378425483032513,0.4892611503601074,0.0673535682409783,0.41095892,lowellsun.com,China Electric Aircraft,https://www.lowellsun.com/2026/03/06/china-electric-aircraft/,,
2476,2026-03-06,2026-03-06 21:00:00+00:00,0.38378425483032513,0.4892611503601074,0.0673535682409783,0.41095892,thetimes-tribune.com,China Electric Aircraft,https://www.thetimes-tribune.com/2026/03/06/china-electric-aircraft/,,
2477,2026-03-06,2026-03-06 20:00:00+00:00,0.38378425483032513,0.4892611503601074,0.0673535682409783,0.41095892,orlandosentinel.com,China Electric Aircraft,https://www.orlandosentinel.com/2026/03/06/china-electric-aircraft/,,
2478,2026-03-06,2026-03-06 21:00:00+00:00,0.38378425483032513,0.4892611503601074,0.0673535682409783,0.41095892,advocate-news.com,China Electric Aircraft,https://www.advocate-news.com/2026/03/06/china-electric-aircraft/,,
2479,2026-03-06,2026-03-06 20:00:00+00:00,0.38378425483032513,0.4892611503601074,0.0673535682409783,0.41095892,timesherald.com,China Electric Aircraft,https://www.timesherald.com/2026/03/06/china-electric-aircraft/,,
2480,2026-03-06,2026-03-06 21:00:00+00:00,0.38378425483032513,0.4892611503601074,0.0673535682409783,0.41095892,pilotonline.com,China Electric Aircraft,https://www.pilotonline.com/2026/03/06/china-electric-aircraft/,,
2481,2026-03-06,2026-03-06 19:00:00+00:00,0.38378425483032513,0.4892611503601074,0.0673535682409783,0.41095892,orovillemr.com,China Electric Aircraft,https://www.orovillemr.com/2026/03/06/china-electric-aircraft/,,
2482,2026-03-06,2026-03-06 21:00:00+00:00,0.38378425483032513,0.4892611503601074,0.0673535682409783,0.41095892,capitalgazette.com,China Electric Aircraft,https://www.capitalgazette.com/2026/03/06/china-electric-aircraft/,,
2483,2026-03-06,2026-03-06 19:00:00+00:00,0.38378425483032513,0.4892611503601074,0.0673535682409783,0.41095892,sentinelandenterprise.com,China Electric Aircraft,https://www.sentinelandenterprise.com/2026/03/06/china-electric-aircraft/,,
2484,2026-03-06,2026-03-06 19:00:00+00:00,0.38378425483032513,0.4892611503601074,0.0673535682409783,0.41095892,pottsmerc.com,China Electric Aircraft,https://www.pottsmerc.com/2026/03/06/china-electric-aircraft/,,
2485,2026-03-06,2026-03-06 19:00:00+00:00,0.38378425483032513,0.4892611503601074,0.0673535682409783,0.41095892,sandiegouniontribune.com,China Electric Aircraft,https://www.sandiegouniontribune.com/2026/03/06/china-electric-aircraft/,,
2486,2026-03-06,2026-03-06 21:00:00+00:00,0.38378425483032513,0.4892611503601074,0.0673535682409783,0.41095892,akronnewsreporter.com,China Electric Aircraft,https://www.akronnewsreporter.com/2026/03/06/china-electric-aircraft/,,
2487,2026-03-06,2026-03-06 20:00:00+00:00,0.38378425483032513,0.4892611503601074,0.0673535682409783,0.41095892,broomfieldenterprise.com,China Electric Aircraft,https://www.broomfieldenterprise.com/2026/03/06/china-electric-aircraft/,,
2488,2026-03-06,2026-03-06 18:00:00+00:00,0.38378425483032513,0.4892611503601074,0.0673535682409783,0.41095892,sun-sentinel.com,China Electric Aircraft,https://www.sun-sentinel.com/2026/03/06/china-electric-aircraft/,,
2489,2026-03-06,2026-03-06 20:00:00+00:00,0.38378425483032513,0.4892611503601074,0.0673535682409783,0.41095892,canoncitydailyrecord.com,China Electric Aircraft,https://www.canoncitydailyrecord.com/2026/03/06/china-electric-aircraft/,,
2490,2026-03-06,2026-03-06 18:00:00+00:00,0.38378425483032513,0.4892611503601074,0.0673535682409783,0.41095892,mainlinemedianews.com,China Electric Aircraft,https://www.mainlinemedianews.com/2026/03/06/china-electric-aircraft/,,
2491,2026-03-06,2026-03-06 18:00:00+00:00,0.38378425483032513,0.4892611503601074,0.0673535682409783,0.41095892,ocregister.com,China Electric Aircraft,https://www.ocregister.com/2026/03/06/china-electric-aircraft/,,
2492,2026-03-06,2026-03-06 18:00:00+00:00,0.38378425483032513,0.4892611503601074,0.0673535682409783,0.41095892,baltimoresun.com,China Electric Aircraft,https://www.baltimoresun.com/2026/03/06/china-electric-aircraft/,,
2493,2026-03-06,2026-03-06 21:00:00+00:00,0.38378425483032513,0.4892611503601074,0.0673535682409783,0.41095892,dailylocal.com,China Electric Aircraft,https://www.dailylocal.com/2026/03/06/china-electric-aircraft/,,
2494,2026-03-22,2026-03-22 09:00:00+00:00,0.3837339397232327,0.4839094579219818,0.08320738512698554,2.6666667,ariananews.af,Trump Will Not Rest Until All American Detainees Freed In Afghanistan Aide Says,https://www.ariananews.af/trump-will-not-rest-until-all-american-detainees-freed-in-afghanistan-aide-says/,,
2495,2026-03-19,2026-03-19 23:00:00+00:00,0.383697241937123,0.4892406463623047,0.06706702866157803,3.10559,gazetaexpress.com,Inside The Robotics Revolution In China,https://www.gazetaexpress.com/en/Inside-the-robotics-revolution-in-China/,,
2496,2026-03-06,2026-03-06 08:00:00+00:00,0.3835931630452353,0.4889657497406006,0.06747540295913936,-2.580645,indianexpress.com,China Gdp Growth Reduction Implication 10567521,https://indianexpress.com/article/explained/explained-global/china-gdp-growth-reduction-implication-10567521/,,
2497,2026-03-18,2026-03-18 06:00:00+00:00,0.3835918684678505,0.49009403586387634,0.0640853662797729,0.0,dailyexcelsior.com,Xis Books Burnt In Nepal College China Lodges Protest,https://www.dailyexcelsior.com/xis-books-burnt-in-nepal-college-china-lodges-protest/,,
2498,2026-03-04,2026-03-04 07:00:00+00:00,0.38353514408495754,0.48819103837013245,0.06956746122943275,1.1494253,thedailystar.net,Us Assistant Secretary Begins Two Day Dhaka Visit Talks Foreign Ministry 4120396,https://www.thedailystar.net/news/bangladesh/diplomacy/news/us-assistant-secretary-begins-two-day-dhaka-visit-talks-foreign-ministry-4120396,,
2499,2026-03-05,2026-03-05 06:00:00+00:00,0.3835286890473965,0.4911313056945801,0.06072083910584578,0.0,akipress.com,News:883166:Russian Consul General Visits Batken Region On Working Visit,https://akipress.com/news:883166:Russian_Consul_General_visits_Batken_region_on_working_visit/,,
2500,2026-03-06,2026-03-06 09:00:00+00:00,0.3835182802791962,0.4782121181488037,0.09943676667037364,1.3832384,cbc.ca,Carney Japan Visit 9.7116888,https://www.cbc.ca/news/politics/carney-japan-visit-9.7116888,,
2501,2026-03-07,2026-03-07 15:00:00+00:00,0.38350777842206296,0.48818540573120117,0.06947489649464843,-1.8018018,chinatechnews.com,116640 Trump Threatens To Escalate Bombings As Iran Vows It Will Never Surrender,https://www.chinatechnews.com/2026/03/07/116640-trump-threatens-to-escalate-bombings-as-iran-vows-it-will-never-surrender,,
2502,2026-03-18,2026-03-18 20:00:00+00:00,0.38350608378951073,0.4869269132614136,0.07324359537380222,-0.18450184,cnbc.com,China Openclaw Baidu Tencent Ai,https://www.cnbc.com/2026/03/18/china-openclaw-baidu-tencent-ai.html,,
2503,2026-03-07,2026-03-07 09:00:00+00:00,0.38341329829424614,0.485159695148468,0.07817410773158057,3.0567687,dailypioneer.com,China Congratulates Nepal For Smooth Polls,https://dailypioneer.com/news/china-congratulates-nepal-for-smooth-polls,,
2504,2026-03-24,2026-03-24 17:00:00+00:00,0.3833341195657741,0.4814596474170685,0.08895753601189108,1.5151515,bucksfreepress.co.uk,25963470.Trump 900K Costs Will Not Paid Thames Valley Police Told,https://www.bucksfreepress.co.uk/news/25963470.trump-900k-costs-will-not-paid-thames-valley-police-told/,,
2505,2026-03-24,2026-03-24 13:00:00+00:00,0.3833185580001993,0.4726896584033966,0.11520525679060734,-2.3861172,rawstory.com,Trump Idiot 2676610956,https://www.rawstory.com/trump-idiot-2676610956/,,
2506,2026-03-10,2026-03-10 15:00:00+00:00,0.3832681424500946,0.4887067675590515,0.06695226712322397,0.0,emergingtextiles.com,260310 Goose And Duck Down Prices In China,https://www.emergingtextiles.com/report/260310-goose-and-duck-down-prices-in-china/,,
2507,2026-03-08,2026-03-08 23:00:00+00:00,0.3832557110090401,0.4826425313949585,0.085095249851285,-4.0983605,thezimbabwemail.com,Iran Not Trump Will Elect Its New Leader Top Diplomat Says,https://thezimbabwemail.com/iran-not-trump-will-elect-its-new-leader-top-diplomat-says/,,
2508,2026-03-13,2026-03-13 14:00:00+00:00,0.38325364517747734,0.48084568977355957,0.09047751138923064,-1.4563106,bgnes.com,China Moves Closer To Crewed Moon Landing,http://www.bgnes.com/science/china-moves-closer-to-crewed-moon-landing,,
2509,2026-03-04,2026-03-04 23:00:00+00:00,0.38321458627349725,0.48666638135910034,0.07285920101668793,-3.1496062,zerohedge.com,Sen Blumenthal Fearful Trump Will Put Troops Iran Congressional Votes Loom,https://www.zerohedge.com/political/sen-blumenthal-fearful-trump-will-put-troops-iran-congressional-votes-loom,,
2510,2026-03-21,2026-03-21 09:00:00+00:00,0.38321058308241884,0.4900679886341095,0.06263836642734688,5.229456,alwihdainfo.com,China S Green Transformation A Global Asset A148650,https://www.alwihdainfo.com/China-s-green-transformation-a-global-asset_a148650.html,,
2511,2026-03-13,2026-03-13 09:00:00+00:00,0.38320403075354553,0.486101359128952,0.07451204562732595,5.5555553,openpr.com,China Best Uva Led Factory Insights From China International,https://www.openpr.com/news/4423407/china-best-uva-led-factory-insights-from-china-international,,
2512,2026-03-09,2026-03-09 20:00:00+00:00,0.383197757539736,0.4740465581417084,0.110651355733819,4.283604,gov.za,President Cyril Ramaphosa Undertakes State Visit 2,https://www.gov.za/news/media-advisories/visits-foreign-countries/president-cyril-ramaphosa-undertakes-state-visit-2,,
2513,2026-03-10,2026-03-10 06:00:00+00:00,0.38318158666218266,0.48971787095069885,0.06357273379663402,-3.805497,businesstimes.com.sg,Iran Says Oil Blockade Will Continue Until Attacks End Trump Threatens Hit Harder,https://www.businesstimes.com.sg/international/iran-says-oil-blockade-will-continue-until-attacks-end-trump-threatens-hit-harder,,
2514,2026-03-10,2026-03-10 05:00:00+00:00,0.38318158666218266,0.48971787095069885,0.06357273379663402,-4.1820416,al-monitor.com,Iran Says Oil Blockade Will Continue Until Attacks End Trump Threatens Hit Harder,https://www.al-monitor.com/originals/2026/03/iran-says-oil-blockade-will-continue-until-attacks-end-trump-threatens-hit-harder,,
2515,2026-03-25,2026-03-25 08:00:00+00:00,0.38316909248709474,0.4838598966598511,0.08109667996882568,-3.2024794,yahoo.com,Taiwan Wary China Could Exploit 080255538,https://www.yahoo.com/news/articles/taiwan-wary-china-could-exploit-080255538.html,,
2516,2026-03-23,2026-03-23 12:00:00+00:00,0.3831529175123321,0.4901805818080902,0.062069924625057844,-1.1560694,marketscreener.com,Oil Gas Stocks Slide After Trump Says U S Will Postpone Further Strikes On Iranian Energy Infrastr Ce7E5Edcde81F52D,https://www.marketscreener.com/news/oil-gas-stocks-slide-after-trump-says-u-s-will-postpone-further-strikes-on-iranian-energy-infrastr-ce7e5edcde81f52d,,
2517,2026-03-18,2026-03-18 10:00:00+00:00,0.38311527128224543,0.488667368888855,0.06645897846241672,1.6701461,mangalorean.com,Ayodhya Gears Up For President Murmus Visit On March 19,https://www.mangalorean.com/ayodhya-gears-up-for-president-murmus-visit-on-march-19/,,
2518,2026-03-24,2026-03-24 05:00:00+00:00,0.3830816938922951,0.4887872636318207,0.06596498467371846,2.415459,bignewsnetwork.com,China Focus Robot Teachers Preparing China Humanoids For Real World Jobs,http://www.bignewsnetwork.com/news/278940373/china-focus-robot-teachers-preparing-china-humanoids-for-real-world-jobs,,
2519,2026-03-07,2026-03-07 09:00:00+00:00,0.3830596396143241,0.48645609617233276,0.07287026994029805,-1.7175573,firstpost.com,South China Sea Philippines China Brawner India Brahmos Raisina Dialogue 13987084,https://www.firstpost.com/world/south-china-sea-philippines-china-brawner-india-brahmos-raisina-dialogue-13987084.html,,
2520,2026-03-04,2026-03-04 08:00:00+00:00,0.3829247359711012,0.4743942320346832,0.10851624778035518,0.5008347,calcuttanews.net,Your Visit Will Take India Finland Relations To New Heights Pm Modi Welcomes Finland President Stubb,http://www.calcuttanews.net/news/278901213/your-visit-will-take-india-finland-relations-to-new-heights-pm-modi-welcomes-finland-president-stubb,,
2521,2026-03-04,2026-03-04 07:00:00+00:00,0.3829247359711012,0.4743942320346832,0.10851624778035518,0.5008347,heraldglobe.com,Your Visit Will Take India Finland Relations To New Heights Pm Modi Welcomes Finland President Stubb,http://www.heraldglobe.com/news/278901213/your-visit-will-take-india-finland-relations-to-new-heights-pm-modi-welcomes-finland-president-stubb,,
2522,2026-03-04,2026-03-04 08:00:00+00:00,0.3829247359711012,0.4743942320346832,0.10851624778035518,0.5008347,europesun.com,Your Visit Will Take India Finland Relations To New Heights Pm Modi Welcomes Finland President Stubb,http://www.europesun.com/news/278901213/your-visit-will-take-india-finland-relations-to-new-heights-pm-modi-welcomes-finland-president-stubb,,
2523,2026-03-11,2026-03-11 08:00:00+00:00,0.382894475367372,0.489063024520874,0.06438882790686579,-1.3311148,lewrockwell.com,China Watching The Missiles Flow,https://www.lewrockwell.com/2026/03/no_author/china-watching-the-missiles-flow/,,
2524,2026-03-17,2026-03-17 03:00:00+00:00,0.3828899478264314,0.4803839921951294,0.09040781472033742,2.3653088,hollywoodreporter.com,2026 Filmart Animation China Box Office Booms 1236533905,https://www.hollywoodreporter.com/movies/movie-news/2026-filmart-animation-china-box-office-booms-1236533905/,,
2525,2026-03-16,2026-03-16 11:00:00+00:00,0.3828651713673345,0.48183339834213257,0.0859604904429404,0.7936508,chinaeconomicreview.com,Us Clothing Brand Guess To Cease China Business,https://chinaeconomicreview.com/us-clothing-brand-guess-to-cease-china-business/,,
2526,2026-03-08,2026-03-08 19:00:00+00:00,0.3828320986808748,0.48611146211624146,0.07299400837477497,-1.997147,yahoo.com,Macron Visit Cyprus While Starmer 162052349,https://www.yahoo.com/news/articles/macron-visit-cyprus-while-starmer-162052349.html,,
2527,2026-03-16,2026-03-16 13:00:00+00:00,0.38276443224103607,0.4782622456550598,0.0962709919989649,0.610687,bentelevision.com,Tinubu States Visit Nigerian Ministers Engage Uk Based Media In London Ahead Of Visit,https://bentelevision.com/tinubu-states-visit-nigerian-ministers-engage-uk-based-media-in-london-ahead-of-visit/,,
2528,2026-03-04,2026-03-04 15:00:00+00:00,0.3827490601207915,0.49029314517974854,0.06011680494392043,-1.4967259,yahoo.com,Far Random China Global Port 133958108,https://www.yahoo.com/news/articles/far-random-china-global-port-133958108.html,,
2529,2026-03-15,2026-03-15 00:00:00+00:00,0.3827085953536277,0.4832923114299774,0.08095744712457874,2.977233,si.com,New England Patriots Efton Chism Iii Offseason Visit Alma Mater,https://www.si.com/nfl/patriots/onsi/news/new-england-patriots-efton-chism-iii-offseason-visit-alma-mater,,
2530,2026-03-07,2026-03-07 17:00:00+00:00,0.3826937716241053,0.4882716238498688,0.06596021494681474,-3.7671232,independentsentinel.com,President Trump Warns Iran Will Be Hit Very Hard Today,https://www.independentsentinel.com/president-trump-warns-iran-will-be-hit-very-hard-today/,,
2531,2026-03-24,2026-03-24 13:00:00+00:00,0.38262685349362685,0.47718238830566406,0.09896024905751516,0.0,washingtonexaminer.com,Copper Crisis China Overcapacity Us Underinvestment,https://www.washingtonexaminer.com/op-eds/4500816/copper-crisis-china-overcapacity-us-underinvestment/,,
2532,2026-03-07,2026-03-07 08:00:00+00:00,0.3825345425477661,0.48862627148628235,0.06425935573221722,-2.1052632,tbsnews.net,Indonesia Will Quit Trumps Board Peace If It Does Not Benefit Palestinians Prabowo,https://www.tbsnews.net/worldbiz/asia/indonesia-will-quit-trumps-board-peace-if-it-does-not-benefit-palestinians-prabowo,,
2533,2026-03-20,2026-03-20 02:00:00+00:00,0.3825031887626096,0.4890061020851135,0.06299444879509766,-1.2998267,businessinsider.com,Audit Val Verde Pegasus School China 2026 3,https://www.businessinsider.com/audit-val-verde-pegasus-school-china-2026-3,,
2534,2026-03-11,2026-03-11 01:00:00+00:00,0.38246763792142874,0.488107293844223,0.06554867015304591,13.888889,bignewsnetwork.com,Flower Feasts Power Spring Economy In Sw China,http://www.bignewsnetwork.com/news/278914690/flower-feasts-power-spring-economy-in-sw-china,,
2535,2026-03-10,2026-03-10 18:00:00+00:00,0.38244386728870106,0.4715234041213989,0.11520525679060734,0.64377683,alternet.org,Trump Panicking,https://www.alternet.org/trump-panicking/,,
2536,2026-03-06,2026-03-06 15:00:00+00:00,0.38237389867522653,0.4858356714248657,0.07198858042630896,-2.8985507,cnbc.com,Iran War Automakers Toyota Hyundai China,https://www.cnbc.com/2026/03/06/iran-war-automakers-toyota-hyundai-china.html,,
2537,2026-03-06,2026-03-06 01:00:00+00:00,0.38236227311969984,0.47883141040802,0.0929548612547393,3.9215686,afr.com,Don T Worry Friends Trump Is Toast And America Will Bounce Back 20260301 P5O6I0,https://www.afr.com/policy/foreign-affairs/don-t-worry-friends-trump-is-toast-and-america-will-bounce-back-20260301-p5o6i0,,
2538,2026-03-14,2026-03-14 06:00:00+00:00,0.38235430108028184,0.48278993368148804,0.08104740327666321,-2.840909,lasvegassun.com,Congressional Democrats Say Trump Tariffs Will Cos,https://lasvegassun.com/news/2026/mar/12/congressional-democrats-say-trump-tariffs-will-cos/,,
2539,2026-03-09,2026-03-09 18:00:00+00:00,0.3823281121791875,0.48499447107315063,0.07432903549729813,-2.9776676,freshplaza.com,China S Garlic Export Market Experiences Increased Volatility,https://www.freshplaza.com/north-america/article/9817639/china-s-garlic-export-market-experiences-increased-volatility/,,
2540,2026-03-24,2026-03-24 16:00:00+00:00,0.38231848499663923,0.4894416630268097,0.06094895090612786,-2.5618374,livemint.com,China Isn T Rushing Taiwan It S Squeezing It Slowly 11774367209260,https://www.livemint.com/global/china-isn-t-rushing-taiwan-it-s-squeezing-it-slowly-11774367209260.html,,
2541,2026-03-24,2026-03-24 15:00:00+00:00,0.38225254209286896,0.4810819923877716,0.0857641912081611,0.14012145,marinetechnologynews.com,China Ocean Floor Builds 660283,https://www.marinetechnologynews.com/news/china-ocean-floor-builds-660283,,
2542,2026-03-20,2026-03-20 18:00:00+00:00,0.3821846735436787,0.48418837785720825,0.07617356060308998,-10.344828,wn.com,Cowards We Will Remember Trump Slams Nato Over Lack Of Suppo,https://article.wn.com/view/2026/03/20/Cowards_we_will_remember_Trump_slams_Nato_over_lack_of_suppo/,,
2543,2026-03-12,2026-03-12 16:00:00+00:00,0.38217565229178047,0.48934614658355713,0.060664169416450454,11.538462,shanghainews.net,Inpics Spring Greets China With Blooming Nature,http://www.shanghainews.net/news/278917931/inpics-spring-greets-china-with-blooming-nature,,
2544,2026-03-12,2026-03-12 15:00:00+00:00,0.38217565229178047,0.48934614658355713,0.060664169416450454,11.538462,taiwansun.com,Inpics Spring Greets China With Blooming Nature,http://www.taiwansun.com/news/278917931/inpics-spring-greets-china-with-blooming-nature,,
2545,2026-03-12,2026-03-12 14:00:00+00:00,0.38217565229178047,0.48934614658355713,0.060664169416450454,11.538462,japanherald.com,Inpics Spring Greets China With Blooming Nature,http://www.japanherald.com/news/278917931/inpics-spring-greets-china-with-blooming-nature,,
2546,2026-03-12,2026-03-12 14:00:00+00:00,0.38217565229178047,0.48934614658355713,0.060664169416450454,11.538462,singaporestar.com,Inpics Spring Greets China With Blooming Nature,http://www.singaporestar.com/news/278917931/inpics-spring-greets-china-with-blooming-nature,,
2547,2026-03-12,2026-03-12 14:00:00+00:00,0.38217565229178047,0.48934614658355713,0.060664169416450454,0.0,chinanationalnews.com,Inpics Spring Greets China With Blooming Nature,http://www.chinanationalnews.com/news/278917931/inpics-spring-greets-china-with-blooming-nature,,
2548,2026-03-12,2026-03-12 14:00:00+00:00,0.38217565229178047,0.48934614658355713,0.060664169416450454,11.538462,australiannews.net,Inpics Spring Greets China With Blooming Nature,http://www.australiannews.net/news/278917931/inpics-spring-greets-china-with-blooming-nature,,
2549,2026-03-12,2026-03-12 14:00:00+00:00,0.38217565229178047,0.48934614658355713,0.060664169416450454,11.538462,cambodiantimes.com,Inpics Spring Greets China With Blooming Nature,http://www.cambodiantimes.com/news/278917931/inpics-spring-greets-china-with-blooming-nature,,
2550,2026-03-18,2026-03-18 11:00:00+00:00,0.3821711675883048,0.4853786826133728,0.07254862251310087,-4.534005,wfmd.com,Carville Predicts Trump Will Leave Office Next Year Out Of Frustration After Midterms,https://www.wfmd.com/2026/03/18/carville-predicts-trump-will-leave-office-next-year-out-of-frustration-after-midterms/,,
2551,2026-03-13,2026-03-13 17:00:00+00:00,0.382151788119076,0.48337942361831665,0.07846888162135424,6.167401,z1077fm.com,Visit 29 Accepting Applications For 2026 Events And Programming Grants,https://z1077fm.com/visit-29-accepting-applications-for-2026-events-and-programming-grants/,,
2552,2026-03-13,2026-03-13 09:00:00+00:00,0.38201338036600074,0.486503005027771,0.06854450638069008,7.6923075,openpr.com,China Best Uva Led Factory Insights From China International Beauty Expo Cibe,https://www.openpr.com/news/archive/287165/China-Best-UVA-LED-Factory-Insights-from-China-International-Beauty-Expo-CIBE.html,,
2553,2026-03-11,2026-03-11 17:00:00+00:00,0.3819853121373741,0.48539304733276367,0.07176210655120537,1.8867924,shanghainews.net,Vistaningxia China Ningxia Yinchuan Tourism Cn,http://www.shanghainews.net/news/278915513/vistaningxia-china-ningxia-yinchuan-tourism-cn,,
2554,2026-03-11,2026-03-11 12:00:00+00:00,0.3819853121373741,0.48539304733276367,0.07176210655120537,1.8867924,newzealandstar.com,Vistaningxia China Ningxia Yinchuan Tourism Cn,http://www.newzealandstar.com/news/278915513/vistaningxia-china-ningxia-yinchuan-tourism-cn,,
2555,2026-03-11,2026-03-11 13:00:00+00:00,0.3819853121373741,0.48539304733276367,0.07176210655120537,1.8867924,australiannews.net,Vistaningxia China Ningxia Yinchuan Tourism Cn,http://www.australiannews.net/news/278915513/vistaningxia-china-ningxia-yinchuan-tourism-cn,,
2556,2026-03-19,2026-03-19 02:00:00+00:00,0.38189719251320253,0.4876340627670288,0.06468658175172365,1.421801,newkerala.com,President Murmu Begin 3 Day Ayodhya Visit Today Offer 476,https://www.newkerala.com/news/a/president-murmu-begin-3-day-ayodhya-visit-today-offer-476.htm,,
2557,2026-03-06,2026-03-06 05:00:00+00:00,0.3818365622319951,0.4875337779521942,0.06474491507139771,3.7288136,scmp.com,China Pivots Investing People Strategy Growth Engine Switches Gears,https://www.scmp.com/economy/china-economy/article/3345615/china-pivots-investing-people-strategy-growth-engine-switches-gears,,
2558,2026-03-17,2026-03-17 05:00:00+00:00,0.38174311018098883,0.4867289662361145,0.06678554201561182,-0.6923077,statecollege.com,The Trump Admins Secretive Fast Tracked Process To Pick Who Will Run Pa S New Detention Centers,https://www.statecollege.com/articles/political-news/the-trump-admins-secretive-fast-tracked-process-to-pick-who-will-run-pa-s-new-detention-centers/,,
2559,2026-03-05,2026-03-05 12:00:00+00:00,0.3817246224862664,0.4869590997695923,0.06602119063628856,2.0725389,yahoo.com,Nvidia Halts China Bound H200 120248594,https://finance.yahoo.com/news/nvidia-halts-china-bound-h200-120248594.html,,
2560,2026-03-05,2026-03-05 14:00:00+00:00,0.3817246224862664,0.4869590997695923,0.06602119063628856,2.0725389,yahoo.com,Nvidia Halts China Bound H200 120248594,https://ca.finance.yahoo.com/news/nvidia-halts-china-bound-h200-120248594.html,,
2561,2026-03-05,2026-03-05 07:00:00+00:00,0.3817061494582634,0.47089269757270813,0.11414650511492937,-4.7619047,pragativadi.com,Amit Shah To Visit Odisha Today Traffic Curbs Announced,https://pragativadi.com/amit-shah-to-visit-odisha-today-traffic-curbs-announced/,,
2562,2026-03-23,2026-03-23 05:00:00+00:00,0.3816772123801854,0.4887326657772064,0.0605108521891225,-4.2944784,mid-day.com,Us Israel Attack Iran Us Will Obliterate Irans Power Plants Trump 23622088,https://www.mid-day.com/news/world-news/article/us-israel-attack-iran-us-will-obliterate-irans-power-plants-trump-23622088,,
2563,2026-03-23,2026-03-23 07:00:00+00:00,0.38158301167718756,0.48545321822166443,0.0699723920437569,-3.4965036,newstatesman.com,Donald Trumps Oil Crisis Will Come For You Too,https://www.newstatesman.com/world/middle-east/2026/03/donald-trumps-oil-crisis-will-come-for-you-too,,
2564,2026-03-07,2026-03-07 17:00:00+00:00,0.38150595706037926,0.48798131942749023,0.062079869959046366,-3.508772,theepochtimes.com,Trump Says Iran Will Be Hit Very Hard After Tehran Rejects Surrender Demand 5995526,https://www.theepochtimes.com/world/trump-says-iran-will-be-hit-very-hard-after-tehran-rejects-surrender-demand-5995526,,
2565,2026-03-06,2026-03-06 17:00:00+00:00,0.38150053437816334,0.47026562690734863,0.11520525679060734,-8.250825,denverpost.com,Clemency Tina Peters Polis Trump Sentencing,https://www.denverpost.com/2026/03/06/clemency-tina-peters-polis-trump-sentencing/,,
2566,2026-03-07,2026-03-07 16:00:00+00:00,0.38144933062324543,0.48516005277633667,0.07031716416397181,-4.9180326,politicalwire.com,Trump Says Iran Will Be Hit Very Hard Today,https://politicalwire.com/2026/03/07/trump-says-iran-will-be-hit-very-hard-today/,,
2567,2026-03-08,2026-03-08 16:00:00+00:00,0.38124852247848223,0.484000027179718,0.07299400837477497,-1.6949153,aol.co.uk,Macron Visit Cyprus While Starmer 162052400,https://www.aol.co.uk/articles/macron-visit-cyprus-while-starmer-162052400.html,,
2568,2026-03-08,2026-03-08 15:00:00+00:00,0.3811835338346257,0.48632022738456726,0.06577345318480102,2.3952096,businessinsider.com,European Cities To Visit From Frequent Traveler 2026 3,https://www.businessinsider.com/european-cities-to-visit-from-frequent-traveler-2026-3,,
2569,2026-03-08,2026-03-08 12:00:00+00:00,0.3811401075901428,0.4796098470687866,0.08573088915421118,5.4054055,channelafrica.co.za,Sa President To Undertake State Visit To Brazil,https://www.channelafrica.co.za/channelafrica/news/sa-president-to-undertake-state-visit-to-brazil/,,
2570,2026-03-11,2026-03-11 15:00:00+00:00,0.38107128237057447,0.47973161935806274,0.08509027140810968,2.2346368,athens-times.com,Nikos Dendias To Visit Bulgaria Amid Enhanced Greek Defense Support,https://athens-times.com/nikos-dendias-to-visit-bulgaria-amid-enhanced-greek-defense-support/,,
2571,2026-03-18,2026-03-18 07:00:00+00:00,0.38101560708040055,0.4835200607776642,0.07350224598860966,0.6655574,utdailybeacon.com,Mike Pence To Visit Knoxville This Weekend For Civics Symposium,https://utdailybeacon.com/210099/news/mike-pence-to-visit-knoxville-this-weekend-for-civics-symposium/,,
2572,2026-03-07,2026-03-07 07:00:00+00:00,0.38097009918669933,0.4855945110321045,0.06709686365048384,-5.5309734,econotimes.com,Ice Arrests Colombian Journalist In Tennessee Trump Administration Says She Will Receive Due Process 1735670,http://www.econotimes.com/ICE-Arrests-Colombian-Journalist-in-Tennessee-Trump-Administration-Says-She-Will-Receive-Due-Process-1735670,,
2573,2026-03-18,2026-03-18 22:00:00+00:00,0.38091169652610907,0.486061155796051,0.0654633187162831,-3.7735848,theepochtimes.com,China Infiltrated American Voter Files 6000642,https://www.theepochtimes.com/epochtv/china-infiltrated-american-voter-files-6000642,,
2574,2026-03-12,2026-03-12 16:00:00+00:00,0.3808955662932997,0.45988503098487854,0.1439271722185632,8.308605,chattanoogan.com,Mac Barnett To Visit Chattanooga,https://www.chattanoogan.com/2026/3/12/515947/Mac-Barnett-To-Visit-Chattanooga.aspx,,
2575,2026-03-09,2026-03-09 01:00:00+00:00,0.3808831714076658,0.4863245487213135,0.06455903946672277,-0.422833,nbcnews.com,Trump Says Will Not Sign Bills America Act Passes Rcna262336,https://www.nbcnews.com/politics/donald-trump/trump-says-will-not-sign-bills-america-act-passes-rcna262336,,
2576,2026-03-18,2026-03-18 17:00:00+00:00,0.38082161698279327,0.4680808186531067,0.11904401197185288,-2.1556885,newsday.com,Iran War China Qvox8003,https://www.newsday.com/opinion/commentary/iran-war-china-qvox8003,,
2577,2026-03-23,2026-03-23 13:00:00+00:00,0.38080265840182165,0.48085862398147583,0.08063476166285917,4.1984735,dealstreetasia.com,China Investment From Temasek 476753,https://www.dealstreetasia.com/stories/china-investment-from-temasek-476753,,
2578,2026-03-24,2026-03-24 09:00:00+00:00,0.3807196856938028,0.4870624542236328,0.06169138010431277,5.424955,miragenews.com,China Boosts Score For Safety Productivity 1642992,https://www.miragenews.com/china-boosts-score-for-safety-productivity-1642992/,,
2579,2026-03-21,2026-03-21 07:00:00+00:00,0.38068958527973507,0.4845309853553772,0.06916538505280868,2.9569893,thisdaylive.com,Diplomats Analysts Count Gains Of Presidents Uk Visit,https://www.thisdaylive.com/2026/03/21/diplomats-analysts-count-gains-of-presidents-uk-visit/,,
2580,2026-03-07,2026-03-07 23:00:00+00:00,0.38061284034803067,0.48708677291870117,0.06119104263601912,0.8016032,eturbonews.com,Bisignani Becoming Gateway China Only Way Japanese Airline Indus,https://eturbonews.com/bisignani-becoming-gateway-china-only-way-japanese-airline-indus/,,
2581,2026-03-16,2026-03-16 17:00:00+00:00,0.3805784368849023,0.48377251625061035,0.07099619878777817,-4.063861,washingtonexaminer.com,Truth China Organ Harvest Inconvenient Source,https://www.washingtonexaminer.com/news/washington-secrets/4492695/truth-china-organ-harvest-inconvenient-source/,,
2582,2026-03-25,2026-03-25 04:00:00+00:00,0.38052292890197476,0.4836922287940979,0.0710150292256053,-1.5772871,aninews.in,Tmc Leader Debasish Kumar Exudes Confidence For Wb Elections Says Amit Shahs Visit Wont Make Any Difference20260325083757,https://aninews.in/news/national/politics/tmc-leader-debasish-kumar-exudes-confidence-for-wb-elections-says-amit-shahs-visit-wont-make-any-difference20260325083757/,,
2583,2026-03-21,2026-03-21 19:00:00+00:00,0.38046737742470627,0.48625630140304565,0.06310060548968811,4.878049,panapress.com,Libya China Agree On Joint Commi A 630789485 Lang2,http://www.panapress.com/Libya-China-agree-on-Joint-Commi-a_630789485-lang2.html,,
2584,2026-03-18,2026-03-18 17:00:00+00:00,0.38039398959666115,0.481143057346344,0.07814678634761252,-4.0899796,nypost.com,James Carville Predicts Trump Will Resign Next Year After Midterms,https://nypost.com/2026/03/18/media/james-carville-predicts-trump-will-resign-next-year-after-midterms/,,
2585,2026-03-21,2026-03-21 01:00:00+00:00,0.3802980777250452,0.4686623513698578,0.11520525679060734,-2.228826,independent.co.uk,Trump Impeachment Betting Odds Polymarket Kalshi B2942991,https://www.independent.co.uk/news/world/americas/us-politics/trump-impeachment-betting-odds-polymarket-kalshi-b2942991.html,,
2586,2026-03-10,2026-03-10 14:00:00+00:00,0.380222251778244,0.4863070249557495,0.06196793224572744,-1.9553072,riotimesonline.com,China Soy Imports Fall 7 8 As Brazils Harvest Lags,https://www.riotimesonline.com/china-soy-imports-fall-7-8-as-brazils-harvest-lags/,,
2587,2026-03-19,2026-03-19 17:00:00+00:00,0.3801896047221346,0.4685177206993103,0.11520525679060734,-7.5471697,dagelijksestandaard.nl,Ann Coulter Fileert Trump Je Stemt Voor Minder Oorlog Je Krijgt Meer Oorlog,https://www.dagelijksestandaard.nl/buitenland/ann-coulter-fileert-trump-je-stemt-voor-minder-oorlog-je-krijgt-meer-oorlog,,
2588,2026-03-25,2026-03-25 16:00:00+00:00,0.3801658310221845,0.48358625173568726,0.06990456888167626,-2.1276596,bignewsnetwork.com,China Spring Ploughing Cn,http://www.bignewsnetwork.com/news/278943720/china-spring-ploughing-cn,,
2589,2026-03-25,2026-03-25 20:00:00+00:00,0.3801658086704427,0.48358622193336487,0.06990456888167626,-2.1276596,shanghainews.net,China Spring Ploughing Cn,http://www.shanghainews.net/news/278943720/china-spring-ploughing-cn,,
2590,2026-03-12,2026-03-12 03:00:00+00:00,0.38013110981424164,0.4868839383125305,0.05987262431937508,0.0,philstar.com,Annual Stockholders Meeting China Banking Corporation Slated April,https://www.philstar.com/business/biz-memos/2026/03/12/2513584/annual-stockholders-meeting-china-banking-corporation-slated-april,,
2591,2026-03-25,2026-03-25 02:00:00+00:00,0.38010342589424817,0.48035597801208496,0.07934576954073783,-0.24937657,reviewjournal.com,Ethics Board Fines Nevada Aide Tied To Trump Officials Visit Email Use 3729016,https://www.reviewjournal.com/news/politics-and-government/nevada/ethics-board-fines-nevada-aide-tied-to-trump-officials-visit-email-use-3729016/,,
2592,2026-03-24,2026-03-24 15:00:00+00:00,0.38000739877431683,0.47824549674987793,0.08529310484763347,-4.5738044,theintermountain.com,Stilted Take That Trump Will End Democracy,https://www.theintermountain.com/uncategorized/2026/03/stilted-take-that-trump-will-end-democracy/,,
2593,2026-03-11,2026-03-11 18:00:00+00:00,0.37999124370565024,0.4862390160560608,0.06124792665441852,2.1377673,yahoo.com,15 000 Yacht China Plan 170048864,https://finance.yahoo.com/news/15-000-yacht-china-plan-170048864.html,,
2594,2026-03-09,2026-03-09 12:00:00+00:00,0.37992593098416466,0.4854975938796997,0.06321094229755951,-4.464286,middleeastmonitor.com,20260309 Us Envoys Cancel Scheduled Visit To Israel For Iran Talks,https://www.middleeastmonitor.com/20260309-us-envoys-cancel-scheduled-visit-to-israel-for-iran-talks/,,
2595,2026-03-23,2026-03-23 23:00:00+00:00,0.3798482818413903,0.4755883812904358,0.0926279834942539,3.2397408,dailyexcelsior.com,China Sincerely Pleased With Pakistans Achievements Xi,https://www.dailyexcelsior.com/china-sincerely-pleased-with-pakistans-achievements-xi/,,
2596,2026-03-12,2026-03-12 16:00:00+00:00,0.3797424774610313,0.4723784327507019,0.10183461159201944,-1.3888888,irishnews.com,Keir Starmers Belfast Visit Raises Expectations He Will Act On High Fuel Costs Sinn Fein Ijaqysfybzco3Moqt3Ft755Hi4,https://www.irishnews.com/news/northern-ireland/keir-starmers-belfast-visit-raises-expectations-he-will-act-on-high-fuel-costs-sinn-fein-IJAQYSFYBZCO3MOQT3FT755HI4/,,
2597,2026-03-04,2026-03-04 10:00:00+00:00,0.3796918355908995,0.4582800567150116,0.1439271722185632,2.970297,newstodaynet.com,Stalin To Visit Thanjavur Tomorrow,https://newstodaynet.com/2026/03/04/stalin-to-visit-thanjavur-tomorrow/,,
2598,2026-03-24,2026-03-24 03:00:00+00:00,0.37968038027049206,0.48248371481895447,0.07127037662510492,-0.29850745,saturdayblitz.com,Alex Golesh Has A Shot To Make Major Splash With 5 Star Qb Visiting Auburn Will Mencl,https://saturdayblitz.com/alex-golesh-has-a-shot-to-make-major-splash-with-5-star-qb-visiting-auburn-will-mencl,,
2599,2026-03-17,2026-03-17 15:00:00+00:00,0.3796753213984373,0.4833531975746155,0.06864169286990274,-2.2900763,deccanchronicle.com,Trade Deficit With China Touches 102 Bn In Apr Feb 1944487,https://www.deccanchronicle.com/world/neighbours/trade-deficit-with-china-touches-102-bn-in-apr-feb-1944487,,
2600,2026-03-18,2026-03-18 13:00:00+00:00,0.3796197517734495,0.48478472232818604,0.06412484010923972,-3.8461537,wn.com,Japan Deploys Upgraded Type12 Missiles Spiking China Tension,https://article.wn.com/view/2026/03/18/Japan_deploys_upgraded_Type12_missiles_spiking_China_tension/,,
2601,2026-03-23,2026-03-23 09:00:00+00:00,0.3795922692416029,0.47656649351119995,0.08866959643281166,1.9230769,mangalorean.com,Rahul Gandhi To Visit Gujarat Today Attend Adivasi Sammelan In Vadodara 2,https://www.mangalorean.com/rahul-gandhi-to-visit-gujarat-today-attend-adivasi-sammelan-in-vadodara-2/,,
2602,2026-03-10,2026-03-10 14:00:00+00:00,0.3794208861095342,0.4859181046485901,0.05992923049236643,-2.631579,thecable.ng,Well Determine When War Ends Iran Kicks After Trump Says Conflict Will End Soon,https://www.thecable.ng/well-determine-when-war-ends-iran-kicks-after-trump-says-conflict-will-end-soon/,,
2603,2026-03-07,2026-03-07 11:00:00+00:00,0.3793896335821183,0.4846283793449402,0.06367339629365275,0.9910803,scoop.co.nz,In Trumps Precarious World Nz Will Need All The Middle Sized Friends It Can Get,https://www.scoop.co.nz/stories/PO2603/S00039/in-trumps-precarious-world-nz-will-need-all-the-middle-sized-friends-it-can-get.htm,,
2604,2026-03-07,2026-03-07 10:00:00+00:00,0.3793896335821183,0.4846283793449402,0.06367339629365275,0.99601597,scoop.co.nz,In Trumps Precarious World Nz Will Need All The Middle Sized Friends It Can Get,https://community.scoop.co.nz/2026/03/in-trumps-precarious-world-nz-will-need-all-the-middle-sized-friends-it-can-get/,,
2605,2026-03-11,2026-03-11 15:00:00+00:00,0.3793329209804414,0.48546814918518066,0.06092723636622371,-3.7974684,athens-times.com,Trump Tells Axios Iran War Will End Soon Nothing Left To Hit,https://athens-times.com/trump-tells-axios-iran-war-will-end-soon-nothing-left-to-hit/,,
2606,2026-03-13,2026-03-13 13:00:00+00:00,0.3792932309756646,0.47265005111694336,0.09922277055182822,2.1276596,planetf1.com,Ferrari Fire Horse Merchandise China,https://www.planetf1.com/chinese-grand-prix/ferrari-fire-horse-merchandise-china,,
2607,2026-03-13,2026-03-13 21:00:00+00:00,0.3791854527221842,0.4671788513660431,0.11520525679060734,-4.589372,alternet.org,Trump Leaks 2676099666,https://www.alternet.org/trump-leaks-2676099666/,,
2608,2026-03-09,2026-03-09 13:00:00+00:00,0.3791673324802956,0.473495215177536,0.0961836843885744,0.520156,crash.net,Fernando Alonso Warns No Difference Aston Martins F1 Problems China,https://www.crash.net/f1/news/1091068/1/fernando-alonso-warns-no-difference-aston-martins-f1-problems-china,,
2609,2026-03-08,2026-03-08 15:00:00+00:00,0.379154597244138,0.4803282618522644,0.07563360341975887,4.3252597,sanews.gov.za,President Ramaphosa Strengthen Brazil Ties State Visit,https://www.sanews.gov.za/south-africa/president-ramaphosa-strengthen-brazil-ties-state-visit,,
2610,2026-03-04,2026-03-04 09:00:00+00:00,0.37915448083438674,0.46560612320899963,0.11979955371054808,0.34602076,newkerala.com,Rss Chief Mohan Bhagwat Visit Gujarat Today 449,https://www.newkerala.com/news/a/rss-chief-mohan-bhagwat-visit-gujarat-today-449.htm,,
2611,2026-03-24,2026-03-24 15:00:00+00:00,0.3790917666137306,0.4724624752998352,0.0989796405554169,-2.0120723,bworldonline.com,Phl China Pact To Omit Sensitive Operations,https://www.bworldonline.com/the-nation/2026/03/24/738452/phl-china-pact-to-omit-sensitive-operations/,,
2612,2026-03-15,2026-03-15 02:00:00+00:00,0.37908318086938414,0.46393656730651855,0.12452302155798095,2.7522936,rte.ie,1563467 Tanaiste London Visit,https://www.rte.ie/news/2026/0315/1563467-tanaiste-london-visit/,,
2613,2026-03-08,2026-03-08 17:00:00+00:00,0.37901711327408094,0.4742318391799927,0.09337293555634567,-3.2258065,wn.com,Iran Aposs Top Diplomat Says Iran Not Trump Will Elect New L,https://article.wn.com/view/2026/03/08/iran_aposs_top_diplomat_says_iran_not_trump_will_elect_new_l/,,
2614,2026-03-08,2026-03-08 14:00:00+00:00,0.3790103807089399,0.48474904894828796,0.06179437599089556,-1.1904762,marketscreener.com,Trump Says Will Not Sign Other Legislation Until Voter Act Bill Is Passed By Congress Ce7E5Fd9Db81F320,https://www.marketscreener.com/news/trump-says-will-not-sign-other-legislation-until-voter-act-bill-is-passed-by-congress-ce7e5fd9db81f320,,
2615,2026-03-08,2026-03-08 09:00:00+00:00,0.37897976005405953,0.4837164878845215,0.06476957656267379,-7.350427,firstpost.com,Khamenei Aide Warns Us Will Pay The Price Trump Shrugs I Couldnt Care Less 13987326,https://www.firstpost.com/world/khamenei-aide-warns-us-will-pay-the-price-trump-shrugs-i-couldnt-care-less-13987326.html,,
2616,2026-03-04,2026-03-04 06:00:00+00:00,0.37897381862099394,0.48302438855171204,0.06682210882883959,-6.9204154,benzinga.com,Tommy Tuberville Says Iran War Will Get Worse Before Things Look Upward But Senator Praises Trump F,https://www.benzinga.com/news/politics/26/03/51025897/tommy-tuberville-says-iran-war-will-get-worse-before-things-look-upward-but-senator-praises-trump-f,,
2617,2026-03-07,2026-03-07 14:00:00+00:00,0.3789523146311694,0.48211145401000977,0.06947489649464843,-4.745763,firstpost.com,Trump Threatens To Escalate Bombings As Iran Vows It Will Never Surrender 13987192,https://www.firstpost.com/world/trump-threatens-to-escalate-bombings-as-iran-vows-it-will-never-surrender-13987192.html,,
2618,2026-03-10,2026-03-10 14:00:00+00:00,0.3788690584672772,0.48120784759521484,0.07185269108346422,-2.5641026,newstalk.com,Donald Trump Says The Iran War Will Be Over Pretty Quickly,https://www.newstalk.com/podcasts/clairebyrne/donald-trump-says-the-iran-war-will-be-over-pretty-quickly,,
2619,2026-03-13,2026-03-13 10:00:00+00:00,0.37886083828576744,0.48431724309921265,0.06249162384543184,-4.0189123,blueprint.ng,Uk Announces Road Closures No Fly Zones For Tinubus State Visit,https://blueprint.ng/uk-announces-road-closures-no-fly-zones-for-tinubus-state-visit/,,
2620,2026-03-12,2026-03-12 12:00:00+00:00,0.37886083828576744,0.48431724309921265,0.06249162384543184,-6.640625,dailypost.ng,Uk Announces Road Closures No Fly Zones For Tinubus State Visit,https://dailypost.ng/2026/03/12/uk-announces-road-closures-no-fly-zones-for-tinubus-state-visit/,,
2621,2026-03-12,2026-03-12 23:00:00+00:00,0.37886083828576744,0.48431724309921265,0.06249162384543184,-4.0229883,informationng.com,Uk Announces Road Closures No Fly Zones For Tinubus State Visit,https://www.informationng.com/2026/03/uk-announces-road-closures-no-fly-zones-for-tinubus-state-visit.html,,
2622,2026-03-13,2026-03-13 00:00:00+00:00,0.3788302711423389,0.47770312428474426,0.08221171171512298,-4.597701,drudge.com,China Irked Last Minute Scramble Plan,https://drudge.com/news/290628/china-irked-last-minute-scramble-plan,,
2623,2026-03-10,2026-03-10 00:00:00+00:00,0.37880057094482295,0.47480133175849915,0.09079828850379433,0.78740156,politicalwire.com,Trump Says Iran War Will Be Quick,https://politicalwire.com/2026/03/09/trump-says-iran-war-will-be-quick/,,
2624,2026-03-12,2026-03-12 14:00:00+00:00,0.3787393410814682,0.4787422716617584,0.07873054934059734,13.761468,glassonweb.com,Enduroshield Showcase Advanced Glass Protection Solutions China Glass 2026,https://www.glassonweb.com/news/enduroshield-showcase-advanced-glass-protection-solutions-china-glass-2026,,
2625,2026-03-06,2026-03-06 00:00:00+00:00,0.37871408530394074,0.4648149907588959,0.1204113689390753,0.14285715,dealstreetasia.com,China Decarbonisation Plan 474908,https://www.dealstreetasia.com/stories/china-decarbonisation-plan-474908,,
2626,2026-03-25,2026-03-25 19:00:00+00:00,0.37868396904336643,0.46651020646095276,0.11520525679060734,-2.2867193,nhregister.com,Trump Duff Connecticut Higbie 22088026,https://www.nhregister.com/opinion/article/trump-duff-connecticut-higbie-22088026.php,,
2627,2026-03-25,2026-03-25 18:00:00+00:00,0.37868396904336643,0.46651020646095276,0.11520525679060734,-2.2887323,thehour.com,Trump Duff Connecticut Higbie 22088026,https://www.thehour.com/opinion/article/trump-duff-connecticut-higbie-22088026.php,,
2628,2026-03-25,2026-03-25 19:00:00+00:00,0.37868396904336643,0.46651020646095276,0.11520525679060734,-2.2807016,middletownpress.com,Trump Duff Connecticut Higbie 22088026,https://www.middletownpress.com/opinion/article/trump-duff-connecticut-higbie-22088026.php,,
2629,2026-03-25,2026-03-25 20:00:00+00:00,0.37868396904336643,0.46651020646095276,0.11520525679060734,-2.2807016,registercitizen.com,Trump Duff Connecticut Higbie 22088026,https://www.registercitizen.com/opinion/article/trump-duff-connecticut-higbie-22088026.php,,
2630,2026-03-24,2026-03-24 07:00:00+00:00,0.3786519328010662,0.4745619297027588,0.09092194209598826,1.8987342,bignewsnetwork.com,China Elderly Care Subsidy Benefits Over 105 Mln Disabled Individuals,http://www.bignewsnetwork.com/news/278940622/china-elderly-care-subsidy-benefits-over-105-mln-disabled-individuals,,
2631,2026-03-09,2026-03-09 11:00:00+00:00,0.3786415372036302,0.48365557193756104,0.06359943300183768,-4.6511626,hawaiitribune-herald.com,Trump Again Presses Congress On Voter Bill Says He Will Not Sign Other Legislation,https://www.hawaiitribune-herald.com/2026/03/09/nation-world-news/trump-again-presses-congress-on-voter-bill-says-he-will-not-sign-other-legislation/,,
2632,2026-03-18,2026-03-18 17:00:00+00:00,0.37858500996616035,0.4802352786064148,0.07363420404539692,0.498132,natlawreview.com,Cnipa Director China Suffers Insufficient Market Orientation Commercialization And,https://natlawreview.com/article/cnipa-director-china-suffers-insufficient-market-orientation-commercialization-and,,
2633,2026-03-06,2026-03-06 05:00:00+00:00,0.3785830908968637,0.4776974320411682,0.08124006746395013,2.3133543,dealstreetasia.com,Beyond The Buyout China Pe 474882,https://www.dealstreetasia.com/stories/beyond-the-buyout-china-pe-474882,,
2634,2026-03-17,2026-03-17 23:00:00+00:00,0.37853785217047003,0.4777194857597351,0.08099295140267478,-2.7272727,argusmedia.com,Titanium Aerospace Market China Price Assessment,https://www.argusmedia.com/en/news-and-insights/market-insight-papers/titanium-aerospace-market-china-price-assessment,,
2635,2026-03-07,2026-03-07 05:00:00+00:00,0.3785015441511042,0.4704166054725647,0.10275636018672281,4.736842,dealstreetasia.com,China Chinext Board 475008,https://www.dealstreetasia.com/stories/china-chinext-board-475008,,
2636,2026-03-06,2026-03-06 21:00:00+00:00,0.3784287394344453,0.4834062457084656,0.06349622061238462,-4.387991,antiwar.com,Trump Says He Will Only Accept Irans Unconditional Surrender,https://news.antiwar.com/2026/03/06/trump-says-he-will-only-accept-irans-unconditional-surrender/,,
2637,2026-03-05,2026-03-05 21:00:00+00:00,0.3783264365473275,0.47724467515945435,0.08157172071094694,9.246575,honolulumagazine.com,Visit Capitol Modern March 2026,https://www.honolulumagazine.com/visit-capitol-modern-march-2026/,,
2638,2026-03-16,2026-03-16 18:00:00+00:00,0.3782710876690073,0.46595969796180725,0.11520525679060734,-1.3071896,entornointeligente.com,Chevron Aconsejo A Trump A Negociar Con Delcy Rodriguez,https://entornointeligente.com/chevron-aconsejo-a-trump-a-negociar-con-delcy-rodriguez/,,
2639,2026-03-06,2026-03-06 01:00:00+00:00,0.37824515734720543,0.483102411031723,0.06367339629365275,0.9384776,theconversation.com,In Trumps Precarious World Nz Will Need All The Middle Sized Friends It Can Get 276391,https://theconversation.com/in-trumps-precarious-world-nz-will-need-all-the-middle-sized-friends-it-can-get-276391,,
2640,2026-03-23,2026-03-23 04:00:00+00:00,0.3782417322991209,0.4747657775878906,0.08866959643281166,1.916933,mangalorean.com,Rahul Gandhi To Visit Gujarat Today Attend Adivasi Sammelan In Vadodara,https://www.mangalorean.com/rahul-gandhi-to-visit-gujarat-today-attend-adivasi-sammelan-in-vadodara/,,
2641,2026-03-10,2026-03-10 05:00:00+00:00,0.3782310662337311,0.4830124080181122,0.06388704088058787,-5.732484,yalibnan.com,Oil Falls Over 6 As Trump Predicts War Will End Soon,https://yalibnan.com/2026/03/10/oil-falls-over-6-as-trump-predicts-war-will-end-soon/,,
2642,2026-03-18,2026-03-18 04:00:00+00:00,0.37822825334592364,0.47308051586151123,0.09367146579916086,-1.1363636,naijanews.com,Eu Nations Will Not Help Trump Fight Iran Rufai Oseni,https://www.naijanews.com/2026/03/17/eu-nations-will-not-help-trump-fight-iran-rufai-oseni/,,
2643,2026-03-07,2026-03-07 09:00:00+00:00,0.3782025234568896,0.4812956750392914,0.06892306870968432,1.754386,belfastlive.co.uk,St Patricks Visit White House 33539209,https://www.belfastlive.co.uk/news/northern-ireland/st-patricks-visit-white-house-33539209,,
2644,2026-03-10,2026-03-10 15:00:00+00:00,0.3781590018707684,0.46484386920928955,0.11810439985520502,-4.7091413,philippinetimes.com,Earthquake Of Magnitude 43 Strikes China,http://www.philippinetimes.com/news/278913385/earthquake-of-magnitude-43-strikes-china,,
2645,2026-03-10,2026-03-10 17:00:00+00:00,0.3781590018707684,0.46484386920928955,0.11810439985520502,-4.7091413,shanghainews.net,Earthquake Of Magnitude 43 Strikes China,http://www.shanghainews.net/news/278913385/earthquake-of-magnitude-43-strikes-china,,
2646,2026-03-24,2026-03-24 00:00:00+00:00,0.3780934610867734,0.4832003116607666,0.06277290936479381,-1.6470588,mediaite.com,Netanyahu Says Israel Will Continue To Attack Iran Despite Trumps Deescalation Post,https://www.mediaite.com/politics/netanyahu-says-israel-will-continue-to-attack-iran-despite-trumps-deescalation-post/,,
2647,2026-03-06,2026-03-06 15:00:00+00:00,0.37808488675082,0.47660696506500244,0.08251865180827271,2.3076923,middleeasteye.net,Trump Says Only Unconditional Surrender Will End Assault Iran,https://www.middleeasteye.net/news/trump-says-only-unconditional-surrender-will-end-assault-iran,,
2648,2026-03-08,2026-03-08 21:00:00+00:00,0.37797157180571,0.4763681888580322,0.08278172064874335,-1.4198782,standardmedia.co.ke,Iran S Top Diplomat Says Iran Not Trump Will Elect New Leader,https://www.standardmedia.co.ke/world/article/2001542597/iran-s-top-diplomat-says-iran-not-trump-will-elect-new-leader,,
2649,2026-03-23,2026-03-23 14:00:00+00:00,0.3779289885589325,0.4835129678249359,0.061177050760922246,-5.204461,thestar.com.my,China039S Sinopec Will Not Buy Iranian Oil Wants To Tap State Reserves,https://www.thestar.com.my/business/business-news/2026/03/23/china039s-sinopec-will-not-buy-iranian-oil-wants-to-tap-state-reserves,,
2650,2026-03-22,2026-03-22 23:00:00+00:00,0.37785170626082915,0.48152539134025574,0.06683065102254933,3.821656,thestar.com.my,Festive Warmth Delights Muslim Visitors From China,https://www.thestar.com.my/news/nation/2026/03/23/festive-warmth-delights-muslim-visitors-from-china,,
2651,2026-03-10,2026-03-10 06:00:00+00:00,0.37783147022450075,0.4791657328605652,0.07382868231630745,-3.0257187,dunyanews.tv,939677 Trump Says Iran War Will End Very Soon,https://dunyanews.tv/en/World/939677-trump-says-iran-war-will-end-very-soon,,
2652,2026-03-19,2026-03-19 16:00:00+00:00,0.3777534423163798,0.48219361901283264,0.0644329122270213,3.9719627,theborneopost.com,Sccc Strengthens Sabah China Ties At Installation Ceremony,https://www.theborneopost.com/2026/03/19/sccc-strengthens-sabah-china-ties-at-installation-ceremony/,,
2653,2026-03-10,2026-03-10 14:00:00+00:00,0.3777515204512492,0.4810446500778198,0.06787213157153747,-3.3918128,theeagleonline.com.ng,Iran Says Oil Blockade Will Continue Until Attacks End Trump Threatens Heavier Strikes,https://theeagleonline.com.ng/iran-says-oil-blockade-will-continue-until-attacks-end-trump-threatens-heavier-strikes/,,
2654,2026-03-10,2026-03-10 12:00:00+00:00,0.3777515204512492,0.4810446500778198,0.06787213157153747,-3.5169988,omanobserver.om,Iran Says Oil Blockade Will Continue Until Attacks End Trump Threatens Heavier Strikes,https://www.omanobserver.om/article/1185864/world/region/iran-says-oil-blockade-will-continue-until-attacks-end-trump-threatens-heavier-strikes,,
2655,2026-03-19,2026-03-19 07:00:00+00:00,0.37768174776397617,0.4806811809539795,0.06868344819396616,6.8131866,tsln.com,Prca Wpra World Champions Make Historic Visit To White House,https://www.tsln.com/news/prca-wpra-world-champions-make-historic-visit-to-white-house/,,
2656,2026-03-19,2026-03-19 18:00:00+00:00,0.37768174776397617,0.4806811809539795,0.06868344819396616,7.0362473,thefencepost.com,Prca Wpra World Champions Make Historic Visit To White House,https://www.thefencepost.com/news/prca-wpra-world-champions-make-historic-visit-to-white-house/,,
2657,2026-03-05,2026-03-05 09:00:00+00:00,0.37766371885467714,0.48229461908340454,0.06377101816849497,-1.6460905,japantimes.co.jp,Honda Car Import Us China,https://www.japantimes.co.jp/business/2026/03/05/companies/honda-car-import-us-china/,,
2658,2026-03-15,2026-03-15 09:00:00+00:00,0.3776598122863297,0.48253363370895386,0.0630383480184573,-4.402516,scmp.com,Tariffs Stockpiles Distrust Eus Messy Bid Ditch China Hits Capacity Problems,https://www.scmp.com/news/china/diplomacy/article/3346639/tariffs-stockpiles-distrust-eus-messy-bid-ditch-china-hits-capacity-problems,,
2659,2026-03-25,2026-03-25 02:00:00+00:00,0.3776002606575367,0.48241543769836426,0.063154729535054,0.13882461,yahoo.com,China Maps Ocean Floor Prepares 142539250,https://www.yahoo.com/news/articles/china-maps-ocean-floor-prepares-142539250.html,,
2660,2026-03-13,2026-03-13 18:00:00+00:00,0.3775959946345712,0.47405219078063965,0.08822740619636593,-2.7548208,theregister.com,China Bot Berated Woman Freaking Crazy,https://www.theregister.com/2026/03/13/china_bot_berated_woman_freaking_crazy/,,
2661,2026-03-20,2026-03-20 06:00:00+00:00,0.37753445753448184,0.47971776127815247,0.07098454630347,-4.07855,rappler.com,China Restricts Fertilizer Exports Crimping War Tightened Supply,https://www.rappler.com/world/asia-pacific/china-restricts-fertilizer-exports-crimping-war-tightened-supply/,,
2662,2026-03-25,2026-03-25 16:00:00+00:00,0.3775115000639115,0.4799034297466278,0.0703357110157626,-2.7303755,yahoo.com,Meituan Jumps 14 China Moves 162305400,https://finance.yahoo.com/markets/stocks/articles/meituan-jumps-14-china-moves-162305400.html,,
2663,2026-03-13,2026-03-13 21:00:00+00:00,0.377408578656785,0.46480968594551086,0.11520525679060734,0.0,alternet.org,Trump Dime Seal,https://www.alternet.org/trump/trump-dime-seal/,,
2664,2026-03-12,2026-03-12 00:00:00+00:00,0.3773986245796918,0.4718474745750427,0.09405207459363917,-4.893177,punchng.com,Iran A Bull In A China Shop,https://punchng.com/iran-a-bull-in-a-china-shop/,,
2665,2026-03-13,2026-03-13 19:00:00+00:00,0.3773701727718816,0.4712270498275757,0.09579954160479938,3.0120482,yahoo.com,Nio Jumps 5 China Ev 183421644,https://finance.yahoo.com/news/nio-jumps-5-china-ev-183421644.html,,
2666,2026-03-17,2026-03-17 17:00:00+00:00,0.3773287898718805,0.4752795994281769,0.0834763612029914,-2.3980815,aol.co.uk,Delay Kings Visit America Says 165901682,https://www.aol.co.uk/articles/delay-kings-visit-america-says-165901682.html,,
2667,2026-03-17,2026-03-17 00:00:00+00:00,0.3771422778332096,0.47546136379241943,0.08218501995558011,0.60728747,oann.com,Trump Whatley Will Be A Fantastic Senator In North Carolina,https://www.oann.com/newsroom/trump-whatley-will-be-a-fantastic-senator-in-north-carolina/,,
2668,2026-03-24,2026-03-24 22:00:00+00:00,0.3771310547637492,0.4804275333881378,0.06724161889058335,4.6511626,capitalfm.co.ke,Mozambique President Chapo In Kenya For Three Day Working Visit,https://www.capitalfm.co.ke/news/2026/03/mozambique-president-chapo-in-kenya-for-three-day-working-visit/,,
2669,2026-03-07,2026-03-07 22:00:00+00:00,0.3769815893433721,0.48022913932800293,0.06723893938947967,-0.44052863,scmp.com,Us Universities Retreat China Partnerships Who Filling Academic Void,https://www.scmp.com/news/china/diplomacy/article/3345807/us-universities-retreat-china-partnerships-who-filling-academic-void,,
2670,2026-03-10,2026-03-10 07:00:00+00:00,0.3768980259842247,0.47856760025024414,0.07188930318616643,2.857143,orissadiary.com,Pm To Visit Kerala And Tamil Nadu On 11Th March,https://orissadiary.com/pm-to-visit-kerala-and-tamil-nadu-on-11th-march/,,
2671,2026-03-13,2026-03-13 14:00:00+00:00,0.37687408730761907,0.4795267879962921,0.06891598524159992,-0.3524229,washingtonexaminer.com,Taiwan Cultural Revolution Progressives China,https://www.washingtonexaminer.com/premium/4489947/taiwan-cultural-revolution-progressives-china/,,
2672,2026-03-18,2026-03-18 14:00:00+00:00,0.3767904063988049,0.47787827253341675,0.07352680799496927,2.7149322,townandcountrymag.com,Queen Camilla Cartier Diamond Greville Clips Nigeria State Visit 2026,https://www.townandcountrymag.com/society/tradition/a70780073/queen-camilla-cartier-diamond-greville-clips-nigeria-state-visit-2026/,,
2673,2026-03-12,2026-03-12 13:00:00+00:00,0.37674038082472316,0.46171343326568604,0.12182122350183451,-0.8695652,times-series.co.uk,25930504.Starmer Visit Raises Expectations Will Act High Fuel Costs   Sinn Fein,https://www.times-series.co.uk/news/national/25930504.starmer-visit-raises-expectations-will-act-high-fuel-costs---sinn-fein/,,
2674,2026-03-12,2026-03-12 12:00:00+00:00,0.37674038082472316,0.46171343326568604,0.12182122350183451,-0.8695652,readingchronicle.co.uk,25930504.Starmer Visit Raises Expectations Will Act High Fuel Costs   Sinn Fein,https://www.readingchronicle.co.uk/news/national/25930504.starmer-visit-raises-expectations-will-act-high-fuel-costs---sinn-fein/,,
2675,2026-03-12,2026-03-12 13:00:00+00:00,0.37674038082472316,0.46171343326568604,0.12182122350183451,-0.8695652,newsandstar.co.uk,25930504.Starmer Visit Raises Expectations Will Act High Fuel Costs   Sinn Fein,https://www.newsandstar.co.uk/news/national/25930504.starmer-visit-raises-expectations-will-act-high-fuel-costs---sinn-fein/,,
2676,2026-03-12,2026-03-12 12:00:00+00:00,0.37674038082472316,0.46171343326568604,0.12182122350183451,-0.8695652,hampshirechronicle.co.uk,25930504.Starmer Visit Raises Expectations Will Act High Fuel Costs   Sinn Fein,https://www.hampshirechronicle.co.uk/news/national/25930504.starmer-visit-raises-expectations-will-act-high-fuel-costs---sinn-fein/,,
2677,2026-03-12,2026-03-12 12:00:00+00:00,0.37674038082472316,0.46171343326568604,0.12182122350183451,-0.8695652,wimbledonguardian.co.uk,25930504.Starmer Visit Raises Expectations Will Act High Fuel Costs   Sinn Fein,https://www.wimbledonguardian.co.uk/news/national/25930504.starmer-visit-raises-expectations-will-act-high-fuel-costs---sinn-fein/,,
2678,2026-03-12,2026-03-12 13:00:00+00:00,0.37674038082472316,0.46171343326568604,0.12182122350183451,-0.8695652,heraldseries.co.uk,25930504.Starmer Visit Raises Expectations Will Act High Fuel Costs   Sinn Fein,https://www.heraldseries.co.uk/news/national/25930504.starmer-visit-raises-expectations-will-act-high-fuel-costs---sinn-fein/,,
2679,2026-03-12,2026-03-12 13:00:00+00:00,0.37674038082472316,0.46171343326568604,0.12182122350183451,-0.8695652,somersetcountygazette.co.uk,25930504.Starmer Visit Raises Expectations Will Act High Fuel Costs   Sinn Fein,https://www.somersetcountygazette.co.uk/news/national/25930504.starmer-visit-raises-expectations-will-act-high-fuel-costs---sinn-fein/,,
2680,2026-03-12,2026-03-12 13:00:00+00:00,0.37674038082472316,0.46171343326568604,0.12182122350183451,-0.6932409,ledburyreporter.co.uk,25930504.Starmer Visit Raises Expectations Will Act High Fuel Costs   Sinn Fein,https://www.ledburyreporter.co.uk/news/national/25930504.starmer-visit-raises-expectations-will-act-high-fuel-costs---sinn-fein/,,
2681,2026-03-12,2026-03-12 13:00:00+00:00,0.37674038082472316,0.46171343326568604,0.12182122350183451,-0.6932409,halesowennews.co.uk,25930504.Starmer Visit Raises Expectations Will Act High Fuel Costs   Sinn Fein,https://www.halesowennews.co.uk/news/national/25930504.starmer-visit-raises-expectations-will-act-high-fuel-costs---sinn-fein/,,
2682,2026-03-12,2026-03-12 13:00:00+00:00,0.37674038082472316,0.46171343326568604,0.12182122350183451,-0.8695652,whtimes.co.uk,25930504.Starmer Visit Raises Expectations Will Act High Fuel Costs   Sinn Fein,https://www.whtimes.co.uk/news/national/25930504.starmer-visit-raises-expectations-will-act-high-fuel-costs---sinn-fein/,,
2683,2026-03-12,2026-03-12 13:00:00+00:00,0.37674038082472316,0.46171343326568604,0.12182122350183451,-0.8695652,bromsgroveadvertiser.co.uk,25930504.Starmer Visit Raises Expectations Will Act High Fuel Costs   Sinn Fein,https://www.bromsgroveadvertiser.co.uk/news/national/25930504.starmer-visit-raises-expectations-will-act-high-fuel-costs---sinn-fein/,,
2684,2026-03-12,2026-03-12 12:00:00+00:00,0.37674038082472316,0.46171343326568604,0.12182122350183451,-0.8695652,lancashiretelegraph.co.uk,25930504.Starmer Visit Raises Expectations Will Act High Fuel Costs   Sinn Fein,https://www.lancashiretelegraph.co.uk/news/national/25930504.starmer-visit-raises-expectations-will-act-high-fuel-costs---sinn-fein/,,
2685,2026-03-12,2026-03-12 13:00:00+00:00,0.37674038082472316,0.46171343326568604,0.12182122350183451,-0.8695652,wiltsglosstandard.co.uk,25930504.Starmer Visit Raises Expectations Will Act High Fuel Costs   Sinn Fein,https://www.wiltsglosstandard.co.uk/news/national/25930504.starmer-visit-raises-expectations-will-act-high-fuel-costs---sinn-fein/,,
2686,2026-03-12,2026-03-12 12:00:00+00:00,0.37674038082472316,0.46171343326568604,0.12182122350183451,-0.8695652,thurrockgazette.co.uk,25930504.Starmer Visit Raises Expectations Will Act High Fuel Costs   Sinn Fein,https://www.thurrockgazette.co.uk/news/national/25930504.starmer-visit-raises-expectations-will-act-high-fuel-costs---sinn-fein/,,
2687,2026-03-12,2026-03-12 13:00:00+00:00,0.37674038082472316,0.46171343326568604,0.12182122350183451,-0.8695652,thetelegraphandargus.co.uk,25930504.Starmer Visit Raises Expectations Will Act High Fuel Costs   Sinn Fein,https://www.thetelegraphandargus.co.uk/news/national/25930504.starmer-visit-raises-expectations-will-act-high-fuel-costs---sinn-fein/,,
2688,2026-03-12,2026-03-12 12:00:00+00:00,0.37674038082472316,0.46171343326568604,0.12182122350183451,-0.8695652,oxfordmail.co.uk,25930504.Starmer Visit Raises Expectations Will Act High Fuel Costs   Sinn Fein,https://www.oxfordmail.co.uk/news/national/25930504.starmer-visit-raises-expectations-will-act-high-fuel-costs---sinn-fein/,,
2689,2026-03-12,2026-03-12 13:00:00+00:00,0.37674038082472316,0.46171343326568604,0.12182122350183451,-0.8695652,burytimes.co.uk,25930504.Starmer Visit Raises Expectations Will Act High Fuel Costs   Sinn Fein,https://www.burytimes.co.uk/news/national/25930504.starmer-visit-raises-expectations-will-act-high-fuel-costs---sinn-fein/,,
2690,2026-03-12,2026-03-12 12:00:00+00:00,0.37674038082472316,0.46171343326568604,0.12182122350183451,-0.8695652,cotswoldjournal.co.uk,25930504.Starmer Visit Raises Expectations Will Act High Fuel Costs   Sinn Fein,https://www.cotswoldjournal.co.uk/news/national/25930504.starmer-visit-raises-expectations-will-act-high-fuel-costs---sinn-fein/,,
2691,2026-03-12,2026-03-12 12:00:00+00:00,0.37674038082472316,0.46171343326568604,0.12182122350183451,-0.8695652,penarthtimes.co.uk,25930504.Starmer Visit Raises Expectations Will Act High Fuel Costs   Sinn Fein,https://www.penarthtimes.co.uk/news/national/25930504.starmer-visit-raises-expectations-will-act-high-fuel-costs---sinn-fein/,,
2692,2026-03-12,2026-03-12 13:00:00+00:00,0.37674038082472316,0.46171343326568604,0.12182122350183451,-0.8695652,leaderlive.co.uk,25930504.Starmer Visit Raises Expectations Will Act High Fuel Costs   Sinn Fein,https://www.leaderlive.co.uk/news/national/25930504.starmer-visit-raises-expectations-will-act-high-fuel-costs---sinn-fein/,,
2693,2026-03-12,2026-03-12 13:00:00+00:00,0.37674038082472316,0.46171343326568604,0.12182122350183451,-0.8695652,northwalespioneer.co.uk,25930504.Starmer Visit Raises Expectations Will Act High Fuel Costs   Sinn Fein,https://www.northwalespioneer.co.uk/news/national/25930504.starmer-visit-raises-expectations-will-act-high-fuel-costs---sinn-fein/,,
2694,2026-03-12,2026-03-12 13:00:00+00:00,0.37674038082472316,0.46171343326568604,0.12182122350183451,-0.8695652,ludlowadvertiser.co.uk,25930504.Starmer Visit Raises Expectations Will Act High Fuel Costs   Sinn Fein,https://www.ludlowadvertiser.co.uk/news/national/25930504.starmer-visit-raises-expectations-will-act-high-fuel-costs---sinn-fein/,,
2695,2026-03-04,2026-03-04 18:00:00+00:00,0.37650228305007205,0.4794170558452606,0.06775796466450631,-1.3579049,indiatimes.com,Pm Modi Visit To Israel Autonomy Or Alignment,https://timesofindia.indiatimes.com/blogs/ashoks-statecraft/pm-modi-visit-to-israel-autonomy-or-alignment/,,
2696,2026-03-18,2026-03-18 15:00:00+00:00,0.37642901921146,0.4660756587982178,0.1074891004511866,3.2183907,dailynews.co.tz,Boxing Legend Pacquiao To Visit Tanzania In May,https://dailynews.co.tz/boxing-legend-pacquiao-to-visit-tanzania-in-may/,,
2697,2026-03-10,2026-03-10 00:00:00+00:00,0.37640198271198166,0.4761630892753601,0.07711866302184624,1.8518518,opinionnigeria.com,Trump Says War On Iran Will End Soon,https://www.opinionnigeria.com/trump-says-war-on-iran-will-end-soon/,,
2698,2026-03-25,2026-03-25 21:00:00+00:00,0.376388248915595,0.48028916120529175,0.0646855120465048,1.0245901,houstonpublicmedia.org,Space Moon Nasa Lunar Base Isaacman China,https://www.houstonpublicmedia.org/articles/news/nasa/space/2026/03/25/547060/space-moon-nasa-lunar-base-isaacman-china/,,
2699,2026-03-16,2026-03-16 20:00:00+00:00,0.3763644609402359,0.48072075843811035,0.06329556844661244,-3.3333333,alternet.org,Trump Shocked Iran,https://www.alternet.org/trump-shocked-iran/,,
2700,2026-03-24,2026-03-24 01:00:00+00:00,0.37630536235790363,0.481601744890213,0.06041621476097549,-3.9292731,foxwilmington.com,Trumps Death Will Be Like Mardi Gras In New Orleans Charlamagne Warns After Mueller Post,https://foxwilmington.com/trumps-death-will-be-like-mardi-gras-in-new-orleans-charlamagne-warns-after-mueller-post/,,
2701,2026-03-24,2026-03-24 00:00:00+00:00,0.37630536235790363,0.481601744890213,0.06041621476097549,-3.992016,wfmd.com,Trumps Death Will Be Like Mardi Gras In New Orleans Charlamagne Warns After Mueller Post,https://www.wfmd.com/2026/03/23/trumps-death-will-be-like-mardi-gras-in-new-orleans-charlamagne-warns-after-mueller-post/,,
2702,2026-03-24,2026-03-24 02:00:00+00:00,0.37630536235790363,0.481601744890213,0.06041621476097549,-3.5772357,nypost.com,Trumps Death Will Be Like Mardi Gras In New Orleans Charlamagne Warns After Mueller Post,https://nypost.com/2026/03/23/media/trumps-death-will-be-like-mardi-gras-in-new-orleans-charlamagne-warns-after-mueller-post/,,
2703,2026-03-05,2026-03-05 07:00:00+00:00,0.3762963683644015,0.4816911220550537,0.06011210729244486,-3.8674033,channelstv.com,China Tells Oil Refiners To Suspend Exports Report,https://www.channelstv.com/2026/03/05/china-tells-oil-refiners-to-suspend-exports-report/,,
2704,2026-03-24,2026-03-24 08:00:00+00:00,0.3762392351291261,0.47419625520706177,0.08236817489531915,3.2,101theeagle.com,Missouri Pancakes President Visit,https://101theeagle.com/missouri-pancakes-president-visit/,,
2705,2026-03-24,2026-03-24 06:00:00+00:00,0.3762392351291261,0.47419625520706177,0.08236817489531915,3.2,kickam1530.com,Missouri Pancakes President Visit,https://kickam1530.com/ixp/463/p/missouri-pancakes-president-visit/,,
2706,2026-03-24,2026-03-24 05:00:00+00:00,0.3762392351291261,0.47419625520706177,0.08236817489531915,3.2,979kickfm.com,Missouri Pancakes President Visit,https://979kickfm.com/ixp/463/p/missouri-pancakes-president-visit/,,
2707,2026-03-24,2026-03-24 10:00:00+00:00,0.3762392351291261,0.47419625520706177,0.08236817489531915,3.2,ksisradio.com,Missouri Pancakes President Visit,https://ksisradio.com/ixp/463/p/missouri-pancakes-president-visit/,,
2708,2026-03-24,2026-03-24 13:00:00+00:00,0.3762392351291261,0.47419625520706177,0.08236817489531915,3.2,kxkx.com,Missouri Pancakes President Visit,https://kxkx.com/ixp/463/p/missouri-pancakes-president-visit/,,
2709,2026-03-12,2026-03-12 17:00:00+00:00,0.3761165338044767,0.4726616144180298,0.08648129196381729,0.6048387,yahoo.com,China Logistics Platform Generated 1 172116742,https://finance.yahoo.com/news/china-logistics-platform-generated-1-172116742.html,,
2710,2026-03-04,2026-03-04 02:00:00+00:00,0.37604299172454686,0.4803464114665985,0.06313273249839191,-0.9661836,cnbc.com,China Factory Activity February Pmi,https://www.cnbc.com/2026/03/04/china-factory-activity-february-pmi.html,,
2711,2026-03-13,2026-03-13 16:00:00+00:00,0.37602498911849225,0.46850839257240295,0.09857477875676014,-0.99502486,dailypost.ng,Iran Govt Will Fall Maybe Not Immediately Trump,https://dailypost.ng/2026/03/13/iran-govt-will-fall-maybe-not-immediately-trump/,,
2712,2026-03-09,2026-03-09 22:00:00+00:00,0.37594628831557036,0.4775209426879883,0.07122232519831669,2.8061225,aol.com,Prince Harry Duchess Meghan Visit 143913329,https://www.aol.com/articles/prince-harry-duchess-meghan-visit-143913329.html,,
2713,2026-03-18,2026-03-18 09:00:00+00:00,0.37592085845127443,0.47823119163513184,0.06898985889970222,7.960199,newsandstar.co.uk,25942620.Carlisle Takeaway China Chef Reopens Four Weeks,https://www.newsandstar.co.uk/news/25942620.carlisle-takeaway-china-chef-reopens-four-weeks/,,
2714,2026-03-18,2026-03-18 09:00:00+00:00,0.37592085845127443,0.47823119163513184,0.06898985889970222,7.960199,in-cumbria.com,25942620.Carlisle Takeaway China Chef Reopens Four Weeks,https://www.in-cumbria.com/news/25942620.carlisle-takeaway-china-chef-reopens-four-weeks/,,
2715,2026-03-16,2026-03-16 09:00:00+00:00,0.37589548552597535,0.4697767198085785,0.09425178267816592,1.754386,channelnewsasia.com,Unitree Robots China Spring Gala 5996111,https://www.channelnewsasia.com/watch/unitree-robots-china-spring-gala-5996111,,
2716,2026-03-17,2026-03-17 10:00:00+00:00,0.3758345245360585,0.46215516328811646,0.11687260827988466,-1.6317016,independent.co.uk,Transplant Organs Storage Time Viability China B2939837,https://www.independent.co.uk/news/science/transplant-organs-storage-time-viability-china-b2939837.html,,
2717,2026-03-18,2026-03-18 22:00:00+00:00,0.375817756251617,0.4706341028213501,0.09136871654241767,5.811623,royalcentral.co.uk,State Visit Nigeria 217047,https://royalcentral.co.uk/royal-news/state-visit-nigeria-217047/,,
2718,2026-03-05,2026-03-05 22:00:00+00:00,0.3757866925515371,0.47337523102760315,0.08302107712333898,0.17857143,ijr.com,Trump Reveals Who Will Replace Kristi Noem At Dhs,https://ijr.com/trump-reveals-who-will-replace-kristi-noem-at-dhs/,,
2719,2026-03-07,2026-03-07 16:00:00+00:00,0.37574073336917607,0.4745336174964905,0.07936208098723277,4.112554,bignewsnetwork.com,China Earmarks Over 100 Bln Yuan For Childcare Subsidies,http://www.bignewsnetwork.com/news/278907726/china-earmarks-over-100-bln-yuan-for-childcare-subsidies,,
2720,2026-03-07,2026-03-07 19:00:00+00:00,0.37574073336917607,0.4745336174964905,0.07936208098723277,4.121475,chinanationalnews.com,China Earmarks Over 100 Bln Yuan For Childcare Subsidies,http://www.chinanationalnews.com/news/278907726/china-earmarks-over-100-bln-yuan-for-childcare-subsidies,,
2721,2026-03-07,2026-03-07 19:00:00+00:00,0.37574073336917607,0.4745336174964905,0.07936208098723277,4.121475,shanghainews.net,China Earmarks Over 100 Bln Yuan For Childcare Subsidies,http://www.shanghainews.net/news/278907726/china-earmarks-over-100-bln-yuan-for-childcare-subsidies,,
2722,2026-03-07,2026-03-07 17:00:00+00:00,0.37574073336917607,0.4745336174964905,0.07936208098723277,4.121475,asiabulletin.com,China Earmarks Over 100 Bln Yuan For Childcare Subsidies,http://www.asiabulletin.com/news/278907726/china-earmarks-over-100-bln-yuan-for-childcare-subsidies,,
2723,2026-03-07,2026-03-07 17:00:00+00:00,0.37574073336917607,0.4745336174964905,0.07936208098723277,4.121475,mexicostar.com,China Earmarks Over 100 Bln Yuan For Childcare Subsidies,http://www.mexicostar.com/news/278907726/china-earmarks-over-100-bln-yuan-for-childcare-subsidies,,
2724,2026-03-07,2026-03-07 16:00:00+00:00,0.37574073336917607,0.4745336174964905,0.07936208098723277,4.121475,japanherald.com,China Earmarks Over 100 Bln Yuan For Childcare Subsidies,http://www.japanherald.com/news/278907726/china-earmarks-over-100-bln-yuan-for-childcare-subsidies,,
2725,2026-03-07,2026-03-07 16:00:00+00:00,0.37574073336917607,0.4745336174964905,0.07936208098723277,4.121475,singaporestar.com,China Earmarks Over 100 Bln Yuan For Childcare Subsidies,http://www.singaporestar.com/news/278907726/china-earmarks-over-100-bln-yuan-for-childcare-subsidies,,
2726,2026-03-13,2026-03-13 21:00:00+00:00,0.375689413438061,0.4722023010253906,0.08615075067607214,-0.26455027,2paragraphs.com,Ret Nasa Astronaut Trolls Trump Spokesperson Hopefully One Day Adults Will Staff The Federal Government Again,https://2paragraphs.com/2026/03/ret-nasa-astronaut-trolls-trump-spokesperson-hopefully-one-day-adults-will-staff-the-federal-government-again/,,
2727,2026-03-05,2026-03-05 17:00:00+00:00,0.37564676592015567,0.47906291484832764,0.06539831913563979,-1.6666666,elpais.com,Trump Calls Spain A Loser And Warns The United States Will Not Be A Team Player,https://english.elpais.com/usa/2026-03-05/trump-calls-spain-a-loser-and-warns-the-united-states-will-not-be-a-team-player.html,,
2728,2026-03-10,2026-03-10 06:00:00+00:00,0.3756113692704838,0.48053091764450073,0.06085272414843283,-5.345912,pmnewsnigeria.com,Irgc Rejects Trumps Claim Says Iran Will Decide Wars End,https://pmnewsnigeria.com/2026/03/10/irgc-rejects-trumps-claim-says-iran-will-decide-wars-end/,,
2729,2026-03-25,2026-03-25 15:00:00+00:00,0.3755674066795379,0.4690326452255249,0.09517169104157687,0.0,bignewsnetwork.com,China Xizang Lhasa Coffee Shop Cn,http://www.bignewsnetwork.com/news/278943549/china-xizang-lhasa-coffee-shop-cn,,
2730,2026-03-25,2026-03-25 16:00:00+00:00,0.3755674066795379,0.4690326452255249,0.09517169104157687,0.0,shanghainews.net,China Xizang Lhasa Coffee Shop Cn,http://www.shanghainews.net/news/278943549/china-xizang-lhasa-coffee-shop-cn,,
2731,2026-03-17,2026-03-17 18:00:00+00:00,0.37548985888483216,0.4741773009300232,0.07942753274925912,-4.7058825,northafricapost.com,95551 Pope To Visit Algeria A Country Notorious For Persecuting Christians,https://northafricapost.com/95551-pope-to-visit-algeria-a-country-notorious-for-persecuting-christians.html,,
2732,2026-03-17,2026-03-17 09:00:00+00:00,0.3754532177890241,0.4798455834388733,0.06227612083947645,-3.6585367,news18.com,Iran Warns Trump Of Decisive Response As Us Eyes Kharg Island Will Be Turned To Ashes 9980738,https://www.news18.com/world/iran-warns-trump-of-decisive-response-as-us-eyes-kharg-island-will-be-turned-to-ashes-9980738.html,,
2733,2026-03-04,2026-03-04 04:00:00+00:00,0.3752464766097812,0.48022347688674927,0.06031547577887711,-3.2496307,yahoo.com,China Renewable Boom Masks Quiet 170000109,https://finance.yahoo.com/news/china-renewable-boom-masks-quiet-170000109.html,,
2734,2026-03-14,2026-03-14 08:00:00+00:00,0.37523260760626526,0.47825804352760315,0.06615629984225163,0.0,northeasttoday.in,Pm Modi To Unveil Rs 23550 Crore Projects In Silchar During Assam Visit,https://northeasttoday.in/northeast/assam/pm-modi-to-unveil-rs-23550-crore-projects-in-silchar-during-assam-visit/,,
2735,2026-03-13,2026-03-13 13:00:00+00:00,0.37520150035020816,0.4737635850906372,0.07951524612892091,0.9584665,americanbazaaronline.com,Vance Vs Rubio Round One Who Will Grab The Ring From Trump 476748,https://americanbazaaronline.com/2026/03/13/vance-vs-rubio-round-one-who-will-grab-the-ring-from-trump-476748/,,
2736,2026-03-10,2026-03-10 02:00:00+00:00,0.37512620306188904,0.4793686866760254,0.06239875221947993,-3.1301482,grenadachronicle.com,Trump Says Us Israeli War On Iran Will Be Over Very Soon,https://grenadachronicle.com/trump-says-us-israeli-war-on-iran-will-be-over-very-soon/,,
2737,2026-03-10,2026-03-10 02:00:00+00:00,0.37512620306188904,0.4793686866760254,0.06239875221947993,-3.1301482,dominicanrepublicpost.com,Trump Says Us Israeli War On Iran Will Be Over Very Soon,https://dominicanrepublicpost.com/trump-says-us-israeli-war-on-iran-will-be-over-very-soon/,,
2738,2026-03-10,2026-03-10 03:00:00+00:00,0.37512620306188904,0.4793686866760254,0.06239875221947993,-3.1147542,aljazeera.com,Trump Says Us Israeli War On Iran Will Be Over Very Soon,https://www.aljazeera.com/news/2026/3/9/trump-says-us-israeli-war-on-iran-will-be-over-very-soon,,
2739,2026-03-10,2026-03-10 09:00:00+00:00,0.3751103623099105,0.47689390182495117,0.06975974376478847,3.0546625,sanews.gov.za,President Ramaphosa Reaffirms Strong Sa Brazil Partnership During State Visit,https://www.sanews.gov.za/south-africa/president-ramaphosa-reaffirms-strong-sa-brazil-partnership-during-state-visit,,
2740,2026-03-08,2026-03-08 19:00:00+00:00,0.37504459400925766,0.4727702736854553,0.08186755498066466,-1.7073171,al-monitor.com,Irans Top Diplomat Says Iran Not Trump Will Elect New Leader,https://www.al-monitor.com/originals/2026/03/irans-top-diplomat-says-iran-not-trump-will-elect-new-leader,,
2741,2026-03-08,2026-03-08 20:00:00+00:00,0.37504459400925766,0.4727702736854553,0.08186755498066466,-1.6990291,thefrontierpost.com,Irans Top Diplomat Says Iran Not Trump Will Elect New Leader,https://thefrontierpost.com/irans-top-diplomat-says-iran-not-trump-will-elect-new-leader/,,
2742,2026-03-08,2026-03-08 17:00:00+00:00,0.37504459400925766,0.4727702736854553,0.08186755498066466,-1.4198782,standardmedia.co.ke,Irans Top Diplomat Says Iran Not Trump Will Elect New Leader,https://www.standardmedia.co.ke/world/article/2001542597/irans-top-diplomat-says-iran-not-trump-will-elect-new-leader,,
2743,2026-03-03,2026-03-03 23:00:00+00:00,0.37504186447726917,0.46165406703948975,0.11520525679060734,-2.1582735,bostonglobe.com,Bso Trump Phillip Glass Lincoln Tanglewood,https://www.bostonglobe.com/2026/03/03/arts/bso-trump-phillip-glass-lincoln-tanglewood/,,
2744,2026-03-05,2026-03-05 12:00:00+00:00,0.3748691438898436,0.47728997468948364,0.0676066514909234,3.118503,knittingindustry.com,Karl Mayer China Marks 30Th Birthday,https://www.knittingindustry.com/karl-mayer-china-marks-30th-birthday/,,
2745,2026-03-10,2026-03-10 07:00:00+00:00,0.37486739091832755,0.47482746839523315,0.07498715848761078,-2.768166,omanobserver.om,Brent Crude Tumbles After Trump Says Iran War Will End Soon,https://www.omanobserver.om/article/1185840/business/energy/brent-crude-tumbles-after-trump-says-iran-war-will-end-soon,,
2746,2026-03-12,2026-03-12 05:00:00+00:00,0.3748557291426703,0.4797998070716858,0.06002349535562374,0.5813953,yahoo.com,Teslas China Made Ev Sales 102645803,https://finance.yahoo.com/news/teslas-china-made-ev-sales-102645803.html,,
2747,2026-03-13,2026-03-13 13:00:00+00:00,0.3748275839911982,0.47175687551498413,0.08403970941984042,0.5882353,formula1.com,Alpines Gasly Reflects On Strong China Sprint Qualifying Performance.1Idgmjjl3V1Yxzcoriytlj,https://www.formula1.com/en/latest/article/alpines-gasly-reflects-on-strong-china-sprint-qualifying-performance.1IdgMJjl3v1YxZCORiYTLJ,,
2748,2026-03-24,2026-03-24 06:00:00+00:00,0.3747835854176466,0.4764937460422516,0.06965310354383167,-3.3444817,channelnewsasia.com,Taiwan Skip Wto Cameroon China Province 6013106,https://www.channelnewsasia.com/east-asia/taiwan-skip-wto-cameroon-china-province-6013106,,
2749,2026-03-10,2026-03-10 10:00:00+00:00,0.37474283731265357,0.47726160287857056,0.06718654061490249,-7.328244,irishtimes.com,That Visit To The White House,https://www.irishtimes.com/opinion/letters/2026/03/10/that-visit-to-the-white-house/,,
2750,2026-03-17,2026-03-17 13:00:00+00:00,0.37471967913711135,0.47362831234931946,0.0779937795004871,-6.542056,mercopress.com,Rafael Correa In Uruguay Controversy Over Visit By Convicted Ecuadorean Ex President,https://en.mercopress.com/2026/03/17/rafael-correa-in-uruguay-controversy-over-visit-by-convicted-ecuadorean-ex-president,,
2751,2026-03-13,2026-03-13 20:00:00+00:00,0.37470616835015036,0.4749082326889038,0.07409997533389005,-2.6041667,crooksandliars.com,Trump Iran War Will End When I Feel It My,https://crooksandliars.com/2026/03/trump-iran-war-will-end-when-i-feel-it-my,,
2752,2026-03-07,2026-03-07 07:00:00+00:00,0.37462860206268317,0.478360116481781,0.06343405880538959,-0.21276596,businesstimes.com.sg,Indonesia Will Quit Trumps Board Peace If It Does Not Benefit Palestinians Prabowo Says,https://www.businesstimes.com.sg/international/indonesia-will-quit-trumps-board-peace-if-it-does-not-benefit-palestinians-prabowo-says,,
2753,2026-03-20,2026-03-20 06:00:00+00:00,0.3745961696173137,0.46695512533187866,0.09751930247361869,-6.352459,miragenews.com,Hungary Urged To Arrest Netanyahu On Visit 1640974,https://www.miragenews.com/hungary-urged-to-arrest-netanyahu-on-visit-1640974/,,
2754,2026-03-12,2026-03-12 02:00:00+00:00,0.37456490410077115,0.4766715168952942,0.06824506571720206,0.0,cbc.ca,Carney Scheduled To Visit Yellowknife On Thursday 9.7125027,https://www.cbc.ca/news/canada/north/carney-scheduled-to-visit-yellowknife-on-thursday-9.7125027,,
2755,2026-03-24,2026-03-24 13:00:00+00:00,0.3744695120913031,0.4743121564388275,0.07494157904872968,-0.3120125,thedailybeast.com,Trump Busted Doing Exactly What He Says Will Destroy The Country,https://www.thedailybeast.com/trump-busted-doing-exactly-what-he-says-will-destroy-the-country/,,
2756,2026-03-18,2026-03-18 17:00:00+00:00,0.3744442612025659,0.47600868344306946,0.06975099448105528,2.8301888,shanghainews.net,China Xinjiang Kuqa City Cn,http://www.shanghainews.net/news/278929817/china-xinjiang-kuqa-city-cn,,
2757,2026-03-25,2026-03-25 02:00:00+00:00,0.3744322803508525,0.4589281380176544,0.12094470735044692,-0.9661836,scmp.com,How Salmon Raised Landlocked Xinjiang Netting Fans China,https://www.scmp.com/economy/china-economy/article/3347727/how-salmon-raised-landlocked-xinjiang-netting-fans-china,,
2758,2026-03-14,2026-03-14 19:00:00+00:00,0.3744048687467795,0.4781283140182495,0.06323453293236943,-2.5948105,mirror.co.uk,Hero British Vets Flying China 36868173,https://www.mirror.co.uk/news/uk-news/hero-british-vets-flying-china-36868173,,
2759,2026-03-18,2026-03-18 07:00:00+00:00,0.37437596943512264,0.4674440622329712,0.09517169104157687,1.6949153,bignewsnetwork.com,China Sichuan Chengdu Heron Foraging Cn,http://www.bignewsnetwork.com/news/278929081/china-sichuan-chengdu-heron-foraging-cn,,
2760,2026-03-18,2026-03-18 07:00:00+00:00,0.37437596943512264,0.4674440622329712,0.09517169104157687,1.6949153,shanghainews.net,China Sichuan Chengdu Heron Foraging Cn,http://www.shanghainews.net/news/278929081/china-sichuan-chengdu-heron-foraging-cn,,
2761,2026-03-04,2026-03-04 17:00:00+00:00,0.374291427338049,0.46009770035743713,0.11687260827988466,0.64935064,dailygalaxy.com,China Hypergravity Centrifuge Shrinks Geological Time,https://dailygalaxy.com/2026/03/china-hypergravity-centrifuge-shrinks-geological-time/,,
2762,2026-03-08,2026-03-08 10:00:00+00:00,0.37427377946369533,0.473647803068161,0.07615170865029827,-1.3673656,bostonglobe.com,Trump Betting Bigger Income Tax Refunds Will Boost The Gop,https://www.bostonglobe.com/2026/03/08/nation/trump-betting-bigger-income-tax-refunds-will-boost-the-gop/,,
2763,2026-03-25,2026-03-25 19:00:00+00:00,0.37426072860405013,0.4758800268173218,0.06940283396423524,-3.5714285,wn.com,Saudi Arabia Allows Expired Visit Visa Holders To Extend Sta,https://article.wn.com/view/2026/03/25/Saudi_Arabia_allows_expired_visit_visa_holders_to_extend_sta/,,
2764,2026-03-23,2026-03-23 11:00:00+00:00,0.37420861069699607,0.4788002371788025,0.060433731251576875,-2.9748285,cajnewsafrica.com,Cps Backs One China Stance,https://cajnewsafrica.com/2026/03/23/cps-backs-one-china-stance/,,
2765,2026-03-12,2026-03-12 15:00:00+00:00,0.3741751424482199,0.47834545373916626,0.06166420857538095,1.9390582,indiaeducationdiary.in,Pm To Visit Assam On 13 14 March,https://indiaeducationdiary.in/pm-to-visit-assam-on-13-14-march/,,
2766,2026-03-12,2026-03-12 16:00:00+00:00,0.3741751424482199,0.47834545373916626,0.06166420857538095,1.9390582,orissadiary.com,Pm To Visit Assam On 13 14 March,https://orissadiary.com/pm-to-visit-assam-on-13-14-march/,,
2767,2026-03-15,2026-03-15 08:00:00+00:00,0.3741368474133483,0.47775065898895264,0.06329541268653538,2.5547445,ianslive.in,Eam Jaishankar To Embark On Belgium Visit Today Discuss Strengthening Ties With Eu  20260315125906,https://ianslive.in/eam-jaishankar-to-embark-on-belgium-visit-today-discuss-strengthening-ties-with-eu--20260315125906,,
2768,2026-03-17,2026-03-17 23:00:00+00:00,0.3741326356205046,0.47608256340026855,0.06828285228121256,-5.6387663,miragenews.com,China Cyber Bill Tightens Censorship 1638908,https://www.miragenews.com/china-cyber-bill-tightens-censorship-1638908/,,
2769,2026-03-18,2026-03-18 13:00:00+00:00,0.37394117844060476,0.4782884418964386,0.06089938807310334,-4.7244096,bignewsnetwork.com,China Urges Philippines To Stop Infringement Provocations In South China Sea,http://www.bignewsnetwork.com/news/278929712/china-urges-philippines-to-stop-infringement-provocations-in-south-china-sea,,
2770,2026-03-04,2026-03-04 01:00:00+00:00,0.3739121592581891,0.46956053376197815,0.086967035746822,-0.84033614,dealstreetasia.com,China Weride Robotaxi Dubai 474651,https://www.dealstreetasia.com/stories/china-weride-robotaxi-dubai-474651,,
2771,2026-03-05,2026-03-05 19:00:00+00:00,0.3738683801777616,0.47684988379478455,0.06492386932669264,0.0,mediaite.com,Cnbc Host Grills David Ellison On Whether Cnn Will Be More Beholden To The Trump Administration After He Buys It,https://www.mediaite.com/media/tv/cnbc-host-grills-david-ellison-on-whether-cnn-will-be-more-beholden-to-the-trump-administration-after-he-buys-it/,,
2772,2026-03-05,2026-03-05 17:00:00+00:00,0.3738657887477671,0.4776846766471863,0.06240912504950964,0.0,businessgreen.com,China Announces Target Cent Cut Carbon Intensity 2030,https://www.businessgreen.com/news/4526559/china-announces-target-cent-cut-carbon-intensity-2030,,
2773,2026-03-11,2026-03-11 03:00:00+00:00,0.3738558602232977,0.47636476159095764,0.0663291561203179,0.0,newstodaynet.com,Modi To Visit Trichy Today Cops Maintain Vigil Drones Banned,https://newstodaynet.com/2026/03/11/modi-to-visit-trichy-today-cops-maintain-vigil-drones-banned/,,
2774,2026-03-08,2026-03-08 20:00:00+00:00,0.3738462698088808,0.4600599408149719,0.11520525679060734,0.0,dailykos.com,Cartoon Trump S Embarrassment,https://www.dailykos.com/stories/2026/3/8/2371817/-Cartoon-Trump-s-embarrassment,,
2775,2026-03-04,2026-03-04 01:00:00+00:00,0.3737905589822619,0.47832930088043213,0.06017433328775115,3.267974,bignewsnetwork.com,Tripura Vice President Cp Radhakrishnan To Visit Agartala On March 7 8,http://www.bignewsnetwork.com/news/278900750/tripura-vice-president-cp-radhakrishnan-to-visit-agartala-on-march-7-8,,
2776,2026-03-04,2026-03-04 08:00:00+00:00,0.37375821085020805,0.46141862869262695,0.11077695732295126,-1.9417475,asiaone.com,Lion Attack China Zoo,https://www.asiaone.com:443/china/lion-attack-china-zoo,,
2777,2026-03-04,2026-03-04 09:00:00+00:00,0.37375821085020805,0.46141862869262695,0.11077695732295126,-1.9417475,asiaone.com,Lion Attack China Zoo,https://www.asiaone.com/china/lion-attack-china-zoo,,
2778,2026-03-14,2026-03-14 01:00:00+00:00,0.3737240341364777,0.4672679901123047,0.0930921662089967,-3.1746032,asiaone.com,Sfa Food Recall Longan Pulp China,https://www.asiaone.com/singapore/sfa-food-recall-longan-pulp-china,,
2779,2026-03-14,2026-03-14 06:00:00+00:00,0.3737240341364777,0.4672679901123047,0.0930921662089967,-3.1746032,asiaone.com,Sfa Food Recall Longan Pulp China,https://www.asiaone.com:443/singapore/sfa-food-recall-longan-pulp-china,,
2780,2026-03-22,2026-03-22 14:00:00+00:00,0.3736530381988228,0.4771055281162262,0.06329556844661244,-4.6434493,alternet.org,Trump Trapped Iran,https://www.alternet.org/trump-trapped-iran/,,
2781,2026-03-06,2026-03-06 15:00:00+00:00,0.3734908018911826,0.4719284474849701,0.0781778651098201,0.4784689,independent.co.uk,China Man Gold Duck Stomach B2933278,https://www.independent.co.uk/asia/east-asia/china-man-gold-duck-stomach-b2933278.html,,
2782,2026-03-07,2026-03-07 01:00:00+00:00,0.37333698264134696,0.4762452244758606,0.06461225713780608,0.9478673,curacaochronicle.com,King Willem Alexander To Visit Aruba And Curacao On March 18,https://www.curacaochronicle.com/post/local/king-willem-alexander-to-visit-aruba-and-curacao-on-march-18,,
2783,2026-03-12,2026-03-12 04:00:00+00:00,0.3732710127108858,0.4696000814437866,0.08428380651218326,-6.57277,scmp.com,Why War Iran Not Trumps End Will Israel Fan Flames,https://www.scmp.com/news/china/diplomacy/article/3346263/why-war-iran-not-trumps-end-will-israel-fan-flames,,
2784,2026-03-17,2026-03-17 01:00:00+00:00,0.3732377123844938,0.4663400650024414,0.09393065453065107,2.9978588,yahoo.com,China Hishow Seals Deals Bosco 234005755,https://www.yahoo.com/entertainment/tv/articles/china-hishow-seals-deals-bosco-234005755.html,,
2785,2026-03-23,2026-03-23 18:00:00+00:00,0.37321212727033043,0.46872347593307495,0.08667808128209686,1.6722409,cntraveller.com,Waldorf Astoria Shanghai Qiantan China,https://www.cntraveller.com/hotels/waldorf-astoria-shanghai-qiantan-china,,
2786,2026-03-18,2026-03-18 04:00:00+00:00,0.3732120043808047,0.4767226278781891,0.0626801338886515,0.18726592,tbsnews.net,Bida Open China Office Woo Investment 1389746,https://www.tbsnews.net/bangladesh/bida-open-china-office-woo-investment-1389746,,
2787,2026-03-06,2026-03-06 17:00:00+00:00,0.37317703802792057,0.46433183550834656,0.09971264558664251,-7.522124,channelstv.com,Trump Says Cubas Government Will Fall Pretty Soon,https://www.channelstv.com/2026/03/06/trump-says-cubas-government-will-fall-pretty-soon/,,
2788,2026-03-06,2026-03-06 20:00:00+00:00,0.37317703802792057,0.46433183550834656,0.09971264558664251,-7.582938,ewn.co.za,Trump Says Cubas Government Will Fall Pretty Soon,https://www.ewn.co.za/2026/03/06/trump-says-cubas-government-will-fall-pretty-soon,,
2789,2026-03-05,2026-03-05 21:00:00+00:00,0.3731700926239619,0.47443413734436035,0.06937795846276644,0.8130081,theindianawaaz.com,Vp Radhakrishnan Embarks On Three Day Visit To Nagaland Mizoram And Tripura,https://theindianawaaz.com/vp-radhakrishnan-embarks-on-three-day-visit-to-nagaland-mizoram-and-tripura/,,
2790,2026-03-20,2026-03-20 18:00:00+00:00,0.3731482474905829,0.4678725600242615,0.0889753098895471,0.4601227,washingtonexaminer.com,Buttigieg Plan Visit Weak Regions Democrats,https://www.washingtonexaminer.com/news/campaigns/state/4498579/buttigieg-plan-visit-weak-regions-democrats/,,
2791,2026-03-09,2026-03-09 17:00:00+00:00,0.3730624914359851,0.47284209728240967,0.07372367389671122,0.0,iheart.com,2026 03 09 Another Visit From Johnny Naylor,https://wjbo.iheart.com/content/2026-03-09-another-visit-from-johnny-naylor/,,
2792,2026-03-24,2026-03-24 18:00:00+00:00,0.3729475451966568,0.47692811489105225,0.06100583611347046,-1.4005603,thedailystar.net,Khalilur Likely Visit India Early April Dhaka Delhi Ties Thaw 4134576,https://www.thedailystar.net/news/bangladesh/diplomacy/news/khalilur-likely-visit-india-early-april-dhaka-delhi-ties-thaw-4134576,,
2793,2026-03-05,2026-03-05 11:00:00+00:00,0.37285011869531204,0.4606207013130188,0.10953837084219173,0.373413,cnn.com,China Floating Wind Turbine Sawes C2E Spc,https://edition.cnn.com/climate/china-floating-wind-turbine-sawes-c2e-spc,,
2794,2026-03-05,2026-03-05 12:00:00+00:00,0.37285011869531204,0.4606207013130188,0.10953837084219173,0.373413,cnn.com,China Floating Wind Turbine Sawes C2E Spc,https://www.cnn.com/climate/china-floating-wind-turbine-sawes-c2e-spc,,
2795,2026-03-05,2026-03-05 11:00:00+00:00,0.37285011869531204,0.4606207013130188,0.10953837084219173,0.373413,cnn.com,China Floating Wind Turbine Sawes C2E Spc,https://us.cnn.com/climate/china-floating-wind-turbine-sawes-c2e-spc,,
2796,2026-03-09,2026-03-09 18:00:00+00:00,0.3728437576635039,0.4658840298652649,0.093722941058221,0.6116208,rttnews.com,Rapport To Collaborate With Tenacia For Commercialization Of Rap 219 In Greater China,https://www.rttnews.com/3629096/rapport-to-collaborate-with-tenacia-for-commercialization-of-rap-219-in-greater-china.aspx,,
2797,2026-03-20,2026-03-20 16:00:00+00:00,0.3727890856789762,0.47375059127807617,0.06990456888167626,3.2258065,bignewsnetwork.com,China Longtaitou Spring Celebration Cn,http://www.bignewsnetwork.com/news/278934122/china-longtaitou-spring-celebration-cn,,
2798,2026-03-20,2026-03-20 21:00:00+00:00,0.3727890856789762,0.47375059127807617,0.06990456888167626,3.2258065,shanghainews.net,China Longtaitou Spring Celebration Cn,http://www.shanghainews.net/news/278934122/china-longtaitou-spring-celebration-cn,,
2799,2026-03-20,2026-03-20 16:00:00+00:00,0.3727890856789762,0.47375059127807617,0.06990456888167626,1.7241379,shanghainews.net,China Longtaitou Spring Celebration Cn,http://www.shanghainews.net/news/278934095/china-longtaitou-spring-celebration-cn,,
2800,2026-03-04,2026-03-04 22:00:00+00:00,0.37273800637998394,0.46933501958847046,0.08294696675452438,4.316547,southcarolinapublicradio.org,Reminder Scetv News Listening Tour To Visit Dillon Marlboro And Chesterfield Counties Thursday,https://www.southcarolinapublicradio.org/sc-news/2026-03-04/reminder-scetv-news-listening-tour-to-visit-dillon-marlboro-and-chesterfield-counties-thursday,,
2801,2026-03-24,2026-03-24 02:00:00+00:00,0.37271337218183487,0.4745793342590332,0.06711548595023983,6.097561,openpr.com,Customization At Its Core What Makes Gt A China Professional,https://www.openpr.com/news/4436803/customization-at-its-core-what-makes-gt-a-china-professional,,
2802,2026-03-05,2026-03-05 19:00:00+00:00,0.372700325525621,0.4732467532157898,0.07106104245511455,-0.5208333,wbrz.com,Trump Says Markwayne Mullin Will Replace Kristi Noem As Dhs Secretary,https://www.wbrz.com/news/trump-says-markwayne-mullin-will-replace-kristi-noem-as-dhs-secretary,,
2803,2026-03-05,2026-03-05 22:00:00+00:00,0.372700325525621,0.4732467532157898,0.07106104245511455,0.22123894,kxel.com,Trump Says Markwayne Mullin Will Replace Kristi Noem As Dhs Secretary,https://kxel.com/2026/03/05/trump-says-markwayne-mullin-will-replace-kristi-noem-as-dhs-secretary/,,
2804,2026-03-24,2026-03-24 09:00:00+00:00,0.3726323771132499,0.46511927247047424,0.09517169104157687,8.187135,australiannews.net,China Jiangxi Jingdezhen Porcelain Sculpture Inheritor Cn,http://www.australiannews.net/news/278940853/china-jiangxi-jingdezhen-porcelain-sculpture-inheritor-cn,,
2805,2026-03-24,2026-03-24 10:00:00+00:00,0.3726323771132499,0.46511927247047424,0.09517169104157687,8.187135,japanherald.com,China Jiangxi Jingdezhen Porcelain Sculpture Inheritor Cn,http://www.japanherald.com/news/278940853/china-jiangxi-jingdezhen-porcelain-sculpture-inheritor-cn,,
2806,2026-03-24,2026-03-24 09:00:00+00:00,0.3726323771132499,0.46511927247047424,0.09517169104157687,8.187135,chinanationalnews.com,China Jiangxi Jingdezhen Porcelain Sculpture Inheritor Cn,http://www.chinanationalnews.com/news/278940853/china-jiangxi-jingdezhen-porcelain-sculpture-inheritor-cn,,
2807,2026-03-24,2026-03-24 10:00:00+00:00,0.3726323771132499,0.46511927247047424,0.09517169104157687,8.187135,shanghainews.net,China Jiangxi Jingdezhen Porcelain Sculpture Inheritor Cn,http://www.shanghainews.net/news/278940853/china-jiangxi-jingdezhen-porcelain-sculpture-inheritor-cn,,
2808,2026-03-24,2026-03-24 09:00:00+00:00,0.3726323771132499,0.46511927247047424,0.09517169104157687,8.187135,cambodiantimes.com,China Jiangxi Jingdezhen Porcelain Sculpture Inheritor Cn,http://www.cambodiantimes.com/news/278940853/china-jiangxi-jingdezhen-porcelain-sculpture-inheritor-cn,,
2809,2026-03-16,2026-03-16 08:00:00+00:00,0.3726205818377907,0.47367697954177856,0.06945138872582692,-1.6666666,bignewsnetwork.com,China Sichuan Zigong Robot Boot Camp Cn,http://www.bignewsnetwork.com/news/278925054/china-sichuan-zigong-robot-boot-camp-cn,,
2810,2026-03-16,2026-03-16 08:00:00+00:00,0.3726205818377907,0.47367697954177856,0.06945138872582692,-1.6666666,shanghainews.net,China Sichuan Zigong Robot Boot Camp Cn,http://www.shanghainews.net/news/278925054/china-sichuan-zigong-robot-boot-camp-cn,,
2811,2026-03-09,2026-03-09 15:00:00+00:00,0.3725843659252506,0.4568383991718292,0.11982226618551475,-3.8366945,aol.com,5 American States Visit Fewer 104500751,https://www.aol.com/articles/5-american-states-visit-fewer-104500751.html,,
2812,2026-03-19,2026-03-19 16:00:00+00:00,0.37255315044934856,0.46388643980026245,0.09855328239660699,3.4220533,tribune.net.ph,Bhutan Leader Marks First Malaca%C3%B1Ang Visit,https://tribune.net.ph/2026/03/19/bhutan-leader-marks-first-malaca%C3%B1ang-visit,,
2813,2026-03-16,2026-03-16 14:00:00+00:00,0.37248013098259597,0.47214892506599426,0.07347374873240103,0.2004008,climatechangedispatch.com,China Ccp Nonprofit Earthjustice Louisiana Energy,https://climatechangedispatch.com/china-ccp-nonprofit-earthjustice-louisiana-energy/,,
2814,2026-03-08,2026-03-08 15:00:00+00:00,0.37247150956256525,0.4723127782344818,0.07294770354681557,0.0,yahoo.com,French President Macron Visit Cyprus 140512381,https://www.yahoo.com/news/articles/french-president-macron-visit-cyprus-140512381.html,,
2815,2026-03-07,2026-03-07 14:00:00+00:00,0.3724248057183441,0.4659597873687744,0.0918198607670531,0.074794315,mercurynews.com,Alysa Liu Eileen Gu Usa China Olympic Medals,https://www.mercurynews.com/2026/03/07/alysa-liu-eileen-gu-usa-china-olympic-medals/,,
2816,2026-03-04,2026-03-04 22:00:00+00:00,0.37223446046294956,0.46783187985420227,0.0854422022891915,1.1904762,digg.com,China Built A Colossal Underground Hypergravity,https://digg.com/science/6Uoz3Ku/china-built-a-colossal-underground-hypergravity,,
2817,2026-03-15,2026-03-15 16:00:00+00:00,0.3722252312849701,0.4752017855644226,0.06329556844661244,-5.5111113,alternet.org,Trump Bungling Iran,https://www.alternet.org/alternet-exclusives/trump-bungling-iran/,,
2818,2026-03-20,2026-03-20 15:00:00+00:00,0.3720233260433546,0.4738554358482361,0.06652699662871008,2.1582735,gasgoo.com,Nissan China Names Liu Xinyu As General Manager 2034976966850015232,https://autonews.gasgoo.com/articles/market-industry/nissan-china-names-liu-xinyu-as-general-manager-2034976966850015232,,
2819,2026-03-08,2026-03-08 18:00:00+00:00,0.37202116068469715,0.45762646198272705,0.11520525679060734,-0.18248175,the-independent.com,Judd Apatow Trump Comedy B2934304,https://www.the-independent.com/arts-entertainment/films/news/judd-apatow-trump-comedy-b2934304.html,,
2820,2026-03-10,2026-03-10 04:00:00+00:00,0.37201881025535277,0.47189512848854065,0.07238985555578918,-3.3398821,koreatimes.co.kr,Trump Vows Iran War Will End Very Soon,https://www.koreatimes.co.kr/world/20260310/trump-vows-iran-war-will-end-very-soon,,
2821,2026-03-10,2026-03-10 04:00:00+00:00,0.37201881025535277,0.47189512848854065,0.07238985555578918,-3.3846154,theborneopost.com,Trump Vows Iran War Will End Very Soon,https://www.theborneopost.com/2026/03/10/trump-vows-iran-war-will-end-very-soon/,,
2822,2026-03-10,2026-03-10 02:00:00+00:00,0.37201881025535277,0.47189512848854065,0.07238985555578918,-3.409091,philstar.com,Trump Vows Iran War Will End Very Soon,https://www.philstar.com/world/2026/03/10/2513296/trump-vows-iran-war-will-end-very-soon,,
2823,2026-03-10,2026-03-10 06:00:00+00:00,0.37201881025535277,0.47189512848854065,0.07238985555578918,-3.1212485,jacarandafm.com,Trump Vows Iran War Will End Very Soon,https://www.jacarandafm.com/news/news/trump-vows-iran-war-will-end-very-soon/,,
2824,2026-03-10,2026-03-10 07:00:00+00:00,0.37201881025535277,0.47189512848854065,0.07238985555578918,-1.8232819,dhakatribune.com,Trump Vows Iran War Will End Very Soon,https://www.dhakatribune.com/world/middle-east/405120/trump-vows-iran-war-will-end-very-soon,,
2825,2026-03-20,2026-03-20 06:00:00+00:00,0.3719740280167606,0.4632251560688019,0.09822064386063668,-0.89605737,catholicworldreport.com,An Unprecedented Papal Visit Approaches In Algeria,https://www.catholicworldreport.com/2026/03/19/an-unprecedented-papal-visit-approaches-in-algeria/,,
2826,2026-03-23,2026-03-23 04:00:00+00:00,0.3719672515755338,0.47566914558410645,0.06086156954981577,7.746479,travelweekly.com.au,Visit California Partners With Delta Air Lines To Reward Advisors,https://travelweekly.com.au/visit-california-partners-with-delta-air-lines-to-reward-advisors/,,
2827,2026-03-09,2026-03-09 10:00:00+00:00,0.3719600754277411,0.46799978613853455,0.08384094329536095,3.456221,sanews.gov.za,President Ramaphosa Arrives Brazil State Visit,https://www.sanews.gov.za/south-africa/president-ramaphosa-arrives-brazil-state-visit,,
2828,2026-03-23,2026-03-23 16:00:00+00:00,0.37194763088051247,0.46962401270866394,0.07891848539605814,-1.8779342,independent.co.uk,China First Tourist Submersible Engineers B2943731,https://www.independent.co.uk/asia/china/china-first-tourist-submersible-engineers-b2943731.html,,
2829,2026-03-04,2026-03-04 01:00:00+00:00,0.37193272690809653,0.47585219144821167,0.06017433328775115,3.2786884,aninews.in,Tripura Vice President Cp Radhakrishnan To Visit Agartala On March 7 Amp 820260304061837,https://aninews.in/news/national/general-news/tripura-vice-president-cp-radhakrishnan-to-visit-agartala-on-march-7-amp-820260304061837/,,
2830,2026-03-12,2026-03-12 13:00:00+00:00,0.37189941320706094,0.47339916229248047,0.06740016595080234,-0.5,tibet.net,Australian Chinese Cheng Lei And Badiucao Visit Tibetan Parliament In Exile,https://tibet.net/australian-chinese-cheng-lei-and-badiucao-visit-tibetan-parliament-in-exile/,,
2831,2026-03-13,2026-03-13 13:00:00+00:00,0.3718939403801202,0.47507548332214355,0.062349311554050185,12.091898,yorkpress.co.uk,25933385.Visit York Tourism Awards 2026 List Winners Revealed,https://www.yorkpress.co.uk/news/25933385.visit-york-tourism-awards-2026-list-winners-revealed/,,
2832,2026-03-20,2026-03-20 18:00:00+00:00,0.37187122520076465,0.4574265480041504,0.11520525679060734,0.0,dailykos.com,Fawlty Trump,https://www.dailykos.com/stories/2026/3/20/2374047/-Fawlty-Trump,,
2833,2026-03-15,2026-03-15 12:00:00+00:00,0.3718194650023011,0.47061046957969666,0.07544645127011462,0.0,rfdtv.com,China Protein Demand Growth Offsets Grain Declines 1,https://www.rfdtv.com/china-protein-demand-growth-offsets-grain-declines-1,,
2834,2026-03-10,2026-03-10 23:00:00+00:00,0.37178309827008676,0.4695695638656616,0.07842370148336227,1.8518518,wn.com,China S Taklamakan Desert Revived With River Full Of Preciou,https://article.wn.com/view/2026/03/10/China_s_Taklamakan_Desert_Revived_With_River_Full_of_Preciou/,,
2835,2026-03-23,2026-03-23 14:00:00+00:00,0.3717550557635507,0.46898210048675537,0.08007392159393682,2.8653295,newkerala.com,Bjp President Nitin Nabin Visit West Bengal March 792,https://www.newkerala.com/news/a/bjp-president-nitin-nabin-visit-west-bengal-march-792.htm,,
2836,2026-03-20,2026-03-20 17:00:00+00:00,0.37169421635657374,0.47485172748565674,0.062221682969324815,-19.23077,shafaqna.com,China Risk Of Chronic Deflation Morphing Into Severe Inflation,https://en.shafaqna.com/444421/china-risk-of-chronic-deflation-morphing-into-severe-inflation/,,
2837,2026-03-05,2026-03-05 19:00:00+00:00,0.37169218844702556,0.47482040524482727,0.062307538053620534,-2.9350104,newsday.com,Stocks Markets Iran Trump Oil China T60048,https://www.newsday.com/business/stocks-markets-iran-trump-oil-china-t60048,,
2838,2026-03-10,2026-03-10 17:00:00+00:00,0.37151640509588707,0.4559360146522522,0.11825757642679179,2.0676692,barbadostoday.bb,Grantley Prescod Memorial Rehearses For Presidents Visit,https://barbadostoday.bb/2026/03/10/grantley-prescod-memorial-rehearses-for-presidents-visit/,,
2839,2026-03-22,2026-03-22 05:00:00+00:00,0.3715081897842252,0.47047221660614014,0.07461610931848024,-6.8965516,wn.com,Open Hormuz Or Will Obliterate Power Plants Trumps 48Hour Ul,https://article.wn.com/view/2026/03/22/Open_Hormuz_or_will_obliterate_power_plants_Trumps_48hour_ul/,,
2840,2026-03-12,2026-03-12 17:00:00+00:00,0.3714375021043473,0.4731089770793915,0.06642307717921472,0.0,philstar.com,Debris Warning China Launches Rocket Today,https://www.philstar.com/nation/2026/03/13/2513866/debris-warning-china-launches-rocket-today,,
2841,2026-03-10,2026-03-10 06:00:00+00:00,0.3712014888279981,0.4722142815589905,0.06816311063502092,-4.402516,dunyanews.tv,939700 Iran Says Oil Blockade Will Continue Until Attacks End Trump Threaten,https://dunyanews.tv/en/World/939700-iran-says-oil-blockade-will-continue-until-attacks-end-trump-threaten,,
2842,2026-03-07,2026-03-07 08:00:00+00:00,0.37113336482535075,0.46867990493774414,0.07849374448817051,0.0,en.apa.az,Azerbaijans Fm Jeyhun Bayramov Departs For Working Visit To Turkiye 495467,https://en.apa.az/foreign-policy/azerbaijans-fm-jeyhun-bayramov-departs-for-working-visit-to-turkiye-495467,,
2843,2026-03-11,2026-03-11 13:00:00+00:00,0.37106788747180025,0.46001487970352173,0.10422691077663584,-5.164319,989xfm.ca,Reservations Will Be Needed To Visit The Skyline Trail At Cape Breton Highlands National Park This Tourism Season,https://www.989xfm.ca/reservations-will-be-needed-to-visit-the-skyline-trail-at-cape-breton-highlands-national-park-this-tourism-season/,,
2844,2026-03-08,2026-03-08 04:00:00+00:00,0.3710520834312495,0.47076931595802307,0.07190038585092877,-0.3992016,freepressjournal.in,Finland President Alexander Stubb Hosted By Mukesh Ambani At Antilia In Mumbai During India Visit,https://www.freepressjournal.in/mumbai/finland-president-alexander-stubb-hosted-by-mukesh-ambani-at-antilia-in-mumbai-during-india-visit,,
2845,2026-03-13,2026-03-13 10:00:00+00:00,0.3709858605148747,0.4730176627635956,0.06489045376871201,2.46114,autocarindia.com,Audi Debuts New Gen A6L In China 439210,https://www.autocarindia.com:443/car-news/audi-debuts-new-gen-a6l-in-china-439210,,
2846,2026-03-06,2026-03-06 07:00:00+00:00,0.37098271115480624,0.4739754796028137,0.06200440581078386,0.729927,cajnewsafrica.com,Africa Questions China Mineral Ties,https://cajnewsafrica.com/2026/03/06/africa-questions-china-mineral-ties/,,
2847,2026-03-13,2026-03-13 21:00:00+00:00,0.37095695151716923,0.47298577427864075,0.06487048323275459,-4.821151,irishtimes.com,Trump Says Iran Will Be Hit Very Hard And Calls Regime Leaders Deranged Scumbags,https://www.irishtimes.com/world/middle-east/2026/03/13/trump-says-iran-will-be-hit-very-hard-and-calls-regime-leaders-deranged-scumbags/,,
2848,2026-03-05,2026-03-05 02:00:00+00:00,0.3707228488672173,0.4622304439544678,0.09620006360546587,-4.2713566,news18.com,China Earthquake Of Magnitude 4 9 Hits Xinjiang 9942909,https://www.news18.com/agency-feeds/china-earthquake-of-magnitude-4-9-hits-xinjiang-9942909.html,,
2849,2026-03-23,2026-03-23 10:00:00+00:00,0.3707059788266291,0.468447208404541,0.07748229009289333,-0.6660324,washingtonexaminer.com,Biden Officials Software Breached China Microsoft,https://www.washingtonexaminer.com/news/investigations/4497975/biden-officials-software-breached-china-microsoft/,,
2850,2026-03-04,2026-03-04 06:00:00+00:00,0.37068951731229943,0.4740772843360901,0.06052621624092748,5.3254437,stabroeknews.com,Jamaica Pm Likely For Guyana Visit In April,https://www.stabroeknews.com/2026/03/04/news/guyana/jamaica-pm-likely-for-guyana-visit-in-april/,,
2851,2026-03-16,2026-03-16 13:00:00+00:00,0.37067163170194445,0.46749645471572876,0.08019716266059149,-1.6528926,scmp.com,Ai Poisoning Fake Fitness Tracker Fools Chatbots China Sparking Outcry,https://www.scmp.com/tech/article/3346761/ai-poisoning-fake-fitness-tracker-fools-chatbots-china-sparking-outcry,,
2852,2026-03-08,2026-03-08 12:00:00+00:00,0.37045420372310567,0.4719318747520447,0.06602119063628856,3.875969,yahoo.com,Nvidia Corporation Nvda Halts China 121100696,https://finance.yahoo.com/news/nvidia-corporation-nvda-halts-china-121100696.html,,
2853,2026-03-06,2026-03-06 16:00:00+00:00,0.37034803273660843,0.4731670022010803,0.06189112434319284,-3.2258065,al-monitor.com,Trump Says There Will Be No Deal Iran Except Unconditional Surrender,https://www.al-monitor.com/originals/2026/03/trump-says-there-will-be-no-deal-iran-except-unconditional-surrender,,
2854,2026-03-09,2026-03-09 15:00:00+00:00,0.370338196640846,0.4728354811668396,0.06284634306286507,-0.42301184,fortune.com,Singapore Washing Us China Shein Manus,https://fortune.com/2026/03/09/singapore-washing-us-china-shein-manus/,,
2855,2026-03-23,2026-03-23 14:00:00+00:00,0.3702799170975997,0.47222477197647095,0.06444535246098602,4.4897957,vietnamnews.vn,Viet Nam Seeks Stronger Lng Cooperation With Russia During Pm S Visit,https://vietnamnews.vn/politics-laws/1777926/viet-nam-seeks-stronger-lng-cooperation-with-russia-during-pm-s-visit.html,,
2856,2026-03-15,2026-03-15 04:00:00+00:00,0.37026318381214585,0.4736764132976532,0.06002349535562374,-0.13422818,yahoo.com,Tesla China Made Ev Sales 211933942,https://finance.yahoo.com/news/tesla-china-made-ev-sales-211933942.html,,
2857,2026-03-08,2026-03-08 08:00:00+00:00,0.3701753728225781,0.47190219163894653,0.06499491637347295,-2.4502296,newkerala.com,Protocol Lapse President Murmus Bengal Visit Centre Asks 593,https://www.newkerala.com/news/a/protocol-lapse-president-murmus-bengal-visit-centre-asks-593.htm,,
2858,2026-03-19,2026-03-19 04:00:00+00:00,0.3701543118564797,0.47346770763397217,0.0602141245240023,2.1367521,thestar.com.my,Eu039S Von Der Leyen To Visit Australia For Likely Trade Deal Conclusion,https://www.thestar.com.my/aseanplus/aseanplus-news/2026/03/19/eu039s-von-der-leyen-to-visit-australia-for-likely-trade-deal-conclusion,,
2859,2026-03-05,2026-03-05 22:00:00+00:00,0.3701350081893967,0.4669184684753418,0.07978462733156139,8.333333,shafaqna.com,Creating Society In China That Supports Childbirth,https://en.shafaqna.com/443280/creating-society-in-china-that-supports-childbirth/,,
2860,2026-03-10,2026-03-10 01:00:00+00:00,0.37013308331692324,0.46890121698379517,0.07382868231630745,-3.053435,freemalaysiatoday.com,Trump Says Iran War Will End Very Soon,https://www.freemalaysiatoday.com/category/world/2026/03/10/trump-says-iran-war-will-end-very-soon,,
2861,2026-03-10,2026-03-10 01:00:00+00:00,0.37013308331692324,0.46890121698379517,0.07382868231630745,-3.0487804,al-monitor.com,Trump Says Iran War Will End Very Soon,https://www.al-monitor.com/originals/2026/03/trump-says-iran-war-will-end-very-soon,,
2862,2026-03-10,2026-03-10 02:00:00+00:00,0.37008256119353417,0.4597463011741638,0.1010913412516453,9.259259,telecomlead.com,Telecom News Mwc 2026 Ethio Telecom Huawei Zte Nokia Ericsson Safaricom China Telecom 125077,https://telecomlead.com/news/telecom-news-mwc-2026-ethio-telecom-huawei-zte-nokia-ericsson-safaricom-china-telecom-125077,,
2863,2026-03-24,2026-03-24 15:00:00+00:00,0.36999271662936795,0.4645632803440094,0.08628102548544365,-0.7905138,express.co.uk,China Dogs Animal Cruelty Animal Rescue,https://www.express.co.uk/news/world/2185966/China-dogs-animal-cruelty-animal-rescue,,
2864,2026-03-04,2026-03-04 05:00:00+00:00,0.3699826893178035,0.4608086943626404,0.09750467418329284,0.99667776,mangalorean.com,Rss Chief Mohan Bhagwat To Visit Gujarat Today,https://www.mangalorean.com/rss-chief-mohan-bhagwat-to-visit-gujarat-today/,,
2865,2026-03-24,2026-03-24 21:00:00+00:00,0.3699430035937484,0.47264936566352844,0.061823917384408254,2.1039605,thecable.ng,From Intent To Outcomes Tinubus State Visit To The Uk,https://www.thecable.ng/from-intent-to-outcomes-tinubus-state-visit-to-the-uk/,,
2866,2026-03-08,2026-03-08 07:00:00+00:00,0.36985871418230193,0.46547454595565796,0.0830112188622338,-3.7181995,eturbonews.com,China Eastern Airlines B737 Crashed,https://eturbonews.com/china-eastern-airlines-b737-crashed/,,
2867,2026-03-13,2026-03-13 05:00:00+00:00,0.3698512564242495,0.46015915274620056,0.09892756745839633,-1.1398964,macaudailytimes.com.mo,China Adopts An Ethnic Unity Law That Critics Say Will Cement Assimilation,https://macaudailytimes.com.mo/china-adopts-an-ethnic-unity-law-that-critics-say-will-cement-assimilation.html,,
2868,2026-03-12,2026-03-12 12:00:00+00:00,0.3698512564242495,0.46015915274620056,0.09892756745839633,3.7037036,ctvnews.ca,China Adopts An Ethnic Unity Law That Critics Say Will Cement Assimilation,https://www.ctvnews.ca/world/article/china-adopts-an-ethnic-unity-law-that-critics-say-will-cement-assimilation/,,
2869,2026-03-12,2026-03-12 11:00:00+00:00,0.3698512564242495,0.46015915274620056,0.09892756745839633,-1.4409221,cp24.com,China Adopts An Ethnic Unity Law That Critics Say Will Cement Assimilation,https://www.cp24.com/news/world/2026/03/12/china-adopts-an-ethnic-unity-law-that-critics-say-will-cement-assimilation/,,
2870,2026-03-12,2026-03-12 21:00:00+00:00,0.3698512564242495,0.46015915274620056,0.09892756745839633,-1.2378426,mb.com.ph,China Adopts An Ethnic Unity Law That Critics Say Will Cement Assimilation,https://mb.com.ph/2026/03/13/china-adopts-an-ethnic-unity-law-that-critics-say-will-cement-assimilation,,
2871,2026-03-23,2026-03-23 09:00:00+00:00,0.36982454104294066,0.4643728733062744,0.08617954425293949,1.0135136,ibtimes.co.uk,Mcdonalds China Humanoid Robots Pilot 1787431,https://www.ibtimes.co.uk/mcdonalds-china-humanoid-robots-pilot-1787431,,
2872,2026-03-18,2026-03-18 14:00:00+00:00,0.3697941273906486,0.4725620746612549,0.06149028557882979,-2.507837,ukrinform.net,4102865 Belarus May Free Political Prisoners After Us Delegation Visit Sergei Tikhanovsky,https://www.ukrinform.net/rubric-polytics/4102865-belarus-may-free-political-prisoners-after-us-delegation-visit-sergei-tikhanovsky.html,,
2873,2026-03-09,2026-03-09 19:00:00+00:00,0.36976679408973945,0.47261953353881836,0.061208575742502824,1.2605042,ibtimes.com.au,Where Does Australia Rank Among Countries Solo Travellers Want Visit 2026 1862398,https://www.ibtimes.com.au/where-does-australia-rank-among-countries-solo-travellers-want-visit-2026-1862398,,
2874,2026-03-18,2026-03-18 13:00:00+00:00,0.3695589112513937,0.4721897542476654,0.06166638226257853,1.0050251,yahoo.com,Nvidia Going Back China 123934923,https://finance.yahoo.com/news/nvidia-going-back-china-123934923.html,,
2875,2026-03-06,2026-03-06 12:00:00+00:00,0.3695517544957398,0.4727213680744171,0.06004291375970774,0.0,oceanfm.ie,President Connolly To Make First Official Visit To Donegal 1122193,https://www.oceanfm.ie/news/president-connolly-to-make-first-official-visit-to-donegal-1122193,,
2876,2026-03-06,2026-03-06 17:00:00+00:00,0.36954216607470536,0.47111523151397705,0.06482296975689031,2.7982328,businessinsider.com,Best Region In Italy To Visit From Frequent Traveler Basilicata 2026 3,https://www.businessinsider.com/best-region-in-italy-to-visit-from-frequent-traveler-basilicata-2026-3,,
2877,2026-03-22,2026-03-22 04:00:00+00:00,0.3695255375355472,0.47078731656074524,0.06574020045995306,8.928572,spotlightnepal.com,China Congratulated Rsp Becoming Largest Party Nepal,https://www.spotlightnepal.com/2026/03/22/china-congratulated-rsp-becoming-largest-party-nepal/,,
2878,2026-03-25,2026-03-25 13:00:00+00:00,0.36946649321422037,0.46752822399139404,0.0752813008826994,-7.894737,independent.co.uk,China Embassy Tokyo Soldier Knife Death Diplomats B2945260,https://www.independent.co.uk/asia/japan/china-embassy-tokyo-soldier-knife-death-diplomats-b2945260.html,,
2879,2026-03-21,2026-03-21 09:00:00+00:00,0.36941877059186695,0.4586413502693176,0.1017510315595149,-7.8431373,panapress.com,Visit To Morocco Of Special Rapp A 630789475 Lang2,http://www.panapress.com/Visit-to-Morocco-of-Special-Rapp-a_630789475-lang2.html,,
2880,2026-03-21,2026-03-21 12:00:00+00:00,0.3693687769426376,0.46076780557632446,0.09517169104157687,1.6666666,shanghainews.net,China Liaoning Kangping Migratory Birds Cn,http://www.shanghainews.net/news/278935198/china-liaoning-kangping-migratory-birds-cn,,
2881,2026-03-22,2026-03-22 17:00:00+00:00,0.36932702764387537,0.46839725971221924,0.07211633143884376,6.6666665,maravipost.com,Zambia Leader Hichilemas Nakonde Visit A Boost For Regional Trade Development,https://www.maravipost.com/zambia-leader-hichilemas-nakonde-visit-a-boost-for-regional-trade-development/,,
2882,2026-03-21,2026-03-21 12:00:00+00:00,0.3693108188761741,0.46069052815437317,0.09517169104157687,4.7058825,shanghainews.net,Amazinganhui China Anhui Hefei Urban Renewal Cn,http://www.shanghainews.net/news/278935291/amazinganhui-china-anhui-hefei-urban-renewal-cn,,
2883,2026-03-09,2026-03-09 17:00:00+00:00,0.36920515023023354,0.4669562578201294,0.07595182746054606,0.2853067,space.com,China First Astronaut Moon Landing Mission Rimae Bode,https://www.space.com/astronomy/moon/china-first-astronaut-moon-landing-mission-rimae-bode,,
2884,2026-03-17,2026-03-17 14:00:00+00:00,0.36913385969837814,0.45982447266578674,0.09706202079615227,2.7272727,mycentralnebraska.com,Lexi Rodriguez To Visit Columbus Lindsay On Sunday,https://www.mycentralnebraska.com/lexi-rodriguez-to-visit-columbus-lindsay-on-sunday/,,
2885,2026-03-08,2026-03-08 08:00:00+00:00,0.3691268550439535,0.4718639850616455,0.060915464990877445,0.40899795,aninews.in,Finnish President Alexander Stubb Concludes India Visit As Ties Elevated To Strategic Partnership20260308121647,https://aninews.in/news/world/asia/finnish-president-alexander-stubb-concludes-india-visit-as-ties-elevated-to-strategic-partnership20260308121647/,,
2886,2026-03-18,2026-03-18 03:00:00+00:00,0.36905353745610964,0.47195273637771606,0.06035594069129027,5.424528,news.tuoitre.vn,European Commissioner Jozef Sikela To Visit Vietnam This Month 103260317180136162,https://news.tuoitre.vn/european-commissioner-jozef-sikela-to-visit-vietnam-this-month-103260317180136162.htm,,
2887,2026-03-06,2026-03-06 16:00:00+00:00,0.36904982612215237,0.46865177154541016,0.0702439898523791,-1.4957265,hottytoddy.com,Mitchell Turner Top Eight Ole Miss Official Visit,https://www.hottytoddy.com/2026/03/06/mitchell-turner-top-eight-ole-miss-official-visit/,,
2888,2026-03-24,2026-03-24 14:00:00+00:00,0.36900746211850266,0.4700019061565399,0.0660241300043908,0.0,shanghainews.net,Vistaningxia China Ningxia Qingtongxia Yellow River Irrigation Cn,http://www.shanghainews.net/news/278941307/vistaningxia-china-ningxia-qingtongxia-yellow-river-irrigation-cn,,
2889,2026-03-22,2026-03-22 15:00:00+00:00,0.3689474428334315,0.47196704149246216,0.059888646856339565,3.0674846,bignewsnetwork.com,China Releases Openclaw Security Guidance For Users Cloud Providers Developers,http://www.bignewsnetwork.com/news/278937336/china-releases-openclaw-security-guidance-for-users-cloud-providers-developers,,
2890,2026-03-13,2026-03-13 22:00:00+00:00,0.36890719047168785,0.4567733705043793,0.10530865037361362,-0.42313117,radaronline.com,Meghan Markle Exploiting Hospitalized Children Chla Visit,https://radaronline.com/p/meghan-markle-exploiting-hospitalized-children-chla-visit/,,
2891,2026-03-19,2026-03-19 13:00:00+00:00,0.3688846948407295,0.47010040283203125,0.06523757086682425,-2.8169014,stripes.com,China Coast Guard Senkaku Islands 21114472,https://www.stripes.com/theaters/asia_pacific/2026-03-19/china-coast-guard-senkaku-islands-21114472.html,,
2892,2026-03-03,2026-03-03 23:00:00+00:00,0.3687110912429018,0.45321303606033325,0.11520525679060734,-4.4678054,independent.co.uk,Trump Neck Rash Cover Makeup B2931369,https://www.independent.co.uk/news/world/americas/us-politics/trump-neck-rash-cover-makeup-b2931369.html,,
2893,2026-03-04,2026-03-04 23:00:00+00:00,0.3686641078816576,0.4531503915786743,0.11520525679060734,-6.2607203,rawstory.com,Trump Impeachment 2675553224,https://www.rawstory.com/trump-impeachment-2675553224/,,
2894,2026-03-12,2026-03-12 00:00:00+00:00,0.36862910682047045,0.4700774550437927,0.06428406215050367,5.6603775,traveldailynews.asia,Tat Trusted Thailand Partnership 360 China,https://www.traveldailynews.asia/organizations/tat-trusted-thailand-partnership-360-china/,,
2895,2026-03-04,2026-03-04 17:00:00+00:00,0.368258378620562,0.46658793091773987,0.0732697217290284,-4.1450777,philstar.com,Nsc Says China Using Filipinos Spying,https://www.philstar.com/headlines/2026/03/05/2512151/nsc-says-china-using-filipinos-spying,,
2896,2026-03-16,2026-03-16 21:00:00+00:00,0.3682462257355457,0.4687798321247101,0.06664540656805265,1.4423077,hottytoddy.com,Ole Miss Recruiting 2027 Safety Official Visit,https://www.hottytoddy.com/2026/03/16/ole-miss-recruiting-2027-safety-official-visit/,,
2897,2026-03-10,2026-03-10 00:00:00+00:00,0.3680950095543989,0.4686996340751648,0.06628113599210121,-2.3381295,aol.com,Ships Brandish China Links Weave 170821348,https://www.aol.com/articles/ships-brandish-china-links-weave-170821348.html,,
2898,2026-03-14,2026-03-14 10:00:00+00:00,0.3680303258189574,0.45253321528434753,0.11452165742278696,-1.4492754,dailystar.co.uk,Controversial Billionaire Preaches Antichrist Visit 36866503,https://www.dailystar.co.uk/news/world-news/controversial-billionaire-preaches-antichrist-visit-36866503,,
2899,2026-03-03,2026-03-03 22:00:00+00:00,0.36799562193114055,0.4695696234703064,0.06327361731364292,5.178571,travelmole.com,Itb China Night Berlin,https://www.travelmole.com/news/itb-china-night-berlin/,,
2900,2026-03-07,2026-03-07 18:00:00+00:00,0.36781077944213597,0.4660124182701111,0.07320586295821073,-3.874092,aninews.in,No Protocol Lapse During Presidents Visit Mamata Banerjee Says Bjp Misusing Countrys Highest Chair20260307223729,https://aninews.in/news/national/politics/no-protocol-lapse-during-presidents-visit-mamata-banerjee-says-bjp-misusing-countrys-highest-chair20260307223729/,,
2901,2026-03-08,2026-03-08 04:00:00+00:00,0.3677229213284639,0.46651095151901245,0.07135883075681827,4.0540543,eturbonews.com,Russia No Foreign Visitors Will Be Allowed In Until May,https://eturbonews.com/russia-no-foreign-visitors-will-be-allowed-in-until-may/,,
2902,2026-03-17,2026-03-17 18:00:00+00:00,0.3677204214409175,0.46143385767936707,0.08658011272556877,-0.33955857,popularmechanics.com,Oracle Bones Typhoons China,https://www.popularmechanics.com/science/archaeology/a70642727/oracle-bones-typhoons-china/,,
2903,2026-03-11,2026-03-11 09:00:00+00:00,0.3677015024453831,0.46585413813591003,0.07324359537380222,-2.1276596,dealstreetasia.com,China Curbs Openclaw Ai 475427,https://www.dealstreetasia.com/stories/china-curbs-openclaw-ai-475427,,
2904,2026-03-08,2026-03-08 18:00:00+00:00,0.3676327039426197,0.46887141466140747,0.06391657178625638,-1.2875537,channelnewsasia.com,Trump Says Will Not Sign Other Legislation Until Voter Act Bill Passed Congress 5979911,https://www.channelnewsasia.com/world/trump-says-will-not-sign-other-legislation-until-voter-act-bill-passed-congress-5979911,,
2905,2026-03-10,2026-03-10 12:00:00+00:00,0.36755787042822546,0.4696895480155945,0.0611628376661184,7.0921984,lemonde.fr,Ig Nobel Prizes Moving To Europe Because Us Unsafe To Visit 6751289 10,https://www.lemonde.fr/en/science/article/2026/03/10/ig-nobel-prizes-moving-to-europe-because-us-unsafe-to-visit_6751289_10.html,,
2906,2026-03-24,2026-03-24 10:00:00+00:00,0.3674995964120022,0.46688246726989746,0.06935098383831637,2.6119404,newsday.co.zw,China Donates 5000Mt Of Rice To Support Vulnerable Communities,https://www.newsday.co.zw/local-news/article/200053053/china-donates-5000mt-of-rice-to-support-vulnerable-communities,,
2907,2026-03-11,2026-03-11 18:00:00+00:00,0.36748798511695774,0.46786850690841675,0.06634641974258076,-1.8716577,swindonadvertiser.co.uk,25924662.Full Details Nigel Farages Upcoming Visit Swindon,https://www.swindonadvertiser.co.uk/news/25924662.full-details-nigel-farages-upcoming-visit-swindon/,,
2908,2026-03-15,2026-03-15 14:00:00+00:00,0.3674291162608593,0.46842658519744873,0.06443670945109103,3.7617555,bignewsnetwork.com,China Launches Institute Of Global Development,http://www.bignewsnetwork.com/news/278923512/china-launches-institute-of-global-development,,
2909,2026-03-07,2026-03-07 22:00:00+00:00,0.36736548194155816,0.4696808457374573,0.06041939055386084,3.5864978,eturbonews.com,Xiamen China Tourism Source Market Seychelles,https://eturbonews.com/xiamen-china-tourism-source-market-seychelles/,,
2910,2026-03-12,2026-03-12 04:00:00+00:00,0.367272059116185,0.4638875126838684,0.07742569841313482,-3.3333333,yahoo.com,Vice President Vance Visit Rocky 034206289,https://www.yahoo.com/news/articles/vice-president-vance-visit-rocky-034206289.html,,
2911,2026-03-25,2026-03-25 11:00:00+00:00,0.3670377158490358,0.46578842401504517,0.07078559135100759,2.8368795,bignewsnetwork.com,Enchantingguangxi China Guangxi Liuzhou Rice Noodles Lyufen Cn,http://www.bignewsnetwork.com/news/278943045/enchantingguangxi-china-guangxi-liuzhou-rice-noodles-lyufen-cn,,
2912,2026-03-25,2026-03-25 11:00:00+00:00,0.3670377158490358,0.46578842401504517,0.07078559135100759,2.8368795,shanghainews.net,Enchantingguangxi China Guangxi Liuzhou Rice Noodles Lyufen Cn,http://www.shanghainews.net/news/278943045/enchantingguangxi-china-guangxi-liuzhou-rice-noodles-lyufen-cn,,
2913,2026-03-10,2026-03-10 12:00:00+00:00,0.366924340663053,0.46447670459747314,0.07426724885979268,-5.3333335,rttnews.com,Oil Prices Retreat As Trump Says Iran War Will End Soon,https://www.rttnews.com/3629337/oil-prices-retreat-as-trump-says-iran-war-will-end-soon.aspx,,
2914,2026-03-16,2026-03-16 06:00:00+00:00,0.36689076909098384,0.468828022480011,0.06107900892390245,2.892562,dailypolitical.com,China Tower Chwrf To Release Quarterly Earnings On Wednesday,https://www.dailypolitical.com/2026/03/15/china-tower-chwrf-to-release-quarterly-earnings-on-wednesday.html,,
2915,2026-03-12,2026-03-12 15:00:00+00:00,0.36686554636615026,0.46266838908195496,0.07945701821873617,-0.3960396,mediaite.com,James Carville Says Trump Ceremony Was Like Message Directly From God Approving Of His Trump Hatred I Am Executing Thy Will,https://www.mediaite.com/media/podcasts/james-carville-says-trump-ceremony-was-like-message-directly-from-god-approving-of-his-trump-hatred-i-am-executing-thy-will/,,
2916,2026-03-24,2026-03-24 07:00:00+00:00,0.3666311911221641,0.4664270877838135,0.0672435011372159,-1.7094017,yahoo.com,China Dials Back Fuel Price 055648633,https://finance.yahoo.com/sectors/energy/articles/china-dials-back-fuel-price-055648633.html,,
2917,2026-03-17,2026-03-17 15:00:00+00:00,0.3666303908886088,0.46710091829299927,0.06521880867543743,-1.7513134,vanityfair.com,Trump Will Take Control Of The Midterms If This Florida Lawyer Gets His Way,https://www.vanityfair.com/news/story/trump-will-take-control-of-the-midterms-if-this-florida-lawyer-gets-his-way,,
2918,2026-03-21,2026-03-21 09:00:00+00:00,0.36662485142390433,0.4646565914154053,0.07252963144940157,2.094241,railfan.com,Up Big Boy To Visit East Coast,https://railfan.com/up-big-boy-to-visit-east-coast/,,
2919,2026-03-11,2026-03-11 09:00:00+00:00,0.3666013644513349,0.4680836796760559,0.06215441877717184,-0.44164038,newsweek.com,China Diego Garcia Us Base Chagos Islands 11648089,https://www.newsweek.com/china-diego-garcia-us-base-chagos-islands-11648089,,
2920,2026-03-17,2026-03-17 17:00:00+00:00,0.3665607129018638,0.4678306579589844,0.06275087773050222,-3.409091,politicalwire.com,China Helps Cuba With Solar Power,https://politicalwire.com/2026/03/17/china-helps-cuba-with-solar-power/,,
2921,2026-03-23,2026-03-23 11:00:00+00:00,0.36655016499027016,0.45470258593559265,0.10209290215430258,0.0,planetf1.com,Charles Leclerc Mercedes Pace China Gp Ferrari Upgrades,https://www.planetf1.com/news/charles-leclerc-mercedes-pace-china-gp-ferrari-upgrades,,
2922,2026-03-03,2026-03-03 22:00:00+00:00,0.36651530548874833,0.46789464354515076,0.06237729131954112,-1.7857143,carbuzz.com,Byd Flash Charge China Mw Charging,https://carbuzz.com/byd-flash-charge-china-mw-charging/,,
2923,2026-03-06,2026-03-06 08:00:00+00:00,0.36643228742705247,0.4595007300376892,0.08722695959514218,0.6060606,indiancooperative.com,Iffco Chairman Md Review Arrangements For Shahs Visit,https://www.indiancooperative.com/co-op-news-snippets/iffco-chairman-md-review-arrangements-for-shahs-visit/,,
2924,2026-03-10,2026-03-10 13:00:00+00:00,0.3663691256252466,0.4648647904396057,0.07088213118216932,-0.7692308,yahoo.com,Analysis China Pins Hopes Society 101553069,https://finance.yahoo.com/news/analysis-china-pins-hopes-society-101553069.html,,
2925,2026-03-10,2026-03-10 10:00:00+00:00,0.36622055797059644,0.4564652144908905,0.09548658840971418,-1.4925373,benzinga.com,Trump Tells House Gop It Will Guarantee The Midterms If Save Act Is Passed You Will Win Every Election For A Long Time,https://www.benzinga.com/news/politics/26/03/51149672/trump-tells-house-gop-it-will-guarantee-the-midterms-if-save-act-is-passed-you-will-win-every-election-for-a-long-time,,
2926,2026-03-05,2026-03-05 19:00:00+00:00,0.3661554010486954,0.46145230531692505,0.08026468824400632,4.1533546,talkingpointsmemo.com,Trump Unceremoniously Boots Noem Says He Will Plop Senator In As Head Of Dhs,https://talkingpointsmemo.com/edblog/trump-unceremoniously-boots-noem-says-he-will-plop-senator-in-as-head-of-dhs,,
2927,2026-03-03,2026-03-03 21:00:00+00:00,0.36615207109206666,0.46459466218948364,0.07082429779981575,-3.0434783,forbes.com,Howard Lutnick Will Testify On Epstein Files After Admitting To Visiting Epsteins Island,https://www.forbes.com/sites/antoniopequenoiv/2026/03/03/howard-lutnick-will-testify-on-epstein-files-after-admitting-to-visiting-epsteins-island/,,
2928,2026-03-14,2026-03-14 09:00:00+00:00,0.3660948423526964,0.4622960686683655,0.07749116340568908,0.0,en.apa.az,Wuf13 Guests Expected To Visit Azerbaijans Liberated Territories 496821,https://en.apa.az/wuf13/wuf13-guests-expected-to-visit-azerbaijans-liberated-territories-496821,,
2929,2026-03-10,2026-03-10 20:00:00+00:00,0.3660879918681601,0.46547046303749084,0.06794057836016794,-5.4455447,arstechnica.com,Trumps Divisive Fda Vaccine Regulator Self Destructs Will Exit Agency Again,https://arstechnica.com/health/2026/03/trumps-divisive-fda-vaccine-regulator-self-destructs-will-exit-agency-again/,,
2930,2026-03-13,2026-03-13 16:00:00+00:00,0.36608511806447974,0.4631490707397461,0.0748932600386807,0.49342105,dailygalaxy.com,Rimae Bode China First Moon Astronaut Landing Site,https://dailygalaxy.com/2026/03/rimae-bode-china-first-moon-astronaut-landing-site/,,
2931,2026-03-17,2026-03-17 20:00:00+00:00,0.36599794623384146,0.467087984085083,0.06272783268011678,-3.5386631,express.co.uk,Poll Should King Charles Still Visit Us,https://www.express.co.uk/news/royal/2183364/poll-should-king-charles-still-visit-US,,
2932,2026-03-25,2026-03-25 12:00:00+00:00,0.365944219112404,0.4646516740322113,0.06982185435298204,-1.3292433,rawstory.com,Navy Vet Abandons Maga Predicts More Will Break With Trump Over Pain Points,https://www.rawstory.com/raw-investigates/navy-vet-abandons-maga-predicts-more-will-break-with-trump-over-pain-points/,,
2933,2026-03-16,2026-03-16 19:00:00+00:00,0.36580864504929156,0.462022602558136,0.07716677252275829,4.43828,theeagleonline.com.ng,Uk Visit Tinubus Reforms Boosting Global Confidence Fg,https://theeagleonline.com.ng/uk-visit-tinubus-reforms-boosting-global-confidence-fg/,,
2934,2026-03-04,2026-03-04 21:00:00+00:00,0.36568811869198736,0.46035903692245483,0.081675364000585,0.16025642,hottytoddy.com,Cade Cooper Ole Miss Official Visit,https://www.hottytoddy.com/2026/03/04/cade-cooper-ole-miss-official-visit/,,
2935,2026-03-18,2026-03-18 17:00:00+00:00,0.3656856601183538,0.46625807881355286,0.06396840403275661,3.654485,shanghainews.net,Delta Synergy Brightening Shine Of China Artificial Sun,http://www.shanghainews.net/news/278929753/delta-synergy-brightening-shine-of-china-artificial-sun,,
2936,2026-03-18,2026-03-18 14:00:00+00:00,0.3656856601183538,0.46625807881355286,0.06396840403275661,3.654485,taiwansun.com,Delta Synergy Brightening Shine Of China Artificial Sun,http://www.taiwansun.com/news/278929753/delta-synergy-brightening-shine-of-china-artificial-sun,,
2937,2026-03-24,2026-03-24 09:00:00+00:00,0.36565350471649893,0.465613454580307,0.06577365512507463,0.34013605,lbc.co.uk,Seven Dogs Stolen China Walk Home 5Hjdwnf 2,https://www.lbc.co.uk/article/seven-dogs-stolen-china-walk-home-5HjdWnF_2/,,
2938,2026-03-22,2026-03-22 01:00:00+00:00,0.3656339597827794,0.4669133424758911,0.06179581170344422,-6.722689,scmp.com,China Food Scandals Factories Use Smelly Insoles Chemically Bleached Chicken Feet Make Snacks,https://www.scmp.com/news/people-culture/trending-china/article/3347051/china-food-scandals-factories-use-smelly-insoles-chemically-bleached-chicken-feet-make-snacks,,
2939,2026-03-10,2026-03-10 01:00:00+00:00,0.36560477410609205,0.46531301736831665,0.06648004431941815,0.8714597,theautochannel.com,1642208 Guizhou S Bridges New Tourism Landmark Southwest China,https://www.theautochannel.com/news/2026/03/09/1642208-guizhou-s-bridges-new-tourism-landmark-southwest-china.html,,
2940,2026-03-10,2026-03-10 10:00:00+00:00,0.36558676678235474,0.4672231078147888,0.06067774368505246,-2.5347507,ktsa.com,Trump Says Iran War Will End Very Soon At Florida News Conference,https://www.ktsa.com/trump-says-iran-war-will-end-very-soon-at-florida-news-conference/,,
2941,2026-03-11,2026-03-11 05:00:00+00:00,0.36558676678235474,0.4672231078147888,0.06067774368505246,-2.545156,wsgw.com,Trump Says Iran War Will End Very Soon At Florida News Conference,https://www.wsgw.com/trump-says-iran-war-will-end-very-soon-at-florida-news-conference/,,
2942,2026-03-15,2026-03-15 13:00:00+00:00,0.3655750605119735,0.4557095170021057,0.09517169104157687,1.9230769,bignewsnetwork.com,China Hebei Shijiazhuang Drum Contest Cn,http://www.bignewsnetwork.com/news/278923412/china-hebei-shijiazhuang-drum-contest-cn,,
2943,2026-03-15,2026-03-15 13:00:00+00:00,0.3655750605119735,0.4557095170021057,0.09517169104157687,1.9230769,shanghainews.net,China Hebei Shijiazhuang Drum Contest Cn,http://www.shanghainews.net/news/278923412/china-hebei-shijiazhuang-drum-contest-cn,,
2944,2026-03-04,2026-03-04 14:00:00+00:00,0.36549552927337337,0.4660525321960449,0.06382452050535876,4.3956046,bignewsnetwork.com,Economylife Nw China Xinjiang Welcomes The Lambing Season,http://www.bignewsnetwork.com/news/278901676/economylife-nw-china-xinjiang-welcomes-the-lambing-season,,
2945,2026-03-04,2026-03-04 14:00:00+00:00,0.36549552927337337,0.4660525321960449,0.06382452050535876,4.4444447,shanghainews.net,Economylife Nw China Xinjiang Welcomes The Lambing Season,http://www.shanghainews.net/news/278901676/economylife-nw-china-xinjiang-welcomes-the-lambing-season,,
2946,2026-03-18,2026-03-18 10:00:00+00:00,0.36548280492146024,0.465846985578537,0.06439026295023008,4.631218,koreatimes.co.kr,Amd Boosts Ties With Samsung Naver During Ceos 1St Korea Visit,https://www.koreatimes.co.kr/business/tech-science/20260318/amd-boosts-ties-with-samsung-naver-during-ceos-1st-korea-visit,,
2947,2026-03-12,2026-03-12 14:00:00+00:00,0.36546375089254746,0.45483577251434326,0.09734768602716005,-1.5243902,roscommonherald.ie,Starmer Visit Raises Expectations He Will Act On High Fuel Costs Sinn F%C3%A9In Arid 90809,https://www.roscommonherald.ie/starmer-visit-raises-expectations-he-will-act-on-high-fuel-costs-sinn-f%C3%A9in_arid-90809.html,,
2948,2026-03-12,2026-03-12 15:00:00+00:00,0.36546375089254746,0.45483577251434326,0.09734768602716005,-1.5243902,waterford-news.ie,Starmer Visit Raises Expectations He Will Act On High Fuel Costs Sinn F%C3%A9In Arid 90809,https://www.waterford-news.ie/starmer-visit-raises-expectations-he-will-act-on-high-fuel-costs-sinn-f%C3%A9in_arid-90809.html,,
2949,2026-03-12,2026-03-12 13:00:00+00:00,0.36546375089254746,0.45483577251434326,0.09734768602716005,-1.5243902,kildare-nationalist.ie,Starmer Visit Raises Expectations He Will Act On High Fuel Costs Sinn F%C3%A9In Arid 90809,https://www.kildare-nationalist.ie/news/starmer-visit-raises-expectations-he-will-act-on-high-fuel-costs-sinn-f%C3%A9in_arid-90809.html,,
2950,2026-03-12,2026-03-12 13:00:00+00:00,0.36546375089254746,0.45483577251434326,0.09734768602716005,-1.5243902,westernpeople.ie,Starmer Visit Raises Expectations He Will Act On High Fuel Costs Sinn F%C3%A9In Arid 90809,https://www.westernpeople.ie/starmer-visit-raises-expectations-he-will-act-on-high-fuel-costs-sinn-f%C3%A9in_arid-90809.html,,
2951,2026-03-09,2026-03-09 11:00:00+00:00,0.3654054120121311,0.46624594926834106,0.06288380024350122,-1.4792899,asiaone.com,Girl China Viral Note Parents 150 Cash,https://www.asiaone.com:443/china/girl-china-viral-note-parents-150-cash,,
2952,2026-03-09,2026-03-09 13:00:00+00:00,0.3654054120121311,0.46624594926834106,0.06288380024350122,-1.4792899,asiaone.com,Girl China Viral Note Parents 150 Cash,https://www.asiaone.com/china/girl-china-viral-note-parents-150-cash,,
2953,2026-03-21,2026-03-21 02:00:00+00:00,0.36525136751685466,0.46622341871261597,0.0623352139295707,4.1666665,thegamenashville.com,Okc Wont Make White House Visit Cites Timing,https://www.thegamenashville.com/2026/03/20/okc-wont-make-white-house-visit-cites-timing/,,
2954,2026-03-18,2026-03-18 15:00:00+00:00,0.36524058955168975,0.4655265808105469,0.06438261577511845,2.8248587,yahoo.com,Nvidia May Slipping Back China 151303476,https://finance.yahoo.com/news/nvidia-may-slipping-back-china-151303476.html,,
2955,2026-03-24,2026-03-24 05:00:00+00:00,0.365218072091838,0.4658510088920593,0.06331926169117393,1.9067796,harwichandmanningtreestandard.co.uk,25958054.Essex Virginia Beach Trade Relations Discussed Visit,https://www.harwichandmanningtreestandard.co.uk/news/25958054.essex-virginia-beach-trade-relations-discussed-visit/,,
2956,2026-03-24,2026-03-24 05:00:00+00:00,0.365218072091838,0.4658510088920593,0.06331926169117393,1.9067796,maldonandburnhamstandard.co.uk,25958054.Essex Virginia Beach Trade Relations Discussed Visit,https://www.maldonandburnhamstandard.co.uk/news/25958054.essex-virginia-beach-trade-relations-discussed-visit/,,
2957,2026-03-24,2026-03-24 07:00:00+00:00,0.365218072091838,0.4658510088920593,0.06331926169117393,1.9067796,halsteadgazette.co.uk,25958054.Essex Virginia Beach Trade Relations Discussed Visit,https://www.halsteadgazette.co.uk/news/25958054.essex-virginia-beach-trade-relations-discussed-visit/,,
2958,2026-03-24,2026-03-24 08:00:00+00:00,0.365218072091838,0.4658510088920593,0.06331926169117393,1.9067796,dunmowbroadcast.co.uk,25958054.Essex Virginia Beach Trade Relations Discussed Visit,https://www.dunmowbroadcast.co.uk/news/25958054.essex-virginia-beach-trade-relations-discussed-visit/,,
2959,2026-03-24,2026-03-24 09:00:00+00:00,0.365218072091838,0.4658510088920593,0.06331926169117393,1.9067796,clactonandfrintongazette.co.uk,25958054.Essex Virginia Beach Trade Relations Discussed Visit,https://www.clactonandfrintongazette.co.uk/news/25958054.essex-virginia-beach-trade-relations-discussed-visit/,,
2960,2026-03-24,2026-03-24 09:00:00+00:00,0.365218072091838,0.4658510088920593,0.06331926169117393,1.9067796,braintreeandwithamtimes.co.uk,25958054.Essex Virginia Beach Trade Relations Discussed Visit,https://www.braintreeandwithamtimes.co.uk/news/25958054.essex-virginia-beach-trade-relations-discussed-visit/,,
2961,2026-03-24,2026-03-24 09:00:00+00:00,0.365218072091838,0.4658510088920593,0.06331926169117393,1.9067796,chelmsfordweeklynews.co.uk,25958054.Essex Virginia Beach Trade Relations Discussed Visit,https://www.chelmsfordweeklynews.co.uk/news/25958054.essex-virginia-beach-trade-relations-discussed-visit/,,
2962,2026-03-24,2026-03-24 08:00:00+00:00,0.365218072091838,0.4658510088920593,0.06331926169117393,1.750547,gazette-news.co.uk,25958054.Essex Virginia Beach Trade Relations Discussed Visit,https://www.gazette-news.co.uk/news/25958054.essex-virginia-beach-trade-relations-discussed-visit/,,
2963,2026-03-22,2026-03-22 06:00:00+00:00,0.3652052001324203,0.46063750982284546,0.0789082710611449,1.4084507,yahoo.com,Greenridge Maintains Hold Rating China 222927094,https://finance.yahoo.com/markets/stocks/articles/greenridge-maintains-hold-rating-china-222927094.html,,
2964,2026-03-06,2026-03-06 16:00:00+00:00,0.36510268302944704,0.4621575176715851,0.07393817910303291,1.1278195,icrc.org,Kazakhstan Icrc President Concludes Official Visit Astana,https://www.icrc.org/en/news-release/kazakhstan-icrc-president-concludes-official-visit-astana,,
2965,2026-03-18,2026-03-18 21:00:00+00:00,0.36503390985982376,0.46479788422584534,0.06574198676175895,1.459854,shanghainews.net,Spain Guadalajara China Bronze Civilization Exhibition,http://www.shanghainews.net/news/278930227/spain-guadalajara-china-bronze-civilization-exhibition,,
2966,2026-03-18,2026-03-18 20:00:00+00:00,0.36503390985982376,0.46479788422584534,0.06574198676175895,1.459854,chinanationalnews.com,Spain Guadalajara China Bronze Civilization Exhibition,http://www.chinanationalnews.com/news/278930227/spain-guadalajara-china-bronze-civilization-exhibition,,
2967,2026-03-18,2026-03-18 17:00:00+00:00,0.36503390985982376,0.46479788422584534,0.06574198676175895,1.459854,cambodiantimes.com,Spain Guadalajara China Bronze Civilization Exhibition,http://www.cambodiantimes.com/news/278930227/spain-guadalajara-china-bronze-civilization-exhibition,,
2968,2026-03-18,2026-03-18 19:00:00+00:00,0.36503390985982376,0.46479788422584534,0.06574198676175895,1.459854,mexicostar.com,Spain Guadalajara China Bronze Civilization Exhibition,http://www.mexicostar.com/news/278930227/spain-guadalajara-china-bronze-civilization-exhibition,,
2969,2026-03-10,2026-03-10 01:00:00+00:00,0.364976558526113,0.46380507946014404,0.06849099572401976,-0.36429873,televisual.com,Bbc Books Brook Lappings Us China Doc,https://www.televisual.com/news/bbc-books-brook-lappings-us-china-doc/,,
2970,2026-03-19,2026-03-19 22:00:00+00:00,0.3649295149474467,0.45683610439300537,0.08920974661077068,-0.31397173,insideevs.com,Xiaomi Yu7 Gt Miit China Exposed,https://insideevs.com:443/news/790563/xiaomi-yu7-gt-miit-china-exposed/,,
2971,2026-03-06,2026-03-06 06:00:00+00:00,0.36474606580259217,0.4544106721878052,0.09575224664695317,1.2145749,yahoo.com,China Approves Pfizer Glp 1 054008303,https://finance.yahoo.com/news/china-approves-pfizer-glp-1-054008303.html,,
2972,2026-03-13,2026-03-13 06:00:00+00:00,0.3647314165280359,0.45970988273620605,0.07979601790352554,-3.75,yahoo.com,China Stockpiles Soften Blow Global 200000733,https://finance.yahoo.com/news/china-stockpiles-soften-blow-global-200000733.html,,
2973,2026-03-10,2026-03-10 22:00:00+00:00,0.3647220468936857,0.46417227387428284,0.06637136595189431,0.390625,reviewjournal.com,Most Las Vegas Tourists Are Satisfied Will Return 2025 Visitor Report Says 3720304,https://www.reviewjournal.com/business/tourism/most-las-vegas-tourists-are-satisfied-will-return-2025-visitor-report-says-3720304/,,
2974,2026-03-09,2026-03-09 10:00:00+00:00,0.36470411994825286,0.4649449586868286,0.06398160373252555,0.8733624,prnewswire.com,Guizhous Bridges A New Tourism Landmark In Southwest China 302707974,https://www.prnewswire.com/news-releases/guizhous-bridges-a-new-tourism-landmark-in-southwest-china-302707974.html,,
2975,2026-03-05,2026-03-05 05:00:00+00:00,0.36465613852764667,0.4582039713859558,0.08401263995271925,0.36036035,jamestown.org,Tokayevs Visit To Islamabad Elevates Kazakhstan Pakistan Relations,http://jamestown.org/tokayevs-visit-to-islamabad-elevates-kazakhstan-pakistan-relations/,,
2976,2026-03-16,2026-03-16 18:00:00+00:00,0.36460187097894353,0.465854287147522,0.06084462247320817,3.6474164,townandcountrymag.com,Queen Mary Denmark Hair Brooch Australia State Visit 2026,https://www.townandcountrymag.com/society/tradition/a70757910/queen-mary-denmark-hair-brooch-australia-state-visit-2026/,,
2977,2026-03-11,2026-03-11 08:00:00+00:00,0.3645879790907588,0.4623415768146515,0.07132718591908078,-3.8961039,aninews.in,Will Deliver Long Speech Empty Promises Cpi Mp P Sandosh On Pm Modis Upcoming Kerala Tamil Nadu Visits20260311114451,https://aninews.in/news/national/politics/will-deliver-long-speech-empty-promises-cpi-mp-p-sandosh-on-pm-modis-upcoming-kerala-tamil-nadu-visits20260311114451/,,
2978,2026-03-04,2026-03-04 09:00:00+00:00,0.3645815347768956,0.46350085735321045,0.06782356704795105,-1.5536723,rte.ie,1561548 China Factory Data,https://www.rte.ie/news/business/2026/0304/1561548-china-factory-data/,,
2979,2026-03-13,2026-03-13 10:00:00+00:00,0.3645595928412842,0.46170157194137573,0.07313365554100955,-4.1509433,blueprint.ng,Venezuela Cancels Interim Presidents First Foreign Visit To Colombia,https://blueprint.ng/venezuela-cancels-interim-presidents-first-foreign-visit-to-colombia/,,
2980,2026-03-25,2026-03-25 05:00:00+00:00,0.36453572406226015,0.4651656150817871,0.0626460510036793,-3.3932135,hindustantimes.com,Iran Willing To Negotiate But Will Only Talk To This Person Its Not Trump Jd Vance Kushner 101774410235788,https://www.hindustantimes.com/world-news/iran-willing-to-negotiate-but-will-only-talk-to-this-person-its-not-trump-jd-vance-kushner-101774410235788.html,,
2981,2026-03-10,2026-03-10 10:00:00+00:00,0.3645027166643787,0.45193636417388916,0.10220177413584743,-1.4925373,benzinga.com,Trump Tells House Gop It Will Guarantee The Midterms If Save Act Is Passed You Will Win Every Elect,https://www.benzinga.com/news/politics/26/03/51149672/trump-tells-house-gop-it-will-guarantee-the-midterms-if-save-act-is-passed-you-will-win-every-elect,,
2982,2026-03-16,2026-03-16 07:00:00+00:00,0.36450047603843766,0.4624718129634857,0.07058646526329339,0.0,digitimes.com,China Ai Agent Software Cybersecurity,https://www.digitimes.com/news/a20260311PD220/china-ai-agent-software-cybersecurity.html,,
2983,2026-03-10,2026-03-10 19:00:00+00:00,0.36441045545961176,0.46290647983551025,0.06892238233191633,1.3452915,dailysabah.com,Un Chief Guterres To Visit Turkiye For Annual Ramadan Solidarity Trip,https://www.dailysabah.com/politics/diplomacy/un-chief-guterres-to-visit-turkiye-for-annual-ramadan-solidarity-trip,,
2984,2026-03-19,2026-03-19 20:00:00+00:00,0.36440900213202604,0.46492502093315125,0.06286094572865036,0.0,dailykos.com,Trump S First Iran War Funding Request Will Cost 555 Per American And That S Only The Beginning,https://www.dailykos.com/stories/2026/3/19/2373899/-Trump-s-First-Iran-War-Funding-Request-Will-Cost-555-Per-American-and-That-s-Only-the-Beginning,,
2985,2026-03-10,2026-03-10 20:00:00+00:00,0.364383592636997,0.4643092453479767,0.06460663450405792,-9.486608,thedailybeast.com,Gop Senator Rand Paul Warns Trump War Will Spell Disaster For Republicans,https://www.thedailybeast.com/gop-senator-rand-paul-warns-trump-war-will-spell-disaster-for-republicans/,,
2986,2026-03-10,2026-03-10 21:00:00+00:00,0.36432287757397896,0.46403101086616516,0.06519847769742032,-0.55658627,yahoo.com,China Amps 2026 Defense Budget 093606810,https://www.yahoo.com/news/articles/china-amps-2026-defense-budget-093606810.html,,
2987,2026-03-09,2026-03-09 09:00:00+00:00,0.36422273447228376,0.4546188712120056,0.09303432425311822,4.9261084,eturbonews.com,Italian Motor Yacht Builder Expands China,https://eturbonews.com/italian-motor-yacht-builder-expands-china/,,
2988,2026-03-10,2026-03-10 10:00:00+00:00,0.36421649642860277,0.46199461817741394,0.07088213118216932,-0.7692308,yahoo.com,Analysis China Pins Hopes Society 101553891,https://finance.yahoo.com/news/analysis-china-pins-hopes-society-101553891.html,,
2989,2026-03-18,2026-03-18 09:00:00+00:00,0.3642110731212807,0.46554338932037354,0.0602141245240023,2.173913,chronicle.lu,60167 Eus Von Der Leyen To Visit Australia For Likely Trade Deal Conclusion,https://www.chronicle.lu/category/international-news/60167-eus-von-der-leyen-to-visit-australia-for-likely-trade-deal-conclusion,,
2990,2026-03-04,2026-03-04 21:00:00+00:00,0.3641449396758526,0.4650731384754181,0.061360343277156046,-4.512635,mediaite.com,Cnn Analyst Says The World Will Think Us Is Guilty Of Killing School Girls After Trump Pentagon Presser,https://www.mediaite.com/media/news/cnn-analyst-says-the-world-will-think-us-is-guilty-of-killing-school-girls-after-trump-pentagon-presser/,,
2991,2026-03-16,2026-03-16 16:00:00+00:00,0.36411958139313877,0.4601362347602844,0.07606962129170171,4.2038217,siu.edu,"031626 1,400 Students To Visit Siu For World Languages And Cultures Day","https://news.siu.edu/2026/03/031626-1,400-students-to-visit-siu-for-world-languages-and-cultures-day.php",,
2992,2026-03-16,2026-03-16 09:00:00+00:00,0.36395295164923214,0.45917725563049316,0.07828003970544903,-1.8018018,miningmx.com,64682 Munition Metal Tungsten Surges Amid China Squeeze,https://www.miningmx.com/trending/64682-munition-metal-tungsten-surges-amid-china-squeeze/,,
2993,2026-03-18,2026-03-18 22:00:00+00:00,0.3639375622312219,0.4554443955421448,0.08941706229845334,-0.92807424,si.com,Pittsburgh Steelers Overlooking Major Concern New Denzel Boston Visit,https://www.si.com/nfl/steelers/onsi/news/pittsburgh-steelers-overlooking-major-concern-new-denzel-boston-visit,,
2994,2026-03-17,2026-03-17 09:00:00+00:00,0.363934895129816,0.4650881290435791,0.06047519338852673,0.20876826,primetimer.com,Who Is Neal Dunn And What Happened To Him Trump Reveals Florida Congressman Will Be Dead By June,https://www.primetimer.com/news/who-is-neal-dunn-and-what-happened-to-him-trump-reveals-florida-congressman-will-be-dead-by-june,,
2995,2026-03-18,2026-03-18 23:00:00+00:00,0.36365914283679074,0.4606747627258301,0.07261228316967269,-1.928934,argusmedia.com,Iron Ore Price China Benchmark Shift,https://www.argusmedia.com/en/news-and-insights/market-opinion-and-analysis-blog/iron-ore-price-china-benchmark-shift,,
2996,2026-03-12,2026-03-12 19:00:00+00:00,0.3635630521103113,0.46329057216644287,0.06438049194191671,-4.242424,dailysabah.com,Canadas Foreign Minister To Visit Turkiye For Talks On Iran War,https://www.dailysabah.com/politics/diplomacy/canadas-foreign-minister-to-visit-turkiye-for-talks-on-iran-war,,
2997,2026-03-06,2026-03-06 14:00:00+00:00,0.3635445617365056,0.4614245593547821,0.06990456888167626,4.424779,milwaukeesun.com,China Xinjiang Spring Farming Preparation Cn,http://www.milwaukeesun.com/news/278905712/china-xinjiang-spring-farming-preparation-cn,,
2998,2026-03-06,2026-03-06 13:00:00+00:00,0.3635445617365056,0.4614245593547821,0.06990456888167626,4.424779,sanantoniopost.com,China Xinjiang Spring Farming Preparation Cn,http://www.sanantoniopost.com/news/278905712/china-xinjiang-spring-farming-preparation-cn,,
2999,2026-03-06,2026-03-06 15:00:00+00:00,0.3635445617365056,0.4614245593547821,0.06990456888167626,4.424779,pakistantelegraph.com,China Xinjiang Spring Farming Preparation Cn,http://www.pakistantelegraph.com/news/278905712/china-xinjiang-spring-farming-preparation-cn,,
3000,2026-03-06,2026-03-06 12:00:00+00:00,0.3635445617365056,0.4614245593547821,0.06990456888167626,4.424779,bignewsnetwork.com,China Xinjiang Spring Farming Preparation Cn,http://www.bignewsnetwork.com/news/278905712/china-xinjiang-spring-farming-preparation-cn,,
3001,2026-03-06,2026-03-06 16:00:00+00:00,0.3635445617365056,0.4614245593547821,0.06990456888167626,4.424779,iraqsun.com,China Xinjiang Spring Farming Preparation Cn,http://www.iraqsun.com/news/278905712/china-xinjiang-spring-farming-preparation-cn,,
3002,2026-03-06,2026-03-06 13:00:00+00:00,0.3635445617365056,0.4614245593547821,0.06990456888167626,4.424779,mexicostar.com,China Xinjiang Spring Farming Preparation Cn,http://www.mexicostar.com/news/278905712/china-xinjiang-spring-farming-preparation-cn,,
3003,2026-03-06,2026-03-06 12:00:00+00:00,0.3635445617365056,0.4614245593547821,0.06990456888167626,4.424779,calcuttanews.net,China Xinjiang Spring Farming Preparation Cn,http://www.calcuttanews.net/news/278905712/china-xinjiang-spring-farming-preparation-cn,,
3004,2026-03-06,2026-03-06 14:00:00+00:00,0.3635445617365056,0.4614245593547821,0.06990456888167626,4.424779,shanghainews.net,China Xinjiang Spring Farming Preparation Cn,http://www.shanghainews.net/news/278905712/china-xinjiang-spring-farming-preparation-cn,,
3005,2026-03-24,2026-03-24 04:00:00+00:00,0.3635076166840258,0.4615616798400879,0.06934542721583949,1.4414414,newkerala.com,Bjp Chief Nitin Nabin Begin Two Day Bengal Visit 758,https://www.newkerala.com/news/a/bjp-chief-nitin-nabin-begin-two-day-bengal-visit-758.htm,,
3006,2026-03-13,2026-03-13 01:00:00+00:00,0.3633528724414795,0.4595901668071747,0.07464098934439405,0.0,philstar.com,China Banking Corporation Notice Annual Stockholders Meeting,https://www.philstar.com/business/biz-memos/2026/03/13/2513585/china-banking-corporation-notice-annual-stockholders-meeting,,
3007,2026-03-16,2026-03-16 04:00:00+00:00,0.3633369145930966,0.4509589672088623,0.1004707567457993,3.6697247,variety.com,China Box Office Pegasus 3 Goat 1236689690,https://variety.com/2026/film/box-office/china-box-office-pegasus-3-goat-1236689690/,,
3008,2026-03-16,2026-03-16 04:00:00+00:00,0.3633369145930966,0.4509589672088623,0.1004707567457993,3.6697247,variety.com,China Box Office Pegasus 3 Goat 1236689690,https://variety.com/2026/film/news/china-box-office-pegasus-3-goat-1236689690/,,
3009,2026-03-21,2026-03-21 08:00:00+00:00,0.3632988942267319,0.4596526622772217,0.07423759007526247,-6.4192576,ghanamma.com,Maiduguri Bombings And The Tinubu State Visit,https://www.ghanamma.com/2026/03/21/maiduguri-bombings-and-the-tinubu-state-visit/,,
3010,2026-03-07,2026-03-07 22:00:00+00:00,0.36315456074745117,0.4640067517757416,0.06059798766257995,-3.775216,pakistantoday.com.pk,Iran Vows Will Never Bow As Trump Threatens Very Hard Strikes Amid Soaring Middle East Conflict,https://www.pakistantoday.com.pk/2026/03/08/iran-vows-will-never-bow-as-trump-threatens-very-hard-strikes-amid-soaring-middle-east-conflict,,
3011,2026-03-22,2026-03-22 03:00:00+00:00,0.36312806405386266,0.461642861366272,0.06758367211663474,1.291513,indianexpress.com,Punjab Cm Bhagwant Mann Moga Visit School Of Eminence 2027 Elections 10594798,https://indianexpress.com/article/cities/chandigarh/punjab-cm-bhagwant-mann-moga-visit-school-of-eminence-2027-elections-10594798/,,
3012,2026-03-15,2026-03-15 05:00:00+00:00,0.36310674572748436,0.45179468393325806,0.09704293111016327,-1.2320329,newsbusters.org,Nbc Fearful Kim Will Flatter Trump Giving Too Much,https://www.newsbusters.org/blogs/nb/nicholas-fondacaro/2019/02/26/nbc-fearful-kim-will-flatter-trump-giving-too-much,,
3013,2026-03-17,2026-03-17 11:00:00+00:00,0.36291271736640324,0.4625263810157776,0.06407172641828018,5.0704226,chimpreports.com,Vatican Releases Pope Leo Xivs African Visit Itinerary Mottos,https://chimpreports.com/vatican-releases-pope-leo-xivs-african-visit-itinerary-mottos/,,
3014,2026-03-24,2026-03-24 01:00:00+00:00,0.36287248814842826,0.45903280377388,0.07439154127207312,-5.5555553,chiangraitimes.com,China Power Bank Scams,https://www.chiangraitimes.com/china/china-power-bank-scams/,,
3015,2026-03-23,2026-03-23 12:00:00+00:00,0.36282858469040946,0.4636757969856262,0.060286947804759204,5.263158,thecable.ng,Soft Diplomacy Tinubus State Visit To The Uk,https://www.thecable.ng/soft-diplomacy-tinubus-state-visit-to-the-uk/,,
3016,2026-03-25,2026-03-25 19:00:00+00:00,0.3628226526492497,0.45017752051353455,0.1007580490563951,2.3076923,bernews.com,Minister Adams Uk Infrastructure Visit,https://bernews.com/2026/03/minister-adams-uk-infrastructure-visit/,,
3017,2026-03-16,2026-03-16 14:00:00+00:00,0.36281165199458487,0.4573950171470642,0.07906155653714683,-1.8181819,londonlovesbusiness.com,Starmer Tells Trump Uk Will Not Be Drawn Into Wider War,https://londonlovesbusiness.com/starmer-tells-trump-uk-will-not-be-drawn-into-wider-war/,,
3018,2026-03-24,2026-03-24 06:00:00+00:00,0.36269241301463995,0.46322205662727356,0.061103482176739006,1.2594458,mobihealthnews.com,China Approves Worlds First Implantable Bci,https://www.mobihealthnews.com/news/asia/china-approves-worlds-first-implantable-bci,,
3019,2026-03-20,2026-03-20 08:00:00+00:00,0.3626708337720144,0.4633808135986328,0.06054089429215924,3.2019703,pmnewsnigeria.com,Update Tinubu Now In Lagos After State Visit To Uk,https://pmnewsnigeria.com/2026/03/20/update-tinubu-now-in-lagos-after-state-visit-to-uk/,,
3020,2026-03-13,2026-03-13 15:00:00+00:00,0.36265680187957194,0.46293628215789795,0.061818361044593914,-1.5243902,bignewsnetwork.com,China Grants World First Market Approval For Invasive Bci Product,http://www.bignewsnetwork.com/news/278920387/china-grants-world-first-market-approval-for-invasive-bci-product,,
3021,2026-03-10,2026-03-10 08:00:00+00:00,0.36261755301754534,0.46297577023506165,0.06154290136499645,-4.678999,gdnonline.com,"Iran Says Oil Blockade Will Continue Until Attacks End, Trump Threatens To Escalate Strikes","https://www.gdnonline.com:443/Details/1378117/Iran-says-oil-blockade-will-continue-until-attacks-end,-Trump-threatens-to-escalate-strikes",,
3022,2026-03-13,2026-03-13 18:00:00+00:00,0.3626056100206252,0.4617314636707306,0.06522804907030896,1.4167651,theglobeandmail.com,Article Lotus Geely Electric Vehicles China Canada Eletre,https://www.theglobeandmail.com/drive/mobility/article-lotus-geely-electric-vehicles-china-canada-eletre/,,
3023,2026-03-16,2026-03-16 20:00:00+00:00,0.36259578799712067,0.46236252784729004,0.06329556844661244,-2.8070176,alternet.org,Trump Isolated Iran,https://www.alternet.org/trump-isolated-iran/,,
3024,2026-03-18,2026-03-18 00:00:00+00:00,0.36257739327767585,0.4606117606163025,0.06847429126179604,-2.5878003,slguardian.org,China Slashes Banker Bonuses In Sweeping Financial Crackdown,https://slguardian.org/china-slashes-banker-bonuses-in-sweeping-financial-crackdown/,,
3025,2026-03-11,2026-03-11 10:00:00+00:00,0.3624604347003967,0.4515566825866699,0.09517169104157687,1.2048193,bignewsnetwork.com,China Tree Planting Environment Cn,http://www.bignewsnetwork.com/news/278915316/china-tree-planting-environment-cn,,
3026,2026-03-11,2026-03-11 10:00:00+00:00,0.3624604347003967,0.4515566825866699,0.09517169104157687,1.2048193,singaporestar.com,China Tree Planting Environment Cn,http://www.singaporestar.com/news/278915316/china-tree-planting-environment-cn,,
3027,2026-03-11,2026-03-11 12:00:00+00:00,0.3624604347003967,0.4515566825866699,0.09517169104157687,1.2048193,shanghainews.net,China Tree Planting Environment Cn,http://www.shanghainews.net/news/278915316/china-tree-planting-environment-cn,,
3028,2026-03-11,2026-03-11 11:00:00+00:00,0.3624604347003967,0.4515566825866699,0.09517169104157687,1.2048193,japanherald.com,China Tree Planting Environment Cn,http://www.japanherald.com/news/278915316/china-tree-planting-environment-cn,,
3029,2026-03-11,2026-03-11 10:00:00+00:00,0.3624604347003967,0.4515566825866699,0.09517169104157687,1.2048193,taiwansun.com,China Tree Planting Environment Cn,http://www.taiwansun.com/news/278915316/china-tree-planting-environment-cn,,
3030,2026-03-16,2026-03-16 14:00:00+00:00,0.3624576091689258,0.46009790897369385,0.06953670975462158,-0.13736264,pmnewsnigeria.com,British Troops Will Not Die For Trumps Iran War Warns Starmer,https://pmnewsnigeria.com/2026/03/16/british-troops-will-not-die-for-trumps-iran-war-warns-starmer/,,
3031,2026-03-14,2026-03-14 03:00:00+00:00,0.36234096254418635,0.45625630021095276,0.08059494954388724,0.6535948,interestingengineering.com,China Approves First Commercial Bci Device,https://interestingengineering.com/ai-robotics/china-approves-first-commercial-bci-device,,
3032,2026-03-06,2026-03-06 14:00:00+00:00,0.3622762290650808,0.460025817155838,0.06902746479280913,0.0,shanghainews.net,China Anhui Bearing Production Cn,http://www.shanghainews.net/news/278905766/china-anhui-bearing-production-cn,,
3033,2026-03-10,2026-03-10 11:00:00+00:00,0.36225348671264684,0.46135199069976807,0.06495797475128325,-1.7964072,gazetaexpress.com,Latest Political Developments: Kosovo Commissioner Cancels Planned Visit To Kosovo,https://www.gazetaexpress.com/en/Latest-political-developments:-Kosovo-Commissioner-cancels-planned-visit-to-Kosovo/,,
3034,2026-03-04,2026-03-04 16:00:00+00:00,0.3622393477472568,0.45829540491104126,0.07407117625590352,-4.295302,thedailybeast.com,Panicked Republicans Fear Donald Trumps Fing Nightmare War Will Doom Gop In Midterms,https://www.thedailybeast.com/panicked-republicans-fear-donald-trumps-fing-nightmare-war-will-doom-gop-in-midterms/,,
3035,2026-03-07,2026-03-07 07:00:00+00:00,0.36189295600856086,0.4569743871688843,0.07664866252759071,0.21691974,express.co.uk,Meghan Harry Humiliation Uk Visit,https://www.express.co.uk/news/royal/2179320/meghan-harry-humiliation-uk-visit,,
3036,2026-03-23,2026-03-23 22:00:00+00:00,0.36186387753147325,0.4612278938293457,0.0637718286378559,4.671968,alwihdainfo.com,China S Nev Industry Ascends Global Value Chain A148665,https://www.alwihdainfo.com/China-s-NEV-industry-ascends-global-value-chain_a148665.html,,
3037,2026-03-14,2026-03-14 03:00:00+00:00,0.3618354983796916,0.45945191383361816,0.0689862520179119,-2.6128266,yahoo.com,China Bans Openclaw Government Computers 112000546,https://www.yahoo.com/news/articles/china-bans-openclaw-government-computers-112000546.html,,
3038,2026-03-07,2026-03-07 23:00:00+00:00,0.36165293165125056,0.45620930194854736,0.07798382075936007,1.5151515,freepressjournal.in,Mp News Officials Review Arrangements For Governors Visit,https://www.freepressjournal.in/indore/mp-news-officials-review-arrangements-for-governors-visit,,
3039,2026-03-06,2026-03-06 22:00:00+00:00,0.36164824315947464,0.453505277633667,0.08607713973689768,-3.2894738,channelnewsasia.com,China Obesity Overweight Adults Weight Management Battle Bulge Waistlines 5974846,https://www.channelnewsasia.com/cna-insider/china-obesity-overweight-adults-weight-management-battle-bulge-waistlines-5974846,,
3040,2026-03-04,2026-03-04 09:00:00+00:00,0.3616340650015607,0.4618341326713562,0.061033861992174185,-4.6511626,scmp.com,Fatigue Rewriting Us China Soft Power Contest Starting Asean,https://www.scmp.com/opinion/asia-opinion/article/3344992/fatigue-rewriting-us-china-soft-power-contest-starting-asean,,
3041,2026-03-17,2026-03-17 13:00:00+00:00,0.3616121173660891,0.4580563008785248,0.07227956682878214,-1.8633541,edmontonjournal.com,Tuesdays Letters Overreaction To Police Chiefs Israel Visit,https://edmontonjournal.com:443/opinion/letters/tuesdays-letters-overreaction-to-police-chiefs-israel-visit,,
3042,2026-03-19,2026-03-19 01:00:00+00:00,0.3615428813593855,0.4587244987487793,0.06999802919120415,-3.4482758,maldivesindependent.com,Terror Threat Prompted Cancellation Of Saud Kings Visit To Maldives 129640,https://maldivesindependent.com/politics/terror-threat-prompted-cancellation-of-saud-kings-visit-to-maldives-129640,,
3043,2026-03-12,2026-03-12 05:00:00+00:00,0.3614637419210132,0.45493078231811523,0.08106262072970713,1.2787724,china-briefing.com,China Outbound Direct Invest Odi Tracker,https://www.china-briefing.com/news/china-outbound-direct-invest-odi-tracker/,,
3044,2026-03-12,2026-03-12 21:00:00+00:00,0.3614166553858594,0.4608391523361206,0.06314916453507578,2.4539878,myjoyonline.com,World Bank Group Md To Visit Ghana And Liberia,https://www.myjoyonline.com/world-bank-group-md-to-visit-ghana-and-liberia/,,
3045,2026-03-13,2026-03-13 09:00:00+00:00,0.36139546731696337,0.45805028080940247,0.07143102683964601,8.536586,openpr.com,China Manufactured Hpl Panels Vs Overseas Alternatives Cost,https://www.openpr.com/news/4423436/china-manufactured-hpl-panels-vs-overseas-alternatives-cost,,
3046,2026-03-03,2026-03-03 21:00:00+00:00,0.36139372528305436,0.4566555917263031,0.07560812595330811,-3.030303,capitalgazette.com,Heightened Security Messi Visit To City,https://www.capitalgazette.com/2026/03/03/heightened-security-messi-visit-to-city/,,
3047,2026-03-11,2026-03-11 20:00:00+00:00,0.361351259220059,0.4581427574157715,0.07097676463292166,-0.3649635,theindependent.co.zw,Zimbabwes Smuggled Gold Destined For China,https://theindependent.co.zw/index.php/business/article/4440/zimbabwes-smuggled-gold-destined-for-china,,
3048,2026-03-24,2026-03-24 15:00:00+00:00,0.36127210305944074,0.4602645933628082,0.06429463214933819,-3.2653062,thetimes.com,Afd China Russia Germany Leaks Security S3Vqvdgkx,https://www.thetimes.com/world/europe/article/afd-china-russia-germany-leaks-security-s3vqvdgkx,,
3049,2026-03-21,2026-03-21 20:00:00+00:00,0.3612625924815886,0.4553127884864807,0.07911200446691229,-3.3519554,japanherald.com,Tibetan Govt In Exile Condemn China Ethnic Unity Law Warn It Will Intensify Repression,http://www.japanherald.com/news/278935833/tibetan-govt-in-exile-condemn-china-ethnic-unity-law-warn-it-will-intensify-repression,,
3050,2026-03-22,2026-03-22 00:00:00+00:00,0.3612625924815886,0.4553127884864807,0.07911200446691229,-3.3519554,chinanationalnews.com,Tibetan Govt In Exile Condemn China Ethnic Unity Law Warn It Will Intensify Repression,http://www.chinanationalnews.com/news/278935833/tibetan-govt-in-exile-condemn-china-ethnic-unity-law-warn-it-will-intensify-repression,,
3051,2026-03-21,2026-03-21 20:00:00+00:00,0.3612625924815886,0.4553127884864807,0.07911200446691229,-3.3519554,australiannews.net,Tibetan Govt In Exile Condemn China Ethnic Unity Law Warn It Will Intensify Repression,http://www.australiannews.net/news/278935833/tibetan-govt-in-exile-condemn-china-ethnic-unity-law-warn-it-will-intensify-repression,,
3052,2026-03-21,2026-03-21 21:00:00+00:00,0.3612625924815886,0.4553127884864807,0.07911200446691229,-3.3519554,shanghainews.net,Tibetan Govt In Exile Condemn China Ethnic Unity Law Warn It Will Intensify Repression,http://www.shanghainews.net/news/278935833/tibetan-govt-in-exile-condemn-china-ethnic-unity-law-warn-it-will-intensify-repression,,
3053,2026-03-21,2026-03-21 19:00:00+00:00,0.3612625924815886,0.4553127884864807,0.07911200446691229,-3.3519554,asiabulletin.com,Tibetan Govt In Exile Condemn China Ethnic Unity Law Warn It Will Intensify Repression,http://www.asiabulletin.com/news/278935833/tibetan-govt-in-exile-condemn-china-ethnic-unity-law-warn-it-will-intensify-repression,,
3054,2026-03-21,2026-03-21 22:00:00+00:00,0.3612625924815886,0.4553127884864807,0.07911200446691229,-3.3519554,newzealandstar.com,Tibetan Govt In Exile Condemn China Ethnic Unity Law Warn It Will Intensify Repression,http://www.newzealandstar.com/news/278935833/tibetan-govt-in-exile-condemn-china-ethnic-unity-law-warn-it-will-intensify-repression,,
3055,2026-03-21,2026-03-21 21:00:00+00:00,0.3612625924815886,0.4553127884864807,0.07911200446691229,-3.3519554,cambodiantimes.com,Tibetan Govt In Exile Condemn China Ethnic Unity Law Warn It Will Intensify Repression,http://www.cambodiantimes.com/news/278935833/tibetan-govt-in-exile-condemn-china-ethnic-unity-law-warn-it-will-intensify-repression,,
3056,2026-03-21,2026-03-21 23:00:00+00:00,0.3612625924815886,0.4553127884864807,0.07911200446691229,-3.3519554,singaporestar.com,Tibetan Govt In Exile Condemn China Ethnic Unity Law Warn It Will Intensify Repression,http://www.singaporestar.com/news/278935833/tibetan-govt-in-exile-condemn-china-ethnic-unity-law-warn-it-will-intensify-repression,,
3057,2026-03-21,2026-03-21 22:00:00+00:00,0.3612625924815886,0.4553127884864807,0.07911200446691229,-3.3519554,taiwansun.com,Tibetan Govt In Exile Condemn China Ethnic Unity Law Warn It Will Intensify Repression,http://www.taiwansun.com/news/278935833/tibetan-govt-in-exile-condemn-china-ethnic-unity-law-warn-it-will-intensify-repression,,
3058,2026-03-04,2026-03-04 15:00:00+00:00,0.3610146108412633,0.4551626145839691,0.0785705996131459,1.44,globalnews.ca,Carney Australia Visit,https://globalnews.ca/news/11715758/carney-australia-visit/,,
3059,2026-03-14,2026-03-14 11:00:00+00:00,0.3608329124607488,0.4547727704048157,0.07901333862854798,0.0,crash.net,George Russell Explains Crazy Mercedes Problems After China F1 Recovery,https://www.crash.net/f1/news/1091377/1/george-russell-explains-crazy-mercedes-problems-after-china-f1-recovery,,
3060,2026-03-24,2026-03-24 04:00:00+00:00,0.3607728633879508,0.4540887475013733,0.08082521104768317,-2.3529413,openpr.com,Engineering Guide To Selecting A China Heavy Duty,https://www.openpr.com/news/4436853/engineering-guide-to-selecting-a-china-heavy-duty,,
3061,2026-03-18,2026-03-18 22:00:00+00:00,0.3607575013012432,0.45960158109664917,0.06422526191502521,-1.1441648,si.com,Intriguing Pass Rusher To Visit Bengals Before 2026 Nfl Draft 01Km1Azc1Ekn,https://www.si.com/nfl/bengals/onsi/news/intriguing-pass-rusher-to-visit-bengals-before-2026-nfl-draft-01km1azc1ekn,,
3062,2026-03-19,2026-03-19 14:00:00+00:00,0.3606671901737504,0.45977550745010376,0.0633422383446903,3.7199125,benzinga.com,Pony Ai Teams Up With Chenqi To Scale Robotaxi Rollout In China,https://www.benzinga.com/markets/tech/26/03/51353532/pony-ai-teams-up-with-chenqi-to-scale-robotaxi-rollout-in-china,,
3063,2026-03-14,2026-03-14 00:00:00+00:00,0.36055670184769106,0.458549827337265,0.0665773253789692,-2.479339,dailystar.co.uk,Breaking China Arcade Outrage Real 36864930,https://www.dailystar.co.uk/news/world-news/breaking-china-arcade-outrage-real-36864930,,
3064,2026-03-25,2026-03-25 16:00:00+00:00,0.36054753931898503,0.46055349707603455,0.06052966604783658,1.6795865,calcuttanews.net,Ai Redefines China Booming Micro Drama Industry,http://www.calcuttanews.net/news/278943657/ai-redefines-china-booming-micro-drama-industry,,
3065,2026-03-25,2026-03-25 16:00:00+00:00,0.36054753931898503,0.46055349707603455,0.06052966604783658,1.6795865,shanghainews.net,Ai Redefines China Booming Micro Drama Industry,http://www.shanghainews.net/news/278943657/ai-redefines-china-booming-micro-drama-industry,,
3066,2026-03-24,2026-03-24 16:00:00+00:00,0.3600286820804856,0.4600158631801605,0.06006713878146082,-3.7558684,mediaite.com,Trump Up At Nearly 2 Am To Rip Into Dems On Immigration Ice We Will Fight Them All The Way And Win,https://www.mediaite.com/media/news/trump-up-at-nearly-2-am-to-rip-into-dems-on-immigration-ice-we-will-fight-them-all-the-way-and-win/,,
3067,2026-03-05,2026-03-05 08:00:00+00:00,0.3598201910003453,0.45337432622909546,0.07915778531409483,-1.9851117,lbc.co.uk,John Healey Visit Cyprus War Iran 5Hjdtrb 2,https://www.lbc.co.uk/article/john-healey-visit-cyprus-war-iran-5HjdTrb_2/,,
3068,2026-03-05,2026-03-05 07:00:00+00:00,0.35981182735314005,0.45526355504989624,0.07345664426287143,2.8125,fox5atlanta.com,Brandon Simmons Shaq Henry County Home Visit Dream Trip,https://www.fox5atlanta.com/news/brandon-simmons-shaq-henry-county-home-visit-dream-trip,,
3069,2026-03-15,2026-03-15 19:00:00+00:00,0.3597412409571103,0.45956969261169434,0.060255885993358106,0.72202164,ibtimes.com,Interior Secretary Visit Venezuela Reinforces Us Push Access Countrys Mineral Reserves 3799242,https://www.ibtimes.com/interior-secretary-visit-venezuela-reinforces-us-push-access-countrys-mineral-reserves-3799242,,
3070,2026-03-06,2026-03-06 10:00:00+00:00,0.35971722800109496,0.4554624557495117,0.07248154475584467,-1.9769357,kcur.org,Kansas Governor Will Hand Over Snap Recipient Data To Trump Administration After Long Fight,https://www.kcur.org/politics-elections-and-government/2026-03-06/kansas-governor-will-hand-over-snap-recipient-data-to-trump-administration-after-long-fight,,
3071,2026-03-09,2026-03-09 20:00:00+00:00,0.35971722800109496,0.4554624557495117,0.07248154475584467,-1.9769357,hppr.org,Kansas Governor Will Hand Over Snap Recipient Data To Trump Administration After Long Fight,https://www.hppr.org/hppr-news/2026-03-09/kansas-governor-will-hand-over-snap-recipient-data-to-trump-administration-after-long-fight,,
3072,2026-03-06,2026-03-06 20:00:00+00:00,0.35971722800109496,0.4554624557495117,0.07248154475584467,-1.9769357,kmuw.org,Kansas Governor Will Hand Over Snap Recipient Data To Trump Administration After Long Fight,https://www.kmuw.org/government/2026-03-06/kansas-governor-will-hand-over-snap-recipient-data-to-trump-administration-after-long-fight,,
3073,2026-03-25,2026-03-25 00:00:00+00:00,0.35958692361251143,0.4582533538341522,0.06358763294758904,-15.217391,alipac.us,Trump Blasts Democrats 2 Am Truth Social Post %91We Will Fight Them All Way 437759,https://www.alipac.us/f12/trump-blasts-democrats-2-am-truth-social-post-%91we-will-fight-them-all-way-437759/,,
3074,2026-03-25,2026-03-25 10:00:00+00:00,0.35956680661433793,0.45598942041397095,0.07029896521543891,5.424955,miragenews.com,Ilo China Boost Cooperation For Safer 1643941,https://www.miragenews.com/ilo-china-boost-cooperation-for-safer-1643941/,,
3075,2026-03-05,2026-03-05 15:00:00+00:00,0.3595638072447569,0.4520842432975769,0.08200249908629687,0.0,en.apa.az,Moldovan Foreign Minister To Visit Azerbaijan 495086,https://en.apa.az/foreign-policy/moldovan-foreign-minister-to-visit-azerbaijan-495086,,
3076,2026-03-12,2026-03-12 20:00:00+00:00,0.3595300730965964,0.45764338970184326,0.06519012328085588,3.5608308,mlb.com,Anthony Volpe Discusses Offseason Visit To Philippines,https://www.mlb.com/yankees/news/anthony-volpe-discusses-offseason-visit-to-philippines,,
3077,2026-03-12,2026-03-12 15:00:00+00:00,0.3595300730965964,0.45764338970184326,0.06519012328085588,3.5608308,mlb.com,Anthony Volpe Discusses Offseason Visit To Philippines,https://www.mlb.com/news/anthony-volpe-discusses-offseason-visit-to-philippines,,
3078,2026-03-05,2026-03-05 23:00:00+00:00,0.3595129586582622,0.457780659198761,0.06470985703676585,7.253886,theconservativetreehouse.com,President Trump Announces Senator Markwayne Mullin Will Replace Dhs Secretary Kristi Noem,https://theconservativetreehouse.com/blog/2026/03/05/president-trump-announces-senator-markwayne-mullin-will-replace-dhs-secretary-kristi-noem/,,
3079,2026-03-13,2026-03-13 10:00:00+00:00,0.3594788416387032,0.4564208388328552,0.06865285005624702,8.053691,phnompenhpost.com,Thai King And Queen To Visit Laos Next Week,https://www.phnompenhpost.com/international/thai-king-and-queen-to-visit-laos-next-week,,
3080,2026-03-19,2026-03-19 05:00:00+00:00,0.3594687832442952,0.4503628611564636,0.08678654950778995,2.4232633,newkerala.com,President Droupadi Murmu Visit Ayodhya Offer Prayers Ram 171,https://www.newkerala.com/news/a/president-droupadi-murmu-visit-ayodhya-offer-prayers-ram-171.htm,,
3081,2026-03-17,2026-03-17 05:00:00+00:00,0.3593924373713875,0.456664502620697,0.06757624162345886,6.329114,openpr.com,Top China Cosmetic Ingredient Supplier Aogebio One Stop,https://www.openpr.com/news/4426769/top-china-cosmetic-ingredient-supplier-aogebio-one-stop,,
3082,2026-03-08,2026-03-08 07:00:00+00:00,0.35937264242506267,0.45586153864860535,0.06990595375443459,-0.92378753,yahoo.com,China Bans Another Ev Feature 043000020,https://autos.yahoo.com/ev-and-future-tech/articles/china-bans-another-ev-feature-043000020.html,,
3083,2026-03-05,2026-03-05 03:00:00+00:00,0.35936866965005587,0.45918309688568115,0.05992538794318,2.1709633,prnewswire.com,Guangxi To Further Bolster China Asean Exchanges 302704710,http://www.prnewswire.com/news-releases/guangxi-to-further-bolster-china-asean-exchanges-302704710.html,,
3084,2026-03-17,2026-03-17 18:00:00+00:00,0.35931741384798943,0.4573727250099182,0.06515148036220303,-0.2952756,nationalpost.com,Jack Mintz Why Mark Carney Should Visit Israel,https://nationalpost.com/opinion/jack-mintz-why-mark-carney-should-visit-israel,,
3085,2026-03-20,2026-03-20 12:00:00+00:00,0.359316741836266,0.4588795602321625,0.06062828664857646,-3.3333333,hellenicshippingnews.com,Iron Ore Rises As China Tightens Curbs,https://www.hellenicshippingnews.com/iron-ore-rises-as-china-tightens-curbs/,,
3086,2026-03-05,2026-03-05 00:00:00+00:00,0.35921913101248415,0.4577209949493408,0.06371353920191417,-2.6132405,twitchy.com,Congresswoman Threatens Kristi Noem That She Will Be Held Accountable Once Trump Is Out Of Office N2425690,https://twitchy.com/brettt/2026/03/04/congresswoman-threatens-kristi-noem-that-she-will-be-held-accountable-once-trump-is-out-of-office-n2425690,,
3087,2026-03-08,2026-03-08 22:00:00+00:00,0.35920788685648797,0.45595359802246094,0.06897075335856896,-1.4787431,yahoo.com,Macron Visit Cyprus French Warships 215904139,https://www.yahoo.com/news/articles/macron-visit-cyprus-french-warships-215904139.html,,
3088,2026-03-05,2026-03-05 11:00:00+00:00,0.3588752727684072,0.4575769305229187,0.06277029950487265,-0.78740156,dealstreetasia.com,China State Banks Tech Financing 474854,https://www.dealstreetasia.com/stories/china-state-banks-tech-financing-474854,,
3089,2026-03-05,2026-03-05 09:00:00+00:00,0.35886239195107517,0.45571577548980713,0.06830224133487937,2.0134227,thenews.com.pk,1394643 Steve Daines Will Not Seek Reelection As Trump Endorses Kurt Alme,https://www.thenews.com.pk/latest/1394643-steve-daines-will-not-seek-reelection-as-trump-endorses-kurt-alme,,
3090,2026-03-06,2026-03-06 08:00:00+00:00,0.3588497379159029,0.45581722259521484,0.06794728387796707,-0.5194805,businesstimes.com.sg,Pfizer Secures China Nod Obesity Drug Generics Loom,https://www.businesstimes.com.sg/companies-markets/pfizer-secures-china-nod-obesity-drug-generics-loom,,
3091,2026-03-04,2026-03-04 05:00:00+00:00,0.358835202611132,0.4567054510116577,0.06522445740955482,-5.3805776,politico.eu,Heres How Londoners Will Try To Stop Chinas Massive Embassy,https://www.politico.eu/article/heres-how-londoners-will-try-to-stop-chinas-massive-embassy/,,
3092,2026-03-25,2026-03-25 07:00:00+00:00,0.35876037685245143,0.4559231996536255,0.06727190844892926,1.3888888,themarketsdaily.com,Air China Airyy To Release Earnings On Friday,https://www.themarketsdaily.com/2026/03/25/air-china-airyy-to-release-earnings-on-friday.html,,
3093,2026-03-24,2026-03-24 22:00:00+00:00,0.35863028250897844,0.45143288373947144,0.08022247881749942,2.8947368,asiaone.com,Gan Kim Yong First Visit Germany,https://www.asiaone.com/singapore/gan-kim-yong-first-visit-germany,,
3094,2026-03-25,2026-03-25 00:00:00+00:00,0.35863028250897844,0.45143288373947144,0.08022247881749942,2.8947368,asiaone.com,Gan Kim Yong First Visit Germany,https://www.asiaone.com:443/singapore/gan-kim-yong-first-visit-germany,,
3095,2026-03-19,2026-03-19 10:00:00+00:00,0.3585652061237761,0.4545760154724121,0.07053277807786822,1.4492754,mfa.gov.lv,Foreign Minister Baiba Braze Pay Working Visit Norway,https://www.mfa.gov.lv/en/article/foreign-minister-baiba-braze-pay-working-visit-norway,,
3096,2026-03-21,2026-03-21 16:00:00+00:00,0.35839047559711507,0.45645397901535034,0.06419996534240925,0.0,shanghainews.net,China Xizang Zangser Kangri Glacier World Day For Glaciers Cn,http://www.shanghainews.net/news/278935664/china-xizang-zangser-kangri-glacier-world-day-for-glaciers-cn,,
3097,2026-03-09,2026-03-09 15:00:00+00:00,0.35835915762261894,0.4512034058570862,0.0798264129192173,5.610561,businessghana.com,Mahama On Working Visit To S Korea,http://businessghana.com/site/news/general/344698/Mahama-on-working-visit-to-S-Korea,,
3098,2026-03-16,2026-03-16 02:00:00+00:00,0.35831863190748076,0.4544236660003662,0.07000352962882432,-0.88691795,yahoo.com,China Power Supergrid Gives Xi 230000257,https://finance.yahoo.com/news/china-power-supergrid-gives-xi-230000257.html,,
3099,2026-03-05,2026-03-05 12:00:00+00:00,0.3582766673440175,0.45379388332366943,0.07172501940506162,-0.5042017,scientificamerican.com,Stand Up For Science Will Hold Second Rally Against Trump Administration,https://www.scientificamerican.com/article/stand-up-for-science-will-hold-second-rally-against-trump-administration/,,
3100,2026-03-06,2026-03-06 10:00:00+00:00,0.35825314606759784,0.4556971788406372,0.06592104774847972,3.8961039,chinanationalnews.com,China Guangdong Jiangmen Coffee Festival Cn,http://www.chinanationalnews.com/news/278905428/china-guangdong-jiangmen-coffee-festival-cn,,
3101,2026-03-06,2026-03-06 09:00:00+00:00,0.35825314606759784,0.4556971788406372,0.06592104774847972,3.8961039,shanghainews.net,China Guangdong Jiangmen Coffee Festival Cn,http://www.shanghainews.net/news/278905428/china-guangdong-jiangmen-coffee-festival-cn,,
3102,2026-03-06,2026-03-06 10:00:00+00:00,0.35825314606759784,0.4556971788406372,0.06592104774847972,3.8961039,hongkongherald.com,China Guangdong Jiangmen Coffee Festival Cn,http://www.hongkongherald.com/news/278905428/china-guangdong-jiangmen-coffee-festival-cn,,
3103,2026-03-24,2026-03-24 00:00:00+00:00,0.35821219475000315,0.45614972710609436,0.06439959768172945,4.8,dailytrust.com,Tinubus Visit To Uk Signals Strategic Reset In Bilateral Ties Odumegwu Ojukwu,https://dailytrust.com/tinubus-visit-to-uk-signals-strategic-reset-in-bilateral-ties-odumegwu-ojukwu/,,
3104,2026-03-18,2026-03-18 12:00:00+00:00,0.3581181877025499,0.4551297724246979,0.06708343353610595,0.0,thetimes.com,King Queen Nigerian President State Visit Nvpx87Ljd,https://www.thetimes.com/uk/royal-family/article/king-queen-nigerian-president-state-visit-nvpx87ljd,,
3105,2026-03-03,2026-03-03 22:00:00+00:00,0.358101345252704,0.45585525035858154,0.0648396299350712,-1.1725293,thedailybeast.com,Donald Trumps Favorite General Jack Keane Slaps Down Blathering Fox News Host Will Cain,https://www.thedailybeast.com/donald-trumps-favorite-general-jack-keane-slaps-down-blathering-fox-news-host-will-cain/,,
3106,2026-03-23,2026-03-23 07:00:00+00:00,0.35805516971980683,0.4558689594268799,0.06461380059858766,0.9230769,centralchronicle.com,Pm Modis Japan Visit Ahead Of Sco Summit A Diplomatic Masterstroke,https://www.centralchronicle.com/pm-modis-japan-visit-ahead-of-sco-summit-a-diplomatic-masterstroke/,,
3107,2026-03-25,2026-03-25 07:00:00+00:00,0.3580423197548528,0.454581618309021,0.06842442409234807,16.0,outlookindia.com,Chaitra Navratri 2026 10 Must Visit Temples In India For Divine Blessings,https://www.outlookindia.com/brand-studio/chaitra-navratri-2026-10-must-visit-temples-in-india-for-divine-blessings,,
3108,2026-03-19,2026-03-19 13:00:00+00:00,0.3579424370276698,0.45642155408859253,0.06250508584490165,4.719764,euronews.com,China Unveils Ufo Shaped Evtol Vehicle Capable Of Urban Takeoffs,https://www.euronews.com/next/2026/03/19/china-unveils-ufo-shaped-evtol-vehicle-capable-of-urban-takeoffs,,
3109,2026-03-18,2026-03-18 05:00:00+00:00,0.3577558034452144,0.45647743344306946,0.06159091345164923,0.23364486,channelnewsasia.com,China Tech Giants Alibaba Baidu Openclaw Craze Ai 5999441,https://www.channelnewsasia.com/east-asia/china-tech-giants-alibaba-baidu-openclaw-craze-ai-5999441,,
3110,2026-03-16,2026-03-16 05:00:00+00:00,0.3576224445751118,0.4518511891365051,0.07493621089093165,-3.8034866,asianews.network,China Gala Exposes Chicken Feet Bleaching With Hydrogen Peroxide,https://asianews.network/china-gala-exposes-chicken-feet-bleaching-with-hydrogen-peroxide/,,
3111,2026-03-13,2026-03-13 18:00:00+00:00,0.3575616382787934,0.4529370665550232,0.071435353450104,2.1798365,businessghana.com,"World Bank Md To Visit Ghana, Liberia","http://businessghana.com/site/news/general/344965/World-Bank-MD-to-visit-Ghana,-Liberia",,
3112,2026-03-11,2026-03-11 11:00:00+00:00,0.3574250504623547,0.4554300308227539,0.06341010938115699,2.3809524,bignewsnetwork.com,China Unveils World Strongest Mass Produced Carbon Fiber,http://www.bignewsnetwork.com/news/278915368/china-unveils-world-strongest-mass-produced-carbon-fiber,,
3113,2026-03-09,2026-03-09 21:00:00+00:00,0.3574225271661949,0.45213592052459717,0.07328234709098792,-1.3592232,2paragraphs.com,Schumer Warns Trump There Will Be Total Gridlock In The Senate,https://2paragraphs.com/2026/03/schumer-warns-trump-there-will-be-total-gridlock-in-the-senate/,,
3114,2026-03-04,2026-03-04 17:00:00+00:00,0.35738862744249744,0.4543769359588623,0.06642370189340277,-3.5273368,chinafile.com,What Will Come Out Of Communist Partys Polling People Online,https://www.chinafile.com/conversation/what-will-come-out-of-communist-partys-polling-people-online,,
3115,2026-03-12,2026-03-12 07:00:00+00:00,0.35736238670482784,0.4535392224788666,0.06883187938271168,-3.125,chinatechnews.com,117015 China Expands Land Reclamation At Antelope Reef In South China Sea,https://www.chinatechnews.com/2026/03/12/117015-china-expands-land-reclamation-at-antelope-reef-in-south-china-sea,,
3116,2026-03-14,2026-03-14 09:00:00+00:00,0.35714432196664686,0.4505048096179962,0.07706285901259881,2.0449898,express.co.uk,Best Public Gardens Visit Spring 2026 Uk,https://www.express.co.uk/travel/articles/2179822/best-public-gardens-visit-spring-2026-uk,,
3117,2026-03-17,2026-03-17 03:00:00+00:00,0.3569184053695765,0.45523154735565186,0.06197897941135037,-0.8492569,si.com,Bengals Hosting Intriguing Qb Prospect For Visit As Search For Joe Burrow S Backup Continues 01Kkwmmdfj9Z,https://www.si.com/nfl/bengals/onsi/news/bengals-hosting-intriguing-qb-prospect-for-visit-as-search-for-joe-burrow-s-backup-continues-01kkwmmdfj9z,,
3118,2026-03-17,2026-03-17 03:00:00+00:00,0.3568832129793867,0.4545341432094574,0.06393042228917446,-7.253886,legitgov.org,Trump Officials Privately Fear Iran War Will Grind On Through September As 200 Troops Injured,https://legitgov.org/trump-officials-privately-fear-iran-war-will-grind-on-through-september-as-200-troops-injured/,,
3119,2026-03-11,2026-03-11 14:00:00+00:00,0.356807371389751,0.45351898670196533,0.06667252545310802,2.34375,businessinsider.com,Best Greek Islands To Visit From Local Frequent Traveler 2026 3,https://www.businessinsider.com/best-greek-islands-to-visit-from-local-frequent-traveler-2026-3,,
3120,2026-03-19,2026-03-19 04:00:00+00:00,0.35667697401370485,0.45432138442993164,0.06374374276502456,-0.9302326,dawn.com,Imrans Sons Welcome To Visit Pakistan Using Nicop Tarar,https://www.dawn.com/news/1983599/imrans-sons-welcome-to-visit-pakistan-using-nicop-tarar,,
3121,2026-03-16,2026-03-16 21:00:00+00:00,0.3566265859563618,0.4538845419883728,0.06485271786032897,-1.5486726,lbc.co.uk,Zelensky Visit Starmer Uk Ukraine 5Hjdwpb 2,https://www.lbc.co.uk/article/zelensky-visit-starmer-uk-ukraine-5HjdWPb_2/,,
3122,2026-03-09,2026-03-09 22:00:00+00:00,0.3565985729260295,0.45417433977127075,0.06387127239030573,-0.86580086,marinelink.com,M Barrels Venezuelan Crude Headed China 536725,https://www.marinelink.com/news/m-barrels-venezuelan-crude-headed-china-536725,,
3123,2026-03-11,2026-03-11 13:00:00+00:00,0.3565833815246332,0.45226603746414185,0.06953541370610722,0.9556314,technologyreview.com,China Openclaw Gold Rush,https://www.technologyreview.com/2026/03/11/1134179/china-openclaw-gold-rush/,,
3124,2026-03-05,2026-03-05 05:00:00+00:00,0.35649996744345336,0.4500245451927185,0.07592623419565797,1.183432,orissapost.com,Amit Shah To Visit Odisha For Two Day Tour,https://www.orissapost.com/amit-shah-to-visit-odisha-for-two-day-tour/,,
3125,2026-03-25,2026-03-25 09:00:00+00:00,0.3564999337462087,0.454135924577713,0.06359196125169586,-4.5454545,bignewsnetwork.com,China Lodges Protest With Japan Over Textbooks,http://www.bignewsnetwork.com/news/278942857/china-lodges-protest-with-japan-over-textbooks,,
3126,2026-03-16,2026-03-16 08:00:00+00:00,0.3564889601503393,0.4520028233528137,0.06994737054291619,3.3112583,blueprint.ng,Uk Releases Programme For President Tinubus State Visit,https://blueprint.ng/uk-releases-programme-for-president-tinubus-state-visit/,,
3127,2026-03-08,2026-03-08 21:00:00+00:00,0.3564649557895867,0.45200249552726746,0.06985233657654455,-3.5514019,tribuneindia.com,No State Role In Presidents Visit Mamata,https://www.tribuneindia.com/news/india/no-state-role-in-presidents-visit-mamata/,,
3128,2026-03-04,2026-03-04 18:00:00+00:00,0.35638171766255505,0.4512166976928711,0.0718767775716069,0.6289308,oikoumene.org,Wcc Central Committee Moderator To Visit Norway Churches Share Theological Insight,https://www.oikoumene.org/news/wcc-central-committee-moderator-to-visit-norway-churches-share-theological-insight,,
3129,2026-03-13,2026-03-13 11:00:00+00:00,0.3563444014790983,0.45447495579719543,0.061952738524806907,-3.0502393,dailymail.co.uk,Britney Spearss Son Jayden Takes Cruise Mercedes Visit Shock Dui Arrest,https://www.dailymail.co.uk/snapchat/article-15642741/Britney-Spearss-son-Jayden-takes-cruise-Mercedes-visit-shock-DUI-arrest.html,,
3130,2026-03-04,2026-03-04 02:00:00+00:00,0.3561948405547323,0.4525177478790283,0.06722611858184421,0.0,yahoo.com,China Factory Activity Contracts Second 021116556,https://finance.yahoo.com/news/china-factory-activity-contracts-second-021116556.html,,
3131,2026-03-18,2026-03-18 09:00:00+00:00,0.3561426806098436,0.4539232552051544,0.06280095682391117,-1.3888888,channelstv.com,Oluremi Tinubu To Preach At Lambeth Palace On First Uk State Visit,https://www.channelstv.com/2026/03/18/oluremi-tinubu-to-preach-at-lambeth-palace-on-first-uk-state-visit/,,
3132,2026-03-07,2026-03-07 19:00:00+00:00,0.3560501903957023,0.45262932777404785,0.0663127782606655,3.642384,neindia.com,Vp C P Radhakrishnan Begins Two Day Visit To Tripura,https://neindia.com/vp-c-p-radhakrishnan-begins-two-day-visit-to-tripura/,,
3133,2026-03-12,2026-03-12 06:00:00+00:00,0.3559484176278191,0.45442479848861694,0.060519275045425584,2.2058823,bignewsnetwork.com,China Forest Grass Coverage Rate Surpasses 56 Pct Report,http://www.bignewsnetwork.com/news/278917267/china-forest-grass-coverage-rate-surpasses-56-pct-report,,
3134,2026-03-03,2026-03-03 22:00:00+00:00,0.3556221357539693,0.45071202516555786,0.0703524675192036,-2.43309,pakobserver.net,Fazl Naeemi Visit Iran Embassy Condole Assassination Of Khamenei,https://pakobserver.net/fazl-naeemi-visit-iran-embassy-condole-assassination-of-khamenei/,,
3135,2026-03-17,2026-03-17 10:00:00+00:00,0.3556006491678969,0.4539778530597687,0.060469037492281594,5.8479533,thestar.com.my,Thai Monarch Visits Laos And Strengthens Long Standing Friendship First Visit In 32 Years,https://www.thestar.com.my/aseanplus/aseanplus-news/2026/03/17/thai-monarch-visits-laos-and-strengthens-long-standing-friendship-first-visit-in-32-years,,
3136,2026-03-25,2026-03-25 10:00:00+00:00,0.3555748256452039,0.45049095153808594,0.0708264479665577,3.990025,chesterstandard.co.uk,25966193.Mayors Ohio Usa Pay Visit Ellesmere Port,https://www.chesterstandard.co.uk/news/25966193.mayors-ohio-usa-pay-visit-ellesmere-port/,,
3137,2026-03-12,2026-03-12 02:00:00+00:00,0.3555747130509531,0.45305556058883667,0.0631321704373024,1.8759018,paralympic.org,Milano Cortina 2026 China Wheelchair Curling Mixed Doubles,https://www.paralympic.org/feature/milano-cortina-2026-china-wheelchair-curling-mixed-doubles,,
3138,2026-03-25,2026-03-25 15:00:00+00:00,0.3555094692792065,0.4538516700267792,0.06048286703648859,2.673797,flightglobal.com,China Eastern Orders 101 More A320Neos,https://www.flightglobal.com/fleets/2026/03/china-eastern-orders-101-more-a320neos/,,
3139,2026-03-24,2026-03-24 04:00:00+00:00,0.35546382641719443,0.4528213143348694,0.06339136266416946,1.4319808,mangalorean.com,Nitin Nabins Two Day Kolkata Visit To Focus On Manifesto Campaign Strategies,https://www.mangalorean.com/nitin-nabins-two-day-kolkata-visit-to-focus-on-manifesto-campaign-strategies/,,
3140,2026-03-06,2026-03-06 22:00:00+00:00,0.3554339766288426,0.45184749364852905,0.06619342556978303,2.5252526,myprincegeorgenow.com,Consul General Of Italy In Vancouver To Visit Prince George Tomorrow,https://www.myprincegeorgenow.com/244754/news/community/consul-general-of-italy-in-vancouver-to-visit-prince-george-tomorrow/,,
3141,2026-03-11,2026-03-11 23:00:00+00:00,0.3553885287793124,0.4534245729446411,0.061280396283326065,-10.769231,channel4.com,Hezbollah And Iran Hit Israel In Joint Attack As Trump Says War Will End Soon,https://www.channel4.com/news/hezbollah-and-iran-hit-israel-in-joint-attack-as-trump-says-war-will-end-soon,,
3142,2026-03-25,2026-03-25 18:00:00+00:00,0.35533863622697764,0.45054352283477783,0.069723976403577,2.6086957,ipswichstar.co.uk,25965062.China Palace Open Saigon Restaurant Felixstowe,https://www.ipswichstar.co.uk/news/25965062.china-palace-open-saigon-restaurant-felixstowe/,,
3143,2026-03-25,2026-03-25 16:00:00+00:00,0.35533863622697764,0.45054352283477783,0.069723976403577,2.6086957,eadt.co.uk,25965062.China Palace Open Saigon Restaurant Felixstowe,https://www.eadt.co.uk/news/25965062.china-palace-open-saigon-restaurant-felixstowe/,,
3144,2026-03-13,2026-03-13 21:00:00+00:00,0.35501574480181886,0.45118358731269836,0.06651221726918043,-2.6595745,freepressjournal.in,Mha Seeks Siliguri Darjeeling Officials Following Protocol Breach During President Droupadi Murmus Visit,https://www.freepressjournal.in/india/mha-seeks-siliguri-darjeeling-officials-following-protocol-breach-during-president-droupadi-murmus-visit,,
3145,2026-03-10,2026-03-10 02:00:00+00:00,0.35501368396061017,0.4526810646057129,0.062011542025302034,-5.66343,straitstimes.com,Oil Plunges After Trump Signals Iran War Will End Very Soon,https://www.straitstimes.com/business/companies-markets/oil-plunges-after-trump-signals-iran-war-will-end-very-soon,,
3146,2026-03-10,2026-03-10 01:00:00+00:00,0.35501368396061017,0.4526810646057129,0.062011542025302034,-4.0214477,businesstimes.com.sg,Oil Plunges After Trump Signals Iran War Will End Very Soon,https://www.businesstimes.com.sg/companies-markets/energy-commodities/oil-plunges-after-trump-signals-iran-war-will-end-very-soon,,
3147,2026-03-18,2026-03-18 22:00:00+00:00,0.3548408894644802,0.4528939127922058,0.06068181948130337,-0.24390244,si.com,Eagles To Host Penn State Star For 30 Visit 01Km0Yxb2Htp,https://www.si.com/nfl/eagles/onsi/news/eagles-to-host-penn-state-star-for-30-visit-01km0yxb2htp,,
3148,2026-03-18,2026-03-18 19:00:00+00:00,0.35483227117391813,0.45228004455566406,0.062488951028680254,2.2346368,thecable.ng,Oluremi Tinubu To Preach At Archbishop Of Canterburys Residence During Uk State Visit,https://www.thecable.ng/oluremi-tinubu-to-preach-at-archbishop-of-canterburys-residence-during-uk-state-visit/,,
3149,2026-03-17,2026-03-17 18:00:00+00:00,0.3548207678598438,0.45146989822387695,0.06487337676774438,0.99573255,planetf1.com,Kimi Antonelli Isack Hadjar China Sprint Clash Apology,https://www.planetf1.com/news/kimi-antonelli-isack-hadjar-china-sprint-clash-apology,,
3150,2026-03-14,2026-03-14 14:00:00+00:00,0.35477638482207896,0.4525656998157501,0.06140843984106541,4.7619047,shanghainews.net,China Jiangsu Nanjing Business Opc Growth Cn,http://www.shanghainews.net/news/278921704/china-jiangsu-nanjing-business-opc-growth-cn,,
3151,2026-03-10,2026-03-10 00:00:00+00:00,0.35453164030741147,0.4514184296131134,0.06387127239030573,-0.86580086,maritimeprofessional.com,Barrels Venezuelan Crude Headed China 416676,http://www.maritimeprofessional.com/news/barrels-venezuelan-crude-headed-china-416676,,
3152,2026-03-08,2026-03-08 19:00:00+00:00,0.3544511512260292,0.45111149549484253,0.06447011841958927,-1.0869565,nysun.com,Trump Says He Will Sign No Other Legislation Until Gops Voter Id Bill Passes,https://www.nysun.com/article/trump-says-he-will-sign-no-other-legislation-until-gops-voter-id-bill-passes,,
3153,2026-03-04,2026-03-04 18:00:00+00:00,0.35435891152170756,0.4512088894844055,0.06380897763361372,10.0,shanghainews.net,Culturelife Memorial Ceremony For Mazu Staged In N China Tianjin,http://www.shanghainews.net/news/278901834/culturelife-memorial-ceremony-for-mazu-staged-in-n-china-tianjin,,
3154,2026-03-04,2026-03-04 15:00:00+00:00,0.35435891152170756,0.4512088894844055,0.06380897763361372,10.0,chinanationalnews.com,Culturelife Memorial Ceremony For Mazu Staged In N China Tianjin,http://www.chinanationalnews.com/news/278901834/culturelife-memorial-ceremony-for-mazu-staged-in-n-china-tianjin,,
3155,2026-03-04,2026-03-04 15:00:00+00:00,0.35435891152170756,0.4512088894844055,0.06380897763361372,9.836065,bignewsnetwork.com,Culturelife Memorial Ceremony For Mazu Staged In N China Tianjin,http://www.bignewsnetwork.com/news/278901834/culturelife-memorial-ceremony-for-mazu-staged-in-n-china-tianjin,,
3156,2026-03-05,2026-03-05 05:00:00+00:00,0.3543512411598312,0.4514068067073822,0.06318454451717825,-1.1862396,aol.com,China Parliament Approve Growth Policy 210755218,https://www.aol.com/articles/china-parliament-approve-growth-policy-210755218.html,,
3157,2026-03-19,2026-03-19 07:00:00+00:00,0.3542401056568865,0.4513280689716339,0.06297621571264435,-2.9585798,scmp.com,China Cafe Offers Coffee Made Eggs Brewed Child Urine Considered Nutritious Delicacy,https://www.scmp.com/news/people-culture/trending-china/article/3346995/china-cafe-offers-coffee-made-eggs-brewed-child-urine-considered-nutritious-delicacy,,
3158,2026-03-05,2026-03-05 03:00:00+00:00,0.35403640880137754,0.45072224736213684,0.06397889311909954,-3.2015066,perthnow.com.au,Coloniser Lidia Thorpe Slams Canada Pm Visit As First Nations Racism Probe Established C 21842381,https://www.perthnow.com.au/news/coloniser-lidia-thorpe-slams-canada-pm-visit-as-first-nations-racism-probe-established-c-21842381,,
3159,2026-03-18,2026-03-18 17:00:00+00:00,0.3539821459056478,0.4505659341812134,0.06423078107895111,0.625,breakingnews.ie,Minister For Justice Defends Taoiseachs White House Visit 1876419,https://www.breakingnews.ie/ireland/minister-for-justice-defends-taoiseachs-white-house-visit-1876419.html,,
3160,2026-03-16,2026-03-16 08:00:00+00:00,0.35397790892304853,0.4517437219619751,0.060680469806268796,3.2110093,thesouthafrican.com,Watch Russell Wilson Takes Son Future To His First College Visit,https://www.thesouthafrican.com/lifestyle/celeb-news/international-celebs/watch-russell-wilson-takes-son-future-to-his-first-college-visit/,,
3161,2026-03-19,2026-03-19 14:00:00+00:00,0.35352442381492843,0.4507204294204712,0.061936406998300234,-3.119266,thecable.ng,Tinubu Resetting Nigeria Uk Relations With State Visit Says Sunday Dare,https://www.thecable.ng/tinubu-resetting-nigeria-uk-relations-with-state-visit-says-sunday-dare/,,
3162,2026-03-07,2026-03-07 04:00:00+00:00,0.3535179077688045,0.4508605897426605,0.06148986184723634,1.5424165,bbc.com,20240316 Why You Should Visit Japans Small But Mighty Little Kyoto,https://www.bbc.com/travel/article/20240316-why-you-should-visit-japans-small-but-mighty-little-kyoto,,
3163,2026-03-09,2026-03-09 11:00:00+00:00,0.3533908291495751,0.45004868507385254,0.06341726137674275,-4.172803,islands.com,Five America Us States Worth Visiting Visit Least Ticks,https://www.islands.com/2115897/five-america-us-states-worth-visiting-visit-least-ticks/,,
3164,2026-03-16,2026-03-16 00:00:00+00:00,0.35329145641572307,0.4509503245353699,0.06031485205678258,4.255319,nationalaccordnewspaper.com,Uk Releases Programme For State Visit Of President Tinubu,https://www.nationalaccordnewspaper.com/uk-releases-programme-for-state-visit-of-president-tinubu/,,
3165,2026-03-10,2026-03-10 18:00:00+00:00,0.35311041652455755,0.45042845606803894,0.06115629789411333,0.0,athens-times.com,Nikitas Kaklamanis To Visit Cyprus On March 20 In Symbolic Gesture Of Solidarity,https://athens-times.com/nikitas-kaklamanis-to-visit-cyprus-on-march-20-in-symbolic-gesture-of-solidarity/,,
