global_rank,date_utc,datetime_utc,hybrid_score,embedding_sim,lexical_sim,tone,source,title,url,relevance_label,review_notes
1,2026-03-25,2026-03-25 20:00:00+00:00,0.7048999983930894,0.8617650270462036,0.23430491243374674,0.78740156,politicalwire.com,Trump Will Visit China In May,https://politicalwire.com/2026/03/25/trump-will-visit-china-in-may/,,
2,2026-03-16,2026-03-16 10:00:00+00:00,0.645697853347421,0.713205099105835,0.4431761160721793,-0.78125,punchng.com,China Maintaining Communication With Us Over Trump Visit,https://punchng.com/china-maintaining-communication-with-us-over-trump-visit/,,
3,2026-03-16,2026-03-16 09:00:00+00:00,0.6398528305914706,0.695366621017456,0.47331145931351437,-0.7692308,channelnewsasia.com,China Us Trump Visit Maintaining Communication 5996136,https://www.channelnewsasia.com/east-asia/china-us-trump-visit-maintaining-communication-5996136,,
4,2026-03-16,2026-03-16 10:00:00+00:00,0.6370493249469152,0.7330079674720764,0.3491733973714319,-0.7936508,freemalaysiatoday.com,China Says In Communication With Us Over Trump Visit,https://www.freemalaysiatoday.com/category/world/2026/03/16/china-says-in-communication-with-us-over-trump-visit,,
5,2026-03-17,2026-03-17 23:00:00+00:00,0.6218018089597254,0.8031438589096069,0.0777756591100807,-1.4553014,newyorktelegraph.com,Trump Postpones China Visit By Five Or Six Weeks,http://www.newyorktelegraph.com/news/278928094/trump-postpones-china-visit-by-five-or-six-weeks,,
6,2026-03-17,2026-03-17 22:00:00+00:00,0.6218018089597254,0.8031438589096069,0.0777756591100807,-1.4553014,shanghainews.net,Trump Postpones China Visit By Five Or Six Weeks,http://www.shanghainews.net/news/278928094/trump-postpones-china-visit-by-five-or-six-weeks,,
7,2026-03-17,2026-03-17 20:00:00+00:00,0.6218018089597254,0.8031438589096069,0.0777756591100807,-1.4553014,chinanationalnews.com,Trump Postpones China Visit By Five Or Six Weeks,http://www.chinanationalnews.com/news/278928094/trump-postpones-china-visit-by-five-or-six-weeks,,
8,2026-03-17,2026-03-17 20:00:00+00:00,0.6218018089597254,0.8031438589096069,0.0777756591100807,-1.4553014,heraldglobe.com,Trump Postpones China Visit By Five Or Six Weeks,http://www.heraldglobe.com/news/278928094/trump-postpones-china-visit-by-five-or-six-weeks,,
9,2026-03-17,2026-03-17 20:00:00+00:00,0.6218018089597254,0.8031438589096069,0.0777756591100807,-1.4553014,newyorkstatesman.com,Trump Postpones China Visit By Five Or Six Weeks,http://www.newyorkstatesman.com/news/278928094/trump-postpones-china-visit-by-five-or-six-weeks,,
10,2026-03-17,2026-03-17 20:00:00+00:00,0.6218018089597254,0.8031438589096069,0.0777756591100807,-1.4553014,russiaherald.com,Trump Postpones China Visit By Five Or Six Weeks,http://www.russiaherald.com/news/278928094/trump-postpones-china-visit-by-five-or-six-weeks,,
11,2026-03-17,2026-03-17 19:00:00+00:00,0.6218018089597254,0.8031438589096069,0.0777756591100807,-1.4553014,iraqsun.com,Trump Postpones China Visit By Five Or Six Weeks,http://www.iraqsun.com/news/278928094/trump-postpones-china-visit-by-five-or-six-weeks,,
12,2026-03-17,2026-03-17 20:00:00+00:00,0.6218018089597254,0.8031438589096069,0.0777756591100807,-1.4553014,asiabulletin.com,Trump Postpones China Visit By Five Or Six Weeks,http://www.asiabulletin.com/news/278928094/trump-postpones-china-visit-by-five-or-six-weeks,,
13,2026-03-17,2026-03-17 19:00:00+00:00,0.6218018089597254,0.8031438589096069,0.0777756591100807,-1.4553014,newzealandstar.com,Trump Postpones China Visit By Five Or Six Weeks,http://www.newzealandstar.com/news/278928094/trump-postpones-china-visit-by-five-or-six-weeks,,
14,2026-03-17,2026-03-17 19:00:00+00:00,0.6218018089597254,0.8031438589096069,0.0777756591100807,-1.4553014,arabherald.com,Trump Postpones China Visit By Five Or Six Weeks,http://www.arabherald.com/news/278928094/trump-postpones-china-visit-by-five-or-six-weeks,,
15,2026-03-09,2026-03-09 01:00:00+00:00,0.6181077897767908,0.7799475193023682,0.132588601200059,0.0,japantimes.co.jp,Trump China Visit Stability,https://www.japantimes.co.jp/news/2026/03/09/asia-pacific/politics/trump-china-visit-stability/,,
16,2026-03-17,2026-03-17 18:00:00+00:00,0.6152234607599046,0.7871265411376953,0.0995142196265327,-1.4613779,newkerala.com,Trump Postpones China Visit Five Six Weeks 931,https://www.newkerala.com/news/a/trump-postpones-china-visit-five-six-weeks-931.htm,,
17,2026-03-25,2026-03-25 22:00:00+00:00,0.6135284933131572,0.770056962966919,0.14394308435187203,-1.9559902,lasvegassun.com,Trump Will Travel To Beijing For Rescheduled China,https://lasvegassun.com/news/2026/mar/25/trump-will-travel-to-beijing-for-rescheduled-china/,,
18,2026-03-16,2026-03-16 12:00:00+00:00,0.610666942538621,0.6841300129890442,0.3902777311873514,-3.1847134,ewn.co.za,China Says Maintaining Communication With Us Over Trump Visit,https://www.ewn.co.za/2026/03/16/china-says-maintaining-communication-with-us-over-trump-visit,,
19,2026-03-16,2026-03-16 14:00:00+00:00,0.610666942538621,0.6841300129890442,0.3902777311873514,-3.6630037,thefrontierpost.com,China Says Maintaining Communication With Us Over Trump Visit,https://thefrontierpost.com/china-says-maintaining-communication-with-us-over-trump-visit/,,
20,2026-03-18,2026-03-18 08:00:00+00:00,0.6096735618237583,0.7034980058670044,0.32820022969401996,4.1666665,bignewsnetwork.com,China To Continue Maintaining Communication With Us Regarding Trump Visit Spokesperson,http://www.bignewsnetwork.com/news/278929212/china-to-continue-maintaining-communication-with-us-regarding-trump-visit-spokesperson,,
21,2026-03-25,2026-03-25 23:00:00+00:00,0.605633293752519,0.7738949656486511,0.10084827806412232,-0.8108108,chinanationalnews.com,Trump To Visit China On May 14 15 After Iran War Delay,http://www.chinanationalnews.com/news/278944214/trump-to-visit-china-on-may-14-15-after-iran-war-delay,,
22,2026-03-25,2026-03-25 23:00:00+00:00,0.605633293752519,0.7738949656486511,0.10084827806412232,-0.8108108,heraldglobe.com,Trump To Visit China On May 14 15 After Iran War Delay,http://www.heraldglobe.com/news/278944214/trump-to-visit-china-on-may-14-15-after-iran-war-delay,,
23,2026-03-25,2026-03-25 22:00:00+00:00,0.605633293752519,0.7738949656486511,0.10084827806412232,-0.8108108,asiabulletin.com,Trump To Visit China On May 14 15 After Iran War Delay,http://www.asiabulletin.com/news/278944214/trump-to-visit-china-on-may-14-15-after-iran-war-delay,,
24,2026-03-25,2026-03-25 23:00:00+00:00,0.605633293752519,0.7738949656486511,0.10084827806412232,-0.8108108,australiannews.net,Trump To Visit China On May 14 15 After Iran War Delay,http://www.australiannews.net/news/278944214/trump-to-visit-china-on-may-14-15-after-iran-war-delay,,
25,2026-03-25,2026-03-25 23:00:00+00:00,0.605633293752519,0.7738949656486511,0.10084827806412232,-0.8108108,taiwansun.com,Trump To Visit China On May 14 15 After Iran War Delay,http://www.taiwansun.com/news/278944214/trump-to-visit-china-on-may-14-15-after-iran-war-delay,,
26,2026-03-25,2026-03-25 22:00:00+00:00,0.605633293752519,0.7738949656486511,0.10084827806412232,-0.8108108,russiaherald.com,Trump To Visit China On May 14 15 After Iran War Delay,http://www.russiaherald.com/news/278944214/trump-to-visit-china-on-may-14-15-after-iran-war-delay,,
27,2026-03-25,2026-03-25 23:00:00+00:00,0.605633293752519,0.7738949656486511,0.10084827806412232,-0.8108108,hongkongherald.com,Trump To Visit China On May 14 15 After Iran War Delay,http://www.hongkongherald.com/news/278944214/trump-to-visit-china-on-may-14-15-after-iran-war-delay,,
28,2026-03-16,2026-03-16 21:00:00+00:00,0.5983772194431939,0.6870415210723877,0.3323843145556125,-3.125,freemalaysiatoday.com,Us China Hold Constructive Talks On Trade But Trump Visit In Doubt,https://www.freemalaysiatoday.com/category/highlight/2026/03/17/us-china-hold-constructive-talks-on-trade-but-trump-visit-in-doubt,,
29,2026-03-09,2026-03-09 16:00:00+00:00,0.5976057262179825,0.7528904676437378,0.13175150194071641,-1.3452915,fultonsun.com,Trumps China Visit Likely Wont Yield Breakthrough,https://www.fultonsun.com/news/2026/mar/09/trumps-china-visit-likely-wont-yield-breakthrough/,,
30,2026-03-09,2026-03-09 10:00:00+00:00,0.5976057262179825,0.7528904676437378,0.13175150194071641,-1.3452915,newstribune.com,Trumps China Visit Likely Wont Yield Breakthrough,https://www.newstribune.com/news/2026/mar/09/trumps-china-visit-likely-wont-yield-breakthrough/,,
31,2026-03-25,2026-03-25 21:00:00+00:00,0.5964797301018873,0.7592401504516602,0.1081984690525684,-0.8108108,aninews.in,Trump To Visit China On May 14 15 After Iran War Delay20260326024204,https://aninews.in/news/world/us/trump-to-visit-china-on-may-14-15-after-iran-war-delay20260326024204/,,
32,2026-03-09,2026-03-09 00:00:00+00:00,0.5960823209044906,0.750859260559082,0.13175150194071641,-1.2820513,aol.com,Trumps China Visit Likely Wont 230437497,https://www.aol.com/articles/trumps-china-visit-likely-wont-230437497.html,,
33,2026-03-17,2026-03-17 19:00:00+00:00,0.5939442129490393,0.7636160254478455,0.08492877545262077,-1.6032064,aninews.in,Trump Postpones China Visit By Five Or Six Weeks20260317225535,https://aninews.in/news/world/us/trump-postpones-china-visit-by-five-or-six-weeks20260317225535/,,
34,2026-03-25,2026-03-25 20:00:00+00:00,0.5935854074649896,0.7534631490707397,0.11395218264773885,-7.142857,wn.com,Trump To Visit China On May 1415 After Delay Over Iran War,https://article.wn.com/view/2026/03/25/Trump_to_visit_China_on_May_1415_after_delay_over_Iran_war/,,
35,2026-03-25,2026-03-25 23:00:00+00:00,0.5928233022586676,0.7595463991165161,0.09265401168512222,-1.9607843,ironmountaindailynews.com,Trump Will Travel To Beijing In May,https://www.ironmountaindailynews.com/news/2026/03/trump-will-travel-to-beijing-in-may/,,
36,2026-03-16,2026-03-16 14:00:00+00:00,0.5909314981979121,0.6783046722412109,0.3288119760680156,0.0,scmp.com,China And Us End Trade Talks Doubts Form Over Trump Visit,https://www.scmp.com/economy/global-economy/article/3346787/china-and-us-end-trade-talks-doubts-form-over-trump-visit,,
37,2026-03-17,2026-03-17 17:00:00+00:00,0.5901945240654644,0.7637225389480591,0.06961047941768037,-1.2066365,baltimoresun.com,Trump Delays China Trip,https://www.baltimoresun.com/2026/03/17/trump-delays-china-trip/,,
38,2026-03-17,2026-03-17 17:00:00+00:00,0.5901945240654644,0.7637225389480591,0.06961047941768037,-1.2066365,courant.com,Trump Delays China Trip,https://www.courant.com/2026/03/17/trump-delays-china-trip/,,
39,2026-03-17,2026-03-17 22:00:00+00:00,0.5901945240654644,0.7637225389480591,0.06961047941768037,-1.1644833,twincities.com,Trump Delays China Trip,https://www.twincities.com/2026/03/17/trump-delays-china-trip/,,
40,2026-03-17,2026-03-17 17:00:00+00:00,0.5901945240654644,0.7637225389480591,0.06961047941768037,-1.2066365,thetimes-tribune.com,Trump Delays China Trip,https://www.thetimes-tribune.com/2026/03/17/trump-delays-china-trip/,,
41,2026-03-17,2026-03-17 17:00:00+00:00,0.5901945240654644,0.7637225389480591,0.06961047941768037,-1.2066365,dailylocal.com,Trump Delays China Trip,https://www.dailylocal.com/2026/03/17/trump-delays-china-trip/,,
42,2026-03-17,2026-03-17 17:00:00+00:00,0.5901945240654644,0.7637225389480591,0.06961047941768037,-1.2066365,sun-sentinel.com,Trump Delays China Trip,https://www.sun-sentinel.com/2026/03/17/trump-delays-china-trip/,,
43,2026-03-17,2026-03-17 17:00:00+00:00,0.5901945240654644,0.7637225389480591,0.06961047941768037,-1.2066365,sgvtribune.com,Trump Delays China Trip,https://www.sgvtribune.com/2026/03/17/trump-delays-china-trip/,,
44,2026-03-17,2026-03-17 17:00:00+00:00,0.5901945240654644,0.7637225389480591,0.06961047941768037,-1.1644833,sandiegouniontribune.com,Trump Delays China Trip,https://www.sandiegouniontribune.com/2026/03/17/trump-delays-china-trip/,,
45,2026-03-17,2026-03-17 17:00:00+00:00,0.5901945240654644,0.7637225389480591,0.06961047941768037,-1.2066365,capitalgazette.com,Trump Delays China Trip,https://www.capitalgazette.com/2026/03/17/trump-delays-china-trip/,,
46,2026-03-17,2026-03-17 18:00:00+00:00,0.5901945240654644,0.7637225389480591,0.06961047941768037,-1.1644833,journal-advocate.com,Trump Delays China Trip,https://www.journal-advocate.com/2026/03/17/trump-delays-china-trip/,,
47,2026-03-17,2026-03-17 20:00:00+00:00,0.5901945240654644,0.7637225389480591,0.06961047941768037,-1.1644833,morningjournal.com,Trump Delays China Trip,https://www.morningjournal.com/2026/03/17/trump-delays-china-trip/,,
48,2026-03-17,2026-03-17 20:00:00+00:00,0.5901945240654644,0.7637225389480591,0.06961047941768037,-1.1644833,whittierdailynews.com,Trump Delays China Trip,https://www.whittierdailynews.com/2026/03/17/trump-delays-china-trip/,,
49,2026-03-17,2026-03-17 18:00:00+00:00,0.5901945240654644,0.7637225389480591,0.06961047941768037,-1.1644833,orlandosentinel.com,Trump Delays China Trip,https://www.orlandosentinel.com/2026/03/17/trump-delays-china-trip/,,
50,2026-03-17,2026-03-17 20:00:00+00:00,0.5901945240654644,0.7637225389480591,0.06961047941768037,-1.1644833,ocregister.com,Trump Delays China Trip,https://www.ocregister.com/2026/03/17/trump-delays-china-trip/,,
51,2026-03-17,2026-03-17 19:00:00+00:00,0.5901945240654644,0.7637225389480591,0.06961047941768037,-1.1644833,presstelegram.com,Trump Delays China Trip,https://www.presstelegram.com/2026/03/17/trump-delays-china-trip/,,
52,2026-03-17,2026-03-17 19:00:00+00:00,0.5901945240654644,0.7637225389480591,0.06961047941768037,-1.1644833,redlandsdailyfacts.com,Trump Delays China Trip,https://www.redlandsdailyfacts.com/2026/03/17/trump-delays-china-trip/,,
53,2026-03-17,2026-03-17 19:00:00+00:00,0.5901945240654644,0.7637225389480591,0.06961047941768037,-1.1644833,news-herald.com,Trump Delays China Trip,https://www.news-herald.com/2026/03/17/trump-delays-china-trip/,,
54,2026-03-17,2026-03-17 19:00:00+00:00,0.5901945240654644,0.7637225389480591,0.06961047941768037,-1.1644833,pasadenastarnews.com,Trump Delays China Trip,https://www.pasadenastarnews.com/2026/03/17/trump-delays-china-trip/,,
55,2026-03-17,2026-03-17 19:00:00+00:00,0.5901945240654644,0.7637225389480591,0.06961047941768037,-1.1644833,dailybulletin.com,Trump Delays China Trip,https://www.dailybulletin.com/2026/03/17/trump-delays-china-trip/,,
56,2026-03-17,2026-03-17 18:00:00+00:00,0.5901945240654644,0.7637225389480591,0.06961047941768037,-1.1644833,dailynews.com,Trump Delays China Trip,https://www.dailynews.com/2026/03/17/trump-delays-china-trip/,,
57,2026-03-17,2026-03-17 19:00:00+00:00,0.5901945240654644,0.7637225389480591,0.06961047941768037,-1.1644833,pilotonline.com,Trump Delays China Trip,https://www.pilotonline.com/2026/03/17/trump-delays-china-trip/,,
58,2026-03-17,2026-03-17 18:00:00+00:00,0.5901945240654644,0.7637225389480591,0.06961047941768037,-1.1644833,fortmorgantimes.com,Trump Delays China Trip,https://www.fortmorgantimes.com/2026/03/17/trump-delays-china-trip/,,
59,2026-03-17,2026-03-17 18:00:00+00:00,0.5901945240654644,0.7637225389480591,0.06961047941768037,-1.1644833,sbsun.com,Trump Delays China Trip,https://www.sbsun.com/2026/03/17/trump-delays-china-trip/,,
60,2026-03-17,2026-03-17 19:00:00+00:00,0.5901945240654644,0.7637225389480591,0.06961047941768037,-1.1644833,dailybreeze.com,Trump Delays China Trip,https://www.dailybreeze.com/2026/03/17/trump-delays-china-trip/,,
61,2026-03-16,2026-03-16 17:00:00+00:00,0.5901945240654644,0.7637225389480591,0.06961047941768037,-3.6231885,rawstory.com,Trump Delays China Trip,https://www.rawstory.com/trump-delays-china-trip/,,
62,2026-03-12,2026-03-12 00:00:00+00:00,0.5896321748002062,0.7558841705322266,0.09087618760414523,-3.5294118,straitstimes.com,Will Xi Shine The Spotlight On Trump In Beijing,https://www.straitstimes.com/opinion/will-xi-shine-the-spotlight-on-trump-in-beijing,,
63,2026-03-16,2026-03-16 20:00:00+00:00,0.5893364857338942,0.6556926965713501,0.39026785322152663,-3.1298904,al-monitor.com,Us China Hold Constructive Talks Trade Trump Visit Doubt,https://www.al-monitor.com/originals/2026/03/us-china-hold-constructive-talks-trade-trump-visit-doubt,,
64,2026-03-16,2026-03-16 13:00:00+00:00,0.5824448536836718,0.6431834697723389,0.40022900541767065,-1.2802275,theguardian.com,China Us Trump Visit Strait Of Hormuz,https://www.theguardian.com/world/2026/mar/16/china-us-trump-visit-strait-of-hormuz,,
65,2026-03-07,2026-03-07 15:00:00+00:00,0.5820580874051708,0.6599912643432617,0.3482585565908982,-1.6949153,cinaradio.com,With Trump Visit Coming Up China Hedges Its Bets On Helping Iran,https://www.cinaradio.com/2026/03/07/with-trump-visit-coming-up-china-hedges-its-bets-on-helping-iran/,,
66,2026-03-08,2026-03-08 00:00:00+00:00,0.5820580874051708,0.6599912643432617,0.3482585565908982,13.333333,watchingamerica.com,With Trump Visit Coming Up China Hedges Its Bets On Helping Iran,https://watchingamerica.com/2026/03/07/with-trump-visit-coming-up-china-hedges-its-bets-on-helping-iran/,,
67,2026-03-17,2026-03-17 15:00:00+00:00,0.5767892481735337,0.7402481436729431,0.08641256167530562,-2.2857144,athens-times.com,The Reason Behind Trumps Postponed China Visit And What To Expect Next,https://athens-times.com/the-reason-behind-trumps-postponed-china-visit-and-what-to-expect-next/,,
68,2026-03-23,2026-03-23 09:00:00+00:00,0.5765698118515646,0.7403737306594849,0.08515805542780379,-3.3507073,warontherocks.com,Trumps Visit To China Wont Fix Much If It Even Happens,https://warontherocks.com/2026/03/trumps-visit-to-china-wont-fix-much-if-it-even-happens/,,
69,2026-03-25,2026-03-25 23:00:00+00:00,0.5739199708434343,0.7383437156677246,0.0806487363705633,-3.0219781,pakobserver.net,White House Confirms Trumps Mid May China Visit Despite Global Tensions,https://pakobserver.net/white-house-confirms-trumps-mid-may-china-visit-despite-global-tensions/,,
70,2026-03-11,2026-03-11 12:00:00+00:00,0.5727070309009068,0.7248586416244507,0.11625219873027534,-3.6723163,athens-times.com,Amid Gulf Chaos Trump Prepares For Pivotal China Visit,https://athens-times.com/amid-gulf-chaos-trump-prepares-for-pivotal-china-visit/,,
71,2026-03-17,2026-03-17 08:00:00+00:00,0.5714769010779288,0.6582789421081543,0.3110707779872524,-3.1007752,bignewsnetwork.com,China Us In Communication Regarding Date Of Trump Visit Spokesperson,http://www.bignewsnetwork.com/news/278926940/china-us-in-communication-regarding-date-of-trump-visit-spokesperson,,
72,2026-03-16,2026-03-16 14:00:00+00:00,0.5698656219135938,0.6545110940933228,0.31592920537440716,-1.1727079,indianexpress.com,China This Week Delay Trump Visit Fdi Five Year Plan 10585087,https://indianexpress.com/article/explained/explained-global/china-this-week-delay-trump-visit-fdi-five-year-plan-10585087/,,
73,2026-03-16,2026-03-16 14:00:00+00:00,0.5698656219135938,0.6545110940933228,0.31592920537440716,0.0,indianexpress.com,China This Week Delay Trump Visit Fdi Five Year Plan 10585087,https://indianexpress.com/shorts/explained/explained-global/china-this-week-delay-trump-visit-fdi-five-year-plan-10585087/,,
74,2026-03-25,2026-03-25 23:00:00+00:00,0.5695913641139145,0.7326699495315552,0.08035560786099255,-3.3986928,grenadachronicle.com,Trump To Visit Xi Jinping In China On May 14 And 15 After Iran War Delay,https://grenadachronicle.com/trump-to-visit-xi-jinping-in-china-on-may-14-and-15-after-iran-war-delay/,,
75,2026-03-25,2026-03-25 23:00:00+00:00,0.5695913641139145,0.7326699495315552,0.08035560786099255,-3.3986928,dominicanrepublicpost.com,Trump To Visit Xi Jinping In China On May 14 And 15 After Iran War Delay,https://dominicanrepublicpost.com/trump-to-visit-xi-jinping-in-china-on-may-14-and-15-after-iran-war-delay/,,
76,2026-03-25,2026-03-25 21:00:00+00:00,0.5695913641139145,0.7326699495315552,0.08035560786099255,-3.3986928,aljazeera.com,Trump To Visit Xi Jinping In China On May 14 And 15 After Iran War Delay,https://www.aljazeera.com/news/2026/3/25/trump-to-visit-xi-jinping-in-china-on-may-14-and-15-after-iran-war-delay,,
77,2026-03-16,2026-03-16 12:00:00+00:00,0.569203335969205,0.7391489744186401,0.059366420620899495,-2.0192308,cbc.ca,Trump May Delay China Trip 9.7130033,https://www.cbc.ca/news/world/trump-may-delay-china-trip-9.7130033,,
78,2026-03-25,2026-03-25 23:00:00+00:00,0.5687582151297251,0.7211962938308716,0.1114439790262856,1.2944983,fox35orlando.com,President Trumps Visit China Set May After Being Postponed Iran War,https://www.fox35orlando.com/news/president-trumps-visit-china-set-may-after-being-postponed-iran-war,,
79,2026-03-25,2026-03-25 20:00:00+00:00,0.5687582151297251,0.7211962938308716,0.1114439790262856,1.2944983,fox26houston.com,President Trumps Visit China Set May After Being Postponed Iran War,https://www.fox26houston.com/news/president-trumps-visit-china-set-may-after-being-postponed-iran-war,,
80,2026-03-25,2026-03-25 21:00:00+00:00,0.5687582151297251,0.7211962938308716,0.1114439790262856,1.2944983,fox13news.com,President Trumps Visit China Set May After Being Postponed Iran War,https://www.fox13news.com/news/president-trumps-visit-china-set-may-after-being-postponed-iran-war,,
81,2026-03-25,2026-03-25 21:00:00+00:00,0.5687582151297251,0.7211962938308716,0.1114439790262856,1.2944983,fox7austin.com,President Trumps Visit China Set May After Being Postponed Iran War,https://www.fox7austin.com/news/president-trumps-visit-china-set-may-after-being-postponed-iran-war,,
82,2026-03-25,2026-03-25 22:00:00+00:00,0.5687582151297251,0.7211962938308716,0.1114439790262856,1.2944983,fox10phoenix.com,President Trumps Visit China Set May After Being Postponed Iran War,https://www.fox10phoenix.com/news/president-trumps-visit-china-set-may-after-being-postponed-iran-war,,
83,2026-03-02,2026-03-02 15:00:00+00:00,0.5669726259295926,0.7090542912483215,0.14072762997340596,-6.5934067,scmp.com,Will Iran Attack Derail Trumps High Stakes China Visit Meet Xi Jinping,https://www.scmp.com/news/china/diplomacy/article/3345181/will-iran-attack-derail-trumps-high-stakes-china-visit-meet-xi-jinping,,
84,2026-03-18,2026-03-18 08:00:00+00:00,0.5662686321623532,0.7171787619590759,0.11353824277218509,-2.9498525,wsgw.com,Trump Says China Trip Will Be Delayed Because Of Iran War,https://www.wsgw.com/trump-says-china-trip-will-be-delayed-because-of-iran-war/,,
85,2026-03-09,2026-03-09 00:00:00+00:00,0.5648675893229566,0.7218104004859924,0.09403915583384895,-1.0245901,koreatimes.co.kr,Trumps China Visit Likely Wont Yield Breakthrough Aims To Maintain Stability,https://www.koreatimes.co.kr/world/20260309/trumps-china-visit-likely-wont-yield-breakthrough-aims-to-maintain-stability,,
86,2026-03-17,2026-03-17 17:00:00+00:00,0.5645406848886682,0.7320709824562073,0.061949792186050734,-1.2684989,bostonglobe.com,Trump Postpones China Trip Iran War,https://www.bostonglobe.com/2026/03/17/nation/trump-postpones-china-trip-iran-war/,,
87,2026-03-25,2026-03-25 19:00:00+00:00,0.5634715354706026,0.7228598594665527,0.08530656348275192,-2.2727273,semissourian.com,Trump Will Travel To Beijing For Rescheduled China Trip May 14 15 After Delay Due To Iran War Dff1Cbc1,https://www.semissourian.com/world/trump-will-travel-to-beijing-for-rescheduled-china-trip-may-14-15-after-delay-due-to-iran-war-dff1cbc1,,
88,2026-03-16,2026-03-16 06:00:00+00:00,0.5630929998541798,0.7133246660232544,0.11239800134695624,-1.826484,marketscreener.com,Trump Could Postpone China Visit If Hormuz Situation Remains Unchanged Ce7E5Edad88Cf525,https://www.marketscreener.com/news/trump-could-postpone-china-visit-if-hormuz-situation-remains-unchanged-ce7e5edad88cf525,,
89,2026-03-18,2026-03-18 15:00:00+00:00,0.5618666933834863,0.7149407267570496,0.10264459326279621,-2.4546425,prescottenews.com,Trump Puts China Visit On Hold Amid Iran War The Epoch Times,https://prescottenews.com/2026/03/16/trump-puts-china-visit-on-hold-amid-iran-war-the-epoch-times/,,
90,2026-03-25,2026-03-25 20:00:00+00:00,0.5618459661358799,0.7166324853897095,0.097486408374391,-2.5641026,dailysabah.com,Trump To Visit Xi In China Mid May After Iran Delay,https://www.dailysabah.com/world/americas/trump-to-visit-xi-in-china-mid-may-after-iran-delay,,
91,2026-03-17,2026-03-17 13:00:00+00:00,0.5616383776709307,0.6306478381156921,0.3546099963366463,-1.7985611,thestar.com.my,China Says Takes Note Of Us 039Clarifications039 On Possible Trump Visit Delay,https://www.thestar.com.my/aseanplus/aseanplus-news/2026/03/17/china-says-takes-note-of-us-039clarifications039-on-possible-trump-visit-delay,,
92,2026-03-25,2026-03-25 22:00:00+00:00,0.5614297485614992,0.7201374769210815,0.08530656348275192,-1.5384616,panow.com,Trump Will Travel To Beijing For Rescheduled China Trip May 14 15 After Delay Due To Iran War,https://panow.com/2026/03/25/trump-will-travel-to-beijing-for-rescheduled-china-trip-may-14-15-after-delay-due-to-iran-war/,,
93,2026-03-25,2026-03-25 22:00:00+00:00,0.5614297485614992,0.7201374769210815,0.08530656348275192,-1.9656019,ksat.com,Trump Will Travel To Beijing For Rescheduled China Trip May 14 15 After Delay Due To Iran War,https://www.ksat.com/news/politics/2026/03/25/trump-will-travel-to-beijing-for-rescheduled-china-trip-may-14-15-after-delay-due-to-iran-war/,,
94,2026-03-25,2026-03-25 22:00:00+00:00,0.5614297485614992,0.7201374769210815,0.08530656348275192,-1.9656019,latimes.com,Trump Will Travel To Beijing For Rescheduled China Trip May 14 15 After Delay Due To Iran War,https://www.latimes.com/world-nation/story/2026-03-25/trump-will-travel-to-beijing-for-rescheduled-china-trip-may-14-15-after-delay-due-to-iran-war,,
95,2026-03-25,2026-03-25 21:00:00+00:00,0.5614297485614992,0.7201374769210815,0.08530656348275192,-1.8691589,wdio.com,Trump Will Travel To Beijing For Rescheduled China Trip May 14 15 After Delay Due To Iran War,https://www.wdio.com/ap-top-news/ap-top-news-us-headlines/trump-will-travel-to-beijing-for-rescheduled-china-trip-may-14-15-after-delay-due-to-iran-war/,,
96,2026-03-25,2026-03-25 20:00:00+00:00,0.5614297485614992,0.7201374769210815,0.08530656348275192,3.7037036,ctvnews.ca,Trump Will Travel To Beijing For Rescheduled China Trip May 14 15 After Delay Due To Iran War,https://www.ctvnews.ca/world/article/trump-will-travel-to-beijing-for-rescheduled-china-trip-may-14-15-after-delay-due-to-iran-war/,,
97,2026-03-25,2026-03-25 19:00:00+00:00,0.5614297485614992,0.7201374769210815,0.08530656348275192,-1.6877637,brandonsun.com,Trump Will Travel To Beijing For Rescheduled China Trip May 14 15 After Delay Due To Iran War,https://www.brandonsun.com/world/2026/03/25/trump-will-travel-to-beijing-for-rescheduled-china-trip-may-14-15-after-delay-due-to-iran-war,,
98,2026-03-25,2026-03-25 19:00:00+00:00,0.5606669461877712,0.7269129753112793,0.06192885881724729,-1.3245033,newser.com,Trump Announces Rescheduled Trip To China,https://www.newser.com/story/386112/trump-announces-rescheduled-trip-to-china.html,,
99,2026-03-17,2026-03-17 00:00:00+00:00,0.5556138287674681,0.7072499394416809,0.10070549674482995,-1.875,en.apa.az,Trump Says His Visit To China Can Be Delayed By About A Month 497170,https://en.apa.az/america/trump-says-his-visit-to-china-can-be-delayed-by-about-a-month-497170,,
100,2026-03-17,2026-03-17 20:00:00+00:00,0.5555828011686885,0.6324163675308228,0.325082102082286,-2.9585798,chinanationalnews.com,Trump Visit Has Nothing To Do With Strait Of Hormuz Closure China Mfa,http://www.chinanationalnews.com/news/278927853/trump-visit-has-nothing-to-do-with-strait-of-hormuz-closure-china-mfa,,
101,2026-03-17,2026-03-17 20:00:00+00:00,0.5555828011686885,0.6324163675308228,0.325082102082286,-2.9585798,newyorkstatesman.com,Trump Visit Has Nothing To Do With Strait Of Hormuz Closure China Mfa,http://www.newyorkstatesman.com/news/278927853/trump-visit-has-nothing-to-do-with-strait-of-hormuz-closure-china-mfa,,
102,2026-03-17,2026-03-17 17:00:00+00:00,0.5555828011686885,0.6324163675308228,0.325082102082286,-2.9585798,shanghainews.net,Trump Visit Has Nothing To Do With Strait Of Hormuz Closure China Mfa,http://www.shanghainews.net/news/278927853/trump-visit-has-nothing-to-do-with-strait-of-hormuz-closure-china-mfa,,
103,2026-03-17,2026-03-17 17:00:00+00:00,0.5555828011686885,0.6324163675308228,0.325082102082286,-2.9498525,bignewsnetwork.com,Trump Visit Has Nothing To Do With Strait Of Hormuz Closure China Mfa,http://www.bignewsnetwork.com/news/278927853/trump-visit-has-nothing-to-do-with-strait-of-hormuz-closure-china-mfa,,
104,2026-03-17,2026-03-17 18:00:00+00:00,0.5555828011686885,0.6324163675308228,0.325082102082286,-2.9585798,newyorktelegraph.com,Trump Visit Has Nothing To Do With Strait Of Hormuz Closure China Mfa,http://www.newyorktelegraph.com/news/278927853/trump-visit-has-nothing-to-do-with-strait-of-hormuz-closure-china-mfa,,
105,2026-03-17,2026-03-17 05:00:00+00:00,0.5542358556870663,0.7040032148361206,0.10493377823990359,-1.3888888,spotlightnepal.com,Trump Asks China Delay His Planned Visit About Month,https://www.spotlightnepal.com/2026/03/17/trump-asks-china-delay-his-planned-visit-about-month/,,
106,2026-03-16,2026-03-16 11:00:00+00:00,0.5538755757727467,0.7095358967781067,0.08689461275666696,-0.31948882,investinglive.com,China Reaffirms That They Are In Communication With Us On Trumps Visit 20260316,https://investinglive.com:443/news/china-reaffirms-that-they-are-in-communication-with-us-on-trumps-visit-20260316/,,
107,2026-03-17,2026-03-17 05:00:00+00:00,0.5536424398957154,0.6984341144561768,0.11926741621433141,-0.40983605,en.tempo.co,Trump Delays China Visit Over Iran War,https://en.tempo.co/read/2093141/trump-delays-china-visit-over-iran-war,,
108,2026-03-16,2026-03-16 11:00:00+00:00,0.5511964284514359,0.7053203582763672,0.08882463897664213,-3.256445,theglobeandmail.com,Article China Urges Trump Not To Delay Planned State Visit,https://www.theglobeandmail.com/world/article-china-urges-trump-not-to-delay-planned-state-visit/,,
109,2026-03-10,2026-03-10 08:00:00+00:00,0.5508331381703937,0.70023113489151,0.10263914800704463,-5.1546392,moneycontrol.com,Why China Still Wants Donald Trump To Visit Despite The Iran War Article 13855788,https://www.moneycontrol.com/world/why-china-still-wants-donald-trump-to-visit-despite-the-iran-war-article-13855788.html,,
110,2026-03-10,2026-03-10 02:00:00+00:00,0.5507749949826319,0.6899058818817139,0.13338233428538604,-1.2684989,zerohedge.com,Security Fears Suddenly Emerge Over Trumps Visit China,https://www.zerohedge.com/geopolitical/security-fears-suddenly-emerge-over-trumps-visit-china,,
111,2026-03-18,2026-03-18 03:00:00+00:00,0.5489048853934282,0.7057702541351318,0.07830877916831706,-2.8846154,asianews.network,China Us Stay In Touch On Date Of President Trumps Visit Says Chinese Foreign Ministry,https://asianews.network/china-us-stay-in-touch-on-date-of-president-trumps-visit-says-chinese-foreign-ministry/,,
112,2026-03-17,2026-03-17 00:00:00+00:00,0.5483744527652138,0.6941428184509277,0.11106935570807208,-5.5555553,theepochtimes.com,Trump Puts China Visit On Hold Amid Iran War 5999624,https://www.theepochtimes.com/us/trump-puts-china-visit-on-hold-amid-iran-war-5999624,,
113,2026-03-25,2026-03-25 23:00:00+00:00,0.5483045241562552,0.6979343891143799,0.09941492928188106,-3.6745408,washingtonexaminer.com,Trump China Visit Xi Jinping May Iran War,https://www.washingtonexaminer.com/policy/foreign-policy/4503597/trump-china-visit-xi-jinping-may-iran-war/,,
114,2026-03-16,2026-03-16 09:00:00+00:00,0.5426278527166423,0.691780686378479,0.09516935173113186,-1.1111112,yahoo.com,Donald Trump Might Postpone China 083227964,https://www.yahoo.com/news/articles/donald-trump-might-postpone-china-083227964.html,,
115,2026-03-25,2026-03-25 21:00:00+00:00,0.5415920161571164,0.6978781223297119,0.0727336976393299,-1.9138756,dailybulletin.com,Trump China Trip Rescheduled,https://www.dailybulletin.com/2026/03/25/trump-china-trip-rescheduled/,,
116,2026-03-25,2026-03-25 20:00:00+00:00,0.5415920161571164,0.6978781223297119,0.0727336976393299,-1.9138756,twincities.com,Trump China Trip Rescheduled,https://www.twincities.com/2026/03/25/trump-china-trip-rescheduled/,,
117,2026-03-25,2026-03-25 19:00:00+00:00,0.5415920161571164,0.6978781223297119,0.0727336976393299,-1.9138756,courant.com,Trump China Trip Rescheduled,https://www.courant.com/2026/03/25/trump-china-trip-rescheduled/,,
118,2026-03-25,2026-03-25 20:00:00+00:00,0.5415920161571164,0.6978781223297119,0.0727336976393299,-1.9138756,dailynews.com,Trump China Trip Rescheduled,https://www.dailynews.com/2026/03/25/trump-china-trip-rescheduled/,,
119,2026-03-25,2026-03-25 19:00:00+00:00,0.5415920161571164,0.6978781223297119,0.0727336976393299,-1.9138756,sun-sentinel.com,Trump China Trip Rescheduled,https://www.sun-sentinel.com/2026/03/25/trump-china-trip-rescheduled/,,
120,2026-03-25,2026-03-25 20:00:00+00:00,0.5415920161571164,0.6978781223297119,0.0727336976393299,-1.9138756,sbsun.com,Trump China Trip Rescheduled,https://www.sbsun.com/2026/03/25/trump-china-trip-rescheduled/,,
121,2026-03-25,2026-03-25 20:00:00+00:00,0.5415920161571164,0.6978781223297119,0.0727336976393299,-1.9138756,redlandsdailyfacts.com,Trump China Trip Rescheduled,https://www.redlandsdailyfacts.com/2026/03/25/trump-china-trip-rescheduled/,,
122,2026-03-25,2026-03-25 20:00:00+00:00,0.5415920161571164,0.6978781223297119,0.0727336976393299,-1.9138756,pilotonline.com,Trump China Trip Rescheduled,https://www.pilotonline.com/2026/03/25/trump-china-trip-rescheduled/,,
123,2026-03-25,2026-03-25 20:00:00+00:00,0.5415920161571164,0.6978781223297119,0.0727336976393299,-1.9138756,dailybreeze.com,Trump China Trip Rescheduled,https://www.dailybreeze.com/2026/03/25/trump-china-trip-rescheduled/,,
124,2026-03-25,2026-03-25 21:00:00+00:00,0.5415920161571164,0.6978781223297119,0.0727336976393299,-1.9138756,morningjournal.com,Trump China Trip Rescheduled,https://www.morningjournal.com/2026/03/25/trump-china-trip-rescheduled/,,
125,2026-03-25,2026-03-25 20:00:00+00:00,0.5415920161571164,0.6978781223297119,0.0727336976393299,-1.9138756,whittierdailynews.com,Trump China Trip Rescheduled,https://www.whittierdailynews.com/2026/03/25/trump-china-trip-rescheduled/,,
126,2026-03-25,2026-03-25 20:00:00+00:00,0.5415920161571164,0.6978781223297119,0.0727336976393299,-1.9138756,journal-advocate.com,Trump China Trip Rescheduled,https://www.journal-advocate.com/2026/03/25/trump-china-trip-rescheduled/,,
127,2026-03-25,2026-03-25 20:00:00+00:00,0.5415920161571164,0.6978781223297119,0.0727336976393299,-1.9138756,capitalgazette.com,Trump China Trip Rescheduled,https://www.capitalgazette.com/2026/03/25/trump-china-trip-rescheduled/,,
128,2026-03-25,2026-03-25 20:00:00+00:00,0.5415920161571164,0.6978781223297119,0.0727336976393299,-1.9138756,republicanherald.com,Trump China Trip Rescheduled,https://www.republicanherald.com/2026/03/25/trump-china-trip-rescheduled/,,
129,2026-03-25,2026-03-25 19:00:00+00:00,0.5415920161571164,0.6978781223297119,0.0727336976393299,-1.9138756,troyrecord.com,Trump China Trip Rescheduled,https://www.troyrecord.com/2026/03/25/trump-china-trip-rescheduled/,,
130,2026-03-25,2026-03-25 20:00:00+00:00,0.5415920161571164,0.6978781223297119,0.0727336976393299,-1.9138756,advocate-news.com,Trump China Trip Rescheduled,https://www.advocate-news.com/2026/03/25/trump-china-trip-rescheduled/,,
131,2026-03-25,2026-03-25 19:00:00+00:00,0.5415920161571164,0.6978781223297119,0.0727336976393299,-1.9138756,ocregister.com,Trump China Trip Rescheduled,https://www.ocregister.com/2026/03/25/trump-china-trip-rescheduled/,,
132,2026-03-25,2026-03-25 21:00:00+00:00,0.5415920161571164,0.6978781223297119,0.0727336976393299,-1.9138756,presstelegram.com,Trump China Trip Rescheduled,https://www.presstelegram.com/2026/03/25/trump-china-trip-rescheduled/,,
133,2026-03-25,2026-03-25 22:00:00+00:00,0.5415920161571164,0.6978781223297119,0.0727336976393299,-1.9138756,dailypress.com,Trump China Trip Rescheduled,https://www.dailypress.com/2026/03/25/trump-china-trip-rescheduled/,,
134,2026-03-25,2026-03-25 21:00:00+00:00,0.5415920161571164,0.6978781223297119,0.0727336976393299,-1.9138756,orlandosentinel.com,Trump China Trip Rescheduled,https://www.orlandosentinel.com/2026/03/25/trump-china-trip-rescheduled/,,
135,2026-03-25,2026-03-25 22:00:00+00:00,0.5415920161571164,0.6978781223297119,0.0727336976393299,-1.9138756,sgvtribune.com,Trump China Trip Rescheduled,https://www.sgvtribune.com/2026/03/25/trump-china-trip-rescheduled/,,
136,2026-03-25,2026-03-25 18:00:00+00:00,0.5415920161571164,0.6978781223297119,0.0727336976393299,-1.9390582,mainlinemedianews.com,Trump China Trip Rescheduled,https://www.mainlinemedianews.com/2026/03/25/trump-china-trip-rescheduled/,,
137,2026-03-25,2026-03-25 19:00:00+00:00,0.5415920161571164,0.6978781223297119,0.0727336976393299,-1.9138756,news-herald.com,Trump China Trip Rescheduled,https://www.news-herald.com/2026/03/25/trump-china-trip-rescheduled/,,
138,2026-03-25,2026-03-25 18:00:00+00:00,0.5415920161571164,0.6978781223297119,0.0727336976393299,-1.9390582,sandiegouniontribune.com,Trump China Trip Rescheduled,https://www.sandiegouniontribune.com/2026/03/25/trump-china-trip-rescheduled/,,
139,2026-03-25,2026-03-25 22:00:00+00:00,0.5415920161571164,0.6978781223297119,0.0727336976393299,-1.9138756,pasadenastarnews.com,Trump China Trip Rescheduled,https://www.pasadenastarnews.com/2026/03/25/trump-china-trip-rescheduled/,,
140,2026-03-25,2026-03-25 19:00:00+00:00,0.5415920161571164,0.6978781223297119,0.0727336976393299,-1.9138756,fortmorgantimes.com,Trump China Trip Rescheduled,https://www.fortmorgantimes.com/2026/03/25/trump-china-trip-rescheduled/,,
141,2026-03-25,2026-03-25 19:00:00+00:00,0.5415920161571164,0.6978781223297119,0.0727336976393299,-1.9138756,citizensvoice.com,Trump China Trip Rescheduled,https://www.citizensvoice.com/2026/03/25/trump-china-trip-rescheduled/,,
142,2026-03-17,2026-03-17 20:00:00+00:00,0.5391700902611265,0.6939582824707031,0.07480551363239661,-1.7964072,koreatimes.co.kr,Trump Says His Meeting With Chinas Xi Will Take Place In 5 Or 6 Weeks,https://www.koreatimes.co.kr/world/20260318/trump-says-his-meeting-with-chinas-xi-will-take-place-in-5-or-6-weeks,,
143,2026-03-17,2026-03-17 20:00:00+00:00,0.5355220248632939,0.6798925399780273,0.10241047951909378,-1.1904762,chicagotribune.com,Trump China Iran,https://www.chicagotribune.com/2026/03/17/trump-china-iran/,,
144,2026-03-16,2026-03-16 12:00:00+00:00,0.5354837627350812,0.690538227558136,0.07032036826591696,-0.40281975,nepalitimes.com,Trump S China Trip Aiming For Deliverables,https://nepalitimes.com/opinion/trump-s-china-trip-aiming-for-deliverables,,
145,2026-03-25,2026-03-25 18:00:00+00:00,0.5348965445928004,0.6870789527893066,0.07834932000328167,-1.5717093,thehour.com,Trump Travels To Beijing For Rescheduled China 22096464,https://www.thehour.com/news/article/trump-travels-to-beijing-for-rescheduled-china-22096464.php,,
146,2026-03-25,2026-03-25 19:00:00+00:00,0.5348965445928004,0.6870789527893066,0.07834932000328167,-1.5686275,nhregister.com,Trump Travels To Beijing For Rescheduled China 22096464,https://www.nhregister.com/news/article/trump-travels-to-beijing-for-rescheduled-china-22096464.php,,
147,2026-03-25,2026-03-25 19:00:00+00:00,0.5348965445928004,0.6870789527893066,0.07834932000328167,-1.5594542,middletownpress.com,Trump Travels To Beijing For Rescheduled China 22096464,https://www.middletownpress.com/news/article/trump-travels-to-beijing-for-rescheduled-china-22096464.php,,
148,2026-03-25,2026-03-25 22:00:00+00:00,0.5343373505803458,0.6746624112129211,0.11336216868261965,-4.255319,wn.com,Trump To Visit Xi In China Midmay After Iran Delay,https://article.wn.com/view/2026/03/25/Trump_to_visit_Xi_in_China_midMay_after_Iran_delay/,,
149,2026-03-17,2026-03-17 19:00:00+00:00,0.5341026353361129,0.686177134513855,0.07787913780288648,-2.617801,katc.com,Trump Delays His China Visit By About 5 Or 6 Weeks To Focus On The War In Iran,https://www.katc.com/politics/the-president/trump-delays-his-china-visit-by-about-5-or-6-weeks-to-focus-on-the-war-in-iran,,
150,2026-03-17,2026-03-17 20:00:00+00:00,0.5341026353361129,0.686177134513855,0.07787913780288648,-2.617801,koaa.com,Trump Delays His China Visit By About 5 Or 6 Weeks To Focus On The War In Iran,https://www.koaa.com/politics/the-president/trump-delays-his-china-visit-by-about-5-or-6-weeks-to-focus-on-the-war-in-iran,,
151,2026-03-17,2026-03-17 22:00:00+00:00,0.5341026353361129,0.686177134513855,0.07787913780288648,-2.617801,10news.com,Trump Delays His China Visit By About 5 Or 6 Weeks To Focus On The War In Iran,https://www.10news.com/politics/the-president/trump-delays-his-china-visit-by-about-5-or-6-weeks-to-focus-on-the-war-in-iran,,
152,2026-03-17,2026-03-17 16:00:00+00:00,0.5336500393593699,0.6741880774497986,0.11203592508808403,-2.0771513,virginiabusiness.com,Trump Proposes Delay China Visit Iran War,http://virginiabusiness.com/trump-proposes-delay-china-visit-iran-war/,,
153,2026-03-09,2026-03-09 08:00:00+00:00,0.5319153429572365,0.6122966408729553,0.2907714492100799,-3.6065574,irishtimes.com,China Condemns Us War On Iran But Keeps Welcome Extended For Trump Visit,https://www.irishtimes.com/world/2026/03/09/china-condemns-us-war-on-iran-but-keeps-welcome-extended-for-trump-visit/,,
154,2026-03-17,2026-03-17 11:00:00+00:00,0.5310694987589986,0.6349406242370605,0.21945612232481265,-1.7301039,aawsat.com,5252171 China Says Takes Note Us %E2%80%98Clarifications%E2%80%99 Possible Trump Visit Delay,https://english.aawsat.com/world/5252171-china-says-takes-note-us-%E2%80%98clarifications%E2%80%99-possible-trump-visit-delay,,
155,2026-03-17,2026-03-17 17:00:00+00:00,0.5301972491674296,0.6776058673858643,0.08797139451212556,-1.2326657,inquirer.com,President Trump China Iran 20260317,https://www.inquirer.com/news/nation-world/president-trump-china-iran-20260317.html,,
156,2026-03-25,2026-03-25 19:00:00+00:00,0.5294565550328164,0.6688681244850159,0.11122184667621794,-1.7006803,channelnewsasia.com,Iran China Trump Us Jinping Visit Beijing Trip War 6017171,https://www.channelnewsasia.com/world/iran-china-trump-us-jinping-visit-beijing-trip-war-6017171,,
157,2026-03-03,2026-03-03 21:00:00+00:00,0.5290457429604545,0.682452917098999,0.06882422054482096,-2.4509804,aei.org,How Soft On China Can Trump Get,https://www.aei.org/foreign-and-defense-policy/how-soft-on-china-can-trump-get/,,
158,2026-03-17,2026-03-17 14:00:00+00:00,0.5287447751207344,0.6682717800140381,0.11016376044082328,-2.9761906,newkerala.com,Trumps Visit Nothing Do Strait Hormuz Closure China 980,https://www.newkerala.com/news/a/trumps-visit-nothing-do-strait-hormuz-closure-china-980.htm,,
159,2026-03-09,2026-03-09 13:00:00+00:00,0.5282847300770916,0.6776119470596313,0.08030307912947253,-1.2269939,scmp.com,Trumps China Visit Limited Beijing Due Tight Schedule And Security Needs Sources,https://www.scmp.com/news/china/politics/article/3345970/trumps-china-visit-limited-beijing-due-tight-schedule-and-security-needs-sources,,
160,2026-03-20,2026-03-20 22:00:00+00:00,0.527672574777187,0.6773713827133179,0.0785761509687944,-7.920792,scmp.com,What Are Real Reasons Behind Change Date Trumps China Visit,https://www.scmp.com/news/china/diplomacy/article/3347008/what-are-real-reasons-behind-change-date-trumps-china-visit,,
161,2026-03-18,2026-03-18 05:00:00+00:00,0.5274313135960969,0.5989794135093689,0.3127870138562806,-1.8050542,dawn.com,China Says Delay In Trump Visit Not Linked To Hormuz Closure,https://www.dawn.com/news/1983256/china-says-delay-in-trump-visit-not-linked-to-hormuz-closure,,
162,2026-03-16,2026-03-16 06:00:00+00:00,0.524393558595282,0.6703376770019531,0.08656120337526875,-1.2269939,scmp.com,Trumps China Visit Limited Beijing Due Tight Schedule And Security Needs Sources?Module=Series Trump%E2%80%99S 2026 Trip To China&Pgtype=Homepage,https://www.scmp.com/news/china/politics/article/3345970/trumps-china-visit-limited-beijing-due-tight-schedule-and-security-needs-sources?module=series_trump%E2%80%99s_2026_trip_to_china&pgtype=homepage,,
163,2026-03-04,2026-03-04 13:00:00+00:00,0.5240242487884996,0.5861581563949585,0.33762252596912307,2.5157232,scmp.com,China Vows Boost Economy Adhere Principles Ahead Two Sessions And Trump Visit,https://www.scmp.com/news/china/diplomacy/article/3345464/china-vows-boost-economy-adhere-principles-ahead-two-sessions-and-trump-visit,,
164,2026-03-17,2026-03-17 08:00:00+00:00,0.5217217571396476,0.6692095398902893,0.07925840888772258,-2.8608582,openthemagazine.com,Iran Conflict Could End Soon Says Trump Signals Possible Delay Of China Visit,https://openthemagazine.com/world/iran-conflict-could-end-soon-says-trump-signals-possible-delay-of-china-visit,,
165,2026-03-18,2026-03-18 04:00:00+00:00,0.5196060677370977,0.6723069548606873,0.061503406366329304,0.0,oann.com,Trump Reschedules China Trip Amid Iran Conflict,https://www.oann.com/newsroom/trump-reschedules-china-trip-amid-iran-conflict/,,
166,2026-03-22,2026-03-22 12:00:00+00:00,0.5181245522376429,0.4931037127971649,0.5931870705590767,-0.79113925,irishcentral.com,Donald Trump Visit Logistical Nightmare,https://www.irishcentral.com/news/politics/donald-trump-visit-logistical-nightmare,,
167,2026-03-16,2026-03-16 22:00:00+00:00,0.5161119163116319,0.6528337001800537,0.10594656470636629,-0.79113925,newkerala.com,Trump May Delay China Visit Amid Iran War 241,https://www.newkerala.com/news/a/trump-may-delay-china-visit-amid-iran-war-241.htm,,
168,2026-03-09,2026-03-09 10:00:00+00:00,0.515828146428716,0.6574010848999023,0.09110933101515699,-0.8733624,firstpost.com,Trumps China Visit Unlikely To Yield Breakthrough Focus Likely On Stability In Ties 13987664,https://www.firstpost.com/business/trumps-china-visit-unlikely-to-yield-breakthrough-focus-likely-on-stability-in-ties-13987664.html,,
169,2026-03-15,2026-03-15 10:00:00+00:00,0.5154448811870852,0.639655590057373,0.14281275457622158,-2.2891567,gatestoneinstitute.org,Trump Iran China Dream,https://www.gatestoneinstitute.org/22341/trump-iran-china-dream,,
170,2026-03-17,2026-03-17 00:00:00+00:00,0.513440605799175,0.6615912914276123,0.06898854891386333,-5.994898,bangkokpost.com,Trump Shows China How To Handle Taiwan,https://www.bangkokpost.com/opinion/opinion/3218135/trump-shows-china-how-to-handle-taiwan,,
171,2026-03-16,2026-03-16 05:00:00+00:00,0.5130864453698789,0.6615530252456665,0.06768670574251626,-2.08,yahoo.com,Trump Suggests May Delay China 043633841,https://www.yahoo.com/news/articles/trump-suggests-may-delay-china-043633841.html,,
172,2026-03-01,2026-03-01 07:00:00+00:00,0.5113060094832811,0.6454744338989258,0.10880073623634694,-2.2382672,businesstimes.com.sg,Iran Attack Major Triumph Trump Strengthening His Hand Ahead China Visit,https://www.businesstimes.com.sg/international/global/iran-attack-major-triumph-trump-strengthening-his-hand-ahead-china-visit,,
173,2026-03-16,2026-03-16 15:00:00+00:00,0.5110220384980833,0.658800482749939,0.06768670574251626,-2.6183283,aol.com,Trump Suggests May Delay China 043633731,https://www.aol.com/articles/trump-suggests-may-delay-china-043633731.html,,
174,2026-03-16,2026-03-16 17:00:00+00:00,0.5110220384980833,0.658800482749939,0.06768670574251626,-2.3465705,yahoo.com,Trump Suggests May Delay China 043633731,https://www.yahoo.com/news/articles/trump-suggests-may-delay-china-043633731.html,,
175,2026-03-20,2026-03-20 12:00:00+00:00,0.5105052869169431,0.5244722366333008,0.4686044377678698,-5.714286,scmp.com,China Offers Us Olive Branch Fentanyl Raids Ahead Possible Trump Visit,https://www.scmp.com/news/china/diplomacy/article/3347368/china-offers-us-olive-branch-fentanyl-raids-ahead-possible-trump-visit,,
176,2026-03-25,2026-03-25 16:00:00+00:00,0.5097050587857587,0.5406284332275391,0.41693493546041765,-2.0103762,eastbaytimes.com,King Charles Trump Visit,https://www.eastbaytimes.com/2026/03/25/king-charles-trump-visit/,,
177,2026-03-25,2026-03-25 13:00:00+00:00,0.5097050587857587,0.5406284332275391,0.41693493546041765,-2.0116808,mercurynews.com,King Charles Trump Visit,https://www.mercurynews.com/2026/03/25/king-charles-trump-visit/,,
178,2026-03-25,2026-03-25 17:00:00+00:00,0.5097050587857587,0.5406284332275391,0.41693493546041765,-2.012987,marinij.com,King Charles Trump Visit,https://www.marinij.com/2026/03/25/king-charles-trump-visit/,,
179,2026-03-23,2026-03-23 06:00:00+00:00,0.5083011417845777,0.6496274471282959,0.0843222257534234,-5.487805,channelnewsasia.com,China United States Trump Xi Jinping Summit Visit Postpone Reasons Iran War Geopolitics 6010686,https://www.channelnewsasia.com/east-asia/china-united-states-trump-xi-jinping-summit-visit-postpone-reasons-iran-war-geopolitics-6010686,,
180,2026-03-11,2026-03-11 18:00:00+00:00,0.505438825132671,0.4973444938659668,0.5297218189327838,0.0,rawstory.com,Trump Visit Kentucky Disloyal,https://www.rawstory.com/trump-visit-kentucky-disloyal/,,
181,2026-03-06,2026-03-06 13:00:00+00:00,0.5036369222617705,0.5836563110351562,0.2635787559416131,-1.0256411,americanthinker.com,Trump Cracks China S Fortune Cookie,https://www.americanthinker.com/articles/2026/03/trump_cracks_china_s_fortune_cookie.html,,
182,2026-03-13,2026-03-13 12:00:00+00:00,0.5027310930906238,0.5898956656455994,0.24123737542569695,-8.144796,scmp.com,Beijing Warns Us Over Jimmy Lai Hong Kong And Taiwan Arms Sales Ahead Trump Visit,https://www.scmp.com/news/china/diplomacy/article/3346526/beijing-warns-us-over-jimmy-lai-hong-kong-and-taiwan-arms-sales-ahead-trump-visit,,
183,2026-03-16,2026-03-16 14:00:00+00:00,0.5021671244417976,0.6411463618278503,0.08522941228363909,0.0,channelnewsasia.com,Us Treasury Chief Discusses New Tariff Regime Beijing Trump Warns He May Delay China Visit 5996536,https://www.channelnewsasia.com/watch/us-treasury-chief-discusses-new-tariff-regime-beijing-trump-warns-he-may-delay-china-visit-5996536,,
184,2026-03-06,2026-03-06 22:00:00+00:00,0.5021465747033602,0.5082175135612488,0.48393375812969436,3.883495,yahoo.com,President Trump Visit Area City 221705626,https://www.yahoo.com/news/articles/president-trump-visit-area-city-221705626.html,,
185,2026-03-09,2026-03-09 04:00:00+00:00,0.5020447325559863,0.5338057279586792,0.4067617463479072,1.2658228,fox19.com,President Trump Visit Northern Kentucky Wednesday,https://www.fox19.com/2026/03/08/president-trump-visit-northern-kentucky-wednesday/,,
186,2026-03-08,2026-03-08 21:00:00+00:00,0.5020447325559863,0.5338057279586792,0.4067617463479072,1.2658228,wkyt.com,President Trump Visit Northern Kentucky Wednesday,https://www.wkyt.com/2026/03/08/president-trump-visit-northern-kentucky-wednesday/,,
187,2026-03-05,2026-03-05 01:00:00+00:00,0.5018730934739671,0.5726532340049744,0.28953267188094556,3.626943,scmp.com,Chinas Annual Two Sessions Kick Amid Planning Trump Visit And Pla Progress,https://www.scmp.com/news/china/politics/article/3345488/chinas-annual-two-sessions-kick-amid-planning-trump-visit-and-pla-progress,,
188,2026-03-09,2026-03-09 22:00:00+00:00,0.4999366926281933,0.6438751220703125,0.0681214043018356,-3.030303,kasu.org,China Debates Trumps Foreign Policy,https://www.kasu.org/2026-03-09/china-debates-trumps-foreign-policy,,
189,2026-03-09,2026-03-09 22:00:00+00:00,0.4999366926281933,0.6438751220703125,0.0681214043018356,-3.030303,wwno.org,China Debates Trumps Foreign Policy,https://www.wwno.org/npr-news/2026-03-09/china-debates-trumps-foreign-policy,,
190,2026-03-09,2026-03-09 22:00:00+00:00,0.4999366926281933,0.6438751220703125,0.0681214043018356,-3.030303,ksut.org,China Debates Trumps Foreign Policy,https://www.ksut.org/2026-03-09/china-debates-trumps-foreign-policy,,
191,2026-03-09,2026-03-09 22:00:00+00:00,0.4999366926281933,0.6438751220703125,0.0681214043018356,-3.030303,wkyufm.org,China Debates Trumps Foreign Policy,https://www.wkyufm.org/2026-03-09/china-debates-trumps-foreign-policy,,
192,2026-03-09,2026-03-09 22:00:00+00:00,0.4999366926281933,0.6438751220703125,0.0681214043018356,-3.030303,kwbu.org,China Debates Trumps Foreign Policy,https://www.kwbu.org/latest-from-npr/2026-03-09/china-debates-trumps-foreign-policy,,
193,2026-03-09,2026-03-09 22:00:00+00:00,0.4999366926281933,0.6438751220703125,0.0681214043018356,-3.030303,capeandislands.org,China Debates Trumps Foreign Policy,https://www.capeandislands.org/2026-03-09/china-debates-trumps-foreign-policy,,
194,2026-03-09,2026-03-09 22:00:00+00:00,0.4999366926281933,0.6438751220703125,0.0681214043018356,-3.030303,wsiu.org,China Debates Trumps Foreign Policy,https://www.wsiu.org/2026-03-09/china-debates-trumps-foreign-policy,,
195,2026-03-09,2026-03-09 22:00:00+00:00,0.4999366926281933,0.6438751220703125,0.0681214043018356,-3.030303,ualrpublicradio.org,China Debates Trumps Foreign Policy,https://www.ualrpublicradio.org/2026-03-09/china-debates-trumps-foreign-policy,,
196,2026-03-09,2026-03-09 22:00:00+00:00,0.4999366926281933,0.6438751220703125,0.0681214043018356,-3.030303,wxxinews.org,China Debates Trumps Foreign Policy,https://www.wxxinews.org/npr-news/2026-03-09/china-debates-trumps-foreign-policy,,
197,2026-03-09,2026-03-09 23:00:00+00:00,0.4999366926281933,0.6438751220703125,0.0681214043018356,-3.030303,wuwf.org,China Debates Trumps Foreign Policy,https://www.wuwf.org/2026-03-09/china-debates-trumps-foreign-policy,,
198,2026-03-09,2026-03-09 22:00:00+00:00,0.4999366926281933,0.6438751220703125,0.0681214043018356,-3.030303,kvnf.org,China Debates Trumps Foreign Policy,https://www.kvnf.org/2026-03-09/china-debates-trumps-foreign-policy,,
199,2026-03-09,2026-03-09 22:00:00+00:00,0.4999366926281933,0.6438751220703125,0.0681214043018356,-3.030303,mynspr.org,China Debates Trumps Foreign Policy,https://www.mynspr.org/2026-03-09/china-debates-trumps-foreign-policy,,
200,2026-03-09,2026-03-09 23:00:00+00:00,0.4999366926281933,0.6438751220703125,0.0681214043018356,-3.030303,wfae.org,China Debates Trumps Foreign Policy,https://www.wfae.org/world/2026-03-09/china-debates-trumps-foreign-policy,,
201,2026-02-25,2026-02-25 09:00:00+00:00,0.49598528026272154,0.6246127486228943,0.1101028751822033,-1.3043479,scmp.com,Donald Trump Touts Us Golden Age Avoids Direct Mention China Ahead Beijing Visit,https://www.scmp.com/news/china/diplomacy/article/3344594/donald-trump-touts-us-golden-age-avoids-direct-mention-china-ahead-beijing-visit,,
202,2026-03-03,2026-03-03 09:00:00+00:00,0.49548863845244406,0.6408604383468628,0.05937323876918786,1.25,japantimes.co.jp,Us China Trade Trump Xi,https://www.japantimes.co.jp/news/2026/03/03/asia-pacific/us-china-trade-trump-xi/,,
203,2026-03-25,2026-03-25 18:00:00+00:00,0.4949981999568258,0.6376726627349854,0.06697481162234709,-1.5625,newsday.com,Trump China Trip Iran War E62627,https://www.newsday.com/news/nation/trump-china-trip-iran-war-e62627,,
204,2026-03-14,2026-03-14 04:00:00+00:00,0.49425359591471096,0.6349120140075684,0.07227834163613867,1.1764706,dailymail.co.uk,Donald Trump Tiktok Deal Us China,https://www.dailymail.co.uk/news/article-15644941/Donald-Trump-TikTok-deal-US-China.html,,
205,2026-03-16,2026-03-16 17:00:00+00:00,0.49417811768501085,0.6275497674942017,0.09406316825743845,-2.1806853,washingtonexaminer.com,Donald Trump Strait Of Hormuz China Visit Xi Jinping,https://www.washingtonexaminer.com/news/world/4492633/donald-trump-strait-of-hormuz-china-visit-xi-jinping/,,
206,2026-03-08,2026-03-08 00:00:00+00:00,0.49404981541265297,0.5187161564826965,0.4200507922025222,-0.38535646,yahoo.com,Trump Visit Kentucky Amid Thomas 233006566,https://www.yahoo.com/news/articles/trump-visit-kentucky-amid-thomas-233006566.html,,
207,2026-03-03,2026-03-03 01:00:00+00:00,0.49269562817166596,0.6309475302696228,0.07793992187779539,4.3624163,luxurytravelmagazine.com,A Visit To Beijing,https://www.luxurytravelmagazine.com/news-articles/a-visit-to-beijing,,
208,2026-02-27,2026-02-27 06:00:00+00:00,0.49083588190534855,0.6254140138626099,0.08710148603356456,-5.084746,wn.com,Trump Will Head To Beijing Weakened And Xi Knows It,https://article.wn.com/view/2026/02/27/Trump_will_head_to_Beijing_weakened_and_Xi_knows_it/,,
209,2026-03-09,2026-03-09 04:00:00+00:00,0.4903724078816495,0.622483491897583,0.09403915583384895,0.0,chinatechnews.com,116776 Trumps China Visit Likely Wont Yield Breakthrough Aims To Maintain Stability,https://www.chinatechnews.com/2026/03/09/116776-trumps-china-visit-likely-wont-yield-breakthrough-aims-to-maintain-stability,,
210,2026-03-12,2026-03-12 15:00:00+00:00,0.48991233220492375,0.5547044277191162,0.29553604566234637,0.0,wcsmradio.com,Trump Cincy Visit,https://www.wcsmradio.com/index.php/news/81940/15/TRUMP-CINCY-VISIT,,
211,2026-03-25,2026-03-25 18:00:00+00:00,0.48983975695572346,0.6302847862243652,0.06850466914979819,0.0,cnbc.com,Trump Xi Beijing China Summit,https://www.cnbc.com/2026/03/25/trump-xi-beijing-china-summit.html,,
212,2026-03-04,2026-03-04 03:00:00+00:00,0.4885336561477085,0.6258710622787476,0.07652143775459125,-1.3559322,scmp.com,China And Us Hold High Level Trade Talks Paris Trumps Beijing Visit,https://www.scmp.com/economy/china-economy/article/3345336/china-and-us-hold-high-level-trade-talks-paris-trumps-beijing-visit,,
213,2026-03-16,2026-03-16 16:00:00+00:00,0.4872872007266515,0.6262087821960449,0.07052245631847115,-3.1666667,news-herald.com,China Trump Tariffs Trade,https://www.news-herald.com/2026/03/16/china-trump-tariffs-trade/,,
214,2026-03-16,2026-03-16 16:00:00+00:00,0.4872872007266515,0.6262087821960449,0.07052245631847115,-3.1666667,pilotonline.com,China Trump Tariffs Trade,https://www.pilotonline.com/2026/03/16/china-trump-tariffs-trade/,,
215,2026-03-16,2026-03-16 16:00:00+00:00,0.4872872007266515,0.6262087821960449,0.07052245631847115,-3.1666667,dailydemocrat.com,China Trump Tariffs Trade,https://www.dailydemocrat.com/2026/03/16/china-trump-tariffs-trade/,,
216,2026-03-16,2026-03-16 16:00:00+00:00,0.4872872007266515,0.6262087821960449,0.07052245631847115,-3.1666667,whittierdailynews.com,China Trump Tariffs Trade,https://www.whittierdailynews.com/2026/03/16/china-trump-tariffs-trade/,,
217,2026-03-16,2026-03-16 15:00:00+00:00,0.4872872007266515,0.6262087821960449,0.07052245631847115,-4.942966,presstelegram.com,China Trump Tariffs Trade,https://www.presstelegram.com/2026/03/16/china-trump-tariffs-trade/,,
218,2026-03-16,2026-03-16 15:00:00+00:00,0.4872872007266515,0.6262087821960449,0.07052245631847115,-3.1666667,morningjournal.com,China Trump Tariffs Trade,https://www.morningjournal.com/2026/03/16/china-trump-tariffs-trade/,,
219,2026-03-16,2026-03-16 15:00:00+00:00,0.4872872007266515,0.6262087821960449,0.07052245631847115,-3.1666667,pottsmerc.com,China Trump Tariffs Trade,https://www.pottsmerc.com/2026/03/16/china-trump-tariffs-trade/,,
220,2026-03-16,2026-03-16 15:00:00+00:00,0.4872872007266515,0.6262087821960449,0.07052245631847115,-3.1666667,dailybreeze.com,China Trump Tariffs Trade,https://www.dailybreeze.com/2026/03/16/china-trump-tariffs-trade/,,
221,2026-03-16,2026-03-16 15:00:00+00:00,0.4872872007266515,0.6262087821960449,0.07052245631847115,-3.1666667,courant.com,China Trump Tariffs Trade,https://www.courant.com/2026/03/16/china-trump-tariffs-trade/,,
222,2026-03-16,2026-03-16 15:00:00+00:00,0.4872872007266515,0.6262087821960449,0.07052245631847115,-4.942966,troyrecord.com,China Trump Tariffs Trade,https://www.troyrecord.com/2026/03/16/china-trump-tariffs-trade/,,
223,2026-03-16,2026-03-16 16:00:00+00:00,0.4872872007266515,0.6262087821960449,0.07052245631847115,-3.1666667,republicanherald.com,China Trump Tariffs Trade,https://www.republicanherald.com/2026/03/16/china-trump-tariffs-trade/,,
224,2026-03-16,2026-03-16 18:00:00+00:00,0.4872872007266515,0.6262087821960449,0.07052245631847115,-3.1666667,citizensvoice.com,China Trump Tariffs Trade,https://www.citizensvoice.com/2026/03/16/china-trump-tariffs-trade/,,
225,2026-03-16,2026-03-16 17:00:00+00:00,0.4872872007266515,0.6262087821960449,0.07052245631847115,-3.1666667,marinij.com,China Trump Tariffs Trade,https://www.marinij.com/2026/03/16/china-trump-tariffs-trade/,,
226,2026-03-16,2026-03-16 17:00:00+00:00,0.4872872007266515,0.6262087821960449,0.07052245631847115,-3.1666667,dailypress.com,China Trump Tariffs Trade,https://www.dailypress.com/2026/03/16/china-trump-tariffs-trade/,,
227,2026-03-16,2026-03-16 17:00:00+00:00,0.4872872007266515,0.6262087821960449,0.07052245631847115,-3.1666667,thenewsherald.com,China Trump Tariffs Trade,https://www.thenewsherald.com/2026/03/16/china-trump-tariffs-trade/,,
228,2026-03-16,2026-03-16 17:00:00+00:00,0.4872872007266515,0.6262087821960449,0.07052245631847115,-3.1666667,sgvtribune.com,China Trump Tariffs Trade,https://www.sgvtribune.com/2026/03/16/china-trump-tariffs-trade/,,
229,2026-03-16,2026-03-16 17:00:00+00:00,0.4872872007266515,0.6262087821960449,0.07052245631847115,-3.1666667,sandiegouniontribune.com,China Trump Tariffs Trade,https://www.sandiegouniontribune.com/2026/03/16/china-trump-tariffs-trade/,,
230,2026-03-16,2026-03-16 17:00:00+00:00,0.4872872007266515,0.6262087821960449,0.07052245631847115,-3.1666667,thetimes-tribune.com,China Trump Tariffs Trade,https://www.thetimes-tribune.com/2026/03/16/china-trump-tariffs-trade/,,
231,2026-03-16,2026-03-16 17:00:00+00:00,0.4872872007266515,0.6262087821960449,0.07052245631847115,-3.1666667,paradisepost.com,China Trump Tariffs Trade,https://www.paradisepost.com/2026/03/16/china-trump-tariffs-trade/,,
232,2026-03-16,2026-03-16 18:00:00+00:00,0.4872872007266515,0.6262087821960449,0.07052245631847115,-3.1666667,dailynews.com,China Trump Tariffs Trade,https://www.dailynews.com/2026/03/16/china-trump-tariffs-trade/,,
233,2026-03-16,2026-03-16 18:00:00+00:00,0.4872872007266515,0.6262087821960449,0.07052245631847115,-3.1666667,sun-sentinel.com,China Trump Tariffs Trade,https://www.sun-sentinel.com/2026/03/16/china-trump-tariffs-trade/,,
234,2026-03-16,2026-03-16 18:00:00+00:00,0.4872872007266515,0.6262087821960449,0.07052245631847115,-3.1666667,sbsun.com,China Trump Tariffs Trade,https://www.sbsun.com/2026/03/16/china-trump-tariffs-trade/,,
235,2026-03-16,2026-03-16 18:00:00+00:00,0.4872872007266515,0.6262087821960449,0.07052245631847115,-3.1666667,dailybulletin.com,China Trump Tariffs Trade,https://www.dailybulletin.com/2026/03/16/china-trump-tariffs-trade/,,
236,2026-03-16,2026-03-16 18:00:00+00:00,0.4872872007266515,0.6262087821960449,0.07052245631847115,-3.1666667,journal-advocate.com,China Trump Tariffs Trade,https://www.journal-advocate.com/2026/03/16/china-trump-tariffs-trade/,,
237,2026-03-16,2026-03-16 19:00:00+00:00,0.4872872007266515,0.6262087821960449,0.07052245631847115,-3.1666667,capitalgazette.com,China Trump Tariffs Trade,https://www.capitalgazette.com/2026/03/16/china-trump-tariffs-trade/,,
238,2026-03-16,2026-03-16 15:00:00+00:00,0.4872872007266515,0.6262087821960449,0.07052245631847115,-4.942966,orovillemr.com,China Trump Tariffs Trade,https://www.orovillemr.com/2026/03/16/china-trump-tariffs-trade/,,
239,2026-03-16,2026-03-16 15:00:00+00:00,0.4872872007266515,0.6262087821960449,0.07052245631847115,-4.942966,chicoer.com,China Trump Tariffs Trade,https://www.chicoer.com/2026/03/16/china-trump-tariffs-trade/,,
240,2026-03-16,2026-03-16 17:00:00+00:00,0.4872872007266515,0.6262087821960449,0.07052245631847115,-3.1666667,theoaklandpress.com,China Trump Tariffs Trade,https://www.theoaklandpress.com/2026/03/16/china-trump-tariffs-trade/,,
241,2026-03-16,2026-03-16 14:00:00+00:00,0.4872872007266515,0.6262087821960449,0.07052245631847115,-4.942966,sentinelandenterprise.com,China Trump Tariffs Trade,https://www.sentinelandenterprise.com/2026/03/16/china-trump-tariffs-trade/,,
242,2026-03-16,2026-03-16 14:00:00+00:00,0.4872872007266515,0.6262087821960449,0.07052245631847115,-4.942966,pasadenastarnews.com,China Trump Tariffs Trade,https://www.pasadenastarnews.com/2026/03/16/china-trump-tariffs-trade/,,
243,2026-03-16,2026-03-16 14:00:00+00:00,0.4872872007266515,0.6262087821960449,0.07052245631847115,-4.942966,mainlinemedianews.com,China Trump Tariffs Trade,https://www.mainlinemedianews.com/2026/03/16/china-trump-tariffs-trade/,,
244,2026-03-16,2026-03-16 14:00:00+00:00,0.4872872007266515,0.6262087821960449,0.07052245631847115,-4.942966,twincities.com,China Trump Tariffs Trade,https://www.twincities.com/2026/03/16/china-trump-tariffs-trade/,,
245,2026-03-16,2026-03-16 14:00:00+00:00,0.4872872007266515,0.6262087821960449,0.07052245631847115,-4.942966,orlandosentinel.com,China Trump Tariffs Trade,https://www.orlandosentinel.com/2026/03/16/china-trump-tariffs-trade/,,
246,2026-03-16,2026-03-16 14:00:00+00:00,0.4872872007266515,0.6262087821960449,0.07052245631847115,-4.942966,ocregister.com,China Trump Tariffs Trade,https://www.ocregister.com/2026/03/16/china-trump-tariffs-trade/,,
247,2026-03-16,2026-03-16 14:00:00+00:00,0.4872872007266515,0.6262087821960449,0.07052245631847115,-4.942966,fortmorgantimes.com,China Trump Tariffs Trade,https://www.fortmorgantimes.com/2026/03/16/china-trump-tariffs-trade/,,
248,2026-03-16,2026-03-16 14:00:00+00:00,0.4872872007266515,0.6262087821960449,0.07052245631847115,-4.942966,lowellsun.com,China Trump Tariffs Trade,https://www.lowellsun.com/2026/03/16/china-trump-tariffs-trade/,,
249,2026-03-16,2026-03-16 14:00:00+00:00,0.4872872007266515,0.6262087821960449,0.07052245631847115,-4.942966,redlandsdailyfacts.com,China Trump Tariffs Trade,https://www.redlandsdailyfacts.com/2026/03/16/china-trump-tariffs-trade/,,
250,2026-03-16,2026-03-16 14:00:00+00:00,0.4872872007266515,0.6262087821960449,0.07052245631847115,-4.942966,baltimoresun.com,China Trump Tariffs Trade,https://www.baltimoresun.com/2026/03/16/china-trump-tariffs-trade/,,
251,2026-03-16,2026-03-16 15:00:00+00:00,0.4872872007266515,0.6262087821960449,0.07052245631847115,-4.942966,advocate-news.com,China Trump Tariffs Trade,https://www.advocate-news.com/2026/03/16/china-trump-tariffs-trade/,,
252,2026-03-16,2026-03-16 15:00:00+00:00,0.48728711131968433,0.6262086629867554,0.07052245631847115,-4.942966,canoncitydailyrecord.com,China Trump Tariffs Trade,https://www.canoncitydailyrecord.com/2026/03/16/china-trump-tariffs-trade/,,
253,2026-03-16,2026-03-16 14:00:00+00:00,0.48728711131968433,0.6262086629867554,0.07052245631847115,-4.942966,montereyherald.com,China Trump Tariffs Trade,https://www.montereyherald.com/2026/03/16/china-trump-tariffs-trade/,,
254,2026-03-24,2026-03-24 01:00:00+00:00,0.48666864552142297,0.5198913812637329,0.3870004382944932,-7.7681875,americanthinker.com,Will Trump Make A Deal With Iran,https://www.americanthinker.com/blog/2026/03/will_trump_make_a_deal_with_iran.html,,
255,2026-03-08,2026-03-08 17:00:00+00:00,0.48550169343407734,0.5929441452026367,0.1631743381283992,0.27453673,bgnes.com,China Will Do Everything To Gain Total Control Over Serbia Trump Will Not Tolerate Vu I,http://www.bgnes.com/politics/china-will-do-everything-to-gain-total-control-over-serbia-trump-will-not-tolerate-vu-i,,
256,2026-03-25,2026-03-25 21:00:00+00:00,0.48491891578996954,0.6268445253372192,0.05914208714822048,-2.901354,wwmt.com,Trump To Meet Xi In Long Awaited China Summit After Delay Due To Conflict With Iran War Military Troops Strait Of Hormuz Oil Gasoline Trade White House Visit First Lady Melania Trump,https://wwmt.com/news/nation-world/trump-to-meet-xi-in-long-awaited-china-summit-after-delay-due-to-conflict-with-iran-war-military-troops-strait-of-hormuz-oil-gasoline-trade-white-house-visit-first-lady-melania-trump,,
257,2026-03-25,2026-03-25 20:00:00+00:00,0.48491891578996954,0.6268445253372192,0.05914208714822048,-2.901354,turnto10.com,Trump To Meet Xi In Long Awaited China Summit After Delay Due To Conflict With Iran War Military Troops Strait Of Hormuz Oil Gasoline Trade White House Visit First Lady Melania Trump,https://turnto10.com/news/nation-world/trump-to-meet-xi-in-long-awaited-china-summit-after-delay-due-to-conflict-with-iran-war-military-troops-strait-of-hormuz-oil-gasoline-trade-white-house-visit-first-lady-melania-trump,,
258,2026-03-25,2026-03-25 21:00:00+00:00,0.48491891578996954,0.6268445253372192,0.05914208714822048,-2.901354,fox23maine.com,Trump To Meet Xi In Long Awaited China Summit After Delay Due To Conflict With Iran War Military Troops Strait Of Hormuz Oil Gasoline Trade White House Visit First Lady Melania Trump,https://fox23maine.com/news/nation-world/trump-to-meet-xi-in-long-awaited-china-summit-after-delay-due-to-conflict-with-iran-war-military-troops-strait-of-hormuz-oil-gasoline-trade-white-house-visit-first-lady-melania-trump,,
259,2026-03-25,2026-03-25 20:00:00+00:00,0.48491891578996954,0.6268445253372192,0.05914208714822048,-2.901354,komonews.com,Trump To Meet Xi In Long Awaited China Summit After Delay Due To Conflict With Iran War Military Troops Strait Of Hormuz Oil Gasoline Trade White House Visit First Lady Melania Trump,https://komonews.com/news/nation-world/trump-to-meet-xi-in-long-awaited-china-summit-after-delay-due-to-conflict-with-iran-war-military-troops-strait-of-hormuz-oil-gasoline-trade-white-house-visit-first-lady-melania-trump,,
260,2026-03-25,2026-03-25 21:00:00+00:00,0.48491891578996954,0.6268445253372192,0.05914208714822048,-2.901354,katu.com,Trump To Meet Xi In Long Awaited China Summit After Delay Due To Conflict With Iran War Military Troops Strait Of Hormuz Oil Gasoline Trade White House Visit First Lady Melania Trump,https://katu.com/news/nation-world/trump-to-meet-xi-in-long-awaited-china-summit-after-delay-due-to-conflict-with-iran-war-military-troops-strait-of-hormuz-oil-gasoline-trade-white-house-visit-first-lady-melania-trump,,
261,2026-03-25,2026-03-25 20:00:00+00:00,0.48491891578996954,0.6268445253372192,0.05914208714822048,-2.901354,midmichigannow.com,Trump To Meet Xi In Long Awaited China Summit After Delay Due To Conflict With Iran War Military Troops Strait Of Hormuz Oil Gasoline Trade White House Visit First Lady Melania Trump,https://midmichigannow.com/news/nation-world/trump-to-meet-xi-in-long-awaited-china-summit-after-delay-due-to-conflict-with-iran-war-military-troops-strait-of-hormuz-oil-gasoline-trade-white-house-visit-first-lady-melania-trump,,
262,2026-03-25,2026-03-25 20:00:00+00:00,0.48491891578996954,0.6268445253372192,0.05914208714822048,-2.901354,abc7amarillo.com,Trump To Meet Xi In Long Awaited China Summit After Delay Due To Conflict With Iran War Military Troops Strait Of Hormuz Oil Gasoline Trade White House Visit First Lady Melania Trump,https://abc7amarillo.com/news/nation-world/trump-to-meet-xi-in-long-awaited-china-summit-after-delay-due-to-conflict-with-iran-war-military-troops-strait-of-hormuz-oil-gasoline-trade-white-house-visit-first-lady-melania-trump,,
263,2026-03-25,2026-03-25 21:00:00+00:00,0.48491891578996954,0.6268445253372192,0.05914208714822048,-2.901354,wcti12.com,Trump To Meet Xi In Long Awaited China Summit After Delay Due To Conflict With Iran War Military Troops Strait Of Hormuz Oil Gasoline Trade White House Visit First Lady Melania Trump,https://wcti12.com/news/nation-world/trump-to-meet-xi-in-long-awaited-china-summit-after-delay-due-to-conflict-with-iran-war-military-troops-strait-of-hormuz-oil-gasoline-trade-white-house-visit-first-lady-melania-trump,,
264,2026-03-25,2026-03-25 20:00:00+00:00,0.48491891578996954,0.6268445253372192,0.05914208714822048,-2.901354,abc6onyourside.com,Trump To Meet Xi In Long Awaited China Summit After Delay Due To Conflict With Iran War Military Troops Strait Of Hormuz Oil Gasoline Trade White House Visit First Lady Melania Trump,https://abc6onyourside.com/news/nation-world/trump-to-meet-xi-in-long-awaited-china-summit-after-delay-due-to-conflict-with-iran-war-military-troops-strait-of-hormuz-oil-gasoline-trade-white-house-visit-first-lady-melania-trump,,
265,2026-03-25,2026-03-25 20:00:00+00:00,0.48491891578996954,0.6268445253372192,0.05914208714822048,-2.901354,wgxa.tv,Trump To Meet Xi In Long Awaited China Summit After Delay Due To Conflict With Iran War Military Troops Strait Of Hormuz Oil Gasoline Trade White House Visit First Lady Melania Trump,https://wgxa.tv/news/nation-world/trump-to-meet-xi-in-long-awaited-china-summit-after-delay-due-to-conflict-with-iran-war-military-troops-strait-of-hormuz-oil-gasoline-trade-white-house-visit-first-lady-melania-trump,,
266,2026-03-25,2026-03-25 20:00:00+00:00,0.48491891578996954,0.6268445253372192,0.05914208714822048,-2.901354,okcfox.com,Trump To Meet Xi In Long Awaited China Summit After Delay Due To Conflict With Iran War Military Troops Strait Of Hormuz Oil Gasoline Trade White House Visit First Lady Melania Trump,https://okcfox.com/news/nation-world/trump-to-meet-xi-in-long-awaited-china-summit-after-delay-due-to-conflict-with-iran-war-military-troops-strait-of-hormuz-oil-gasoline-trade-white-house-visit-first-lady-melania-trump,,
267,2026-03-25,2026-03-25 21:00:00+00:00,0.48491891578996954,0.6268445253372192,0.05914208714822048,-2.901354,wchstv.com,Trump To Meet Xi In Long Awaited China Summit After Delay Due To Conflict With Iran War Military Troops Strait Of Hormuz Oil Gasoline Trade White House Visit First Lady Melania Trump,https://wchstv.com/news/nation-world/trump-to-meet-xi-in-long-awaited-china-summit-after-delay-due-to-conflict-with-iran-war-military-troops-strait-of-hormuz-oil-gasoline-trade-white-house-visit-first-lady-melania-trump,,
268,2026-03-25,2026-03-25 20:00:00+00:00,0.48491891578996954,0.6268445253372192,0.05914208714822048,-2.901354,wach.com,Trump To Meet Xi In Long Awaited China Summit After Delay Due To Conflict With Iran War Military Troops Strait Of Hormuz Oil Gasoline Trade White House Visit First Lady Melania Trump,https://wach.com/news/nation-world/trump-to-meet-xi-in-long-awaited-china-summit-after-delay-due-to-conflict-with-iran-war-military-troops-strait-of-hormuz-oil-gasoline-trade-white-house-visit-first-lady-melania-trump,,
269,2026-03-25,2026-03-25 21:00:00+00:00,0.48491891578996954,0.6268445253372192,0.05914208714822048,-2.901354,local21news.com,Trump To Meet Xi In Long Awaited China Summit After Delay Due To Conflict With Iran War Military Troops Strait Of Hormuz Oil Gasoline Trade White House Visit First Lady Melania Trump,https://local21news.com/news/nation-world/trump-to-meet-xi-in-long-awaited-china-summit-after-delay-due-to-conflict-with-iran-war-military-troops-strait-of-hormuz-oil-gasoline-trade-white-house-visit-first-lady-melania-trump,,
270,2026-03-25,2026-03-25 21:00:00+00:00,0.48491891578996954,0.6268445253372192,0.05914208714822048,-2.901354,ktxs.com,Trump To Meet Xi In Long Awaited China Summit After Delay Due To Conflict With Iran War Military Troops Strait Of Hormuz Oil Gasoline Trade White House Visit First Lady Melania Trump,https://ktxs.com/news/nation-world/trump-to-meet-xi-in-long-awaited-china-summit-after-delay-due-to-conflict-with-iran-war-military-troops-strait-of-hormuz-oil-gasoline-trade-white-house-visit-first-lady-melania-trump,,
271,2026-03-25,2026-03-25 21:00:00+00:00,0.48491891578996954,0.6268445253372192,0.05914208714822048,-2.901354,nbcmontana.com,Trump To Meet Xi In Long Awaited China Summit After Delay Due To Conflict With Iran War Military Troops Strait Of Hormuz Oil Gasoline Trade White House Visit First Lady Melania Trump,https://nbcmontana.com/news/nation-world/trump-to-meet-xi-in-long-awaited-china-summit-after-delay-due-to-conflict-with-iran-war-military-troops-strait-of-hormuz-oil-gasoline-trade-white-house-visit-first-lady-melania-trump,,
272,2026-03-25,2026-03-25 21:00:00+00:00,0.48491891578996954,0.6268445253372192,0.05914208714822048,-2.901354,krcgtv.com,Trump To Meet Xi In Long Awaited China Summit After Delay Due To Conflict With Iran War Military Troops Strait Of Hormuz Oil Gasoline Trade White House Visit First Lady Melania Trump,https://krcgtv.com/news/nation-world/trump-to-meet-xi-in-long-awaited-china-summit-after-delay-due-to-conflict-with-iran-war-military-troops-strait-of-hormuz-oil-gasoline-trade-white-house-visit-first-lady-melania-trump,,
273,2026-03-25,2026-03-25 20:00:00+00:00,0.48491891578996954,0.6268445253372192,0.05914208714822048,-2.901354,keprtv.com,Trump To Meet Xi In Long Awaited China Summit After Delay Due To Conflict With Iran War Military Troops Strait Of Hormuz Oil Gasoline Trade White House Visit First Lady Melania Trump,https://keprtv.com/news/nation-world/trump-to-meet-xi-in-long-awaited-china-summit-after-delay-due-to-conflict-with-iran-war-military-troops-strait-of-hormuz-oil-gasoline-trade-white-house-visit-first-lady-melania-trump,,
274,2026-03-25,2026-03-25 20:00:00+00:00,0.48491891578996954,0.6268445253372192,0.05914208714822048,-2.901354,foxsanantonio.com,Trump To Meet Xi In Long Awaited China Summit After Delay Due To Conflict With Iran War Military Troops Strait Of Hormuz Oil Gasoline Trade White House Visit First Lady Melania Trump,https://foxsanantonio.com/news/nation-world/trump-to-meet-xi-in-long-awaited-china-summit-after-delay-due-to-conflict-with-iran-war-military-troops-strait-of-hormuz-oil-gasoline-trade-white-house-visit-first-lady-melania-trump,,
275,2026-03-25,2026-03-25 20:00:00+00:00,0.48491891578996954,0.6268445253372192,0.05914208714822048,-2.901354,klewtv.com,Trump To Meet Xi In Long Awaited China Summit After Delay Due To Conflict With Iran War Military Troops Strait Of Hormuz Oil Gasoline Trade White House Visit First Lady Melania Trump,https://klewtv.com/news/nation-world/trump-to-meet-xi-in-long-awaited-china-summit-after-delay-due-to-conflict-with-iran-war-military-troops-strait-of-hormuz-oil-gasoline-trade-white-house-visit-first-lady-melania-trump,,
276,2026-03-25,2026-03-25 21:00:00+00:00,0.48491891578996954,0.6268445253372192,0.05914208714822048,-2.901354,foxreno.com,Trump To Meet Xi In Long Awaited China Summit After Delay Due To Conflict With Iran War Military Troops Strait Of Hormuz Oil Gasoline Trade White House Visit First Lady Melania Trump,https://foxreno.com/news/nation-world/trump-to-meet-xi-in-long-awaited-china-summit-after-delay-due-to-conflict-with-iran-war-military-troops-strait-of-hormuz-oil-gasoline-trade-white-house-visit-first-lady-melania-trump,,
277,2026-03-25,2026-03-25 20:00:00+00:00,0.48491891578996954,0.6268445253372192,0.05914208714822048,-2.901354,wcyb.com,Trump To Meet Xi In Long Awaited China Summit After Delay Due To Conflict With Iran War Military Troops Strait Of Hormuz Oil Gasoline Trade White House Visit First Lady Melania Trump,https://wcyb.com/news/nation-world/trump-to-meet-xi-in-long-awaited-china-summit-after-delay-due-to-conflict-with-iran-war-military-troops-strait-of-hormuz-oil-gasoline-trade-white-house-visit-first-lady-melania-trump,,
278,2026-03-25,2026-03-25 20:00:00+00:00,0.48491891578996954,0.6268445253372192,0.05914208714822048,-2.901354,news3lv.com,Trump To Meet Xi In Long Awaited China Summit After Delay Due To Conflict With Iran War Military Troops Strait Of Hormuz Oil Gasoline Trade White House Visit First Lady Melania Trump,https://news3lv.com/news/nation-world/trump-to-meet-xi-in-long-awaited-china-summit-after-delay-due-to-conflict-with-iran-war-military-troops-strait-of-hormuz-oil-gasoline-trade-white-house-visit-first-lady-melania-trump,,
279,2026-03-25,2026-03-25 20:00:00+00:00,0.48491891578996954,0.6268445253372192,0.05914208714822048,-2.901354,kfdm.com,Trump To Meet Xi In Long Awaited China Summit After Delay Due To Conflict With Iran War Military Troops Strait Of Hormuz Oil Gasoline Trade White House Visit First Lady Melania Trump,https://kfdm.com/news/nation-world/trump-to-meet-xi-in-long-awaited-china-summit-after-delay-due-to-conflict-with-iran-war-military-troops-strait-of-hormuz-oil-gasoline-trade-white-house-visit-first-lady-melania-trump,,
280,2026-03-25,2026-03-25 20:00:00+00:00,0.48491891578996954,0.6268445253372192,0.05914208714822048,-2.901354,wsbt.com,Trump To Meet Xi In Long Awaited China Summit After Delay Due To Conflict With Iran War Military Troops Strait Of Hormuz Oil Gasoline Trade White House Visit First Lady Melania Trump,https://wsbt.com/news/nation-world/trump-to-meet-xi-in-long-awaited-china-summit-after-delay-due-to-conflict-with-iran-war-military-troops-strait-of-hormuz-oil-gasoline-trade-white-house-visit-first-lady-melania-trump,,
281,2026-03-25,2026-03-25 20:00:00+00:00,0.48491891578996954,0.6268445253372192,0.05914208714822048,-2.901354,abcnews4.com,Trump To Meet Xi In Long Awaited China Summit After Delay Due To Conflict With Iran War Military Troops Strait Of Hormuz Oil Gasoline Trade White House Visit First Lady Melania Trump,https://abcnews4.com/news/nation-world/trump-to-meet-xi-in-long-awaited-china-summit-after-delay-due-to-conflict-with-iran-war-military-troops-strait-of-hormuz-oil-gasoline-trade-white-house-visit-first-lady-melania-trump,,
282,2026-03-25,2026-03-25 20:00:00+00:00,0.48491891578996954,0.6268445253372192,0.05914208714822048,-2.901354,kcby.com,Trump To Meet Xi In Long Awaited China Summit After Delay Due To Conflict With Iran War Military Troops Strait Of Hormuz Oil Gasoline Trade White House Visit First Lady Melania Trump,https://kcby.com/news/nation-world/trump-to-meet-xi-in-long-awaited-china-summit-after-delay-due-to-conflict-with-iran-war-military-troops-strait-of-hormuz-oil-gasoline-trade-white-house-visit-first-lady-melania-trump,,
283,2026-03-25,2026-03-25 20:00:00+00:00,0.48491891578996954,0.6268445253372192,0.05914208714822048,-2.901354,fox56.com,Trump To Meet Xi In Long Awaited China Summit After Delay Due To Conflict With Iran War Military Troops Strait Of Hormuz Oil Gasoline Trade White House Visit First Lady Melania Trump,https://fox56.com/news/nation-world/trump-to-meet-xi-in-long-awaited-china-summit-after-delay-due-to-conflict-with-iran-war-military-troops-strait-of-hormuz-oil-gasoline-trade-white-house-visit-first-lady-melania-trump,,
284,2026-03-25,2026-03-25 19:00:00+00:00,0.483913865199,0.6073347926139832,0.11365108295405049,-0.8064516,al-monitor.com,Trump Reschedules Iran Delayed China Visit May 14 15,https://www.al-monitor.com/originals/2026/03/trump-reschedules-iran-delayed-china-visit-may-14-15,,
285,2026-03-06,2026-03-06 19:00:00+00:00,0.4838450539133372,0.5458585023880005,0.2978047084893473,0.7490637,news.az,Boeing Reportedly Nearing 500 Aircraft Deal With China Ahead Of Trump Visit,https://news.az/news/boeing-reportedly-nearing-500-aircraft-deal-with-china-ahead-of-trump-visit,,
286,2026-03-13,2026-03-13 14:00:00+00:00,0.4832150499068941,0.6177157163619995,0.07971305054157807,-1.7699115,washingtonexaminer.com,Trump Most Favored Nation Threatens Us Competitiveness China,https://www.washingtonexaminer.com/op-eds/4488743/trump-most-favored-nation-threatens-us-competitiveness-china/,,
287,2026-03-25,2026-03-25 23:00:00+00:00,0.48050635455281876,0.6035212278366089,0.11146173470144828,-0.9174312,dailysignal.com,Trump Reschedules Iran Delayed China Visit For May 14 15,https://www.dailysignal.com/2026/03/25/trump-reschedules-iran-delayed-china-visit-for-may-14-15/,,
288,2026-03-16,2026-03-16 11:00:00+00:00,0.48039092819967455,0.6177895665168762,0.06819501324806948,-1.968504,benzinga.com,Trump May Delay China Visit As He Urges Beijings Action In The Strait Of Hormuz In Two Weeks,https://www.benzinga.com/news/politics/26/03/51262729/trump-may-delay-china-visit-as-he-urges-beijings-action-in-the-strait-of-hormuz-in-two-weeks,,
289,2026-03-17,2026-03-17 21:00:00+00:00,0.4800252143578275,0.5083463191986084,0.3950618998354849,-3.4267912,irishtimes.com,Taoiseach Manages Trump Visit Successfully With Firm Interjects And No Clashes,https://www.irishtimes.com/politics/2026/03/17/taoiseach-manages-trump-visit-successfully-with-firm-interjects-and-no-clashes/,,
290,2026-03-17,2026-03-17 14:00:00+00:00,0.4799250290266183,0.6131568551063538,0.08022955078741208,-4.347826,theamericanconservative.com,Trump To Reschedule China Summit With Xi,https://www.theamericanconservative.com/trump-to-reschedule-china-summit-with-xi/,,
291,2026-03-17,2026-03-17 01:00:00+00:00,0.4790381444488738,0.6182223558425903,0.0614855102677244,-1.9607843,theepochtimes.com,Trump Seeks To Delay China Trip Calls On China To Help With Strait Of Hormuz 5999554,https://www.theepochtimes.com/epochtv/trump-seeks-to-delay-china-trip-calls-on-china-to-help-with-strait-of-hormuz-5999554,,
292,2026-03-01,2026-03-01 04:00:00+00:00,0.47899135727494635,0.6088705062866211,0.08935391023992216,-2.405248,straitstimes.com,Iran Attack A Major Triumph For Trump Strengthening His Hand Ahead Of China Visit,https://www.straitstimes.com/world/united-states/iran-attack-a-major-triumph-for-trump-strengthening-his-hand-ahead-of-china-visit,,
293,2026-03-25,2026-03-25 21:00:00+00:00,0.478380880167176,0.5887842178344727,0.14717086716528596,0.1908397,aol.co.uk,Trump 15Bn Plan Beat China 211527980,https://www.aol.co.uk/articles/trump-15bn-plan-beat-china-211527980.html,,
294,2026-03-04,2026-03-04 07:00:00+00:00,0.47835563191175645,0.6009764671325684,0.11049312624932067,-3.117207,yahoo.com,Why China Unfazed Trump Epic 060000913,https://www.yahoo.com/news/articles/why-china-unfazed-trump-epic-060000913.html,,
295,2026-03-25,2026-03-25 16:00:00+00:00,0.47791245194510645,0.6004256010055542,0.11037300476376324,11.111111,bloomberg.com,Putin Says He Will Visit Vietnam In 2026 At Talks With Premier,https://www.bloomberg.com:443/news/articles/2026-03-25/putin-says-he-will-visit-vietnam-in-2026-at-talks-with-premier,,
296,2026-03-10,2026-03-10 20:00:00+00:00,0.47698085311267957,0.4621271789073944,0.521541875728535,-2.8288543,al-monitor.com,Will Trump Taco Iran,https://www.al-monitor.com/originals/2026/03/will-trump-taco-iran,,
297,2026-03-16,2026-03-16 16:00:00+00:00,0.4762823111798699,0.6063044667243958,0.08621584454629236,-5.194805,theepochtimes.com,Bessent Says Iran War Not Trade May Delay Trumps China Visit 5999303,https://www.theepochtimes.com/world/bessent-says-iran-war-not-trade-may-delay-trumps-china-visit-5999303,,
298,2026-03-16,2026-03-16 16:00:00+00:00,0.47556958875570815,0.6143667697906494,0.059178045650884366,-2.2181146,pilotonline.com,Trump China Trip Strait Of Hormuz,https://www.pilotonline.com/2026/03/16/trump-china-trip-strait-of-hormuz/,,
299,2026-03-16,2026-03-16 16:00:00+00:00,0.47556958875570815,0.6143667697906494,0.059178045650884366,-2.2181146,republicanherald.com,Trump China Trip Strait Of Hormuz,https://www.republicanherald.com/2026/03/16/trump-china-trip-strait-of-hormuz/,,
300,2026-03-16,2026-03-16 17:00:00+00:00,0.47556958875570815,0.6143667697906494,0.059178045650884366,-2.3193576,dailypress.com,Trump China Trip Strait Of Hormuz,https://www.dailypress.com/2026/03/16/trump-china-trip-strait-of-hormuz/,,
301,2026-03-16,2026-03-16 22:00:00+00:00,0.47556958875570815,0.6143667697906494,0.059178045650884366,-1.7268445,trentonian.com,Trump China Trip Strait Of Hormuz,https://www.trentonian.com/2026/03/16/trump-china-trip-strait-of-hormuz/,,
302,2026-03-16,2026-03-16 16:00:00+00:00,0.47556958875570815,0.6143667697906494,0.059178045650884366,-2.2181146,whittierdailynews.com,Trump China Trip Strait Of Hormuz,https://www.whittierdailynews.com/2026/03/16/trump-china-trip-strait-of-hormuz/,,
303,2026-03-16,2026-03-16 15:00:00+00:00,0.47556958875570815,0.6143667697906494,0.059178045650884366,-2.2181146,morningjournal.com,Trump China Trip Strait Of Hormuz,https://www.morningjournal.com/2026/03/16/trump-china-trip-strait-of-hormuz/,,
304,2026-03-16,2026-03-16 13:00:00+00:00,0.47556958875570815,0.6143667697906494,0.059178045650884366,-2.0262218,sgvtribune.com,Trump China Trip Strait Of Hormuz,https://www.sgvtribune.com/2026/03/16/trump-china-trip-strait-of-hormuz/,,
305,2026-03-16,2026-03-16 12:00:00+00:00,0.47556958875570815,0.6143667697906494,0.059178045650884366,-2.0262218,sandiegouniontribune.com,Trump China Trip Strait Of Hormuz,https://www.sandiegouniontribune.com/2026/03/16/trump-china-trip-strait-of-hormuz/,,
306,2026-03-16,2026-03-16 12:00:00+00:00,0.47556958875570815,0.6143667697906494,0.059178045650884366,-2.0262218,thetimes-tribune.com,Trump China Trip Strait Of Hormuz,https://www.thetimes-tribune.com/2026/03/16/trump-china-trip-strait-of-hormuz/,,
307,2026-03-16,2026-03-16 12:00:00+00:00,0.47556958875570815,0.6143667697906494,0.059178045650884366,-2.0262218,baltimoresun.com,Trump China Trip Strait Of Hormuz,https://www.baltimoresun.com/2026/03/16/trump-china-trip-strait-of-hormuz/,,
308,2026-03-16,2026-03-16 05:00:00+00:00,0.47556958875570815,0.6143667697906494,0.059178045650884366,-0.6896552,bostonglobe.com,Trump China Trip Strait Of Hormuz,https://www.bostonglobe.com/2026/03/16/world/trump-china-trip-strait-of-hormuz/,,
309,2026-03-16,2026-03-16 13:00:00+00:00,0.47556958875570815,0.6143667697906494,0.059178045650884366,-2.0262218,ocregister.com,Trump China Trip Strait Of Hormuz,https://www.ocregister.com/2026/03/16/trump-china-trip-strait-of-hormuz/,,
310,2026-03-16,2026-03-16 16:00:00+00:00,0.47556958875570815,0.6143667697906494,0.059178045650884366,-2.2181146,news-herald.com,Trump China Trip Strait Of Hormuz,https://www.news-herald.com/2026/03/16/trump-china-trip-strait-of-hormuz/,,
311,2026-03-16,2026-03-16 13:00:00+00:00,0.47556958875570815,0.6143667697906494,0.059178045650884366,-2.0262218,dailynews.com,Trump China Trip Strait Of Hormuz,https://www.dailynews.com/2026/03/16/trump-china-trip-strait-of-hormuz/,,
312,2026-03-16,2026-03-16 13:00:00+00:00,0.47556958875570815,0.6143667697906494,0.059178045650884366,-2.0262218,citizensvoice.com,Trump China Trip Strait Of Hormuz,https://www.citizensvoice.com/2026/03/16/trump-china-trip-strait-of-hormuz/,,
313,2026-03-16,2026-03-16 13:00:00+00:00,0.47556958875570815,0.6143667697906494,0.059178045650884366,-2.2181146,sbsun.com,Trump China Trip Strait Of Hormuz,https://www.sbsun.com/2026/03/16/trump-china-trip-strait-of-hormuz/,,
314,2026-03-16,2026-03-16 13:00:00+00:00,0.47556958875570815,0.6143667697906494,0.059178045650884366,-2.2181146,dailybulletin.com,Trump China Trip Strait Of Hormuz,https://www.dailybulletin.com/2026/03/16/trump-china-trip-strait-of-hormuz/,,
315,2026-03-16,2026-03-16 17:00:00+00:00,0.47556958875570815,0.6143667697906494,0.059178045650884366,-2.3193576,twincities.com,Trump China Trip Strait Of Hormuz,https://www.twincities.com/2026/03/16/trump-china-trip-strait-of-hormuz/,,
316,2026-03-16,2026-03-16 14:00:00+00:00,0.47556958875570815,0.6143667697906494,0.059178045650884366,-2.2181146,capitalgazette.com,Trump China Trip Strait Of Hormuz,https://www.capitalgazette.com/2026/03/16/trump-china-trip-strait-of-hormuz/,,
317,2026-03-16,2026-03-16 14:00:00+00:00,0.47556958875570815,0.6143667697906494,0.059178045650884366,-2.2181146,pasadenastarnews.com,Trump China Trip Strait Of Hormuz,https://www.pasadenastarnews.com/2026/03/16/trump-china-trip-strait-of-hormuz/,,
318,2026-03-16,2026-03-16 14:00:00+00:00,0.47556958875570815,0.6143667697906494,0.059178045650884366,-2.2181146,fortmorgantimes.com,Trump China Trip Strait Of Hormuz,https://www.fortmorgantimes.com/2026/03/16/trump-china-trip-strait-of-hormuz/,,
319,2026-03-16,2026-03-16 14:00:00+00:00,0.47556958875570815,0.6143667697906494,0.059178045650884366,-2.2181146,redlandsdailyfacts.com,Trump China Trip Strait Of Hormuz,https://www.redlandsdailyfacts.com/2026/03/16/trump-china-trip-strait-of-hormuz/,,
320,2026-03-16,2026-03-16 15:00:00+00:00,0.47556958875570815,0.6143667697906494,0.059178045650884366,-2.2181146,canoncitydailyrecord.com,Trump China Trip Strait Of Hormuz,https://www.canoncitydailyrecord.com/2026/03/16/trump-china-trip-strait-of-hormuz/,,
321,2026-03-16,2026-03-16 15:00:00+00:00,0.47556958875570815,0.6143667697906494,0.059178045650884366,-2.2181146,presstelegram.com,Trump China Trip Strait Of Hormuz,https://www.presstelegram.com/2026/03/16/trump-china-trip-strait-of-hormuz/,,
322,2026-03-16,2026-03-16 15:00:00+00:00,0.47556958875570815,0.6143667697906494,0.059178045650884366,-2.2181146,dailybreeze.com,Trump China Trip Strait Of Hormuz,https://www.dailybreeze.com/2026/03/16/trump-china-trip-strait-of-hormuz/,,
323,2026-03-16,2026-03-16 14:00:00+00:00,0.47556958875570815,0.6143667697906494,0.059178045650884366,-2.2181146,journal-advocate.com,Trump China Trip Strait Of Hormuz,https://www.journal-advocate.com/2026/03/16/trump-china-trip-strait-of-hormuz/,,
324,2026-03-04,2026-03-04 11:00:00+00:00,0.4727606133880508,0.6019814014434814,0.08509824922175882,2.549575,fermanaghherald.com,Council Rules Out China Visit During Current Mandate,https://fermanaghherald.com/2026/03/council-rules-out-china-visit-during-current-mandate/,,
325,2026-03-25,2026-03-25 11:00:00+00:00,0.4719998781880116,0.6033639907836914,0.07790754040097222,-2.3765996,americanthinker.com,Trump S Trifecta Advancement For America And Setbacks For China,https://www.americanthinker.com/articles/2026/03/trump_s_trifecta_advancement_for_america_and_setbacks_for_china.html,,
326,2026-03-17,2026-03-17 03:00:00+00:00,0.4691668817890452,0.598452091217041,0.08131125350505763,-6.042296,firstpost.com,Xi Can Wait Trump Delays China Visit An Admission That Iran War Is Far From Over 13990198,https://www.firstpost.com/world/xi-can-wait-trump-delays-china-visit-an-admission-that-iran-war-is-far-from-over-13990198.html,,
327,2026-03-20,2026-03-20 16:00:00+00:00,0.4687169839398778,0.6048901677131653,0.060197432620015416,-4.7722344,newstalkflorida.com,Trump Talks To Xi As U S China Meeting Rescheduled,https://www.newstalkflorida.com/world-news-2/trump-talks-to-xi-as-u-s-china-meeting-rescheduled/,,
328,2026-03-03,2026-03-03 12:00:00+00:00,0.4681736119944071,0.5828912258148193,0.1240207705331704,4.4827585,centralchronicle.com,Australian Pm To Visit China 3,https://www.centralchronicle.com/australian-pm-to-visit-china-3/,,
329,2026-02-25,2026-02-25 22:00:00+00:00,0.46796680860458206,0.4665648937225342,0.4721725532507257,2.297593,nytimes.com,Seahawks White House Donald Trump Visit,https://www.nytimes.com/athletic/7070536/2026/02/25/seahawks-white-house-donald-trump-visit/,,
330,2026-03-14,2026-03-14 12:00:00+00:00,0.4671134879591699,0.46538299322128296,0.4723049721728308,-1.0928962,thetimes.com,King Iran Trump Visit Us Dxggddm77,https://www.thetimes.com/uk/royal-family/article/king-iran-trump-visit-us-dxggddm77,,
331,2026-03-25,2026-03-25 21:00:00+00:00,0.4665803253474965,0.5849531888961792,0.11146173470144828,-0.90909094,en.apa.az,Trump Reschedules Iran Delayed China Visit For May 14 15 498287,https://en.apa.az/america/trump-reschedules-iran-delayed-china-visit-for-may-14-15-498287,,
332,2026-03-13,2026-03-13 08:00:00+00:00,0.46598803756038487,0.49025508761405945,0.3931868873993612,0.0,wvxu.org,Trump Visit Cincinnati City Manager Review,https://www.wvxu.org/show/cincinnati-edition/2026-03-13/trump-visit-cincinnati-city-manager-review,,
333,2026-03-11,2026-03-11 20:00:00+00:00,0.4657308860675361,0.5941346883773804,0.08051947913800322,-4.464286,pakistantoday.com.pk,Trump A Bull In The China Shop,https://www.pakistantoday.com.pk/2026/03/11/trump-a-bull-in-the-china-shop,,
334,2026-03-08,2026-03-08 16:00:00+00:00,0.4654296808631787,0.5823230147361755,0.11474967924418825,-3.8143675,dailymail.co.uk,China Xueqin Jiang Iran War Donald Trump,https://www.dailymail.co.uk/news/article-15621215/china-xueqin-jiang-iran-war-donald-trump.html,,
335,2026-02-27,2026-02-27 07:00:00+00:00,0.4654099868976071,0.5668764114379883,0.16101071327646352,-0.38204393,middleeasteye.net,Will China Come Irans Rescue,https://www.middleeasteye.net/opinion/will-china-come-irans-rescue,,
336,2026-02-28,2026-02-28 03:00:00+00:00,0.4654099868976071,0.5668764114379883,0.16101071327646352,-1.1398964,zerohedge.com,Will China Come Irans Rescue,https://www.zerohedge.com/geopolitical/will-china-come-irans-rescue,,
337,2026-03-18,2026-03-18 18:00:00+00:00,0.4651650145470474,0.5969877243041992,0.06969688527559195,-3.6363637,drudge.com,Trump Seeks Delay China Summit,https://drudge.com/news/290760/trump-seeks-delay-china-summit,,
338,2026-03-25,2026-03-25 02:00:00+00:00,0.4641768548140587,0.5915865898132324,0.08194764981653738,5.3418803,traveldailynews.asia,China Inbound Tourism Policy,https://www.traveldailynews.asia/asia-pacific/china-inbound-tourism-policy/,,
339,2026-03-25,2026-03-25 09:00:00+00:00,0.46412491804612027,0.4742093086242676,0.4338717463116784,-5.08647,firstthings.com,Will Trump Need To Compromise With Iran,https://firstthings.com/will-trump-need-to-compromise-with-iran/,,
340,2026-03-11,2026-03-11 19:00:00+00:00,0.46321379424375764,0.4839928150177002,0.4008767319219301,3.8461537,baltimoresun.com,Will Trump Stand Up To Putin,https://www.baltimoresun.com/2026/03/11/will-trump-stand-up-to-putin/,,
341,2026-03-11,2026-03-11 23:00:00+00:00,0.4627138056730025,0.4588211178779602,0.47439186905812947,2.2222223,wn.com,Will Trump Taco On Iran,https://article.wn.com/view/2026/03/11/Will_Trump_TACO_on_Iran/,,
342,2026-03-05,2026-03-05 00:00:00+00:00,0.46227222363712134,0.5900865793228149,0.07882915658004047,-3.4482758,wknofm.org,As Trumps Plans Visit To China Arms Package To Taiwan Is Delayed,https://www.wknofm.org/2026-03-04/as-trumps-plans-visit-to-china-arms-package-to-taiwan-is-delayed,,
343,2026-03-04,2026-03-04 22:00:00+00:00,0.46227222363712134,0.5900865793228149,0.07882915658004047,-3.8461537,npr.org,As Trumps Plans Visit To China Arms Package To Taiwan Is Delayed,https://www.npr.org/2026/03/04/nx-s1-5727608/as-trumps-plans-visit-to-china-arms-package-to-taiwan-is-delayed,,
344,2026-03-05,2026-03-05 00:00:00+00:00,0.46227222363712134,0.5900865793228149,0.07882915658004047,-3.4482758,publicradioeast.org,As Trumps Plans Visit To China Arms Package To Taiwan Is Delayed,https://www.publicradioeast.org/2026-03-04/as-trumps-plans-visit-to-china-arms-package-to-taiwan-is-delayed,,
345,2026-03-05,2026-03-05 02:00:00+00:00,0.46227222363712134,0.5900865793228149,0.07882915658004047,-3.4482758,ypradio.org,As Trumps Plans Visit To China Arms Package To Taiwan Is Delayed,https://www.ypradio.org/2026-03-04/as-trumps-plans-visit-to-china-arms-package-to-taiwan-is-delayed,,
346,2026-03-05,2026-03-05 01:00:00+00:00,0.46227222363712134,0.5900865793228149,0.07882915658004047,-3.4482758,kuaf.com,As Trumps Plans Visit To China Arms Package To Taiwan Is Delayed,https://www.kuaf.com/2026-03-04/as-trumps-plans-visit-to-china-arms-package-to-taiwan-is-delayed,,
347,2026-03-05,2026-03-05 01:00:00+00:00,0.46227222363712134,0.5900865793228149,0.07882915658004047,-3.4482758,wboi.org,As Trumps Plans Visit To China Arms Package To Taiwan Is Delayed,https://www.wboi.org/2026-03-04/as-trumps-plans-visit-to-china-arms-package-to-taiwan-is-delayed,,
348,2026-03-05,2026-03-05 01:00:00+00:00,0.46227222363712134,0.5900865793228149,0.07882915658004047,-3.4482758,waer.org,As Trumps Plans Visit To China Arms Package To Taiwan Is Delayed,https://www.waer.org/2026-03-04/as-trumps-plans-visit-to-china-arms-package-to-taiwan-is-delayed,,
349,2026-03-05,2026-03-05 01:00:00+00:00,0.46227222363712134,0.5900865793228149,0.07882915658004047,-3.4482758,ksmu.org,As Trumps Plans Visit To China Arms Package To Taiwan Is Delayed,https://www.ksmu.org/2026-03-04/as-trumps-plans-visit-to-china-arms-package-to-taiwan-is-delayed,,
350,2026-03-05,2026-03-05 01:00:00+00:00,0.46227222363712134,0.5900865793228149,0.07882915658004047,-3.4482758,spokanepublicradio.org,As Trumps Plans Visit To China Arms Package To Taiwan Is Delayed,https://www.spokanepublicradio.org/2026-03-04/as-trumps-plans-visit-to-china-arms-package-to-taiwan-is-delayed,,
351,2026-03-05,2026-03-05 01:00:00+00:00,0.46227222363712134,0.5900865793228149,0.07882915658004047,-3.4482758,wqcs.org,As Trumps Plans Visit To China Arms Package To Taiwan Is Delayed,https://www.wqcs.org/2026-03-04/as-trumps-plans-visit-to-china-arms-package-to-taiwan-is-delayed,,
352,2026-03-05,2026-03-05 00:00:00+00:00,0.46227222363712134,0.5900865793228149,0.07882915658004047,-3.4482758,mynspr.org,As Trumps Plans Visit To China Arms Package To Taiwan Is Delayed,https://www.mynspr.org/2026-03-04/as-trumps-plans-visit-to-china-arms-package-to-taiwan-is-delayed,,
353,2026-03-05,2026-03-05 00:00:00+00:00,0.46227222363712134,0.5900865793228149,0.07882915658004047,-3.4482758,wjct.org,As Trumps Plans Visit To China Arms Package To Taiwan Is Delayed,https://news.wjct.org/2026-03-04/as-trumps-plans-visit-to-china-arms-package-to-taiwan-is-delayed,,
354,2026-03-05,2026-03-05 00:00:00+00:00,0.46227222363712134,0.5900865793228149,0.07882915658004047,-3.4482758,kvnf.org,As Trumps Plans Visit To China Arms Package To Taiwan Is Delayed,https://www.kvnf.org/2026-03-04/as-trumps-plans-visit-to-china-arms-package-to-taiwan-is-delayed,,
355,2026-03-05,2026-03-05 00:00:00+00:00,0.46227222363712134,0.5900865793228149,0.07882915658004047,-3.4482758,wkyufm.org,As Trumps Plans Visit To China Arms Package To Taiwan Is Delayed,https://www.wkyufm.org/2026-03-04/as-trumps-plans-visit-to-china-arms-package-to-taiwan-is-delayed,,
356,2026-03-05,2026-03-05 00:00:00+00:00,0.46227222363712134,0.5900865793228149,0.07882915658004047,-3.4482758,knau.org,As Trumps Plans Visit To China Arms Package To Taiwan Is Delayed,https://www.knau.org/2026-03-04/as-trumps-plans-visit-to-china-arms-package-to-taiwan-is-delayed,,
357,2026-03-04,2026-03-04 22:00:00+00:00,0.46227222363712134,0.5900865793228149,0.07882915658004047,-3.4482758,kazu.org,As Trumps Plans Visit To China Arms Package To Taiwan Is Delayed,https://www.kazu.org/npr-news/2026-03-04/as-trumps-plans-visit-to-china-arms-package-to-taiwan-is-delayed,,
358,2026-03-05,2026-03-05 00:00:00+00:00,0.46227222363712134,0.5900865793228149,0.07882915658004047,-3.4482758,kasu.org,As Trumps Plans Visit To China Arms Package To Taiwan Is Delayed,https://www.kasu.org/2026-03-04/as-trumps-plans-visit-to-china-arms-package-to-taiwan-is-delayed,,
359,2026-03-04,2026-03-04 23:00:00+00:00,0.46227222363712134,0.5900865793228149,0.07882915658004047,-3.4482758,wbaa.org,As Trumps Plans Visit To China Arms Package To Taiwan Is Delayed,https://www.wbaa.org/2026-03-04/as-trumps-plans-visit-to-china-arms-package-to-taiwan-is-delayed,,
360,2026-03-04,2026-03-04 23:00:00+00:00,0.46227222363712134,0.5900865793228149,0.07882915658004047,-3.4482758,capeandislands.org,As Trumps Plans Visit To China Arms Package To Taiwan Is Delayed,https://www.capeandislands.org/2026-03-04/as-trumps-plans-visit-to-china-arms-package-to-taiwan-is-delayed,,
361,2026-03-04,2026-03-04 23:00:00+00:00,0.46227222363712134,0.5900865793228149,0.07882915658004047,-3.4482758,delawarepublic.org,As Trumps Plans Visit To China Arms Package To Taiwan Is Delayed,https://www.delawarepublic.org/2026-03-04/as-trumps-plans-visit-to-china-arms-package-to-taiwan-is-delayed,,
362,2026-03-04,2026-03-04 23:00:00+00:00,0.46227222363712134,0.5900865793228149,0.07882915658004047,-3.4482758,krcu.org,As Trumps Plans Visit To China Arms Package To Taiwan Is Delayed,https://www.krcu.org/2026-03-04/as-trumps-plans-visit-to-china-arms-package-to-taiwan-is-delayed,,
363,2026-03-04,2026-03-04 23:00:00+00:00,0.46227222363712134,0.5900865793228149,0.07882915658004047,-3.4482758,wcbe.org,As Trumps Plans Visit To China Arms Package To Taiwan Is Delayed,https://www.wcbe.org/2026-03-04/as-trumps-plans-visit-to-china-arms-package-to-taiwan-is-delayed,,
364,2026-03-04,2026-03-04 23:00:00+00:00,0.46227222363712134,0.5900865793228149,0.07882915658004047,-3.4482758,wxxinews.org,As Trumps Plans Visit To China Arms Package To Taiwan Is Delayed,https://www.wxxinews.org/2026-03-04/as-trumps-plans-visit-to-china-arms-package-to-taiwan-is-delayed,,
365,2026-03-04,2026-03-04 23:00:00+00:00,0.46227222363712134,0.5900865793228149,0.07882915658004047,-3.4482758,redriverradio.org,As Trumps Plans Visit To China Arms Package To Taiwan Is Delayed,https://www.redriverradio.org/2026-03-04/as-trumps-plans-visit-to-china-arms-package-to-taiwan-is-delayed,,
366,2026-03-04,2026-03-04 23:00:00+00:00,0.46227222363712134,0.5900865793228149,0.07882915658004047,-3.4482758,ualrpublicradio.org,As Trumps Plans Visit To China Arms Package To Taiwan Is Delayed,https://www.ualrpublicradio.org/2026-03-04/as-trumps-plans-visit-to-china-arms-package-to-taiwan-is-delayed,,
367,2026-03-04,2026-03-04 22:00:00+00:00,0.46227222363712134,0.5900865793228149,0.07882915658004047,-3.4482758,klcc.org,As Trumps Plans Visit To China Arms Package To Taiwan Is Delayed,https://www.klcc.org/npr-world-news/2026-03-04/as-trumps-plans-visit-to-china-arms-package-to-taiwan-is-delayed,,
368,2026-03-04,2026-03-04 22:00:00+00:00,0.46227222363712134,0.5900865793228149,0.07882915658004047,-3.4482758,wwno.org,As Trumps Plans Visit To China Arms Package To Taiwan Is Delayed,https://www.wwno.org/npr-news/2026-03-04/as-trumps-plans-visit-to-china-arms-package-to-taiwan-is-delayed,,
369,2026-03-05,2026-03-05 02:00:00+00:00,0.46227222363712134,0.5900865793228149,0.07882915658004047,-3.4482758,wnmufm.org,As Trumps Plans Visit To China Arms Package To Taiwan Is Delayed,https://www.wnmufm.org/2026-03-04/as-trumps-plans-visit-to-china-arms-package-to-taiwan-is-delayed,,
370,2026-03-09,2026-03-09 06:00:00+00:00,0.46157941295003047,0.5853883028030396,0.09015274339100328,-3.8317056,express.co.uk,China Nostradamus Trump Presidency Iran War,https://www.express.co.uk/news/us/2179078/china-nostradamus-trump-presidency-iran-war,,
371,2026-03-23,2026-03-23 16:00:00+00:00,0.4592625324089791,0.5899580717086792,0.06717591450987873,-3.6764705,time.com,China America Trump Xi War Iran,https://time.com/article/2026/03/20/china-america-trump-xi-war-iran/,,
372,2026-03-16,2026-03-16 18:00:00+00:00,0.45871774757757233,0.5887224674224854,0.06870358804283316,-1.5584415,foreignpolicy.com,Trump China Investment Manufacturing,https://foreignpolicy.com/2026/03/16/trump-china-investment-manufacturing/,,
373,2026-03-09,2026-03-09 07:00:00+00:00,0.456768850052999,0.5845203399658203,0.07351438031453497,-2.4590163,dailycaller.com,Opinion Trump Checkmates China With Oil Steve Milloy,https://dailycaller.com/2026/03/08/opinion-trump-checkmates-china-with-oil-steve-milloy/,,
374,2026-03-08,2026-03-08 06:00:00+00:00,0.4559290305592339,0.5794485807418823,0.0853703800112886,2.6392963,koreatimes.co.kr,Ex President Moon Says Trumps China Visit Could Offer Momentum For Korean Peninsula Peace,https://www.koreatimes.co.kr/foreignaffairs/northkorea/20260308/ex-president-moon-says-trumps-china-visit-could-offer-momentum-for-korean-peninsula-peace,,
375,2026-03-17,2026-03-17 16:00:00+00:00,0.45587220416152036,0.5834791660308838,0.07305131855343007,-7.5757575,worldpoliticsreview.com,China Xi Us Trump Iran War,https://www.worldpoliticsreview.com/china-xi-us-trump-iran-war/,,
376,2026-03-13,2026-03-13 12:00:00+00:00,0.4551604379967697,0.5824244022369385,0.07336854527626326,-2.6190476,news18.com,Despite Chinese Sanctions Marco Rubio Set To Visit China With Trump What We Know Ws L 9959137,https://www.news18.com/world/despite-chinese-sanctions-marco-rubio-set-to-visit-china-with-trump-what-we-know-ws-l-9959137.html,,
377,2026-03-22,2026-03-22 10:00:00+00:00,0.4537182616176727,0.5310870409011841,0.22161192376713865,2.4425287,koreatimes.co.kr,Will China Ask For Samsungs Investment During Chairmans Visit,https://www.koreatimes.co.kr/business/tech-science/20260322/will-china-ask-for-samsungs-investment-during-chairmans-visit,,
378,2026-03-16,2026-03-16 22:00:00+00:00,0.45371592796193755,0.580101490020752,0.07455924178549435,-2.7863777,cnbc.com,Trump China Iran Xi War Trade,https://www.cnbc.com/2026/03/16/trump-china-iran-xi-war-trade.html,,
379,2026-03-13,2026-03-13 11:00:00+00:00,0.45320599063778966,0.5733799338340759,0.09268416104893079,-0.44444445,channelnewsasia.com,China Vietnam Visit Foreign Defence Ministers Wang Yi Dong Jun 5991691,https://www.channelnewsasia.com/east-asia/china-vietnam-visit-foreign-defence-ministers-wang-yi-dong-jun-5991691,,
380,2026-03-20,2026-03-20 20:00:00+00:00,0.45256995651895193,0.46771204471588135,0.4071436919281638,1.3513514,kfvs12.com,President Trump Visit Memphis Monday,https://www.kfvs12.com/2026/03/20/president-trump-visit-memphis-monday/,,
381,2026-03-18,2026-03-18 05:00:00+00:00,0.45256995651895193,0.46771204471588135,0.4071436919281638,1.6393442,kait8.com,President Trump Visit Memphis Monday,https://www.kait8.com/2026/03/17/president-trump-visit-memphis-monday/,,
382,2026-03-18,2026-03-18 01:00:00+00:00,0.45256995651895193,0.46771204471588135,0.4071436919281638,1.6393442,wsmv.com,President Trump Visit Memphis Monday,https://www.wsmv.com/2026/03/17/president-trump-visit-memphis-monday/,,
383,2026-03-17,2026-03-17 22:00:00+00:00,0.45256995651895193,0.46771204471588135,0.4071436919281638,1.6393442,actionnews5.com,President Trump Visit Memphis Monday,https://www.actionnews5.com/2026/03/17/president-trump-visit-memphis-monday/,,
384,2026-03-18,2026-03-18 15:00:00+00:00,0.4519619707984636,0.5774211883544922,0.07558431813037794,-2.787068,citizensvoice.com,China Ignores Trump Hormuz Request,https://www.citizensvoice.com/2026/03/18/china-ignores-trump-hormuz-request/,,
385,2026-03-18,2026-03-18 15:00:00+00:00,0.4519619707984636,0.5774211883544922,0.07558431813037794,-2.787068,whittierdailynews.com,China Ignores Trump Hormuz Request,https://www.whittierdailynews.com/2026/03/18/china-ignores-trump-hormuz-request/,,
386,2026-03-18,2026-03-18 15:00:00+00:00,0.4519619707984636,0.5774211883544922,0.07558431813037794,-2.787068,news-herald.com,China Ignores Trump Hormuz Request,https://www.news-herald.com/2026/03/18/china-ignores-trump-hormuz-request/,,
387,2026-03-18,2026-03-18 14:00:00+00:00,0.4519619707984636,0.5774211883544922,0.07558431813037794,-2.787068,capitalgazette.com,China Ignores Trump Hormuz Request,https://www.capitalgazette.com/2026/03/18/china-ignores-trump-hormuz-request/,,
388,2026-03-18,2026-03-18 14:00:00+00:00,0.4519619707984636,0.5774211883544922,0.07558431813037794,-2.787068,chicoer.com,China Ignores Trump Hormuz Request,https://www.chicoer.com/2026/03/18/china-ignores-trump-hormuz-request/,,
389,2026-03-18,2026-03-18 14:00:00+00:00,0.4519619707984636,0.5774211883544922,0.07558431813037794,-2.787068,courant.com,China Ignores Trump Hormuz Request,https://www.courant.com/2026/03/18/china-ignores-trump-hormuz-request/,,
390,2026-03-18,2026-03-18 14:00:00+00:00,0.4519619707984636,0.5774211883544922,0.07558431813037794,-2.787068,ocregister.com,China Ignores Trump Hormuz Request,https://www.ocregister.com/2026/03/18/china-ignores-trump-hormuz-request/,,
391,2026-03-18,2026-03-18 14:00:00+00:00,0.4519619707984636,0.5774211883544922,0.07558431813037794,-2.787068,canoncitydailyrecord.com,China Ignores Trump Hormuz Request,https://www.canoncitydailyrecord.com/2026/03/18/china-ignores-trump-hormuz-request/,,
392,2026-03-18,2026-03-18 14:00:00+00:00,0.4519619707984636,0.5774211883544922,0.07558431813037794,-2.787068,baltimoresun.com,China Ignores Trump Hormuz Request,https://www.baltimoresun.com/2026/03/18/china-ignores-trump-hormuz-request/,,
393,2026-03-18,2026-03-18 14:00:00+00:00,0.4519619707984636,0.5774211883544922,0.07558431813037794,-2.787068,thetimes-tribune.com,China Ignores Trump Hormuz Request,https://www.thetimes-tribune.com/2026/03/18/china-ignores-trump-hormuz-request/,,
394,2026-03-18,2026-03-18 15:00:00+00:00,0.4519619707984636,0.5774211883544922,0.07558431813037794,-2.787068,morningjournal.com,China Ignores Trump Hormuz Request,https://www.morningjournal.com/2026/03/18/china-ignores-trump-hormuz-request/,,
395,2026-03-18,2026-03-18 15:00:00+00:00,0.4519619707984636,0.5774211883544922,0.07558431813037794,-2.787068,republicanherald.com,China Ignores Trump Hormuz Request,https://www.republicanherald.com/2026/03/18/china-ignores-trump-hormuz-request/,,
396,2026-03-18,2026-03-18 14:00:00+00:00,0.4519619707984636,0.5774211883544922,0.07558431813037794,-2.787068,presstelegram.com,China Ignores Trump Hormuz Request,https://www.presstelegram.com/2026/03/18/china-ignores-trump-hormuz-request/,,
397,2026-03-18,2026-03-18 16:00:00+00:00,0.4519619707984636,0.5774211883544922,0.07558431813037794,-2.787068,dailypress.com,China Ignores Trump Hormuz Request,https://www.dailypress.com/2026/03/18/china-ignores-trump-hormuz-request/,,
398,2026-03-18,2026-03-18 16:00:00+00:00,0.4519619707984636,0.5774211883544922,0.07558431813037794,-2.787068,dailynews.com,China Ignores Trump Hormuz Request,https://www.dailynews.com/2026/03/18/china-ignores-trump-hormuz-request/,,
399,2026-03-18,2026-03-18 18:00:00+00:00,0.4519619707984636,0.5774211883544922,0.07558431813037794,-2.787068,pilotonline.com,China Ignores Trump Hormuz Request,https://www.pilotonline.com/2026/03/18/china-ignores-trump-hormuz-request/,,
400,2026-03-18,2026-03-18 18:00:00+00:00,0.4519619707984636,0.5774211883544922,0.07558431813037794,-2.787068,themorningsun.com,China Ignores Trump Hormuz Request,https://www.themorningsun.com/2026/03/18/china-ignores-trump-hormuz-request/,,
401,2026-03-18,2026-03-18 19:00:00+00:00,0.4519619707984636,0.5774211883544922,0.07558431813037794,-2.787068,twincities.com,China Ignores Trump Hormuz Request,https://www.twincities.com/2026/03/18/china-ignores-trump-hormuz-request/,,
402,2026-03-18,2026-03-18 15:00:00+00:00,0.4519619707984636,0.5774211883544922,0.07558431813037794,-2.787068,sandiegouniontribune.com,China Ignores Trump Hormuz Request,https://www.sandiegouniontribune.com/2026/03/18/china-ignores-trump-hormuz-request/,,
403,2026-03-09,2026-03-09 03:00:00+00:00,0.4518536111659193,0.4854774475097656,0.35098210213438036,1.980198,13abc.com,President Trump Visit Ohio This Week,https://www.13abc.com/2026/03/09/president-trump-visit-ohio-this-week/,,
404,2026-03-17,2026-03-17 18:00:00+00:00,0.451534903658987,0.5737733840942383,0.08481946235323329,-2.6190476,pakistantoday.com.pk,China Steps In,https://www.pakistantoday.com.pk/2026/03/17/china-steps-in,,
405,2026-03-16,2026-03-16 14:00:00+00:00,0.4511108529272639,0.5772354602813721,0.07273703086493927,-2.4182076,independent.co.uk,Trump China Jinping Iran War B2939256,https://www.independent.co.uk/news/world/americas/us-politics/trump-china-jinping-iran-war-b2939256.html,,
406,2026-03-16,2026-03-16 11:00:00+00:00,0.45055114422677983,0.5679045915603638,0.09849080222602809,-2.3809524,yahoo.com,Trump Needs China Help Fixing 085504367,https://www.yahoo.com/news/articles/trump-needs-china-help-fixing-085504367.html,,
407,2026-02-25,2026-02-25 09:00:00+00:00,0.45026757511516685,0.5805256962776184,0.05949321162781225,-1.3667426,cnbc.com,Trump China State Of The Union Speech,https://www.cnbc.com/2026/02/25/trump-china-state-of-the-union-speech.html,,
408,2026-03-11,2026-03-11 07:00:00+00:00,0.4501138253451805,0.5650752782821655,0.10522946653422544,0.3472222,scmp.com,Webinar Two Sessions 2026 How Will China Pivot Its Economy Under Trumps Pressure,https://www.scmp.com/news/china/article/3346168/webinar-two-sessions-2026-how-will-china-pivot-its-economy-under-trumps-pressure,,
409,2026-03-18,2026-03-18 08:00:00+00:00,0.4496544948516862,0.5788190960884094,0.062160691141516386,-2.2058823,milwaukeesun.com,Trump Iranian Gambit Boosts China Standing,http://www.milwaukeesun.com/news/278929043/trump-iranian-gambit-boosts-china-standing,,
410,2026-03-18,2026-03-18 07:00:00+00:00,0.4496544948516862,0.5788190960884094,0.062160691141516386,-2.2058823,calcuttanews.net,Trump Iranian Gambit Boosts China Standing,http://www.calcuttanews.net/news/278929043/trump-iranian-gambit-boosts-china-standing,,
411,2026-03-18,2026-03-18 07:00:00+00:00,0.4496544948516862,0.5788190960884094,0.062160691141516386,-2.2048016,bignewsnetwork.com,Trump Iranian Gambit Boosts China Standing,http://www.bignewsnetwork.com/news/278929043/trump-iranian-gambit-boosts-china-standing,,
412,2026-03-18,2026-03-18 07:00:00+00:00,0.4496544948516862,0.5788190960884094,0.062160691141516386,-2.2058823,shanghainews.net,Trump Iranian Gambit Boosts China Standing,http://www.shanghainews.net/news/278929043/trump-iranian-gambit-boosts-china-standing,,
413,2026-03-18,2026-03-18 07:00:00+00:00,0.4496544948516862,0.5788190960884094,0.062160691141516386,-2.2058823,greekherald.com,Trump Iranian Gambit Boosts China Standing,http://www.greekherald.com/news/278929043/trump-iranian-gambit-boosts-china-standing,,
414,2026-03-18,2026-03-18 07:00:00+00:00,0.4496544948516862,0.5788190960884094,0.062160691141516386,-2.2058823,pakistantelegraph.com,Trump Iranian Gambit Boosts China Standing,http://www.pakistantelegraph.com/news/278929043/trump-iranian-gambit-boosts-china-standing,,
415,2026-03-18,2026-03-18 07:00:00+00:00,0.4496544948516862,0.5788190960884094,0.062160691141516386,-2.2058823,middleeaststar.com,Trump Iranian Gambit Boosts China Standing,http://www.middleeaststar.com/news/278929043/trump-iranian-gambit-boosts-china-standing,,
416,2026-03-18,2026-03-18 08:00:00+00:00,0.4496544948516862,0.5788190960884094,0.062160691141516386,-2.2058823,nepalnational.com,Trump Iranian Gambit Boosts China Standing,http://www.nepalnational.com/news/278929043/trump-iranian-gambit-boosts-china-standing,,
417,2026-03-18,2026-03-18 06:00:00+00:00,0.4496544948516862,0.5788190960884094,0.062160691141516386,-2.2058823,hongkongherald.com,Trump Iranian Gambit Boosts China Standing,http://www.hongkongherald.com/news/278929043/trump-iranian-gambit-boosts-china-standing,,
418,2026-03-18,2026-03-18 06:00:00+00:00,0.4496544948516862,0.5788190960884094,0.062160691141516386,-2.2058823,europesun.com,Trump Iranian Gambit Boosts China Standing,http://www.europesun.com/news/278929043/trump-iranian-gambit-boosts-china-standing,,
419,2026-03-18,2026-03-18 08:00:00+00:00,0.4496544501482026,0.5788190364837646,0.062160691141516386,-2.2058823,vietnamtribune.com,Trump Iranian Gambit Boosts China Standing,http://www.vietnamtribune.com/news/278929043/trump-iranian-gambit-boosts-china-standing,,
420,2026-03-18,2026-03-18 07:00:00+00:00,0.4496544501482026,0.5788190364837646,0.062160691141516386,-2.2058823,myanmarnews.net,Trump Iranian Gambit Boosts China Standing,http://www.myanmarnews.net/news/278929043/trump-iranian-gambit-boosts-china-standing,,
421,2026-03-18,2026-03-18 06:00:00+00:00,0.4496544501482026,0.5788190364837646,0.062160691141516386,-2.2058823,parisguardian.com,Trump Iranian Gambit Boosts China Standing,http://www.parisguardian.com/news/278929043/trump-iranian-gambit-boosts-china-standing,,
422,2026-03-18,2026-03-18 06:00:00+00:00,0.4496544501482026,0.5788190364837646,0.062160691141516386,-2.2058823,bruneinews.net,Trump Iranian Gambit Boosts China Standing,http://www.bruneinews.net/news/278929043/trump-iranian-gambit-boosts-china-standing,,
423,2026-03-18,2026-03-18 08:00:00+00:00,0.4496544501482026,0.5788190364837646,0.062160691141516386,-2.2058823,heraldglobe.com,Trump Iranian Gambit Boosts China Standing,http://www.heraldglobe.com/news/278929043/trump-iranian-gambit-boosts-china-standing,,
424,2026-03-18,2026-03-18 06:00:00+00:00,0.4496544501482026,0.5788190364837646,0.062160691141516386,-2.2058823,sydneysun.com,Trump Iranian Gambit Boosts China Standing,http://www.sydneysun.com/news/278929043/trump-iranian-gambit-boosts-china-standing,,
425,2026-03-18,2026-03-18 07:00:00+00:00,0.4496544501482026,0.5788190364837646,0.062160691141516386,-2.2058823,northkoreatimes.com,Trump Iranian Gambit Boosts China Standing,http://www.northkoreatimes.com/news/278929043/trump-iranian-gambit-boosts-china-standing,,
426,2026-03-18,2026-03-18 06:00:00+00:00,0.4496544501482026,0.5788190364837646,0.062160691141516386,-2.2058823,japanherald.com,Trump Iranian Gambit Boosts China Standing,http://www.japanherald.com/news/278929043/trump-iranian-gambit-boosts-china-standing,,
427,2026-03-18,2026-03-18 06:00:00+00:00,0.4496544501482026,0.5788190364837646,0.062160691141516386,-2.2058823,australiannews.net,Trump Iranian Gambit Boosts China Standing,http://www.australiannews.net/news/278929043/trump-iranian-gambit-boosts-china-standing,,
428,2026-03-18,2026-03-18 07:00:00+00:00,0.4496544501482026,0.5788190364837646,0.062160691141516386,-2.2058823,iranherald.com,Trump Iranian Gambit Boosts China Standing,http://www.iranherald.com/news/278929043/trump-iranian-gambit-boosts-china-standing,,
429,2026-03-18,2026-03-18 08:00:00+00:00,0.4496544501482026,0.5788190364837646,0.062160691141516386,-2.2058823,israelherald.com,Trump Iranian Gambit Boosts China Standing,http://www.israelherald.com/news/278929043/trump-iranian-gambit-boosts-china-standing,,
430,2026-03-18,2026-03-18 07:00:00+00:00,0.4496544501482026,0.5788190364837646,0.062160691141516386,-2.2058823,malaysiasun.com,Trump Iranian Gambit Boosts China Standing,http://www.malaysiasun.com/news/278929043/trump-iranian-gambit-boosts-china-standing,,
431,2026-03-18,2026-03-18 09:00:00+00:00,0.4496544501482026,0.5788190364837646,0.062160691141516386,-2.2058823,taiwansun.com,Trump Iranian Gambit Boosts China Standing,http://www.taiwansun.com/news/278929043/trump-iranian-gambit-boosts-china-standing,,
432,2026-03-18,2026-03-18 09:00:00+00:00,0.4496544501482026,0.5788190364837646,0.062160691141516386,-2.2058823,iraqsun.com,Trump Iranian Gambit Boosts China Standing,http://www.iraqsun.com/news/278929043/trump-iranian-gambit-boosts-china-standing,,
433,2026-03-18,2026-03-18 10:00:00+00:00,0.4496544501482026,0.5788190364837646,0.062160691141516386,-2.2058823,russiaherald.com,Trump Iranian Gambit Boosts China Standing,http://www.russiaherald.com/news/278929043/trump-iranian-gambit-boosts-china-standing,,
434,2026-03-18,2026-03-18 10:00:00+00:00,0.4496544501482026,0.5788190364837646,0.062160691141516386,-2.2058823,mexicostar.com,Trump Iranian Gambit Boosts China Standing,http://www.mexicostar.com/news/278929043/trump-iranian-gambit-boosts-china-standing,,
435,2026-03-18,2026-03-18 10:00:00+00:00,0.4496544501482026,0.5788190364837646,0.062160691141516386,-2.2058823,sanantoniopost.com,Trump Iranian Gambit Boosts China Standing,http://www.sanantoniopost.com/news/278929043/trump-iranian-gambit-boosts-china-standing,,
436,2026-03-08,2026-03-08 07:00:00+00:00,0.44944134731125907,0.5620895028114319,0.11149688081074059,-1.3675214,ksat.com,China Hopes 2026 Will Be A Landmark Year For Relationship With Us,https://www.ksat.com/news/world/2026/03/08/china-hopes-2026-will-be-a-landmark-year-for-relationship-with-us/,,
437,2026-03-08,2026-03-08 12:00:00+00:00,0.44944134731125907,0.5620895028114319,0.11149688081074059,-1.2718601,cp24.com,China Hopes 2026 Will Be A Landmark Year For Relationship With Us,https://www.cp24.com/news/world/2026/03/08/china-hopes-2026-will-be-a-landmark-year-for-relationship-with-us/,,
438,2026-03-09,2026-03-09 00:00:00+00:00,0.44944134731125907,0.5620895028114319,0.11149688081074059,-1.2598425,lex18.com,China Hopes 2026 Will Be A Landmark Year For Relationship With Us,https://www.lex18.com/world-news/china-hopes-2026-will-be-a-landmark-year-for-relationship-with-us,,
439,2026-03-08,2026-03-08 05:00:00+00:00,0.44944134731125907,0.5620895028114319,0.11149688081074059,-1.5296367,winnipegfreepress.com,China Hopes 2026 Will Be A Landmark Year For Relationship With Us,https://www.winnipegfreepress.com/world/2026/03/07/china-hopes-2026-will-be-a-landmark-year-for-relationship-with-us,,
440,2026-03-08,2026-03-08 06:00:00+00:00,0.44944134731125907,0.5620895028114319,0.11149688081074059,-1.4285715,wsls.com,China Hopes 2026 Will Be A Landmark Year For Relationship With Us,https://www.wsls.com/news/world/2026/03/08/china-hopes-2026-will-be-a-landmark-year-for-relationship-with-us/,,
441,2026-03-08,2026-03-08 14:00:00+00:00,0.44944134731125907,0.5620895028114319,0.11149688081074059,3.7037036,ctvnews.ca,China Hopes 2026 Will Be A Landmark Year For Relationship With Us,https://www.ctvnews.ca/world/article/china-hopes-2026-will-be-a-landmark-year-for-relationship-with-us/,,
442,2026-03-08,2026-03-08 08:00:00+00:00,0.44944134731125907,0.5620895028114319,0.11149688081074059,-1.3675214,clickorlando.com,China Hopes 2026 Will Be A Landmark Year For Relationship With Us,https://www.clickorlando.com/news/world/2026/03/08/china-hopes-2026-will-be-a-landmark-year-for-relationship-with-us/,,
443,2026-03-08,2026-03-08 08:00:00+00:00,0.44944134731125907,0.5620895028114319,0.11149688081074059,-1.3675214,clickondetroit.com,China Hopes 2026 Will Be A Landmark Year For Relationship With Us,https://www.clickondetroit.com/news/world/2026/03/08/china-hopes-2026-will-be-a-landmark-year-for-relationship-with-us/,,
444,2026-03-08,2026-03-08 10:00:00+00:00,0.44944134731125907,0.5620895028114319,0.11149688081074059,-1.3675214,news4jax.com,China Hopes 2026 Will Be A Landmark Year For Relationship With Us,https://www.news4jax.com/news/world/2026/03/08/china-hopes-2026-will-be-a-landmark-year-for-relationship-with-us/,,
445,2026-03-08,2026-03-08 10:00:00+00:00,0.44944134731125907,0.5620895028114319,0.11149688081074059,-1.5332198,seattletimes.com,China Hopes 2026 Will Be A Landmark Year For Relationship With Us,https://www.seattletimes.com/nation-world/nation/china-hopes-2026-will-be-a-landmark-year-for-relationship-with-us/,,
446,2026-03-08,2026-03-08 12:00:00+00:00,0.44944134731125907,0.5620895028114319,0.11149688081074059,-1.0191083,durangoherald.com,China Hopes 2026 Will Be A Landmark Year For Relationship With Us,https://www.durangoherald.com/articles/china-hopes-2026-will-be-a-landmark-year-for-relationship-with-us/,,
447,2026-03-08,2026-03-08 22:00:00+00:00,0.44944134731125907,0.5620895028114319,0.11149688081074059,-1.1157601,mb.com.ph,China Hopes 2026 Will Be A Landmark Year For Relationship With Us,https://mb.com.ph/2026/03/09/china-hopes-2026-will-be-a-landmark-year-for-relationship-with-us,,
448,2026-03-17,2026-03-17 00:00:00+00:00,0.44881516246193387,0.5751879215240479,0.06969688527559195,-2.2727273,aol.co.uk,Trump Seeks Delay China Summit 235213805,https://www.aol.co.uk/articles/trump-seeks-delay-china-summit-235213805.html,,
449,2026-03-17,2026-03-17 18:00:00+00:00,0.4485557980851895,0.5748885273933411,0.06955761016073496,-1.6260163,globalnews.ca,Trump China Meeting Delayed Iran,https://globalnews.ca/news/11734683/trump-china-meeting-delayed-iran/,,
450,2026-03-17,2026-03-17 01:00:00+00:00,0.4480061188160751,0.5741091966629028,0.06969688527559195,-3.5196688,yahoo.com,Trump Seeks Delay China Summit 235145696,https://www.yahoo.com/news/articles/trump-seeks-delay-china-summit-235145696.html,,
451,2026-03-13,2026-03-13 18:00:00+00:00,0.4470289102137208,0.5735757350921631,0.06738843557839398,-2.1814008,jdsupra.com,Trump Targets China Europe And 14 Other 8372163,https://www.jdsupra.com/legalnews/trump-targets-china-europe-and-14-other-8372163/,,
452,2026-03-12,2026-03-12 19:00:00+00:00,0.44659125100199776,0.564599871635437,0.09256538910168002,0.5,winnipegfreepress.com,Bessent Will Meet Chinas Vice Premier In Paris Ahead Of Trumps Visit To Beijing,https://www.winnipegfreepress.com/world/2026/03/12/bessent-will-meet-chinas-vice-premier-in-paris-ahead-of-trumps-visit-to-beijing,,
453,2026-03-13,2026-03-13 10:00:00+00:00,0.44659125100199776,0.564599871635437,0.09256538910168002,0.18050541,ksat.com,Bessent Will Meet Chinas Vice Premier In Paris Ahead Of Trumps Visit To Beijing,https://www.ksat.com/business/2026/03/12/bessent-will-meet-chinas-vice-premier-in-paris-ahead-of-trumps-visit-to-beijing/,,
454,2026-03-12,2026-03-12 20:00:00+00:00,0.44659125100199776,0.564599871635437,0.09256538910168002,0.5249344,wsls.com,Bessent Will Meet Chinas Vice Premier In Paris Ahead Of Trumps Visit To Beijing,https://www.wsls.com/business/2026/03/12/bessent-will-meet-chinas-vice-premier-in-paris-ahead-of-trumps-visit-to-beijing/,,
455,2026-03-12,2026-03-12 21:00:00+00:00,0.44659125100199776,0.564599871635437,0.09256538910168002,0.5249344,clickorlando.com,Bessent Will Meet Chinas Vice Premier In Paris Ahead Of Trumps Visit To Beijing,https://www.clickorlando.com/business/2026/03/12/bessent-will-meet-chinas-vice-premier-in-paris-ahead-of-trumps-visit-to-beijing/,,
456,2026-03-12,2026-03-12 20:00:00+00:00,0.44659125100199776,0.564599871635437,0.09256538910168002,0.5249344,news4jax.com,Bessent Will Meet Chinas Vice Premier In Paris Ahead Of Trumps Visit To Beijing,https://www.news4jax.com/business/2026/03/12/bessent-will-meet-chinas-vice-premier-in-paris-ahead-of-trumps-visit-to-beijing/,,
457,2026-03-12,2026-03-12 22:00:00+00:00,0.44659125100199776,0.564599871635437,0.09256538910168002,0.5249344,clickondetroit.com,Bessent Will Meet Chinas Vice Premier In Paris Ahead Of Trumps Visit To Beijing,https://www.clickondetroit.com/business/2026/03/12/bessent-will-meet-chinas-vice-premier-in-paris-ahead-of-trumps-visit-to-beijing/,,
458,2026-03-12,2026-03-12 21:00:00+00:00,0.44659125100199776,0.564599871635437,0.09256538910168002,0.25974026,mymotherlode.com,Bessent Will Meet Chinas Vice Premier In Paris Ahead Of Trumps Visit To Beijing,https://mymotherlode.com/news/national/10624163/bessent-will-meet-chinas-vice-premier-in-paris-ahead-of-trumps-visit-to-beijing.html,,
459,2026-03-17,2026-03-17 17:00:00+00:00,0.44606549635198145,0.567253589630127,0.08250121651754504,-3.8699691,yahoo.com,Trump Requests Delay Planned China 122752843,https://www.yahoo.com/news/articles/trump-requests-delay-planned-china-122752843.html,,
460,2026-03-05,2026-03-05 08:00:00+00:00,0.44529549091991727,0.4857899844646454,0.32381201028573303,-4.8292108,frontpagemag.com,Will Trump Keep Going Until Regime Change In Iran,https://www.frontpagemag.com/will-trump-keep-going-until-regime-change-in-iran/,,
461,2026-02-28,2026-02-28 22:00:00+00:00,0.4449913301663454,0.5739067196846008,0.058245161611579145,-5.60166,washingtonexaminer.com,Trump Iran Attack On China Economic Supremacy,https://www.washingtonexaminer.com/opinion/4475824/trump-iran-attack-on-china-economic-supremacy/,,
462,2026-03-16,2026-03-16 15:00:00+00:00,0.44466377593392176,0.5703186988830566,0.06769900708651704,-2.6449645,chicagotribune.com,Trump China Bessent Strait Hormuz,https://www.chicagotribune.com/2026/03/16/trump-china-bessent-strait-hormuz/,,
463,2026-03-11,2026-03-11 02:00:00+00:00,0.44441007856607134,0.4571055471897125,0.40632367269514774,-4.255319,canadiandimension.com,Will Trump Chicken Out Of Iran Invasion,https://canadiandimension.com/articles/view/will-trump-chicken-out-of-iran-invasion,,
464,2026-03-09,2026-03-09 16:00:00+00:00,0.44328156153477744,0.48198142647743225,0.32718196670681304,-2.6778884,lfpress.com,Dimanche Will Trump Slump Continue To Hit U S Tourism In 2026,https://lfpress.com/opinion/columnists/dimanche-will-trump-slump-continue-to-hit-u-s-tourism-in-2026,,
465,2026-03-11,2026-03-11 19:00:00+00:00,0.4432646949482942,0.5706510543823242,0.061105616646204085,-2.1349275,peoplesworld.org,Instead Of Defeating China Trump Enables Its Rise,https://www.peoplesworld.org/article/instead-of-defeating-china-trump-enables-its-rise/,,
466,2026-03-06,2026-03-06 21:00:00+00:00,0.4432646949482942,0.5706510543823242,0.061105616646204085,-10.714286,wn.com,Instead Of Defeating China Trump Enables Its Rise,https://article.wn.com/view/2026/03/06/Instead_of_defeating_China_Trump_enables_its_rise/,,
467,2026-03-08,2026-03-08 23:00:00+00:00,0.44307661144340277,0.5527130365371704,0.11416733616209988,-3.262956,express.co.uk,China Professor Predicted Trump Iran War,https://www.express.co.uk/news/world/2179821/china-professor-predicted-trump-iran-war,,
468,2026-02-28,2026-02-28 11:00:00+00:00,0.44306718091559316,0.5441970825195312,0.13967747610377887,-3.0456853,middleeasteye.net,Opinion Will China Come Irans Rescue,https://www.middleeasteye.net/live-blog/live-blog-update/opinion-will-china-come-irans-rescue,,
469,2026-02-27,2026-02-27 19:00:00+00:00,0.44288293273831647,0.5625321865081787,0.08393517142872979,0.24135157,eurasiareview.com,27022026 Trumps Beijing Visit Implications For Singapore Oped,https://www.eurasiareview.com/27022026-trumps-beijing-visit-implications-for-singapore-oped/,,
470,2026-03-10,2026-03-10 21:00:00+00:00,0.44215530686742294,0.5626392364501953,0.08070351811910571,-4.5521293,dailycaller.com,Donald Trump Iran War America Strikes China,https://dailycaller.com/2026/03/10/donald-trump-iran-war-america-strikes-china/,,
471,2026-03-17,2026-03-17 20:00:00+00:00,0.4416293347382191,0.5456441044807434,0.12958502551064616,-2.7027028,nikkei.com,Takaichi S Us Visit What Will Japan Say To Trump On Iran,https://asia.nikkei.com/spotlight/iran-tensions/takaichi-s-us-visit-what-will-japan-say-to-trump-on-iran,,
472,2026-02-26,2026-02-26 04:00:00+00:00,0.44039579143347507,0.5669379830360413,0.06076921662577651,-1.5060241,channelnewsasia.com,Us China Strategic Stability Trump Trip Rubio 5954051,https://www.channelnewsasia.com/world/us-china-strategic-stability-trump-trip-rubio-5954051,,
473,2026-03-17,2026-03-17 19:00:00+00:00,0.4402252135991781,0.5616106986999512,0.07606875829685898,-2.8962188,straitstimes.com,Delay In Trumps China Visit Gives Both Sides Time To Hammer Out Trade Deal,https://www.straitstimes.com/asia/east-asia/delay-in-trumps-china-visit-gives-both-sides-time-to-hammer-out-trade-deal,,
474,2026-03-18,2026-03-18 05:00:00+00:00,0.4386871295130173,0.5531432628631592,0.09531872946259158,-3.037667,siasat.com,China Ignores Trumps Hormuz Request As Iran War Deepens Beijing Visit Delayed 3436772,https://www.siasat.com/china-ignores-trumps-hormuz-request-as-iran-war-deepens-beijing-visit-delayed-3436772/,,
475,2026-03-17,2026-03-17 15:00:00+00:00,0.4383321398996952,0.5412478446960449,0.12958502551064616,-2.7027028,nikkei.com,Takaichi S Us Visit What Will Japan Say To Trump On Iran Situation2,https://asia.nikkei.com/spotlight/iran-tensions/takaichi-s-us-visit-what-will-japan-say-to-trump-on-iran-situation2,,
476,2026-02-27,2026-02-27 16:00:00+00:00,0.4372134196328261,0.5467185974121094,0.10869788629497633,-0.49627793,washingtonexaminer.com,Sorry Xi China Not Gained Lever Trump,https://www.washingtonexaminer.com/opinion/beltway-confidential/4472116/sorry-xi-china-not-gained-lever-trump/,,
477,2026-03-20,2026-03-20 13:00:00+00:00,0.4357046336540843,0.5595242381095886,0.06424582028757138,-3.030303,thenation.com,China Democrats Foreign Policy,https://www.thenation.com/article/world/china-democrats-foreign-policy/,,
478,2026-03-09,2026-03-09 04:00:00+00:00,0.435332269506783,0.5384925007820129,0.1258515756810931,-1.2618296,asiaone.com,China Hopes 2026 Will Be Landmark Year Relationship Us,https://www.asiaone.com/china/china-hopes-2026-will-be-landmark-year-relationship-us,,
479,2026-03-09,2026-03-09 07:00:00+00:00,0.435332269506783,0.5384925007820129,0.1258515756810931,-1.2618296,asiaone.com,China Hopes 2026 Will Be Landmark Year Relationship Us,https://www.asiaone.com:443/china/china-hopes-2026-will-be-landmark-year-relationship-us,,
480,2026-03-16,2026-03-16 11:00:00+00:00,0.43488120742870046,0.5495831966400146,0.09077523979475792,-3.9029536,news18.com,After Trumps Summit Warning Will Iran War Become Next Flashpoint In Us China Rivalry Ws L 9963149,https://www.news18.com/explainers/after-trumps-summit-warning-will-iran-war-become-next-flashpoint-in-us-china-rivalry-ws-l-9963149.html,,
481,2026-03-16,2026-03-16 08:00:00+00:00,0.43441785640579345,0.5494124889373779,0.08943395881104006,-4.0,firstpost.com,China Resumes Taiwan Overflights Ahead Of Trumps Beijing Visit Is It A Warning Or A Warm Up 13989923,https://www.firstpost.com/world/china-resumes-taiwan-overflights-ahead-of-trumps-beijing-visit-is-it-a-warning-or-a-warm-up-13989923.html,,
482,2026-03-16,2026-03-16 10:00:00+00:00,0.43401106275418416,0.5520925521850586,0.07976659446156095,-2.5099075,aol.co.uk,Trump Hints Delaying China Summit 101143679,https://www.aol.co.uk/articles/trump-hints-delaying-china-summit-101143679.html,,
483,2026-03-18,2026-03-18 13:00:00+00:00,0.43324925570780803,0.5509178638458252,0.08024343129375662,-2.4663677,newsday.com,Trump Tariffs Manufacturing China K94725,https://www.newsday.com/news/nation/trump-tariffs-manufacturing-china-k94725,,
484,2026-03-06,2026-03-06 01:00:00+00:00,0.4331912504099302,0.5536013841629028,0.07196084915101213,4.371585,aol.com,Lionel Messi Expected Visit Trump 173857417,https://www.aol.com/articles/lionel-messi-expected-visit-trump-173857417.html,,
485,2026-03-06,2026-03-06 12:00:00+00:00,0.4326732740211341,0.511338472366333,0.1966776789855374,-2.714333,foreignaffairs.com,Will China Overplay Its Hand,https://www.foreignaffairs.com/china/will-china-overplay-its-hand,,
486,2026-03-18,2026-03-18 15:00:00+00:00,0.4321214459260633,0.5489873886108398,0.08152361787173362,-2.7113237,businesstimes.com.sg,Delay Trumps China Visit Gives Both Sides Time Hammer Out Trade Deal,https://www.businesstimes.com.sg/international/delay-trumps-china-visit-gives-both-sides-time-hammer-out-trade-deal,,
487,2026-03-25,2026-03-25 16:00:00+00:00,0.4314328400289908,0.5402629375457764,0.10494254747863398,-4.4014087,washingtonexaminer.com,Pollution Trump Tariffs China,https://www.washingtonexaminer.com/op-eds/4502069/pollution-trump-tariffs-china/,,
488,2026-03-25,2026-03-25 18:00:00+00:00,0.43112390342965373,0.5544746518135071,0.06107165827809376,-2.0833333,indianexpress.com,Donald Trump Beijing Visit Rescheduled Xi Jinping Summit Iran War Endgame 10601417,https://indianexpress.com/article/world/us-news/donald-trump-beijing-visit-rescheduled-xi-jinping-summit-iran-war-endgame-10601417/,,
489,2026-03-09,2026-03-09 05:00:00+00:00,0.43102107851494237,0.4507114291191101,0.37195002670243915,3.409091,afr.com,Will Trump Finally Get His Nobel Peace Prize 20260306 P5O82R,https://www.afr.com/world/middle-east/will-trump-finally-get-his-nobel-peace-prize-20260306-p5o82r,,
490,2026-03-07,2026-03-07 21:00:00+00:00,0.43102107851494237,0.4507114291191101,0.37195002670243915,3.409091,afr.com,Will Trump Finally Get His Nobel Peace Prize 20260306 P5O82R,https://www.afr.com/policy/foreign-affairs/will-trump-finally-get-his-nobel-peace-prize-20260306-p5o82r,,
491,2026-03-12,2026-03-12 20:00:00+00:00,0.43101299185360215,0.5455653071403503,0.0873560459933576,3.7037036,ctvnews.ca,Us Treasury Secretary Will Meet Chinas Vice Premier In Paris Ahead Of Trumps Visit To Beijing,https://www.ctvnews.ca/world/article/us-treasury-secretary-will-meet-chinas-vice-premier-in-paris-ahead-of-trumps-visit-to-beijing/,,
492,2026-03-07,2026-03-07 17:00:00+00:00,0.4308400770879512,0.5514472126960754,0.06901867026357848,-3.2125206,newsday.com,Trump Iran Latin America China Q33441,https://www.newsday.com/news/nation/trump-iran-latin-america-china-q33441,,
493,2026-03-18,2026-03-18 15:00:00+00:00,0.43002822704150084,0.5442172288894653,0.08746122149760735,-3.524229,cbc.ca,Trump China Summit Negotation 9.7133084,https://www.cbc.ca/news/world/trump-china-summit-negotation-9.7133084,,
494,2026-03-23,2026-03-23 16:00:00+00:00,0.42961683842984405,0.5438036918640137,0.08705627812733513,-5.7894735,thelocal.es,Spains Pm To Visit China For Fourth Time In As Many Years,https://www.thelocal.es/20260323/spains-pm-to-visit-china-for-fourth-time-in-as-many-years,,
495,2026-03-16,2026-03-16 15:00:00+00:00,0.4295933723241744,0.5468813180923462,0.07772953501965903,-3.9215686,scmp.com,Beijing Iran War Trumps China Trade Plan New Ai Arena 7 Us China Relations Reads,https://www.scmp.com/news/china/article/3346569/beijing-iran-war-trumps-china-trade-plan-new-ai-arena-7-us-china-relations-reads,,
496,2026-03-16,2026-03-16 12:00:00+00:00,0.4294917764917102,0.549655556678772,0.06900043593052498,-3.9426522,cnbc.com,Bessent Trump Xi China Iran War,https://www.cnbc.com/2026/03/16/bessent-trump-xi-china-iran-war.html,,
497,2026-03-06,2026-03-06 07:00:00+00:00,0.4285871567158359,0.5294619202613831,0.1259628660791944,0.0,japantimes.co.jp,Chinas Iran Interests Will Endure,https://www.japantimes.co.jp/commentary/2026/03/06/world/chinas-iran-interests-will-endure/,,
498,2026-03-17,2026-03-17 10:00:00+00:00,0.42850968576694076,0.548700213432312,0.0679381027708271,-2.15311,chicagotribune.com,Opinion Iran War Donald Trump China,https://www.chicagotribune.com/2026/03/17/opinion-iran-war-donald-trump-china/,,
499,2026-03-17,2026-03-17 21:00:00+00:00,0.4281038435804775,0.5398745536804199,0.0927917132806502,-2.5316455,hudson.org,Can Trump Beat China Winning Iran Zineb Riboua,https://www.hudson.org/foreign-policy/can-trump-beat-china-winning-iran-zineb-riboua,,
500,2026-03-07,2026-03-07 09:00:00+00:00,0.427837628566616,0.5474125146865845,0.06911297020671059,-1.3907285,cbc.ca,China Trump Us Iran 9.7117124,https://www.cbc.ca/news/world/china-trump-us-iran-9.7117124,,
501,2026-03-08,2026-03-08 00:00:00+00:00,0.42750998633481996,0.5334687232971191,0.10963377544792247,6.904488,slguardian.org,Will China Leapfrog Itself In The Next Five Year Plan,https://slguardian.org/will-china-leapfrog-itself-in-the-next-five-year-plan/,,
502,2026-03-24,2026-03-24 08:00:00+00:00,0.4272358406256299,0.5490454435348511,0.06180703189796643,-2.3376622,townhall.com,Trumps Trifecta Advancement For America And Setbacks For China N2673331,https://townhall.com/columnists/scottpowell/2026/03/24/trumps-trifecta-advancement-for-america-and-setbacks-for-china-n2673331,,
503,2026-03-24,2026-03-24 03:00:00+00:00,0.42510595529123024,0.5276404619216919,0.11750243539984526,-5.8252425,afr.com,How Trump S War On Iran Will Affect China S Taiwan Calculations 20260323 P5Rny3,https://www.afr.com/policy/foreign-affairs/how-trump-s-war-on-iran-will-affect-china-s-taiwan-calculations-20260323-p5rny3,,
504,2026-03-05,2026-03-05 13:00:00+00:00,0.424838137534624,0.5363936424255371,0.0901716228618848,-0.4178273,hellenicshippingnews.com,China Is Set To Kick Off Its Big Policy Meeting What Will Be The Key Announcements,https://www.hellenicshippingnews.com/china-is-set-to-kick-off-its-big-policy-meeting-what-will-be-the-key-announcements/,,
505,2026-03-14,2026-03-14 17:00:00+00:00,0.424587395018426,0.5322140455245972,0.10170744349991252,-4.0358744,athens-times.com,Trump We Will Open The Strait Of Hormuz Call To Uk China And Allies,https://athens-times.com/trump-we-will-open-the-strait-of-hormuz-call-to-uk-china-and-allies/,,
506,2026-03-16,2026-03-16 14:00:00+00:00,0.42367015011097947,0.5427845120429993,0.06632706431492005,-3.113553,newrepublic.com,Donald Trump Begs Nato China Iran Strait Hormuz,https://newrepublic.com/post/207795/donald-trump-begs-nato-china-iran-strait-hormuz,,
507,2026-03-12,2026-03-12 11:00:00+00:00,0.4216396474715656,0.5266052484512329,0.10674284453256375,-1.5267175,scmp.com,Trumps Tariff Investigation Bluff Will Not Work China Analysts Warn,https://www.scmp.com/economy/china-economy/article/3346365/trumps-tariff-investigation-bluff-will-not-work-china-analysts-warn,,
508,2026-03-17,2026-03-17 03:00:00+00:00,0.42026097638771875,0.5365259647369385,0.07146601134005949,-4.4117646,benzinga.com,Chuck Schumer Blasts Trump For Hoping That China Will Help Us Clear The Hormuz Strait Hes Created A Mess And Has No Plan For How To End It,https://www.benzinga.com/news/politics/26/03/51287724/chuck-schumer-blasts-trump-for-hoping-that-china-will-help-us-clear-the-hormuz-strait-hes-created-a-mess-and-has-no-plan-for-how-to-end-it,,
509,2026-03-07,2026-03-07 18:00:00+00:00,0.4202362448095531,0.5400885343551636,0.06067937617272164,-0.37243947,thestar.com.my,China And Us To Hold High Level Trade Talks In Paris Before Trumps Beijing Visit,https://www.thestar.com.my/aseanplus/aseanplus-news/2026/03/07/china-and-us-to-hold-high-level-trade-talks-in-paris-before-trumps-beijing-visit,,
510,2026-03-16,2026-03-16 10:00:00+00:00,0.4199853513049526,0.5345311164855957,0.07634805576302339,-2.486911,fortune.com,Trump Asia Section 301 Probes China Malaysia Tariffs,https://fortune.com/2026/03/16/trump-asia-section-301-probes-china-malaysia-tariffs/,,
511,2026-03-08,2026-03-08 08:00:00+00:00,0.4195994474394329,0.5223003029823303,0.11149688081074059,-1.6260163,sitkasentinel.com,"China Hopes 2026 Will Be A Landmark Year For Relationship With Us,123985","http://www.sitkasentinel.com/stories/china-hopes-2026-will-be-a-landmark-year-for-relationship-with-us,123985",,
512,2026-03-16,2026-03-16 21:00:00+00:00,0.4187445654059153,0.5302258729934692,0.08430064264325365,-4.0,marketscreener.com,Will The Trump Xi Summit Go Ahead Ce7E5Edbd98Dff2D,https://www.marketscreener.com/news/will-the-trump-xi-summit-go-ahead-ce7e5edbd98dff2d,,
513,2026-03-17,2026-03-17 04:00:00+00:00,0.4178549345191216,0.5261357426643372,0.09301251008347489,-4.4117646,benzinga.com,Chuck Schumer Blasts Trump For Hoping That China Will Help Us Clear The Hormuz Strait Hes Created A,https://www.benzinga.com/news/politics/26/03/51287724/chuck-schumer-blasts-trump-for-hoping-that-china-will-help-us-clear-the-hormuz-strait-hes-created-a,,
514,2026-03-19,2026-03-19 13:00:00+00:00,0.41715055679255486,0.5151457190513611,0.12316507001613614,2.9585798,clarechampion.ie,Donald Trump Says He Will Try To Visit Clare This September,https://clarechampion.ie/donald-trump-says-he-will-try-to-visit-clare-this-september/,,
515,2026-03-11,2026-03-11 04:00:00+00:00,0.4171485578008214,0.4608461260795593,0.28605585296460756,2.1333334,fox19.com,Trump Visit Tri State Wednesday Stops Ohio Kentucky,https://www.fox19.com/2026/03/11/trump-visit-tri-state-wednesday-stops-ohio-kentucky/,,
516,2026-03-19,2026-03-19 05:00:00+00:00,0.41708376892198523,0.5363914370536804,0.05916076452689968,-0.34843206,yahoo.com,China Does Not Plan Invade 042607019,https://www.yahoo.com/news/articles/china-does-not-plan-invade-042607019.html,,
517,2026-03-05,2026-03-05 07:00:00+00:00,0.4169637647948005,0.5203009843826294,0.10695210603131382,-1.010101,bignewsnetwork.com,Explainer China Plans China Delivers,http://www.bignewsnetwork.com/news/278903205/explainer-china-plans-china-delivers,,
518,2026-03-17,2026-03-17 01:00:00+00:00,0.4160071625195479,0.5286973714828491,0.0779365356296441,-2.1118011,theguardian.com,Trump China Summit Iran War,https://www.theguardian.com/us-news/2026/mar/16/trump-china-summit-iran-war,,
519,2026-03-16,2026-03-16 16:00:00+00:00,0.4159859302363088,0.5319352149963379,0.06813807595622148,0.7117438,theweek.com,Trump Demands Allies China Hormuz Escort,https://theweek.com/world-news/trump-demands-allies-china-hormuz-escort,,
520,2026-02-27,2026-02-27 15:00:00+00:00,0.41560470304672786,0.5312587022781372,0.06864270535249979,-4.1666665,independent.co.uk,Trump Midterm Elections China Democrats B2928898,https://www.independent.co.uk/news/world/americas/us-politics/trump-midterm-elections-china-democrats-b2928898.html,,
521,2026-03-19,2026-03-19 13:00:00+00:00,0.41547960009930235,0.5322362780570984,0.06520956622591416,-3.930131,scmp.com,Uncompromising Takaichis Meeting Trump Seen Key China Japan Ties,https://www.scmp.com/news/china/diplomacy/article/3347188/uncompromising-takaichis-meeting-trump-seen-key-china-japan-ties,,
522,2026-03-09,2026-03-09 12:00:00+00:00,0.414923731277705,0.5160660147666931,0.11149688081074059,-1.242236,theitem.com,"China Hopes 2026 Will Be A Landmark Year For Relationship With Us,440472","http://www.theitem.com/stories/china-hopes-2026-will-be-a-landmark-year-for-relationship-with-us,440472",,
523,2026-03-05,2026-03-05 21:00:00+00:00,0.4148523488919825,0.5333993434906006,0.0592113650961284,-3.9045553,dailycaller.com,China Vulnerability Fuel Trump Attack Iran Oil,https://dailycaller.com/2026/03/05/china-vulnerability-fuel-trump-attack-iran-oil/,,
524,2026-03-24,2026-03-24 04:00:00+00:00,0.41481541226556473,0.5257516503334045,0.08200669806204541,1.5050167,cleantechnica.com,China Flexes Its Global Green Hydrogen Muscles Trump Or No Trump,https://cleantechnica.com/2026/03/23/china-flexes-its-global-green-hydrogen-muscles-trump-or-no-trump/,,
525,2026-03-21,2026-03-21 22:00:00+00:00,0.41479032676515554,0.5255886316299438,0.08239541217079059,-2.4248302,bostonglobe.com,Trump Is Finally Eyeing An Exit Iran Will He Take It,https://www.bostonglobe.com/2026/03/21/world/trump-is-finally-eyeing-an-exit-iran-will-he-take-it/,,
526,2026-03-24,2026-03-24 11:00:00+00:00,0.4141577608038407,0.5218543410301208,0.09106802012500032,1.6997167,businesstimes.com.sg,Pm Wong Visit China Mar 25 28 Deliver Keynote Speech Asian Davos Forum Hainan,https://www.businesstimes.com.sg/singapore/pm-wong-visit-china-mar-25-28-deliver-keynote-speech-asian-davos-forum-hainan,,
527,2026-02-27,2026-02-27 12:00:00+00:00,0.4133675597182036,0.5289483070373535,0.06662531776075381,-1.0556622,businesstimes.com.sg,Trump Reins China Tech Curbs Beijings Export Controls Come Age,https://www.businesstimes.com.sg/international/global/trump-reins-china-tech-curbs-beijings-export-controls-come-age,,
528,2026-03-17,2026-03-17 13:00:00+00:00,0.41258761400367544,0.52881920337677,0.06389284588439162,-1.4984227,livemint.com,Trump Shifts Us China Strategy On Trade To Dealmaking 11773749452454,https://www.livemint.com/global/trump-shifts-us-china-strategy-on-trade-to-dealmaking-11773749452454.html,,
529,2026-03-18,2026-03-18 19:00:00+00:00,0.4124576834369441,0.52491295337677,0.07509187361746646,-2.6371307,washingtonexaminer.com,China Hopes Trump Gamble Iran Cuba Loses,https://www.washingtonexaminer.com/news/world/4495090/china-hopes-trump-gamble-iran-cuba-loses/,,
530,2026-03-04,2026-03-04 23:00:00+00:00,0.41234935171177634,0.5286440253257751,0.06346533086978001,-4.637681,yahoo.com,Calls First Minister Answer China 225929653,https://www.yahoo.com/news/articles/calls-first-minister-answer-china-225929653.html,,
531,2026-03-08,2026-03-08 21:00:00+00:00,0.4122056419994858,0.5285234451293945,0.06325223260975953,-1.7985611,dailycaller.com,China Iran America Israel Trump Diplomacy,https://dailycaller.com/2026/03/08/china-iran-america-israel-trump-diplomacy/,,
532,2026-03-08,2026-03-08 07:00:00+00:00,0.41206579286885336,0.5122554302215576,0.11149688081074059,-1.6260163,morningsun.net,"China Hopes 2026 Will Be A Landmark Year For Relationship With Us,318050","http://www.morningsun.net/stories/china-hopes-2026-will-be-a-landmark-year-for-relationship-with-us,318050",,
533,2026-03-11,2026-03-11 14:00:00+00:00,0.4116366612480549,0.5135098099708557,0.10601721507965262,-4.3117743,presstelegram.com,Trump Ohio Kentucky Visit,https://www.presstelegram.com/2026/03/11/trump-ohio-kentucky-visit/,,
534,2026-03-11,2026-03-11 13:00:00+00:00,0.4116366612480549,0.5135098099708557,0.10601721507965262,-4.3117743,courant.com,Trump Ohio Kentucky Visit,https://www.courant.com/2026/03/11/trump-ohio-kentucky-visit/,,
535,2026-03-11,2026-03-11 13:00:00+00:00,0.4116366612480549,0.5135098099708557,0.10601721507965262,-4.3117743,sgvtribune.com,Trump Ohio Kentucky Visit,https://www.sgvtribune.com/2026/03/11/trump-ohio-kentucky-visit/,,
536,2026-03-11,2026-03-11 13:00:00+00:00,0.4116366612480549,0.5135098099708557,0.10601721507965262,-4.3117743,dailybreeze.com,Trump Ohio Kentucky Visit,https://www.dailybreeze.com/2026/03/11/trump-ohio-kentucky-visit/,,
537,2026-03-11,2026-03-11 13:00:00+00:00,0.4116366612480549,0.5135098099708557,0.10601721507965262,-4.3117743,pasadenastarnews.com,Trump Ohio Kentucky Visit,https://www.pasadenastarnews.com/2026/03/11/trump-ohio-kentucky-visit/,,
538,2026-03-11,2026-03-11 13:00:00+00:00,0.4116366612480549,0.5135098099708557,0.10601721507965262,-4.3117743,redlandsdailyfacts.com,Trump Ohio Kentucky Visit,https://www.redlandsdailyfacts.com/2026/03/11/trump-ohio-kentucky-visit/,,
539,2026-03-11,2026-03-11 14:00:00+00:00,0.4116366612480549,0.5135098099708557,0.10601721507965262,-4.3117743,pressdemocrat.com,Trump Ohio Kentucky Visit,https://www.pressdemocrat.com/2026/03/11/trump-ohio-kentucky-visit/,,
540,2026-03-11,2026-03-11 14:00:00+00:00,0.4116366612480549,0.5135098099708557,0.10601721507965262,-4.3117743,whittierdailynews.com,Trump Ohio Kentucky Visit,https://www.whittierdailynews.com/2026/03/11/trump-ohio-kentucky-visit/,,
541,2026-03-11,2026-03-11 14:00:00+00:00,0.4116366612480549,0.5135098099708557,0.10601721507965262,-4.3117743,sbsun.com,Trump Ohio Kentucky Visit,https://www.sbsun.com/2026/03/11/trump-ohio-kentucky-visit/,,
542,2026-03-11,2026-03-11 14:00:00+00:00,0.4116366612480549,0.5135098099708557,0.10601721507965262,-4.3117743,pilotonline.com,Trump Ohio Kentucky Visit,https://www.pilotonline.com/2026/03/11/trump-ohio-kentucky-visit/,,
543,2026-03-11,2026-03-11 18:00:00+00:00,0.4116366612480549,0.5135098099708557,0.10601721507965262,-3.5548687,sandiegouniontribune.com,Trump Ohio Kentucky Visit,https://www.sandiegouniontribune.com/2026/03/11/trump-ohio-kentucky-visit/,,
544,2026-03-11,2026-03-11 14:00:00+00:00,0.4116366612480549,0.5135098099708557,0.10601721507965262,-4.3117743,ocregister.com,Trump Ohio Kentucky Visit,https://www.ocregister.com/2026/03/11/trump-ohio-kentucky-visit/,,
545,2026-03-11,2026-03-11 14:00:00+00:00,0.4116366612480549,0.5135098099708557,0.10601721507965262,-4.3117743,journal-advocate.com,Trump Ohio Kentucky Visit,https://www.journal-advocate.com/2026/03/11/trump-ohio-kentucky-visit/,,
546,2026-03-11,2026-03-11 14:00:00+00:00,0.4116366612480549,0.5135098099708557,0.10601721507965262,-4.3117743,canoncitydailyrecord.com,Trump Ohio Kentucky Visit,https://www.canoncitydailyrecord.com/2026/03/11/trump-ohio-kentucky-visit/,,
547,2026-03-11,2026-03-11 15:00:00+00:00,0.4116366612480549,0.5135098099708557,0.10601721507965262,-4.3117743,citizensvoice.com,Trump Ohio Kentucky Visit,https://www.citizensvoice.com/2026/03/11/trump-ohio-kentucky-visit/,,
548,2026-03-11,2026-03-11 15:00:00+00:00,0.4116366612480549,0.5135098099708557,0.10601721507965262,-4.3117743,morningjournal.com,Trump Ohio Kentucky Visit,https://www.morningjournal.com/2026/03/11/trump-ohio-kentucky-visit/,,
549,2026-03-11,2026-03-11 16:00:00+00:00,0.4116366612480549,0.5135098099708557,0.10601721507965262,-4.3117743,dailypress.com,Trump Ohio Kentucky Visit,https://www.dailypress.com/2026/03/11/trump-ohio-kentucky-visit/,,
550,2026-03-11,2026-03-11 16:00:00+00:00,0.4116366612480549,0.5135098099708557,0.10601721507965262,-4.3117743,dailybulletin.com,Trump Ohio Kentucky Visit,https://www.dailybulletin.com/2026/03/11/trump-ohio-kentucky-visit/,,
551,2026-03-11,2026-03-11 17:00:00+00:00,0.4116366612480549,0.5135098099708557,0.10601721507965262,-4.3117743,dailynews.com,Trump Ohio Kentucky Visit,https://www.dailynews.com/2026/03/11/trump-ohio-kentucky-visit/,,
552,2026-03-11,2026-03-11 19:00:00+00:00,0.4116366612480549,0.5135098099708557,0.10601721507965262,-3.5548687,twincities.com,Trump Ohio Kentucky Visit,https://www.twincities.com/2026/03/11/trump-ohio-kentucky-visit/,,
553,2026-03-11,2026-03-11 13:00:00+00:00,0.4116366612480549,0.5135098099708557,0.10601721507965262,-4.3117743,republicanherald.com,Trump Ohio Kentucky Visit,https://www.republicanherald.com/2026/03/11/trump-ohio-kentucky-visit/,,
554,2026-03-25,2026-03-25 19:00:00+00:00,0.4108069030532353,0.5253756046295166,0.06710079832439138,-1.6746411,theglobeandmail.com,Article Trump Xi China Beijing Iran War,https://www.theglobeandmail.com/world/article-trump-xi-china-beijing-iran-war/,,
555,2026-03-17,2026-03-17 18:00:00+00:00,0.41015188385672036,0.5225706100463867,0.07289570528772119,0.35211268,cnbc.com,Trump Nato Iran War Allies China,https://www.cnbc.com/2026/03/17/trump-nato-iran-war-allies-china.html,,
556,2026-03-13,2026-03-13 22:00:00+00:00,0.41002574477565457,0.5242907404899597,0.06723075763273914,-2.479339,radaronline.com,Nuclear Doomsday China Trump War World 3,https://radaronline.com/p/nuclear-doomsday-china-trump-war-world-3/,,
557,2026-03-15,2026-03-15 14:00:00+00:00,0.40959997200086234,0.5241968631744385,0.06580929848013391,3.8461537,theepochtimes.com,Top Us China Trade Negotiators Meet In Paris Ahead Of Trumps Visit To Beijing 5999018,https://www.theepochtimes.com/china/top-us-china-trade-negotiators-meet-in-paris-ahead-of-trumps-visit-to-beijing-5999018,,
558,2026-03-23,2026-03-23 09:00:00+00:00,0.40706187829580137,0.5186617970466614,0.07226212204322133,-2.625,foxnews.com,Chad Wolf Trump Serious About China Threat Rebuilding Our Arsenal,https://www.foxnews.com/opinion/chad-wolf-trump-serious-about-china-threat-rebuilding-our-arsenal,,
559,2026-03-08,2026-03-08 09:00:00+00:00,0.40659288670868154,0.5090852379798889,0.09911583289505953,0.0,yahoo.com,President Trump Expected Visit Kentucky 020103509,https://www.yahoo.com/news/articles/president-trump-expected-visit-kentucky-020103509.html,,
560,2026-03-09,2026-03-09 16:00:00+00:00,0.4063132847290447,0.5028989911079407,0.11655616559235686,-2.2031825,dissidentvoice.org,China Rejects A Joint Us China Hegemony,https://dissidentvoice.org/2026/03/china-rejects-a-joint-us-china-hegemony/,,
561,2026-03-09,2026-03-09 19:00:00+00:00,0.4063132847290447,0.5028989911079407,0.11655616559235686,-2.46114,greanvillepost.com,China Rejects A Joint Us China Hegemony,https://www.greanvillepost.com/2026/03/09/china-rejects-a-joint-us-china-hegemony/,,
562,2026-03-09,2026-03-09 13:00:00+00:00,0.4061864129982505,0.5131278038024902,0.0853622405855312,0.9009009,wuky.org,President Donald Trump To Visit Northern Kentucky,https://www.wuky.org/wuky-news/2026-03-09/president-donald-trump-to-visit-northern-kentucky,,
563,2026-03-04,2026-03-04 22:00:00+00:00,0.40450200161636063,0.5048648118972778,0.10341357077360892,2.1978023,scmp.com,Merzs China Visit Shows Pragmatic Diplomacy Still Matters,https://www.scmp.com/opinion/china-opinion/article/3345145/merzs-china-visit-shows-pragmatic-diplomacy-still-matters,,
564,2026-03-09,2026-03-09 12:00:00+00:00,0.4043747850442918,0.5087705850601196,0.09118738499680833,-3.5149386,bankingnews.gr,We Will Kill Him Too Trump Warns New Iranian Leader As China Calls For Restraint,https://www.bankingnews.gr/diethni/articles/861227/we-will-kill-him-too-trump-warns-new-iranian-leader-as-china-calls-for-restraint,,
565,2026-03-03,2026-03-03 15:00:00+00:00,0.403953807420756,0.5008591413497925,0.11323780563364653,-2.9919448,straitstimes.com,Trumps Asian Allies Fear Iran War Will Sap Defences Against China,https://www.straitstimes.com/asia/trumps-asian-allies-fear-iran-war-will-sap-defences-against-china,,
566,2026-03-06,2026-03-06 15:00:00+00:00,0.4032348748835565,0.4872433543205261,0.1512094365726477,3.8251367,clare.fm,Trump Doonbeg Gm Says Us President Will Visit Irish Open If Possible,https://www.clare.fm/news/trump-doonbeg-gm-says-us-president-will-visit-irish-open-if-possible/,,
567,2026-03-17,2026-03-17 12:00:00+00:00,0.40289916605164244,0.504886269569397,0.09693785549837895,-2.1218343,newsweek.com,China Pushes For Us Visit Amid Weakening Iran Ties 11685211,https://www.newsweek.com/china-pushes-for-us-visit-amid-weakening-iran-ties-11685211,,
568,2026-03-05,2026-03-05 03:00:00+00:00,0.40179562533743785,0.5161361694335938,0.05877399304897022,-1.1235955,newkerala.com,Trump Touts Ai Lead Hits China Europe Energy 132,https://www.newkerala.com/news/a/trump-touts-ai-lead-hits-china-europe-energy-132.htm,,
569,2026-03-07,2026-03-07 02:00:00+00:00,0.40139642409456106,0.5156257152557373,0.0587085506110323,3.0075188,wcpo.com,President Donald Trump To Visit Cincinnati Next Week White House Spokesperson Says,https://www.wcpo.com/news/local-news/hamilton-county/cincinnati/president-donald-trump-to-visit-cincinnati-next-week-white-house-spokesperson-says,,
570,2026-03-09,2026-03-09 12:00:00+00:00,0.4008992456490351,0.4896773099899292,0.134565052626353,-0.95238096,japantimes.co.jp,China Condemns Taiwan Premier Visit,https://www.japantimes.co.jp/news/2026/03/09/asia-pacific/china-condemns-taiwan-premier-visit/,,
571,2026-03-09,2026-03-09 22:00:00+00:00,0.4008992456490351,0.4896773099899292,0.134565052626353,-0.95238096,japantimes.co.jp,China Condemns Taiwan Premier Visit,https://www.japantimes.co.jp/news/2026/03/09/japan/politics/china-condemns-taiwan-premier-visit/,,
572,2026-03-19,2026-03-19 10:00:00+00:00,0.39848358967098896,0.4854204058647156,0.137673141089809,-0.26917902,gizmodo.com,Will China Beat The Us Back To The Moon 2000733544,https://gizmodo.com/will-china-beat-the-us-back-to-the-moon-2000733544,,
573,2026-03-03,2026-03-03 05:00:00+00:00,0.39799235580848236,0.5078113079071045,0.06853549951261596,-1.0089021,brisbanetimes.com.au,Xi S China Will Be World Shaping In The Coming Months And Years Our Return To Beijing Could Not Be More Timely Or Urgent 20260228 P5O6Aw,https://www.brisbanetimes.com.au/world/asia/xi-s-china-will-be-world-shaping-in-the-coming-months-and-years-our-return-to-beijing-could-not-be-more-timely-or-urgent-20260228-p5o6aw.html,,
574,2026-03-04,2026-03-04 01:00:00+00:00,0.39799235580848236,0.5078113079071045,0.06853549951261596,-1.0440835,watoday.com.au,Xi S China Will Be World Shaping In The Coming Months And Years Our Return To Beijing Could Not Be More Timely Or Urgent 20260228 P5O6Aw,https://www.watoday.com.au/world/asia/xi-s-china-will-be-world-shaping-in-the-coming-months-and-years-our-return-to-beijing-could-not-be-more-timely-or-urgent-20260228-p5o6aw.html,,
575,2026-03-03,2026-03-03 05:00:00+00:00,0.39799235580848236,0.5078113079071045,0.06853549951261596,-1.0089021,smh.com.au,Xi S China Will Be World Shaping In The Coming Months And Years Our Return To Beijing Could Not Be More Timely Or Urgent 20260228 P5O6Aw,https://www.smh.com.au/world/asia/xi-s-china-will-be-world-shaping-in-the-coming-months-and-years-our-return-to-beijing-could-not-be-more-timely-or-urgent-20260228-p5o6aw.html,,
576,2026-03-03,2026-03-03 05:00:00+00:00,0.39799235580848236,0.5078113079071045,0.06853549951261596,-1.0089021,theage.com.au,Xi S China Will Be World Shaping In The Coming Months And Years Our Return To Beijing Could Not Be More Timely Or Urgent 20260228 P5O6Aw,https://www.theage.com.au/world/asia/xi-s-china-will-be-world-shaping-in-the-coming-months-and-years-our-return-to-beijing-could-not-be-more-timely-or-urgent-20260228-p5o6aw.html,,
577,2026-03-25,2026-03-25 00:00:00+00:00,0.39670577477088886,0.5065643191337585,0.06713014168227986,-5.426357,homelandsecuritynewswire.com,Dr20260324 Trump Had No Plan B For Iran Japan Should Help Sink China S Invasion Fleet Cheap Energy The Key To China Gaining Ai S,https://www.homelandsecuritynewswire.com/dr20260324-trump-had-no-plan-b-for-iran-japan-should-help-sink-china-s-invasion-fleet-cheap-energy-the-key-to-china-gaining-ai-s,,
578,2026-03-12,2026-03-12 21:00:00+00:00,0.39656077368059933,0.507953941822052,0.0623812692562413,0.62240666,nypost.com,Scott Bessent Meeting Chinas Vice Premier In Paris For Trade Talks Ahead Of Trumps Visit To China,https://nypost.com/2026/03/12/us-news/scott-bessent-meeting-chinas-vice-premier-in-paris-for-trade-talks-ahead-of-trumps-visit-to-china/,,
579,2026-03-10,2026-03-10 00:00:00+00:00,0.3965005124550274,0.48981529474258423,0.11655616559235686,-2.4111676,greanvillepost.com,China Rejects A Joint Us China Hegemony 2,https://www.greanvillepost.com/2026/03/09/china-rejects-a-joint-us-china-hegemony-2/,,
580,2026-02-26,2026-02-26 05:00:00+00:00,0.3961020514405887,0.49963274598121643,0.08550996781870551,4.192872,capitalfm.co.ke,Xi Jinping Friedrich Merz China Germany Strategic Partnership Beijing Visit,https://www.capitalfm.co.ke/news/2026/02/xi-jinping-friedrich-merz-china-germany-strategic-partnership-beijing-visit/,,
581,2026-03-19,2026-03-19 12:00:00+00:00,0.39524623754070026,0.4782027304172516,0.14637675891104626,-7.6923075,wn.com,Us Intel Doubts China Will Invade Taiwan In 2027,https://article.wn.com/view/2026/03/19/US_intel_doubts_China_will_invade_Taiwan_in_2027/,,
582,2026-03-21,2026-03-21 16:00:00+00:00,0.3952148339818806,0.5015366077423096,0.07624951270059385,-2.1828103,dailycaller.com,Liberals Visit Favorite Communist Country In Solidarity Against Trump Threats,https://dailycaller.com/2026/03/21/liberals-visit-favorite-communist-country-in-solidarity-against-trump-threats/,,
583,2026-03-21,2026-03-21 23:00:00+00:00,0.3948037390089646,0.501903772354126,0.0735036389734804,-2.857143,wn.com,Trump Is Finally Eyeing An Exit From Iran But Will He Take I,https://article.wn.com/view/2026/03/21/Trump_Is_Finally_Eyeing_an_Exit_From_Iran_But_Will_He_Take_I/,,
584,2026-03-04,2026-03-04 06:00:00+00:00,0.39438455776250225,0.47830358147621155,0.14262748662137428,-4.2328043,kotaku.com,Tencent Trump Divest China Epic Riot Supercell 2000675567,https://kotaku.com/tencent-trump-divest-china-epic-riot-supercell-2000675567,,
585,2026-03-18,2026-03-18 16:00:00+00:00,0.39423679208541096,0.4864859879016876,0.1174892046365809,0.0,yahoo.com,Us Assesses China Not Currently 151356368,https://www.yahoo.com/news/articles/us-assesses-china-not-currently-151356368.html,,
586,2026-03-13,2026-03-13 10:00:00+00:00,0.3942304043381625,0.49817073345184326,0.08240941699712001,-1.312336,slguardian.org,Taiwan Accelerates 40 Billion U S Arms Deal Ahead Of Trumps China Visit,https://slguardian.org/taiwan-accelerates-40-billion-u-s-arms-deal-ahead-of-trumps-china-visit/,,
587,2026-03-03,2026-03-03 13:00:00+00:00,0.3940272019780186,0.5026849508285522,0.06805395542641773,-2.843602,scmp.com,Will Iran Crisis Feature Foreign Policy Talks Chinas Two Sessions,https://www.scmp.com/news/china/diplomacy/article/3345295/will-iran-crisis-feature-foreign-policy-talks-chinas-two-sessions,,
588,2026-03-18,2026-03-18 07:00:00+00:00,0.39355700570002444,0.5009478330612183,0.0713845236164429,-2.9810297,cnn.com,Trump King Charles Visit Iran Intl,https://us.cnn.com/2026/03/18/europe/trump-king-charles-visit-iran-intl,,
589,2026-03-18,2026-03-18 07:00:00+00:00,0.39355700570002444,0.5009478330612183,0.0713845236164429,-2.9810297,cnn.com,Trump King Charles Visit Iran Intl,https://edition.cnn.com/2026/03/18/europe/trump-king-charles-visit-iran-intl,,
590,2026-03-18,2026-03-18 04:00:00+00:00,0.39355700570002444,0.5009478330612183,0.0713845236164429,-2.9810297,cnn.com,Trump King Charles Visit Iran Intl,https://www.cnn.com/2026/03/18/europe/trump-king-charles-visit-iran-intl,,
591,2026-03-03,2026-03-03 13:00:00+00:00,0.39339386112215674,0.48677921295166016,0.11323780563364653,-2.9312289,tbsnews.net,Trumps Asian Allies Fear Iran War Will Sap Defences Against China 1376356,https://www.tbsnews.net/world/trumps-asian-allies-fear-iran-war-will-sap-defences-against-china-1376356,,
592,2026-03-09,2026-03-09 12:00:00+00:00,0.3933176913047822,0.4940277934074402,0.09118738499680833,-3.5149386,bankingnews.gr,We Will Kill Him Too Trump Warns New Iranian Leader As China Calls For Restraint%20Title=,https://www.bankingnews.gr/diethni/articles/861227/we-will-kill-him-too-trump-warns-new-iranian-leader-as-china-calls-for-restraint%20title=,,
593,2026-03-12,2026-03-12 21:00:00+00:00,0.39218552612667595,0.4946407079696655,0.08481998059770716,-3.3361847,slate.com,Trump Iran War China Oil Crisis,https://slate.com/technology/2026/03/trump-iran-war-china-oil-crisis.html,,
594,2026-03-17,2026-03-17 03:00:00+00:00,0.3918752113351134,0.4891738295555115,0.09997935667391919,-7.4074073,bloomberg.com,Will Ai Disruption Force Xi Jinping To Turn China Into A Welfare State,https://www.bloomberg.com:443/news/features/2026-03-06/will-ai-disruption-force-xi-jinping-to-turn-china-into-a-welfare-state,,
595,2026-03-25,2026-03-25 12:00:00+00:00,0.39049143527420754,0.4798562526702881,0.12239698308596585,-2.063492,riotimesonline.com,China Brazil Infrastructure Railways Ports Trump,https://www.riotimesonline.com/china-brazil-infrastructure-railways-ports-trump/,,
596,2026-03-24,2026-03-24 17:00:00+00:00,0.3902257589663079,0.49739158153533936,0.06872829125921359,-5.5555553,publicradiotulsa.org,Will President Trump Act On His Threat To Take Cuba,https://www.publicradiotulsa.org/npr-national-news/2026-03-24/will-president-trump-act-on-his-threat-to-take-cuba,,
597,2026-03-24,2026-03-24 22:00:00+00:00,0.3902257589663079,0.49739158153533936,0.06872829125921359,-1.4881743,wlrn.org,Will President Trump Act On His Threat To Take Cuba,https://www.wlrn.org/npr-breaking-news/2026-03-24/will-president-trump-act-on-his-threat-to-take-cuba,,
598,2026-03-24,2026-03-24 16:00:00+00:00,0.3902257589663079,0.49739158153533936,0.06872829125921359,-5.5555553,klcc.org,Will President Trump Act On His Threat To Take Cuba,https://www.klcc.org/npr-news/2026-03-24/will-president-trump-act-on-his-threat-to-take-cuba,,
599,2026-03-24,2026-03-24 16:00:00+00:00,0.3902257589663079,0.49739158153533936,0.06872829125921359,-5.5555553,kuaf.com,Will President Trump Act On His Threat To Take Cuba,https://www.kuaf.com/npr-news/2026-03-24/will-president-trump-act-on-his-threat-to-take-cuba,,
600,2026-03-24,2026-03-24 16:00:00+00:00,0.3902257589663079,0.49739158153533936,0.06872829125921359,-5.5555553,wglt.org,Will President Trump Act On His Threat To Take Cuba,https://www.wglt.org/2026-03-24/will-president-trump-act-on-his-threat-to-take-cuba,,
601,2026-03-24,2026-03-24 16:00:00+00:00,0.3902257589663079,0.49739158153533936,0.06872829125921359,-5.5555553,knpr.org,Will President Trump Act On His Threat To Take Cuba,https://knpr.org/npr/2026-03-24/will-president-trump-act-on-his-threat-to-take-cuba,,
602,2026-03-24,2026-03-24 16:00:00+00:00,0.3902257589663079,0.49739158153533936,0.06872829125921359,-5.5555553,wkyufm.org,Will President Trump Act On His Threat To Take Cuba,https://www.wkyufm.org/news/2026-03-24/will-president-trump-act-on-his-threat-to-take-cuba,,
603,2026-03-24,2026-03-24 20:00:00+00:00,0.3902257589663079,0.49739158153533936,0.06872829125921359,-5.5555553,wcsufm.org,Will President Trump Act On His Threat To Take Cuba,https://www.wcsufm.org/latest-from-npr/2026-03-24/will-president-trump-act-on-his-threat-to-take-cuba,,
604,2026-03-24,2026-03-24 16:00:00+00:00,0.3902257589663079,0.49739158153533936,0.06872829125921359,-6.060606,npr.org,Will President Trump Act On His Threat To Take Cuba,https://www.npr.org/2026/03/24/nx-s1-5759180/will-president-trump-act-on-his-threat-to-take-cuba,,
605,2026-03-24,2026-03-24 18:00:00+00:00,0.3902257589663079,0.49739158153533936,0.06872829125921359,-5.5555553,ualrpublicradio.org,Will President Trump Act On His Threat To Take Cuba,https://www.ualrpublicradio.org/npr-news/2026-03-24/will-president-trump-act-on-his-threat-to-take-cuba,,
606,2026-03-24,2026-03-24 16:00:00+00:00,0.3902257589663079,0.49739158153533936,0.06872829125921359,-5.5555553,kacu.org,Will President Trump Act On His Threat To Take Cuba,https://www.kacu.org/2026-03-24/will-president-trump-act-on-his-threat-to-take-cuba,,
607,2026-03-24,2026-03-24 20:00:00+00:00,0.3902257589663079,0.49739158153533936,0.06872829125921359,-5.5555553,ksmu.org,Will President Trump Act On His Threat To Take Cuba,https://www.ksmu.org/2026-03-24/will-president-trump-act-on-his-threat-to-take-cuba,,
608,2026-03-24,2026-03-24 17:00:00+00:00,0.3902257589663079,0.49739158153533936,0.06872829125921359,-5.5555553,wcbe.org,Will President Trump Act On His Threat To Take Cuba,https://www.wcbe.org/npr-news/2026-03-24/will-president-trump-act-on-his-threat-to-take-cuba,,
609,2026-03-24,2026-03-24 18:00:00+00:00,0.3902257589663079,0.49739158153533936,0.06872829125921359,-5.5555553,wwno.org,Will President Trump Act On His Threat To Take Cuba,https://www.wwno.org/npr-news/2026-03-24/will-president-trump-act-on-his-threat-to-take-cuba,,
610,2026-03-24,2026-03-24 18:00:00+00:00,0.3902257589663079,0.49739158153533936,0.06872829125921359,-5.5555553,kvnf.org,Will President Trump Act On His Threat To Take Cuba,https://www.kvnf.org/npr-news/2026-03-24/will-president-trump-act-on-his-threat-to-take-cuba,,
611,2026-03-24,2026-03-24 17:00:00+00:00,0.3902257589663079,0.49739158153533936,0.06872829125921359,-5.5555553,iowapublicradio.org,Will President Trump Act On His Threat To Take Cuba,https://www.iowapublicradio.org/news-from-npr/2026-03-24/will-president-trump-act-on-his-threat-to-take-cuba,,
612,2026-03-24,2026-03-24 18:00:00+00:00,0.3902257589663079,0.49739158153533936,0.06872829125921359,-5.5555553,wxxinews.org,Will President Trump Act On His Threat To Take Cuba,https://www.wxxinews.org/npr-news/2026-03-24/will-president-trump-act-on-his-threat-to-take-cuba,,
613,2026-03-24,2026-03-24 17:00:00+00:00,0.3902257589663079,0.49739158153533936,0.06872829125921359,-5.5555553,wutc.org,Will President Trump Act On His Threat To Take Cuba,https://www.wutc.org/2026-03-24/will-president-trump-act-on-his-threat-to-take-cuba,,
614,2026-03-24,2026-03-24 20:00:00+00:00,0.3902257589663079,0.49739158153533936,0.06872829125921359,-5.5555553,redriverradio.org,Will President Trump Act On His Threat To Take Cuba,https://www.redriverradio.org/2026-03-24/will-president-trump-act-on-his-threat-to-take-cuba,,
615,2026-03-24,2026-03-24 17:00:00+00:00,0.3902257589663079,0.49739158153533936,0.06872829125921359,-5.5555553,kwbu.org,Will President Trump Act On His Threat To Take Cuba,https://www.kwbu.org/latest-from-npr/2026-03-24/will-president-trump-act-on-his-threat-to-take-cuba,,
616,2026-03-24,2026-03-24 18:00:00+00:00,0.3902257589663079,0.49739158153533936,0.06872829125921359,-5.5555553,wjct.org,Will President Trump Act On His Threat To Take Cuba,https://news.wjct.org/national-news/2026-03-24/will-president-trump-act-on-his-threat-to-take-cuba,,
617,2026-03-24,2026-03-24 18:00:00+00:00,0.3902257589663079,0.49739158153533936,0.06872829125921359,-5.5555553,kunr.org,Will President Trump Act On His Threat To Take Cuba,https://www.kunr.org/world-headlines/2026-03-24/will-president-trump-act-on-his-threat-to-take-cuba,,
618,2026-03-24,2026-03-24 17:00:00+00:00,0.3902257589663079,0.49739158153533936,0.06872829125921359,-5.5555553,kasu.org,Will President Trump Act On His Threat To Take Cuba,https://www.kasu.org/2026-03-24/will-president-trump-act-on-his-threat-to-take-cuba,,
619,2026-03-24,2026-03-24 17:00:00+00:00,0.3902257589663079,0.49739158153533936,0.06872829125921359,-5.5555553,wsiu.org,Will President Trump Act On His Threat To Take Cuba,https://www.wsiu.org/2026-03-24/will-president-trump-act-on-his-threat-to-take-cuba,,
620,2026-03-24,2026-03-24 18:00:00+00:00,0.3902257589663079,0.49739158153533936,0.06872829125921359,-5.5555553,ketr.org,Will President Trump Act On His Threat To Take Cuba,https://www.ketr.org/2026-03-24/will-president-trump-act-on-his-threat-to-take-cuba,,
621,2026-03-24,2026-03-24 18:00:00+00:00,0.3902257589663079,0.49739158153533936,0.06872829125921359,-5.5555553,kunc.org,Will President Trump Act On His Threat To Take Cuba,https://www.kunc.org/npr-news/2026-03-24/will-president-trump-act-on-his-threat-to-take-cuba,,
622,2026-03-03,2026-03-03 09:00:00+00:00,0.38999034173551045,0.4705830216407776,0.1482123020197091,-3.4671533,eadaily.com,China Pointed Out To Iran That Strait Of Hormuz China Will Be The Main Victim,https://eadaily.com/en/news/2026/03/03/china-pointed-out-to-iran-that-strait-of-hormuz-china-will-be-the-main-victim,,
623,2026-02-25,2026-02-25 21:00:00+00:00,0.38970290235001215,0.4702160954475403,0.14816332305742771,3.7735848,kimberleybulletin.com,Have Camera Will Travel Southeast Asia And China,https://kimberleybulletin.com/2026/02/25/have-camera-will-travel-southeast-asia-and-china/,,
624,2026-03-18,2026-03-18 19:00:00+00:00,0.38900651550025467,0.49447059631347656,0.07261427306058905,-0.65789473,vanityfair.com,King Charles Donald Trump State Visit,https://www.vanityfair.com/style/story/king-charles-donald-trump-state-visit,,
625,2026-03-25,2026-03-25 22:00:00+00:00,0.3885699482859331,0.4947184920310974,0.0701243170504401,-1.2345679,gazetaexpress.com,The Trump Xi Meeting In May Will Be A Monumental Event For The American President.,https://www.gazetaexpress.com/en/The-Trump-Xi-meeting-in-May-will-be-a-monumental-event-for-the-American-president./,,
626,2026-03-12,2026-03-12 10:00:00+00:00,0.38800646585346327,0.49484002590179443,0.06750578570846968,5.2348995,acnnewswire.com,Unlocking The Huge Potential Of China,https://en.acnnewswire.com/press-release/english/105579/unlocking-the-huge-potential-of-china,,
627,2026-02-26,2026-02-26 23:00:00+00:00,0.3868952239563451,0.4853413999080658,0.09155669610118317,-1.9950125,yahoo.com,Analysis Trump Reins China Tech 230221052,https://finance.yahoo.com/news/analysis-trump-reins-china-tech-230221052.html,,
628,2026-03-23,2026-03-23 19:00:00+00:00,0.38687002427200096,0.4616379141807556,0.16256635454573695,1.5300547,nowgrenada.com,2026 China Scholarship Announcement,https://nowgrenada.com/2026/03/2026-china-scholarship-announcement/,,
629,2026-03-06,2026-03-06 03:00:00+00:00,0.3866346340652291,0.4821280837059021,0.10015428514321001,1.048218,cosmeticsdesign-asia.com,China Focus,https://www.cosmeticsdesign-asia.com/Article/2026/03/06/china-focus/,,
630,2026-03-02,2026-03-02 11:00:00+00:00,0.3866234173285567,0.4956584572792053,0.05951829747661076,-5.172414,wn.com,Trump 8217S Strike On Iran Hits China Where It Hurts,https://article.wn.com/view/2026/03/02/trump_8217s_strike_on_iran_hits_china_where_it_hurts/,,
631,2026-03-10,2026-03-10 00:00:00+00:00,0.38570392827644745,0.4906975328922272,0.07072311442910831,-2.292769,ibtimes.co.uk,Will Donald Trump Invade Iran Potus Breaks Silence Sending Ground Troops Nuclear Sites 1784279,https://www.ibtimes.co.uk/will-donald-trump-invade-iran-potus-breaks-silence-sending-ground-troops-nuclear-sites-1784279,,
632,2026-03-22,2026-03-22 00:00:00+00:00,0.38567910236287056,0.48983216285705566,0.0732199208803152,0.71770334,watchingamerica.com,China Advances Washington Worries,https://watchingamerica.com/2026/03/21/china-advances-washington-worries/,,
633,2026-03-17,2026-03-17 16:00:00+00:00,0.38539507331315137,0.4794624447822571,0.10319295890583419,-1.5449438,english.pravda.ru,166212 Iran Oil Exports China Trump Delays Beijing Visit,https://english.pravda.ru/world/166212-iran-oil-exports-china-trump-delays-beijing-visit/,,
634,2026-03-08,2026-03-08 08:00:00+00:00,0.38416537147832747,0.490278959274292,0.0658246080904338,-0.88932806,express.co.uk,King Charles Trump Us State Visit,https://www.express.co.uk/news/royal/2179175/king-charles-trump-us-state-visit,,
635,2026-03-13,2026-03-13 10:00:00+00:00,0.3840447786749758,0.4839940071105957,0.08419709336811607,1.7064847,econotimes.com,Us Prepares Record 14 Billion Taiwan Arms Deal Pending Trumps China Visit 1736191,http://www.econotimes.com/US-Prepares-Record-14-Billion-Taiwan-Arms-Deal-Pending-Trumps-China-Visit-1736191,,
636,2026-03-05,2026-03-05 23:00:00+00:00,0.3839800266475954,0.49089163541793823,0.06324520033656683,-2.393617,marinelink.com,China Talks Iran Safe Passage 536594,https://www.marinelink.com/news/china-talks-iran-safe-passage-536594,,
637,2026-03-15,2026-03-15 21:00:00+00:00,0.3833410475007399,0.4827280640602112,0.08517999782232602,-0.7751938,columbian.com,U S China Discuss Trade,https://www.columbian.com/news/2026/mar/15/u-s-china-discuss-trade/,,
638,2026-03-06,2026-03-06 03:00:00+00:00,0.38328503662118824,0.4902339279651642,0.062438362589260325,-0.5882353,newsday.com,China Trump Latin America Peru Chile Panama P73097,https://www.newsday.com/news/nation/china-trump-latin-america-peru-chile-panama-p73097,,
639,2026-03-20,2026-03-20 20:00:00+00:00,0.38292616005758034,0.4906069338321686,0.05988383873381573,-3.3613446,scmp.com,Trump Administration Moves Unify Ai Rules Bolster Edge Over China,https://www.scmp.com/news/us/diplomacy/article/3347396/trump-administration-moves-unify-ai-rules-bolster-edge-over-china,,
640,2026-03-04,2026-03-04 10:00:00+00:00,0.3815315013495979,0.48188352584838867,0.08047542785322556,-6.8100357,japantimes.co.jp,China Embassy Warning,https://www.japantimes.co.jp/news/2026/03/04/japan/society/china-embassy-warning/,,
641,2026-03-18,2026-03-18 20:00:00+00:00,0.3814266058767616,0.4849309027194977,0.07091371534855333,-4.347826,wn.com,Trump Talk About Taking Over Countries Will Come Back To Bit,https://article.wn.com/view/2026/03/18/Trump_talk_about_taking_over_countries_will_come_back_to_bit/,,
642,2026-03-18,2026-03-18 14:00:00+00:00,0.3810212945405798,0.48648977279663086,0.06461585977242676,1.6949153,newkerala.com,Japanese Pm Takaichi Visit Us Hold Talks Trump 902,https://www.newkerala.com/news/a/japanese-pm-takaichi-visit-us-hold-talks-trump-902.htm,,
643,2026-03-17,2026-03-17 19:00:00+00:00,0.38080619020641604,0.47157618403434753,0.10849620872262149,0.0,marketscreener.com,Brazil Officials To Visit China For Sanitary Talks Amid Soy Spat Says Minister Ce7E5Ed8Db88F020,https://www.marketscreener.com/news/brazil-officials-to-visit-china-for-sanitary-talks-amid-soy-spat-says-minister-ce7e5ed8db88f020,,
644,2026-03-03,2026-03-03 00:00:00+00:00,0.380107778294545,0.4850856065750122,0.06517429345314335,1.4373716,ttrweekly.com,China Eastern Adds Three New Destinations,https://www.ttrweekly.com/site/2026/03/china-eastern-adds-three-new-destinations/,,
645,2026-03-20,2026-03-20 09:00:00+00:00,0.3800738644496111,0.47136133909225464,0.10621144052168041,-1.4662757,scmp.com,Trump Ally Steve Daines Will Be First Sitting Us Senator Visit Hong Kong 2019,https://www.scmp.com/news/china/politics/article/3347302/trump-ally-steve-daines-will-be-first-sitting-us-senator-visit-hong-kong-2019,,
646,2026-03-20,2026-03-20 21:00:00+00:00,0.37966004851367013,0.4821425974369049,0.07221240174396591,-0.6374502,csmonitor.com,Japan Us Meeting China Security,https://www.csmonitor.com/World/Asia-Pacific/2026/0320/japan-us-meeting-china-security,,
647,2026-03-04,2026-03-04 07:00:00+00:00,0.37958202492704696,0.48564112186431885,0.061404734115231306,-5.21327,ianslive.in,China Targets Dalai Lama Through Smear Campaign Report  20260304113004,https://ianslive.in/china-targets-dalai-lama-through-smear-campaign-report--20260304113004,,
648,2026-03-13,2026-03-13 17:00:00+00:00,0.37901097784134796,0.4821808338165283,0.06950140991580683,0.798722,dailydot.com,Trump White House Prayer Parody Trend China,https://dailydot.com/trump-white-house-prayer-parody-trend-china,,
649,2026-03-17,2026-03-17 03:00:00+00:00,0.3789954962326711,0.4577868580818176,0.14262141068523154,-3.0821917,businesstimes.com.sg,Will China Send Warships Strait Hormuz,https://www.businesstimes.com.sg/international/will-china-send-warships-strait-hormuz,,
650,2026-03-11,2026-03-11 14:00:00+00:00,0.37898526706527474,0.4713990390300751,0.10174395117087376,-1.6949153,washingtonexaminer.com,Trump Administration China Pharma Death Grip,https://www.washingtonexaminer.com/policy/healthcare/4486791/trump-administration-china-pharma-death-grip/,,
651,2026-03-09,2026-03-09 22:00:00+00:00,0.3787374217212057,0.46923381090164185,0.1072482541798974,-4.643963,spacewar.com,China Slams Taiwan Pm Visit To Japan 999,https://www.spacewar.com/reports/China_slams_Taiwan_PM_visit_to_Japan_999.html,,
652,2026-03-05,2026-03-05 07:00:00+00:00,0.37838029249569305,0.4795643091201782,0.07482824262223743,-4.9766717,foreignaffairs.com,Why China Wont Help Iran,https://www.foreignaffairs.com/china/why-china-wont-help-iran,,
653,2026-03-03,2026-03-03 21:00:00+00:00,0.37838029249569305,0.4795643091201782,0.07482824262223743,-2.302923,forbes.com,Why China Wont Help Iran,https://www.forbes.com/sites/wesleyhill/2026/03/03/why-china-wont-help-iran/,,
654,2026-03-09,2026-03-09 14:00:00+00:00,0.37834650479219134,0.48121947050094604,0.06972760766592717,-3.196347,thetimes.com,China Taiwan Trump Invasion L8Xwr2Fr0,https://www.thetimes.com/world/asia/article/china-taiwan-trump-invasion-l8xwr2fr0,,
655,2026-03-10,2026-03-10 16:00:00+00:00,0.378015497317497,0.48182743787765503,0.06657967563702288,0.0,moneycontrol.com,China Irked By Last Minute Scramble To Plan Xi Trump Summit Article 13856357,https://www.moneycontrol.com/world/china-irked-by-last-minute-scramble-to-plan-xi-trump-summit-article-13856357.html,,
656,2026-02-27,2026-02-27 04:00:00+00:00,0.37788074880386163,0.46751096844673157,0.10899008987525183,0.71428573,yahoo.com,China Conducts Patrol South China 041419235,https://www.yahoo.com/news/articles/china-conducts-patrol-south-china-041419235.html,,
657,2026-03-02,2026-03-02 02:00:00+00:00,0.37744017721361384,0.4701685905456543,0.09925493721749244,4.485777,tribune.com.pk,China At Economic Crossroads,https://tribune.com.pk/story/2595342/china-at-economic-crossroads,,
658,2026-03-18,2026-03-18 01:00:00+00:00,0.37729899865461075,0.48140591382980347,0.06497825312903259,8.256881,dealstreetasia.com,Greater China Deal Review Q4 2025,https://www.dealstreetasia.com/reports/greater-china-deal-review-q4-2025,,
659,2026-03-12,2026-03-12 11:00:00+00:00,0.3764001374625527,0.48005956411361694,0.06542185750935987,0.7821229,aol.com,China Positions Itself Force Global 072129387,https://www.aol.com/articles/china-positions-itself-force-global-072129387.html,,
660,2026-03-23,2026-03-23 05:00:00+00:00,0.37614128258394536,0.4510732889175415,0.15134526358315686,6.048387,capitalfm.co.ke,Han Zheng Kenya Visit China Relations Nairobi,https://www.capitalfm.co.ke/news/2026/03/han-zheng-kenya-visit-china-relations-nairobi/,,
661,2026-03-18,2026-03-18 08:00:00+00:00,0.3760398396868075,0.4808690845966339,0.06155210495732821,-4.0712466,theguardian.com,Donald Trump Limits Us Power Slow Learner China Iran War,https://www.theguardian.com/commentisfree/2026/mar/18/donald-trump-limits-us-power-slow-learner-china-iran-war,,
662,2026-02-26,2026-02-26 20:00:00+00:00,0.37589598920612877,0.47717249393463135,0.07206647502062102,-0.7389163,naharnet.com,318528 German Leader To Make 1St Visit To China As Country Seeks Right Balance In Ties,https://naharnet.com/stories/en/318528-german-leader-to-make-1st-visit-to-china-as-country-seeks-right-balance-in-ties,,
663,2026-02-27,2026-02-27 06:00:00+00:00,0.3756718670970634,0.4584973454475403,0.1271954320456327,-0.40816328,bostonglobe.com,Trump Administration Texas Visit,https://www.bostonglobe.com/2026/02/27/nation/trump-administration-texas-visit/,,
664,2026-03-03,2026-03-03 12:00:00+00:00,0.3755198713687474,0.4654076099395752,0.1058566556562641,-2.8230186,al-monitor.com,Analysis Trumps Asian Allies Fear Iran War Will Sap Defences Against China,https://www.al-monitor.com/originals/2026/03/analysis-trumps-asian-allies-fear-iran-war-will-sap-defences-against-china,,
665,2026-03-06,2026-03-06 06:00:00+00:00,0.3754050433941568,0.4697245657444,0.0924464763434271,-0.6237006,scroll.in,Us Will Not Give India Same Economic Advantages It Gave China Says Trump Official,https://scroll.in/latest/1091193/us-will-not-give-india-same-economic-advantages-it-gave-china-says-trump-official,,
666,2026-03-08,2026-03-08 07:00:00+00:00,0.3750885451203746,0.4788607358932495,0.06377197280174986,1.5,bignewsnetwork.com,Update Europe Having Correct Perception Of China Crucial To China Europe Relations Fm,http://www.bignewsnetwork.com/news/278908570/update-europe-having-correct-perception-of-china-crucial-to-china-europe-relations-fm,,
667,2026-03-08,2026-03-08 07:00:00+00:00,0.3750885451203746,0.4788607358932495,0.06377197280174986,1.5075377,japanherald.com,Update Europe Having Correct Perception Of China Crucial To China Europe Relations Fm,http://www.japanherald.com/news/278908570/update-europe-having-correct-perception-of-china-crucial-to-china-europe-relations-fm,,
668,2026-03-08,2026-03-08 09:00:00+00:00,0.3750885451203746,0.4788607358932495,0.06377197280174986,1.5075377,shanghainews.net,Update Europe Having Correct Perception Of China Crucial To China Europe Relations Fm,http://www.shanghainews.net/news/278908570/update-europe-having-correct-perception-of-china-crucial-to-china-europe-relations-fm,,
669,2026-03-25,2026-03-25 14:00:00+00:00,0.37499554189429074,0.47330373525619507,0.0800709618085778,-3.6002939,newsweek.com,Dating Apps Sex China Trump 11732152,https://www.newsweek.com/dating-apps-sex-china-trump-11732152,,
670,2026-03-01,2026-03-01 21:00:00+00:00,0.37450385143204207,0.46529459953308105,0.10213160712892513,-1.8162394,weeklyblitz.net,Merzs China Visit Signals Europes Shift Toward Pragmatic Engagement With Beijing,https://weeklyblitz.net/2026/03/02/merzs-china-visit-signals-europes-shift-toward-pragmatic-engagement-with-beijing/,,
671,2026-03-01,2026-03-01 18:00:00+00:00,0.37450385143204207,0.46529459953308105,0.10213160712892513,-1.8162394,weeklyblitz.net,Merzs China Visit Signals Europes Shift Toward Pragmatic Engagement With Beijing,https://weeklyblitz.net/2026/03/01/merzs-china-visit-signals-europes-shift-toward-pragmatic-engagement-with-beijing/,,
672,2026-03-25,2026-03-25 23:00:00+00:00,0.3744994477843529,0.4732808470726013,0.07815524991960769,8.116883,travelweekly.com.au,Visit China Easier Than Ever For Australians With New 30 Day Visa Free Policy,https://travelweekly.com.au/visit-china-easier-than-ever-for-australians-with-new-30-day-visa-free-policy/,,
673,2026-03-03,2026-03-03 19:00:00+00:00,0.3739735360674184,0.46454674005508423,0.10225392410442093,1.2919897,fingerlakes1.com,World Atlas Says Penn Yan A Must Visit Destination,https://www.fingerlakes1.com/2026/03/03/world-atlas-says-penn-yan-a-must-visit-destination/,,
674,2026-03-16,2026-03-16 22:00:00+00:00,0.3738456435708259,0.477317750453949,0.06342932292145669,2.6666667,businesstimes.com.sg,Deals Over Principles Trumps China Gambit Shadow Iran,https://www.businesstimes.com.sg/opinion-features/deals-over-principles-trumps-china-gambit-shadow-iran,,
675,2026-03-10,2026-03-10 11:00:00+00:00,0.37369961242332855,0.474691778421402,0.07072311442910831,-2.292769,ibtimes.com,Will Donald Trump Invade Iran Potus Breaks Silence Sending Ground Troops Nuclear Sites 3798789,https://www.ibtimes.com/will-donald-trump-invade-iran-potus-breaks-silence-sending-ground-troops-nuclear-sites-3798789,,
676,2026-03-12,2026-03-12 01:00:00+00:00,0.37361155471893764,0.4645126461982727,0.10090828028093243,-3.1674209,yahoo.com,Ky Visit Trump Hails Iran 231533014,https://www.yahoo.com/news/articles/ky-visit-trump-hails-iran-231533014.html,,
677,2026-03-11,2026-03-11 14:00:00+00:00,0.3735764128966481,0.47386476397514343,0.07271135966116217,0.0,wn.com,Trump Will Let Iran Play At 2026 World Cup In Us Fifa Chief,https://article.wn.com/view/2026/03/11/Trump_Will_Let_Iran_Play_at_2026_World_Cup_in_US_FIFA_Chief_/,,
678,2026-03-09,2026-03-09 11:00:00+00:00,0.37342748003773263,0.4668937921524048,0.0930285436937161,-2.997275,dailymaverick.co.za,2026 03 09 China Condemns Evil Designs Of Taiwan Premiers Japan Visit,https://www.dailymaverick.co.za/article/2026-03-09-china-condemns-evil-designs-of-taiwan-premiers-japan-visit/,,
679,2026-03-18,2026-03-18 05:00:00+00:00,0.3730061529947191,0.4707285761833191,0.07983888342891923,-4.8076925,scmp.com,Delayed Us China Summit Raises Stakes Takaichi Ahead White House Visit,https://www.scmp.com/news/china/diplomacy/article/3346959/delayed-us-china-summit-raises-stakes-takaichi-ahead-white-house-visit,,
680,2026-02-26,2026-02-26 14:00:00+00:00,0.3724692998267539,0.45254525542259216,0.13224143303923921,3.02267,thejournal.ie,Ambassador Gives Clearest Indication Yet Trump Will Visit Ireland In September 6968451 Feb2026,https://www.thejournal.ie/ambassador-gives-clearest-indication-yet-trump-will-visit-ireland-in-september-6968451-Feb2026/,,
681,2026-03-11,2026-03-11 03:00:00+00:00,0.37225219394297243,0.4678483009338379,0.08546387297037614,4.28769,theepochtimes.com,Valencian Parliament Member Says Shen Yuns Beauty Is Beyond Words Hopes It Will One Day Return To China 5996923,https://www.theepochtimes.com/shenyun/valencian-parliament-member-says-shen-yuns-beauty-is-beyond-words-hopes-it-will-one-day-return-to-china-5996923,,
682,2026-02-26,2026-02-26 06:00:00+00:00,0.37059418799915145,0.47023752331733704,0.07166418204459471,-0.92378753,yahoo.com,Germanys Merz Visits China Ai 041946126,https://finance.yahoo.com/news/germanys-merz-visits-china-ai-041946126.html,,
683,2026-03-16,2026-03-16 05:00:00+00:00,0.37040370296668707,0.46838581562042236,0.07645736500548125,-2.096774,newsday.com,Trump China Iran Strait Hormuz I75743,https://www.newsday.com/news/nation/trump-china-iran-strait-hormuz-i75743,,
684,2026-03-10,2026-03-10 13:00:00+00:00,0.3703473014054284,0.47375309467315674,0.06012992160224319,-1.1666666,newsweek.com,Trump Death And Fury Threat Gift To China 11650074,https://www.newsweek.com/trump-death-and-fury-threat-gift-to-china-11650074,,
685,2026-03-14,2026-03-14 16:00:00+00:00,0.370271704287272,0.4640432894229889,0.0889569488801214,-3.7974684,cnbctv18.com,Trump Hopes Us Uk China France Will Send Warships To Free Strait Of Hormuz Ws L 19868459,https://www.cnbctv18.com/world/trump-hopes-us-uk-china-france-will-send-warships-to-free-strait-of-hormuz-ws-l-19868459.htm,,
686,2026-03-15,2026-03-15 00:00:00+00:00,0.3702368640417771,0.46055999398231506,0.09926747422016313,0.0,dailykos.com,Trump Getting Desperate The Domino Theory Might Have Been Right Or China Will Own The Ev Market,https://www.dailykos.com/stories/2026/3/14/2373195/-Trump-getting-Desperate-The-Domino-Theory-might-have-been-right-Or-China-will-own-the-EV-market,,
687,2026-03-19,2026-03-19 00:00:00+00:00,0.3701269973772914,0.4691442847251892,0.07307513533359777,-2.542373,wbur.org,Us China Summit Iran,https://www.wbur.org/hereandnow/2026/03/18/us-china-summit-iran,,
688,2026-02-25,2026-02-25 12:00:00+00:00,0.36967403907574115,0.46301352977752686,0.089655566970384,3.2128515,news.az,Germany S Merz Begins First China Visit Focused On Trade,https://news.az/news/germany-s-merz-begins-first-china-visit-focused-on-trade,,
689,2026-03-17,2026-03-17 14:00:00+00:00,0.3696053444732058,0.4666779637336731,0.0783874866918039,-1.4925373,express.co.uk,King Charles State Visit Donald Trump,https://www.express.co.uk/news/royal/2183255/king-charles-state-visit-donald-trump,,
690,2026-02-27,2026-02-27 00:00:00+00:00,0.369558654229878,0.4622259736061096,0.09155669610118317,-1.9950125,yahoo.com,Analysis Trump Reins China Tech 230221158,https://finance.yahoo.com/news/analysis-trump-reins-china-tech-230221158.html,,
691,2026-02-26,2026-02-26 02:00:00+00:00,0.3695152305522141,0.4554784893989563,0.11162545401198737,-0.7590133,independent.co.uk,Tommy Robinson Trump Washington Visit B2927732,https://www.independent.co.uk/news/uk/politics/tommy-robinson-trump-washington-visit-b2927732.html,,
692,2026-03-05,2026-03-05 02:00:00+00:00,0.36931842217026783,0.4712650179862976,0.06347863472217852,-3.3248081,armscontrol.org,Us Accuses China Nuclear Test Preparations,https://www.armscontrol.org/act/2026-03/news/us-accuses-china-nuclear-test-preparations,,
693,2026-03-12,2026-03-12 20:00:00+00:00,0.36928325896891956,0.4692794680595398,0.06929463169705886,-4.8698573,thetimes.com,Iran War Trump Xi China Vhlm7Dspp,https://www.thetimes.com/world/asia/article/iran-war-trump-xi-china-vhlm7dspp,,
694,2026-03-13,2026-03-13 13:00:00+00:00,0.3688653734714534,0.46972009539604187,0.0663012076976878,-2.442748,jewishinsider.com,Trump Administration Iran China Oil Sanctions Bill,https://jewishinsider.com/2026/03/trump-administration-iran-china-oil-sanctions-bill/,,
695,2026-03-10,2026-03-10 11:00:00+00:00,0.36881547845912904,0.4609924554824829,0.09228454738906737,3.138528,nextbigwhat.com,China Ai Policy,https://nextbigwhat.com/china-ai-policy/,,
696,2026-02-27,2026-02-27 10:00:00+00:00,0.36863965685111977,0.46235936880111694,0.08748052100112824,2.7334852,bignewsnetwork.com,China Focus China Manned Space Program Releases Major Tasks Ahead,http://www.bignewsnetwork.com/news/278891602/china-focus-china-manned-space-program-releases-major-tasks-ahead,,
697,2026-03-18,2026-03-18 08:00:00+00:00,0.3674423733070947,0.4652731418609619,0.07395006764549306,-3.1837916,express.co.uk,Donald Trump King Charles State Visit Latest,https://www.express.co.uk/news/royal/2183475/donald-trump-king-charles-state-visit-latest,,
698,2026-03-10,2026-03-10 18:00:00+00:00,0.3666446903117764,0.4687296152114868,0.06038991561264506,-0.37593985,townandcountrymag.com,King Charles 2026 State Visit Us Trump Debate,https://www.townandcountrymag.com/society/tradition/a70696505/king-charles-2026-state-visit-us-trump-debate/,,
699,2026-03-06,2026-03-06 11:00:00+00:00,0.36650874806162054,0.45753616094589233,0.09342650940880519,1.4373716,livemint.com,Wont Repeat China Mistake Us Deputy Secretary Says Trade Pact With India Will Focus On America First 11772790837450,https://www.livemint.com/news/us-news/wont-repeat-china-mistake-us-deputy-secretary-says-trade-pact-with-india-will-focus-on-america-first-11772790837450.html,,
700,2026-03-09,2026-03-09 14:00:00+00:00,0.36604790225900946,0.45483314990997314,0.09969215930611842,-4.0540543,scmp.com,China Eyes Cross Border Corruption Law Will It Blunt Long Arm West,https://www.scmp.com/news/china/politics/article/3346010/china-eyes-cross-border-corruption-law-will-it-blunt-long-arm-west,,
701,2026-03-09,2026-03-09 18:00:00+00:00,0.3660108243676739,0.46722617745399475,0.0623647651087113,0.0,eaglecountryonline.com,President Trump To Visit Southwest Ohio Northern Kentucky This Week,https://www.eaglecountryonline.com/news/local-news/president-trump-to-visit-southwest-ohio-northern-kentucky-this-week/,,
702,2026-03-02,2026-03-02 11:00:00+00:00,0.36526990331962256,0.45674818754196167,0.0908350506526052,-2.739726,cnbc.com,Khameneis Death Trump China Visit Uncertainty Iran Strikes Trade Truce,https://www.cnbc.com/2026/03/02/khameneis-death-trump-china-visit-uncertainty-iran-strikes-trade-truce.html,,
703,2026-03-03,2026-03-03 04:00:00+00:00,0.36460031409984583,0.46548691391944885,0.061940514641036726,1.1904762,afr.com,Wayne Swan Says Trump S Brawl With Allies Gives China Biggest Leg Up 20260303 P5O6Y0,https://www.afr.com/business-summit/wayne-swan-says-trump-s-brawl-with-allies-gives-china-biggest-leg-up-20260303-p5o6y0,,
704,2026-02-28,2026-02-28 17:00:00+00:00,0.3641551241937552,0.46441227197647095,0.0633836808456078,-2.4783146,washingtonexaminer.com,Us Energy Dominance Can Beat China,https://www.washingtonexaminer.com/opinion/4472152/us-energy-dominance-can-beat-china/,,
705,2026-03-12,2026-03-12 13:00:00+00:00,0.3638143198422046,0.45300722122192383,0.09623561570304676,-3.7790697,livemint.com,Xitrump Meeting Us Launches Trade Probe Against China Over Unfair Practices Will It Worsen Ties 11773315859936,https://www.livemint.com/news/us-news/xitrump-meeting-us-launches-trade-probe-against-china-over-unfair-practices-will-it-worsen-ties-11773315859936.html,,
706,2026-03-08,2026-03-08 13:00:00+00:00,0.36367113838373466,0.45624589920043945,0.08594685593362031,5.107527,techradar.com,Travel In China Without The Roaming Shock Thanks To Jetpacs China Esim,https://www.techradar.com/pro/travel-in-china-without-the-roaming-shock-thanks-to-jetpacs-china-esim,,
707,2026-03-12,2026-03-12 21:00:00+00:00,0.3633612770242419,0.4602242112159729,0.07277247444904893,0.2624672,lasvegassun.com,Bessent Will Meet Chinas Vice Premier In Paris Ahe,https://lasvegassun.com/news/2026/mar/12/bessent-will-meet-chinas-vice-premier-in-paris-ahe/,,
708,2026-03-25,2026-03-25 03:00:00+00:00,0.36302837937192634,0.4621671140193939,0.0656121754295235,3.5971222,asianews.network,China Us Should Work In The Same Direction On Trade Ties China Commerce Minister Says,https://asianews.network/china-us-should-work-in-the-same-direction-on-trade-ties-china-commerce-minister-says/,,
709,2026-03-25,2026-03-25 05:00:00+00:00,0.36302837937192634,0.4621671140193939,0.0656121754295235,3.649635,phnompenhpost.com,China Us Should Work In The Same Direction On Trade Ties China Commerce Minister Says,https://www.phnompenhpost.com/international/china-us-should-work-in-the-same-direction-on-trade-ties-china-commerce-minister-says,,
710,2026-02-27,2026-02-27 22:00:00+00:00,0.36287760160325067,0.4634196162223816,0.0612515577458579,-10.027101,independent.co.uk,New York Trump Federal Election Commission China B2929255,https://www.independent.co.uk/news/world/americas/new-york-trump-federal-election-commission-china-b2929255.html,,
711,2026-03-13,2026-03-13 02:00:00+00:00,0.3624867554313078,0.4532976448535919,0.0900540871644555,1.9212296,kathmandupost.com,Embracing China Embracing Opportunities,https://kathmandupost.com/columns/2026/03/12/embracing-china-embracing-opportunities,,
712,2026-03-09,2026-03-09 11:00:00+00:00,0.3621734530348664,0.46053701639175415,0.06708276296420325,-1.8754187,victorygirlsblog.com,Will Cuba Make A Deal With Trump To Begin Regime Change,https://victorygirlsblog.com/will-cuba-make-a-deal-with-trump-to-begin-regime-change/,,
713,2026-03-02,2026-03-02 10:00:00+00:00,0.3620089303495256,0.4624136984348297,0.06079462609361317,0.42194092,ckgsb.edu.cn,China Factor At The Core Of Corporate Global Plans,https://english.ckgsb.edu.cn/knowledge/professor_analysis/china-factor-at-the-core-of-corporate-global-plans/,,
714,2026-03-07,2026-03-07 17:00:00+00:00,0.36184520406360404,0.4586716294288635,0.07136592796782563,3.180212,peoplesdailyng.com,China Focus China Details 2026 Policy Mix To Bolster Growth And Innovation Share Opportunities With World,https://peoplesdailyng.com/china-focus-china-details-2026-policy-mix-to-bolster-growth-and-innovation-share-opportunities-with-world/,,
715,2026-03-06,2026-03-06 20:00:00+00:00,0.36184520406360404,0.4586716294288635,0.07136592796782563,3.1877213,thestar.com.my,China Focus China Details 2026 Policy Mix To Bolster Growth And Innovation Share Opportunities With World,https://www.thestar.com.my/news/world/2026/03/07/china-focus-china-details-2026-policy-mix-to-bolster-growth-and-innovation-share-opportunities-with-world,,
716,2026-03-04,2026-03-04 05:00:00+00:00,0.36178879292055705,0.4588973820209503,0.0704630256193772,-5.3805776,politico.eu,Heres How Londoners Will Try To Stop Chinas Massive Embassy,https://www.politico.eu/article/heres-how-londoners-will-try-to-stop-chinas-massive-embassy/,,
717,2026-03-06,2026-03-06 18:00:00+00:00,0.3612542608474116,0.4568854570388794,0.07436067227300806,-1.6845329,zerohedge.com,Day After Iran China,https://www.zerohedge.com/news/2026-03-06/day-after-iran-china,,
718,2026-03-11,2026-03-11 23:00:00+00:00,0.36100330501379985,0.4600418508052826,0.0638876676393517,-0.8737864,wcpo.com,President Trump Touts Trumprx Pharmaceutical Manufacturing Push In Cincinnati Visit,https://www.wcpo.com/news/local-news/hamilton-county/reading/president-trump-touts-trumprx-pharmaceutical-manufacturing-push-in-cincinnati-visit,,
719,2026-03-07,2026-03-07 02:00:00+00:00,0.360892215591351,0.4611859619617462,0.06001097648016523,-4.1470714,chinafile.com,There Ramp China And Japan,https://www.chinafile.com/conversation/there-ramp-china-and-japan,,
720,2026-03-05,2026-03-05 03:00:00+00:00,0.36086178867977786,0.4615592956542969,0.058769267756220926,-3.2608695,japantimes.co.jp,Uk Mp Husband Spy China,https://www.japantimes.co.jp/news/2026/03/05/world/uk-mp-husband-spy-china/,,
721,2026-03-08,2026-03-08 06:00:00+00:00,0.36034415761835986,0.45713531970977783,0.06997067134410591,-2.0431328,nbcnews.com,Us China Running World Together China Says No Thanks Rcna262278,https://www.nbcnews.com/world/asia/us-china-running-world-together-china-says-no-thanks-rcna262278,,
722,2026-03-06,2026-03-06 16:00:00+00:00,0.3599021905918493,0.45773375034332275,0.06640751133742896,3.387704,ibtimes.co.uk,Barron Trump Messi White House Visit 1783708,https://www.ibtimes.co.uk/barron-trump-messi-white-house-visit-1783708,,
723,2026-03-19,2026-03-19 07:00:00+00:00,0.3596019691173185,0.4578419029712677,0.06488216755547101,-3.9473684,openthemagazine.com,Will Not Hesitate Trump Warns Of Massive Retaliation After Iran Strikes Qatar Lng Facilities,https://openthemagazine.com/world/will-not-hesitate-trump-warns-of-massive-retaliation-after-iran-strikes-qatar-lng-facilities,,
724,2026-03-03,2026-03-03 19:00:00+00:00,0.35895407385048245,0.4547739326953888,0.07149449731576331,-4.2643924,globalnews.ca,China Response Us Attack Iran,https://globalnews.ca/news/11714609/china-response-us-attack-iran/,,
725,2026-03-12,2026-03-12 19:00:00+00:00,0.35888522027488196,0.45792514085769653,0.06176545852643824,-1.5318334,china-briefing.com,Germany China Relations Under Merz What The First Official Visit To Beijing Means For Business,https://www.china-briefing.com/news/germany-china-relations-under-merz-what-the-first-official-visit-to-beijing-means-for-business/,,
726,2026-03-03,2026-03-03 11:00:00+00:00,0.3584349313143998,0.45028555393218994,0.08288306346102946,-2.467811,moneycontrol.com,Asia S Big Fear After Iran Strikes Will The Us Pull Ships And Missiles From The China Front Article 13849573,https://www.moneycontrol.com/world/asia-s-big-fear-after-iran-strikes-will-the-us-pull-ships-and-missiles-from-the-china-front-article-13849573.html,,
727,2026-03-21,2026-03-21 19:00:00+00:00,0.3583385659339337,0.45375075936317444,0.07210198564621145,0.9708738,southeastagnet.com,Asa Urges Trump Prioritize Soybean Exports China Tariffs,https://southeastagnet.com/2026/03/20/asa-urges-trump-prioritize-soybean-exports-china-tariffs/,,
728,2026-03-24,2026-03-24 12:00:00+00:00,0.358243313429614,0.4580562114715576,0.05880461930378326,0.0,prospect.org,Ai Trump Nvidia China Peter Thiel Anthropic Jake Sullivan,https://prospect.org/2026/03/24/ai-trump-nvidia-china-peter-thiel-anthropic-jake-sullivan/,,
729,2026-03-04,2026-03-04 17:00:00+00:00,0.3572523247529037,0.4565722346305847,0.059292595119860694,-5.1625237,yahoo.com,China Issues Japan Travel Warning 162533304,https://www.yahoo.com/news/articles/china-issues-japan-travel-warning-162533304.html,,
730,2026-03-24,2026-03-24 12:00:00+00:00,0.35685446475590576,0.4510483145713806,0.0742729153094813,0.2788104,jewishworldreview.com,China Future Food,https://jewishworldreview.com/0326/china_future_food.php,,
731,2026-03-13,2026-03-13 06:00:00+00:00,0.3568099984392913,0.4509499967098236,0.07439000362769423,-1.4492754,nuclear-news.net,6 A Trump Hints U S Will Turn To Cuba After Iran Just A Question Of Time,https://nuclear-news.net/2026/03/13/6-a-trump-hints-u-s-will-turn-to-cuba-after-iran-just-a-question-of-time/,,
732,2026-03-16,2026-03-16 10:00:00+00:00,0.35677496685874505,0.4503799378871918,0.07596005377340481,0.0,newstalk.com,Taoiseach Micheal Martin Will Meet With Donald Trump,https://www.newstalk.com/podcasts/highlights-from-newstalk-breakfast/taoiseach-micheal-martin-will-meet-with-donald-trump,,
733,2026-03-17,2026-03-17 09:00:00+00:00,0.35607481987625056,0.4543994665145874,0.06110087996124006,0.0,wn.com,Despite The War President Trump Expected To Visit Israel For,https://article.wn.com/view/2026/03/17/Despite_the_war_President_Trump_expected_to_visit_Israel_for/,,
734,2026-03-20,2026-03-20 18:00:00+00:00,0.35434657408453074,0.4515625536441803,0.06269863540558196,0.9940358,yahoo.com,U Facility Could Break China 090000240,https://finance.yahoo.com/sectors/energy/articles/u-facility-could-break-china-090000240.html,,
735,2026-03-20,2026-03-20 09:00:00+00:00,0.3536740020417913,0.45099616050720215,0.06170752664555873,5.91133,vietnamnet.vn,Prime Minister Pham Minh Chinh To Visit Russia On Official Trip 2499001,https://vietnamnet.vn/en/prime-minister-pham-minh-chinh-to-visit-russia-on-official-trip-2499001.html,,
736,2026-03-04,2026-03-04 13:00:00+00:00,0.35303731989374465,0.45024818181991577,0.061404734115231306,-5.152225,theshillongtimes.com,China Targets Dalai Lama Through Smear Campaign Report,https://theshillongtimes.com/2026/03/04/china-targets-dalai-lama-through-smear-campaign-report/,,
737,2026-03-05,2026-03-05 03:00:00+00:00,0.35303731989374465,0.45024818181991577,0.061404734115231306,-5.3012047,idrw.org,China Targets Dalai Lama Through Smear Campaign Report,https://idrw.org/china-targets-dalai-lama-through-smear-campaign-report/,,
