date_utc,rank_in_day,datetime_utc,hybrid_score,embedding_sim,lexical_sim,tone,source,title,url,relevance_label,review_notes
2026-03-03,1,2026-03-03 21:00:00+00:00,0.5782695993811594,0.7488850355148315,0.06642329098014316,-2.4509804,aei.org,How Soft On China Can Trump Get,https://www.aei.org/foreign-and-defense-policy/how-soft-on-china-can-trump-get/,,
2026-03-03,2,2026-03-03 21:00:00+00:00,0.4837074413041984,0.6098642349243164,0.10523706044384441,-7.142857,oleantimesherald.com,Trump Wants Iranians Rise Will,https://www.oleantimesherald.com/2026/03/03/trump-wants-iranians-rise-will/,,
2026-03-04,1,2026-03-04 20:00:00+00:00,0.6239096986735307,0.6892470717430115,0.4278975794650885,-5.6060605,crooksandliars.com,When Will Trump Declare Mission,https://crooksandliars.com/2026/03/when-will-trump-declare-mission,,
2026-03-04,2,2026-03-04 13:00:00+00:00,0.578404883384827,0.6616048812866211,0.3288048896794447,2.5157232,scmp.com,China Vows Boost Economy Adhere Principles Ahead Two Sessions And Trump Visit,https://www.scmp.com/news/china/diplomacy/article/3345464/china-vows-boost-economy-adhere-principles-ahead-two-sessions-and-trump-visit,,
2026-03-04,3,2026-03-04 07:00:00+00:00,0.5670871864992438,0.7313910722732544,0.07417552917721194,-3.117207,yahoo.com,Why China Unfazed Trump Epic 060000913,https://www.yahoo.com/news/articles/why-china-unfazed-trump-epic-060000913.html,,
2026-03-04,4,2026-03-04 03:00:00+00:00,0.5605370191829758,0.7217758297920227,0.076820587355835,-1.3559322,scmp.com,China And Us Hold High Level Trade Talks Paris Trumps Beijing Visit,https://www.scmp.com/economy/china-economy/article/3345336/china-and-us-hold-high-level-trade-talks-paris-trumps-beijing-visit,,
2026-03-04,5,2026-03-04 23:00:00+00:00,0.5533349810051524,0.7091249227523804,0.08596515576346879,-3.4482758,wbaa.org,As Trumps Plans Visit To China Arms Package To Taiwan Is Delayed,https://www.wbaa.org/2026-03-04/as-trumps-plans-visit-to-china-arms-package-to-taiwan-is-delayed,,
2026-03-04,6,2026-03-04 23:00:00+00:00,0.5533349810051524,0.7091249227523804,0.08596515576346879,-3.4482758,capeandislands.org,As Trumps Plans Visit To China Arms Package To Taiwan Is Delayed,https://www.capeandislands.org/2026-03-04/as-trumps-plans-visit-to-china-arms-package-to-taiwan-is-delayed,,
2026-03-04,7,2026-03-04 23:00:00+00:00,0.5533349810051524,0.7091249227523804,0.08596515576346879,-3.4482758,delawarepublic.org,As Trumps Plans Visit To China Arms Package To Taiwan Is Delayed,https://www.delawarepublic.org/2026-03-04/as-trumps-plans-visit-to-china-arms-package-to-taiwan-is-delayed,,
2026-03-04,8,2026-03-04 23:00:00+00:00,0.5533349810051524,0.7091249227523804,0.08596515576346879,-3.4482758,krcu.org,As Trumps Plans Visit To China Arms Package To Taiwan Is Delayed,https://www.krcu.org/2026-03-04/as-trumps-plans-visit-to-china-arms-package-to-taiwan-is-delayed,,
2026-03-04,9,2026-03-04 23:00:00+00:00,0.5533349810051524,0.7091249227523804,0.08596515576346879,-3.4482758,wcbe.org,As Trumps Plans Visit To China Arms Package To Taiwan Is Delayed,https://www.wcbe.org/2026-03-04/as-trumps-plans-visit-to-china-arms-package-to-taiwan-is-delayed,,
2026-03-04,10,2026-03-04 23:00:00+00:00,0.5533349810051524,0.7091249227523804,0.08596515576346879,-3.4482758,wxxinews.org,As Trumps Plans Visit To China Arms Package To Taiwan Is Delayed,https://www.wxxinews.org/2026-03-04/as-trumps-plans-visit-to-china-arms-package-to-taiwan-is-delayed,,
2026-03-04,11,2026-03-04 23:00:00+00:00,0.5533349810051524,0.7091249227523804,0.08596515576346879,-3.4482758,redriverradio.org,As Trumps Plans Visit To China Arms Package To Taiwan Is Delayed,https://www.redriverradio.org/2026-03-04/as-trumps-plans-visit-to-china-arms-package-to-taiwan-is-delayed,,
2026-03-04,12,2026-03-04 23:00:00+00:00,0.5533349810051524,0.7091249227523804,0.08596515576346879,-3.4482758,ualrpublicradio.org,As Trumps Plans Visit To China Arms Package To Taiwan Is Delayed,https://www.ualrpublicradio.org/2026-03-04/as-trumps-plans-visit-to-china-arms-package-to-taiwan-is-delayed,,
2026-03-04,13,2026-03-04 22:00:00+00:00,0.5533349810051524,0.7091249227523804,0.08596515576346879,-3.4482758,klcc.org,As Trumps Plans Visit To China Arms Package To Taiwan Is Delayed,https://www.klcc.org/npr-world-news/2026-03-04/as-trumps-plans-visit-to-china-arms-package-to-taiwan-is-delayed,,
2026-03-04,14,2026-03-04 22:00:00+00:00,0.5533349810051524,0.7091249227523804,0.08596515576346879,-3.4482758,wwno.org,As Trumps Plans Visit To China Arms Package To Taiwan Is Delayed,https://www.wwno.org/npr-news/2026-03-04/as-trumps-plans-visit-to-china-arms-package-to-taiwan-is-delayed,,
2026-03-04,15,2026-03-04 22:00:00+00:00,0.5533349810051524,0.7091249227523804,0.08596515576346879,-3.4482758,kazu.org,As Trumps Plans Visit To China Arms Package To Taiwan Is Delayed,https://www.kazu.org/npr-news/2026-03-04/as-trumps-plans-visit-to-china-arms-package-to-taiwan-is-delayed,,
2026-03-04,16,2026-03-04 22:00:00+00:00,0.5533349810051524,0.7091249227523804,0.08596515576346879,-3.8461537,npr.org,As Trumps Plans Visit To China Arms Package To Taiwan Is Delayed,https://www.npr.org/2026/03/04/nx-s1-5727608/as-trumps-plans-visit-to-china-arms-package-to-taiwan-is-delayed,,
2026-03-04,17,2026-03-04 22:00:00+00:00,0.5414993544610411,0.6840375065803528,0.11388489810310637,2.1978023,scmp.com,Merzs China Visit Shows Pragmatic Diplomacy Still Matters,https://www.scmp.com/opinion/china-opinion/article/3345145/merzs-china-visit-shows-pragmatic-diplomacy-still-matters,,
2026-03-04,18,2026-03-04 08:00:00+00:00,0.5333304847293513,0.6332610845565796,0.23353868524766624,2.1582735,wmich.edu,Understanding China Series,https://wmich.edu/global/events/understanding-china-series,,
2026-03-04,19,2026-03-04 22:00:00+00:00,0.5282933856063502,0.6265449523925781,0.23353868524766624,2.1538463,nasaspaceflight.com,China Roundup 202603,https://www.nasaspaceflight.com/2026/03/china-roundup-202603/,,
2026-03-04,20,2026-03-04 11:00:00+00:00,0.5241415698801501,0.6704808473587036,0.08512373744448955,2.549575,fermanaghherald.com,Council Rules Out China Visit During Current Mandate,https://fermanaghherald.com/2026/03/council-rules-out-china-visit-during-current-mandate/,,
2026-03-04,21,2026-03-04 05:00:00+00:00,0.5219791393443884,0.6742308139801025,0.0652241154372462,-5.3805776,politico.eu,Heres How Londoners Will Try To Stop Chinas Massive Embassy,https://www.politico.eu/article/heres-how-londoners-will-try-to-stop-chinas-massive-embassy/,,
2026-03-04,22,2026-03-04 10:00:00+00:00,0.5105323655341101,0.6327341198921204,0.1439271024600793,2.970297,newstodaynet.com,Stalin To Visit Thanjavur Tomorrow,https://newstodaynet.com/2026/03/04/stalin-to-visit-thanjavur-tomorrow/,,
2026-03-04,23,2026-03-04 00:00:00+00:00,0.5074075320207497,0.6381415724754333,0.11520541065669879,-2.3809524,pauldavisoncrime.com,Trump%20Wars%20The%20Big%20One%20Is%20Coming,http://www.pauldavisoncrime.com/search/label/Trump%20wars%20the%20big%20one%20is%20coming,,
2026-03-04,24,2026-03-04 10:00:00+00:00,0.4915279734673797,0.6304460167884827,0.07477384350407071,-6.8100357,japantimes.co.jp,China Embassy Warning,https://www.japantimes.co.jp/news/2026/03/04/japan/society/china-embassy-warning/,,
2026-03-04,25,2026-03-04 08:00:00+00:00,0.490268256822528,0.6277995705604553,0.077674315608746,-5.9016395,thedailyblog.co.nz,What Will Happen Next In Trumps Illegal Iran War,https://thedailyblog.co.nz/what-will-happen-next-in-trumps-illegal-iran-war/,,
2026-03-04,26,2026-03-04 16:00:00+00:00,0.48891073823776904,0.625709056854248,0.07851578238833208,-4.016478,theguardian.com,Will Trumps Middle East War Also Engulf Friedrich Merz,https://www.theguardian.com/world/2026/mar/04/will-trumps-middle-east-war-also-engulf-friedrich-merz,,
2026-03-04,27,2026-03-04 23:00:00+00:00,0.48830689198147054,0.628410279750824,0.06799672867341021,1.8518518,labelsandlabeling.com,China Growth Amid Challenges,http://www.labelsandlabeling.com/features/market-trends/china-growth-amid-challenges,,
2026-03-04,28,2026-03-04 20:00:00+00:00,0.4844749383880076,0.6147643327713013,0.09360675523812646,-0.7556675,texarkanagazette.com,Election 2026 Trump Endorsement Will Come Soon In,https://www.texarkanagazette.com/news/2026/mar/04/election-2026-trump-endorsement-will-come-soon-in/,,
2026-03-04,29,2026-03-04 18:00:00+00:00,0.481312642162632,0.6085229516029358,0.09968171384172056,-2.5854108,baptistnews.com,Who Will Tell Trumps Hes Not Gods Anointed,https://baptistnews.com/article/who-will-tell-trumps-hes-not-gods-anointed/,,
2026-03-04,30,2026-03-04 10:00:00+00:00,0.4807908753784127,0.6191180944442749,0.0658092181808261,2.8846154,newstodaynet.com,Modi To Visit Tirchy On March 11,https://newstodaynet.com/2026/03/04/modi-to-visit-tirchy-on-march-11/,,
2026-03-04,31,2026-03-04 11:00:00+00:00,0.48034044611101,0.6052972674369812,0.10546998213309648,4.8421054,travelmole.com,Visit Malaysia 2026 Itb Berlin,https://www.travelmole.com/news/visit-malaysia-2026-itb-berlin/,,
2026-03-04,32,2026-03-04 00:00:00+00:00,0.47965802340144126,0.6011422276496887,0.11520541065669879,-3.6666667,rawstory.com,Trump 2675550567,https://www.rawstory.com/trump-2675550567/,,
2026-03-04,33,2026-03-04 17:00:00+00:00,0.4749533882935252,0.6105626225471497,0.06812568553265184,4.2168674,philstar.com,German President Visit Philippines,https://www.philstar.com/headlines/2026/03/05/2512138/german-president-visit-philippines,,
2026-03-04,34,2026-03-04 00:00:00+00:00,0.4702728522913221,0.606437087059021,0.06178014798822547,2.3183925,traveldailynews.asia,Shopping In China Drives Inbound Tourism Surge,https://www.traveldailynews.asia/shopping/shopping-in-china-drives-inbound-tourism-surge/,,
2026-03-04,35,2026-03-04 01:00:00+00:00,0.4696645479557513,0.6042636632919312,0.06586720194721174,-1.0440835,watoday.com.au,Xi S China Will Be World Shaping In The Coming Months And Years Our Return To Beijing Could Not Be More Timely Or Urgent 20260228 P5O6Aw,https://www.watoday.com.au/world/asia/xi-s-china-will-be-world-shaping-in-the-coming-months-and-years-our-return-to-beijing-could-not-be-more-timely-or-urgent-20260228-p5o6aw.html,,
2026-03-04,36,2026-03-04 23:00:00+00:00,0.4687221405560527,0.6045825481414795,0.06114091779977248,-4.637681,yahoo.com,Calls First Minister Answer China 225929653,https://www.yahoo.com/news/articles/calls-first-minister-answer-china-225929653.html,,
2026-03-05,1,2026-03-05 01:00:00+00:00,0.6060925960679902,0.7116889953613281,0.28930339818797624,3.626943,scmp.com,Chinas Annual Two Sessions Kick Amid Planning Trump Visit And Pla Progress,https://www.scmp.com/news/china/politics/article/3345488/chinas-annual-two-sessions-kick-amid-planning-trump-visit-and-pla-progress,,
2026-03-05,2,2026-03-05 08:00:00+00:00,0.5658926882435571,0.6413898468017578,0.3394012125689551,-4.8292108,frontpagemag.com,Will Trump Keep Going Until Regime Change In Iran,https://www.frontpagemag.com/will-trump-keep-going-until-regime-change-in-iran/,,
2026-03-05,3,2026-03-05 02:00:00+00:00,0.5533349810051524,0.7091249227523804,0.08596515576346879,-3.4482758,ypradio.org,As Trumps Plans Visit To China Arms Package To Taiwan Is Delayed,https://www.ypradio.org/2026-03-04/as-trumps-plans-visit-to-china-arms-package-to-taiwan-is-delayed,,
2026-03-05,4,2026-03-05 02:00:00+00:00,0.5533349810051524,0.7091249227523804,0.08596515576346879,-3.4482758,wnmufm.org,As Trumps Plans Visit To China Arms Package To Taiwan Is Delayed,https://www.wnmufm.org/2026-03-04/as-trumps-plans-visit-to-china-arms-package-to-taiwan-is-delayed,,
2026-03-05,5,2026-03-05 01:00:00+00:00,0.5533349810051524,0.7091249227523804,0.08596515576346879,-3.4482758,kuaf.com,As Trumps Plans Visit To China Arms Package To Taiwan Is Delayed,https://www.kuaf.com/2026-03-04/as-trumps-plans-visit-to-china-arms-package-to-taiwan-is-delayed,,
2026-03-05,6,2026-03-05 01:00:00+00:00,0.5533349810051524,0.7091249227523804,0.08596515576346879,-3.4482758,waer.org,As Trumps Plans Visit To China Arms Package To Taiwan Is Delayed,https://www.waer.org/2026-03-04/as-trumps-plans-visit-to-china-arms-package-to-taiwan-is-delayed,,
2026-03-05,7,2026-03-05 01:00:00+00:00,0.5533349810051524,0.7091249227523804,0.08596515576346879,-3.4482758,ksmu.org,As Trumps Plans Visit To China Arms Package To Taiwan Is Delayed,https://www.ksmu.org/2026-03-04/as-trumps-plans-visit-to-china-arms-package-to-taiwan-is-delayed,,
2026-03-05,8,2026-03-05 01:00:00+00:00,0.5533349810051524,0.7091249227523804,0.08596515576346879,-3.4482758,spokanepublicradio.org,As Trumps Plans Visit To China Arms Package To Taiwan Is Delayed,https://www.spokanepublicradio.org/2026-03-04/as-trumps-plans-visit-to-china-arms-package-to-taiwan-is-delayed,,
2026-03-05,9,2026-03-05 01:00:00+00:00,0.5533349810051524,0.7091249227523804,0.08596515576346879,-3.4482758,wboi.org,As Trumps Plans Visit To China Arms Package To Taiwan Is Delayed,https://www.wboi.org/2026-03-04/as-trumps-plans-visit-to-china-arms-package-to-taiwan-is-delayed,,
2026-03-05,10,2026-03-05 01:00:00+00:00,0.5533349810051524,0.7091249227523804,0.08596515576346879,-3.4482758,wqcs.org,As Trumps Plans Visit To China Arms Package To Taiwan Is Delayed,https://www.wqcs.org/2026-03-04/as-trumps-plans-visit-to-china-arms-package-to-taiwan-is-delayed,,
2026-03-05,11,2026-03-05 00:00:00+00:00,0.5533349810051524,0.7091249227523804,0.08596515576346879,-3.4482758,wknofm.org,As Trumps Plans Visit To China Arms Package To Taiwan Is Delayed,https://www.wknofm.org/2026-03-04/as-trumps-plans-visit-to-china-arms-package-to-taiwan-is-delayed,,
2026-03-05,12,2026-03-05 00:00:00+00:00,0.5533349810051524,0.7091249227523804,0.08596515576346879,-3.4482758,mynspr.org,As Trumps Plans Visit To China Arms Package To Taiwan Is Delayed,https://www.mynspr.org/2026-03-04/as-trumps-plans-visit-to-china-arms-package-to-taiwan-is-delayed,,
2026-03-05,13,2026-03-05 00:00:00+00:00,0.5533349810051524,0.7091249227523804,0.08596515576346879,-3.4482758,wjct.org,As Trumps Plans Visit To China Arms Package To Taiwan Is Delayed,https://news.wjct.org/2026-03-04/as-trumps-plans-visit-to-china-arms-package-to-taiwan-is-delayed,,
2026-03-05,14,2026-03-05 00:00:00+00:00,0.5533349810051524,0.7091249227523804,0.08596515576346879,-3.4482758,kvnf.org,As Trumps Plans Visit To China Arms Package To Taiwan Is Delayed,https://www.kvnf.org/2026-03-04/as-trumps-plans-visit-to-china-arms-package-to-taiwan-is-delayed,,
2026-03-05,15,2026-03-05 00:00:00+00:00,0.5533349810051524,0.7091249227523804,0.08596515576346879,-3.4482758,wkyufm.org,As Trumps Plans Visit To China Arms Package To Taiwan Is Delayed,https://www.wkyufm.org/2026-03-04/as-trumps-plans-visit-to-china-arms-package-to-taiwan-is-delayed,,
2026-03-05,16,2026-03-05 00:00:00+00:00,0.5533349810051524,0.7091249227523804,0.08596515576346879,-3.4482758,publicradioeast.org,As Trumps Plans Visit To China Arms Package To Taiwan Is Delayed,https://www.publicradioeast.org/2026-03-04/as-trumps-plans-visit-to-china-arms-package-to-taiwan-is-delayed,,
2026-03-05,17,2026-03-05 00:00:00+00:00,0.5533349810051524,0.7091249227523804,0.08596515576346879,-3.4482758,knau.org,As Trumps Plans Visit To China Arms Package To Taiwan Is Delayed,https://www.knau.org/2026-03-04/as-trumps-plans-visit-to-china-arms-package-to-taiwan-is-delayed,,
2026-03-05,18,2026-03-05 00:00:00+00:00,0.5533349810051524,0.7091249227523804,0.08596515576346879,-3.4482758,kasu.org,As Trumps Plans Visit To China Arms Package To Taiwan Is Delayed,https://www.kasu.org/2026-03-04/as-trumps-plans-visit-to-china-arms-package-to-taiwan-is-delayed,,
2026-03-05,19,2026-03-05 08:00:00+00:00,0.5394252682738917,0.6413874626159668,0.23353868524766624,-4.945055,zerohedge.com,China Scrambling,https://www.zerohedge.com/geopolitical/china-scrambling,,
2026-03-05,20,2026-03-05 07:00:00+00:00,0.5364868031618973,0.6823076009750366,0.09902440972247929,-1.010101,bignewsnetwork.com,Explainer China Plans China Delivers,http://www.bignewsnetwork.com/news/278903205/explainer-china-plans-china-delivers,,
2026-03-05,21,2026-03-05 16:00:00+00:00,0.5084108854346888,0.6000349521636963,0.23353868524766624,0.66815144,globalsecurity.org,China 260305 Globaltimes01,https://www.globalsecurity.org/wmd/library/news/china/2026/03/china-260305-globaltimes01.htm,,
2026-03-05,22,2026-03-05 13:00:00+00:00,0.49650418270561525,0.6332544088363647,0.08625350431336673,-0.4178273,hellenicshippingnews.com,China Is Set To Kick Off Its Big Policy Meeting What Will Be The Key Announcements,https://www.hellenicshippingnews.com/china-is-set-to-kick-off-its-big-policy-meeting-what-will-be-the-key-announcements/,,
2026-03-05,23,2026-03-05 04:00:00+00:00,0.4901768616181277,0.6302696466445923,0.06989850653873388,-5.1601424,zerohedge.com,Will President Trump Destroy Or Seize Irans Oil Export Island,https://www.zerohedge.com/energy/will-president-trump-destroy-or-seize-irans-oil-export-island,,
2026-03-05,24,2026-03-05 03:00:00+00:00,0.4847200890918115,0.6228981614112854,0.07018587213338993,-3.7089872,yahoo.com,China Prioritises Energy Diplomacy Over 020721352,https://www.yahoo.com/news/articles/china-prioritises-energy-diplomacy-over-020721352.html,,
2026-03-05,25,2026-03-05 21:00:00+00:00,0.48424299149149863,0.6072555184364319,0.11520541065669879,-5.487805,rawstory.com,Trump 2675577892,https://www.rawstory.com/trump-2675577892/,,
2026-03-05,26,2026-03-05 12:00:00+00:00,0.4816917602308132,0.6100128889083862,0.09672837419809421,-3.7113402,247wallst.com,Two Forces That Will Make Or Break China Tech Investing In 2026,https://247wallst.com/investing/2026/03/05/two-forces-that-will-make-or-break-china-tech-investing-in-2026/,,
2026-03-05,27,2026-03-05 23:00:00+00:00,0.4815299370729348,0.6036381125450134,0.11520541065669879,-1.1152416,rawstory.com,Trump 2675589606,https://www.rawstory.com/trump-2675589606/,,
2026-03-05,28,2026-03-05 12:00:00+00:00,0.4811627365476704,0.6116060018539429,0.08983294062885298,-5.532787,hawaiitribune-herald.com,Trump Wants Iranians To Rise Up Will They,https://www.hawaiitribune-herald.com/2026/03/05/opinion/trump-wants-iranians-to-rise-up-will-they/,,
2026-03-05,29,2026-03-05 07:00:00+00:00,0.48078370245476154,0.6203792095184326,0.0619971812637484,0.0,singletonargus.com.au,China Rolls Out New Economic And Political Blueprint,https://www.singletonargus.com.au/story/9191736/china-rolls-out-new-economic-and-political-blueprint/,,
2026-03-05,30,2026-03-05 07:00:00+00:00,0.48078370245476154,0.6203792095184326,0.0619971812637484,0.1814882,canberratimes.com.au,China Rolls Out New Economic And Political Blueprint,https://www.canberratimes.com.au/story/9191736/china-rolls-out-new-economic-and-political-blueprint/,,
2026-03-05,31,2026-03-05 06:00:00+00:00,0.48078370245476154,0.6203792095184326,0.0619971812637484,0.1814882,newcastleherald.com.au,China Rolls Out New Economic And Political Blueprint,https://www.newcastleherald.com.au/story/9191736/china-rolls-out-new-economic-and-political-blueprint/,,
2026-03-05,32,2026-03-05 20:00:00+00:00,0.4743964277348817,0.6061365604400635,0.07917602961933648,-2.5641026,politicalwire.com,Trump Says He Will Pick Irans Next Leader,https://politicalwire.com/2026/03/05/trump-says-he-will-pick-irans-next-leader/,,
2026-03-06,1,2026-03-06 12:00:00+00:00,0.6075419673620612,0.7467519640922546,0.18991197717148106,-2.714333,foreignaffairs.com,Will China Overplay Its Hand,https://www.foreignaffairs.com/china/will-china-overplay-its-hand,,
2026-03-06,2,2026-03-06 19:00:00+00:00,0.5769829077897451,0.6724001169204712,0.2907312803975671,0.7490637,news.az,Boeing Reportedly Nearing 500 Aircraft Deal With China Ahead Of Trump Visit,https://news.az/news/boeing-reportedly-nearing-500-aircraft-deal-with-china-ahead-of-trump-visit,,
2026-03-06,3,2026-03-06 22:00:00+00:00,0.565359363493863,0.6222906708717346,0.39456544136024785,3.883495,yahoo.com,President Trump Visit Area City 221705626,https://www.yahoo.com/news/articles/president-trump-visit-area-city-221705626.html,,
2026-03-06,4,2026-03-06 19:00:00+00:00,0.5456956651380822,0.7033307552337646,0.07279039485103482,0.0,tribune.net.ph,No Marcos Trump Meeting In Us Visit,https://tribune.net.ph/2026/03/06/no-marcos-trump-meeting-in-us-visit,,
2026-03-06,5,2026-03-06 13:00:00+00:00,0.5270981762736163,0.6696845889091492,0.09933893836701761,-1.0256411,americanthinker.com,Trump Cracks China S Fortune Cookie,https://www.americanthinker.com/articles/2026/03/trump_cracks_china_s_fortune_cookie.html,,
2026-03-06,6,2026-03-06 15:00:00+00:00,0.5259739009909631,0.6715841889381409,0.08914303714942984,1.6,politicalwire.com,Trump Says Cuba Will Fall Pretty Soon,https://politicalwire.com/2026/03/06/trump-says-cuba-will-fall-pretty-soon/,,
2026-03-06,7,2026-03-06 09:00:00+00:00,0.5252189771081134,0.6634856462478638,0.11041896968886218,1.2195122,campaignasia.com,Campaign Roars China,https://www.campaignasia.com/campaign-roars-china,,
2026-03-06,8,2026-03-06 03:00:00+00:00,0.5195283576830355,0.6713985800743103,0.06391769050921123,1.048218,cosmeticsdesign-asia.com,China Focus,https://www.cosmeticsdesign-asia.com/Article/2026/03/06/china-focus/,,
2026-03-06,9,2026-03-06 16:00:00+00:00,0.5116843427234309,0.604399561882019,0.23353868524766624,3.4482758,bignewsnetwork.com,China Upward,http://www.bignewsnetwork.com/news/278905997/china-upward,,
2026-03-06,10,2026-03-06 20:00:00+00:00,0.5106656972651902,0.6476500034332275,0.09971277876107806,-7.582938,ewn.co.za,Trump Says Cubas Government Will Fall Pretty Soon,https://www.ewn.co.za/2026/03/06/trump-says-cubas-government-will-fall-pretty-soon,,
2026-03-06,11,2026-03-06 17:00:00+00:00,0.5106656972651902,0.6476500034332275,0.09971277876107806,-7.522124,channelstv.com,Trump Says Cubas Government Will Fall Pretty Soon,https://www.channelstv.com/2026/03/06/trump-says-cubas-government-will-fall-pretty-soon/,,
2026-03-06,12,2026-03-06 01:00:00+00:00,0.5077153002327854,0.6523839235305786,0.07370943033940573,4.371585,aol.com,Lionel Messi Expected Visit Trump 173857417,https://www.aol.com/articles/lionel-messi-expected-visit-trump-173857417.html,,
2026-03-06,13,2026-03-06 07:00:00+00:00,0.49999862081374336,0.6257823705673218,0.12264737155300809,0.0,japantimes.co.jp,Chinas Iran Interests Will Endure,https://www.japantimes.co.jp/commentary/2026/03/06/world/chinas-iran-interests-will-endure/,,
2026-03-06,14,2026-03-06 15:00:00+00:00,0.495391346656797,0.610164225101471,0.15107271132277517,3.8251367,clare.fm,Trump Doonbeg Gm Says Us President Will Visit Irish Open If Possible,https://www.clare.fm/news/trump-doonbeg-gm-says-us-president-will-visit-irish-open-if-possible/,,
2026-03-06,15,2026-03-06 19:00:00+00:00,0.48980193021456675,0.6306325197219849,0.0673101616923125,3.836317,thetimes.com,Prince William Kate Us State Visit Trump G93Jzlbx5,https://www.thetimes.com/uk/royal-family/article/prince-william-kate-us-state-visit-trump-g93jzlbx5,,
2026-03-06,16,2026-03-06 01:00:00+00:00,0.485016453887339,0.6145083904266357,0.09654064426944882,-1.369863,scroll.in,Why The Us Iran War Will Hurt India More Than China,https://scroll.in/article/1091183/why-the-us-iran-war-will-hurt-india-more-than-china,,
2026-03-06,17,2026-03-06 17:00:00+00:00,0.48425030401536706,0.6229427456855774,0.06817297900473608,3.9145908,vietnamnews.vn,China S Guangxi Looks Forwards To Deepening Ties With Viet Nam,https://vietnamnews.vn/politics-laws/1766895/china-s-guangxi-looks-forwards-to-deepening-ties-with-viet-nam.html,,
2026-03-06,18,2026-03-06 06:00:00+00:00,0.4823871183787885,0.6132612228393555,0.0897648049970877,-0.6237006,scroll.in,Us Will Not Give India Same Economic Advantages It Gave China Says Trump Official,https://scroll.in/latest/1091193/us-will-not-give-india-same-economic-advantages-it-gave-china-says-trump-official,,
2026-03-06,19,2026-03-06 17:00:00+00:00,0.4814408371733955,0.6065911054611206,0.10599003231022008,-7.4074073,punchng.com,Cubas Government Will Fall Pretty Soon Trump,https://punchng.com/cubas-government-will-fall-pretty-soon-trump/,,
2026-03-06,20,2026-03-06 01:00:00+00:00,0.47977304546469657,0.6012955904006958,0.11520541065669879,-7.327586,rawstory.com,Trump 2675599829,https://www.rawstory.com/trump-2675599829/,,
2026-03-06,21,2026-03-06 20:00:00+00:00,0.47934898821944205,0.6007301807403564,0.11520541065669879,-0.5181347,alternet.org,Trump 2675660595,https://www.alternet.org/trump-2675660595/,,
2026-03-06,22,2026-03-06 17:00:00+00:00,0.47736528544748064,0.6133989095687866,0.0692644130835627,-0.5479452,mercopress.com,Trump Says Cuba Will Fall Pretty Soon But Says Iran Comes First,https://en.mercopress.com/2026/03/06/trump-says-cuba-will-fall-pretty-soon-but-says-iran-comes-first,,
2026-03-06,23,2026-03-06 15:00:00+00:00,0.47492519171909225,0.6125843524932861,0.06194770939651058,-3.524229,maltatoday.com.mt,Trump Will Only Accept Unconditional Surrender From Iran,https://www.maltatoday.com.mt/news/world/140160/trump_will_only_accept_unconditional_surrender_from_iran,,
2026-03-06,24,2026-03-06 02:00:00+00:00,0.4749034436836527,0.6087589263916016,0.07333699555980619,1.8018018,rnz.co.nz,In Trump S Precarious World Nz Will Need All The Middle Sized Friends It Can Get,https://www.rnz.co.nz/news/world/588849/in-trump-s-precarious-world-nz-will-need-all-the-middle-sized-friends-it-can-get,,
2026-03-06,25,2026-03-06 03:00:00+00:00,0.4691663747242036,0.6009909510612488,0.073692645713068,4.878049,valleycenter.com,Couple Takes Paper To China,https://www.valleycenter.com/articles/couple-takes-paper-to-china/,,
2026-03-06,26,2026-03-06 08:00:00+00:00,0.46842657036834723,0.6005183458328247,0.07215124397491476,-1.875,newstodaynet.com,Trump Says Us Will Focus On Iran First Cuba Next,https://newstodaynet.com/2026/03/06/trump-says-us-will-focus-on-iran-first-cuba-next/,,
2026-03-06,27,2026-03-06 16:00:00+00:00,0.4675122571159306,0.600513756275177,0.06850775963819129,3.387704,ibtimes.co.uk,Barron Trump Messi White House Visit 1783708,https://www.ibtimes.co.uk/barron-trump-messi-white-house-visit-1783708,,
2026-03-06,28,2026-03-06 00:00:00+00:00,0.4667977182617084,0.601122260093689,0.06382409276576678,1.1881188,scmp.com,Amid External Uncertainties China Steers Growth And Stability,https://www.scmp.com/opinion/comment/article/3345623/amid-external-uncertainties-china-steers-growth-and-stability,,
2026-03-07,1,2026-03-07 15:00:00+00:00,0.6588243447019735,0.7645714282989502,0.3415830939110435,-1.6949153,cinaradio.com,With Trump Visit Coming Up China Hedges Its Bets On Helping Iran,https://www.cinaradio.com/2026/03/07/with-trump-visit-coming-up-china-hedges-its-bets-on-helping-iran/,,
2026-03-07,2,2026-03-07 18:00:00+00:00,0.5669956588138289,0.7347558736801147,0.06371501421497114,-0.37243947,thestar.com.my,China And Us To Hold High Level Trade Talks In Paris Before Trumps Beijing Visit,https://www.thestar.com.my/aseanplus/aseanplus-news/2026/03/07/china-and-us-to-hold-high-level-trade-talks-in-paris-before-trumps-beijing-visit,,
2026-03-07,3,2026-03-07 09:00:00+00:00,0.5130110146885573,0.6616060733795166,0.06722583861567911,-1.3907285,cbc.ca,China Trump Us Iran 9.7117124,https://www.cbc.ca/news/world/china-trump-us-iran-9.7117124,,
2026-03-07,4,2026-03-07 17:00:00+00:00,0.4936387921074294,0.631176233291626,0.08102646855483958,-3.4482758,en.apa.az,Trump Major Changes Will Take Place In Cuba Soon 495581,https://en.apa.az/america/trump-major-changes-will-take-place-in-cuba-soon-495581,,
2026-03-07,5,2026-03-07 13:00:00+00:00,0.48360451893655515,0.6140812039375305,0.09217446393362898,-0.9433962,japantimes.co.jp,Taiwan Premier Japan Visit Wbc,https://www.japantimes.co.jp/news/2026/03/07/japan/politics/taiwan-premier-japan-visit-wbc/,,
2026-03-07,6,2026-03-07 20:00:00+00:00,0.4723257591425536,0.6026461124420166,0.08136469924416459,4.1666665,shafaqna.com,China On Threshold Of Bci Era,https://en.shafaqna.com/443472/china-on-threshold-of-bci-era/,,
2026-03-07,7,2026-03-07 00:00:00+00:00,0.469307575664156,0.6033537983894348,0.06716890748831948,1.4018692,breitbart.com,Trump Foresees Cuba Free From Communist Dictatorship During Miami Mls Teams Visit White House,https://www.breitbart.com/politics/2026/03/05/trump-foresees-cuba-free-from-communist-dictatorship-during-miami-mls-teams-visit-white-house/,,
2026-03-07,8,2026-03-07 11:00:00+00:00,0.46926645582463866,0.6044647693634033,0.06367151520834466,0.9910803,scoop.co.nz,In Trumps Precarious World Nz Will Need All The Middle Sized Friends It Can Get,https://www.scoop.co.nz/stories/PO2603/S00039/in-trumps-precarious-world-nz-will-need-all-the-middle-sized-friends-it-can-get.htm,,
2026-03-07,9,2026-03-07 10:00:00+00:00,0.46926645582463866,0.6044647693634033,0.06367151520834466,0.99601597,scoop.co.nz,In Trumps Precarious World Nz Will Need All The Middle Sized Friends It Can Get,https://community.scoop.co.nz/2026/03/in-trumps-precarious-world-nz-will-need-all-the-middle-sized-friends-it-can-get/,,
2026-03-08,1,2026-03-08 00:00:00+00:00,0.6588243447019735,0.7645714282989502,0.3415830939110435,13.333333,watchingamerica.com,With Trump Visit Coming Up China Hedges Its Bets On Helping Iran,https://watchingamerica.com/2026/03/07/with-trump-visit-coming-up-china-hedges-its-bets-on-helping-iran/,,
2026-03-08,2,2026-03-08 00:00:00+00:00,0.5944353767226961,0.652805745601654,0.41932427008582207,-0.38535646,yahoo.com,Trump Visit Kentucky Amid Thomas 233006566,https://www.yahoo.com/news/articles/trump-visit-kentucky-amid-thomas-233006566.html,,
2026-03-08,3,2026-03-08 08:00:00+00:00,0.544374288523101,0.7031413316726685,0.06807315907439854,-0.88932806,express.co.uk,King Charles Trump Us State Visit,https://www.express.co.uk/news/royal/2179175/king-charles-trump-us-state-visit,,
2026-03-08,4,2026-03-08 06:00:00+00:00,0.539601349223225,0.6908522844314575,0.08584854359852756,2.6392963,koreatimes.co.kr,Ex President Moon Says Trumps China Visit Could Offer Momentum For Korean Peninsula Peace,https://www.koreatimes.co.kr/foreignaffairs/northkorea/20260308/ex-president-moon-says-trumps-china-visit-could-offer-momentum-for-korean-peninsula-peace,,
2026-03-08,5,2026-03-08 23:00:00+00:00,0.5370492050935181,0.6902675628662109,0.07739413177543936,-3.262956,express.co.uk,China Professor Predicted Trump Iran War,https://www.express.co.uk/news/world/2179821/china-professor-predicted-trump-iran-war,,
2026-03-08,6,2026-03-08 17:00:00+00:00,0.5348941688914516,0.659835696220398,0.1600695869046124,0.27453673,bgnes.com,China Will Do Everything To Gain Total Control Over Serbia Trump Will Not Tolerate Vu I,http://www.bgnes.com/politics/china-will-do-everything-to-gain-total-control-over-serbia-trump-will-not-tolerate-vu-i,,
2026-03-08,7,2026-03-08 22:00:00+00:00,0.522324503301261,0.6602910757064819,0.10842478608559808,-1.1157601,mb.com.ph,China Hopes 2026 Will Be A Landmark Year For Relationship With Us,https://mb.com.ph/2026/03/09/china-hopes-2026-will-be-a-landmark-year-for-relationship-with-us,,
2026-03-08,8,2026-03-08 14:00:00+00:00,0.522324503301261,0.6602910757064819,0.10842478608559808,3.7037036,ctvnews.ca,China Hopes 2026 Will Be A Landmark Year For Relationship With Us,https://www.ctvnews.ca/world/article/china-hopes-2026-will-be-a-landmark-year-for-relationship-with-us/,,
2026-03-08,9,2026-03-08 12:00:00+00:00,0.522324503301261,0.6602910757064819,0.10842478608559808,-1.2718601,cp24.com,China Hopes 2026 Will Be A Landmark Year For Relationship With Us,https://www.cp24.com/news/world/2026/03/08/china-hopes-2026-will-be-a-landmark-year-for-relationship-with-us/,,
2026-03-08,10,2026-03-08 12:00:00+00:00,0.522324503301261,0.6602910757064819,0.10842478608559808,-1.0191083,durangoherald.com,China Hopes 2026 Will Be A Landmark Year For Relationship With Us,https://www.durangoherald.com/articles/china-hopes-2026-will-be-a-landmark-year-for-relationship-with-us/,,
2026-03-08,11,2026-03-08 10:00:00+00:00,0.522324503301261,0.6602910757064819,0.10842478608559808,-1.5332198,seattletimes.com,China Hopes 2026 Will Be A Landmark Year For Relationship With Us,https://www.seattletimes.com/nation-world/nation/china-hopes-2026-will-be-a-landmark-year-for-relationship-with-us/,,
2026-03-08,12,2026-03-08 10:00:00+00:00,0.522324503301261,0.6602910757064819,0.10842478608559808,-1.3675214,news4jax.com,China Hopes 2026 Will Be A Landmark Year For Relationship With Us,https://www.news4jax.com/news/world/2026/03/08/china-hopes-2026-will-be-a-landmark-year-for-relationship-with-us/,,
2026-03-08,13,2026-03-08 08:00:00+00:00,0.522324503301261,0.6602910757064819,0.10842478608559808,-1.3675214,clickondetroit.com,China Hopes 2026 Will Be A Landmark Year For Relationship With Us,https://www.clickondetroit.com/news/world/2026/03/08/china-hopes-2026-will-be-a-landmark-year-for-relationship-with-us/,,
2026-03-08,14,2026-03-08 08:00:00+00:00,0.522324503301261,0.6602910757064819,0.10842478608559808,-1.3675214,clickorlando.com,China Hopes 2026 Will Be A Landmark Year For Relationship With Us,https://www.clickorlando.com/news/world/2026/03/08/china-hopes-2026-will-be-a-landmark-year-for-relationship-with-us/,,
2026-03-08,15,2026-03-08 07:00:00+00:00,0.522324503301261,0.6602910757064819,0.10842478608559808,-1.3675214,ksat.com,China Hopes 2026 Will Be A Landmark Year For Relationship With Us,https://www.ksat.com/news/world/2026/03/08/china-hopes-2026-will-be-a-landmark-year-for-relationship-with-us/,,
2026-03-08,16,2026-03-08 06:00:00+00:00,0.522324503301261,0.6602910757064819,0.10842478608559808,-1.4285715,wsls.com,China Hopes 2026 Will Be A Landmark Year For Relationship With Us,https://www.wsls.com/news/world/2026/03/08/china-hopes-2026-will-be-a-landmark-year-for-relationship-with-us/,,
2026-03-08,17,2026-03-08 05:00:00+00:00,0.522324503301261,0.6602910757064819,0.10842478608559808,-1.5296367,winnipegfreepress.com,China Hopes 2026 Will Be A Landmark Year For Relationship With Us,https://www.winnipegfreepress.com/world/2026/03/07/china-hopes-2026-will-be-a-landmark-year-for-relationship-with-us,,
2026-03-08,18,2026-03-08 09:00:00+00:00,0.5195992563195715,0.672439694404602,0.06107794206447965,1.5075377,shanghainews.net,Update Europe Having Correct Perception Of China Crucial To China Europe Relations Fm,http://www.shanghainews.net/news/278908570/update-europe-having-correct-perception-of-china-crucial-to-china-europe-relations-fm,,
2026-03-08,19,2026-03-08 07:00:00+00:00,0.5195992563195715,0.672439694404602,0.06107794206447965,1.5,bignewsnetwork.com,Update Europe Having Correct Perception Of China Crucial To China Europe Relations Fm,http://www.bignewsnetwork.com/news/278908570/update-europe-having-correct-perception-of-china-crucial-to-china-europe-relations-fm,,
2026-03-08,20,2026-03-08 07:00:00+00:00,0.5195992563195715,0.672439694404602,0.06107794206447965,1.5075377,japanherald.com,Update Europe Having Correct Perception Of China Crucial To China Europe Relations Fm,http://www.japanherald.com/news/278908570/update-europe-having-correct-perception-of-china-crucial-to-china-europe-relations-fm,,
2026-03-08,21,2026-03-08 00:00:00+00:00,0.5163976093341897,0.6530184149742126,0.10653519241412081,6.904488,slguardian.org,Will China Leapfrog Itself In The Next Five Year Plan,https://slguardian.org/will-china-leapfrog-itself-in-the-next-five-year-plan/,,
2026-03-08,22,2026-03-08 20:00:00+00:00,0.5150456364394111,0.6502453684806824,0.10944644031559764,0.5235602,yahoo.com,Trump Tout Affordability Wednesday Visit 191513892,https://www.yahoo.com/news/articles/trump-tout-affordability-wednesday-visit-191513892.html,,
2026-03-08,23,2026-03-08 16:00:00+00:00,0.51497334153233,0.6607216596603394,0.07772838714830177,-3.8143675,dailymail.co.uk,China Xueqin Jiang Iran War Donald Trump,https://www.dailymail.co.uk/news/article-15621215/china-xueqin-jiang-iran-war-donald-trump.html,,
2026-03-08,24,2026-03-08 15:00:00+00:00,0.5146390641742365,0.6083391904830933,0.23353868524766624,-5.4187193,globalsecurity.org,China 260307 Globaltimes01,https://www.globalsecurity.org/wmd/library/news/china/2026/03/china-260307-globaltimes01.htm,,
2026-03-08,25,2026-03-08 09:00:00+00:00,0.5081012289295982,0.6448566913604736,0.09783484163697181,0.0,yahoo.com,President Trump Expected Visit Kentucky 020103509,https://www.yahoo.com/news/articles/president-trump-expected-visit-kentucky-020103509.html,,
2026-03-08,26,2026-03-08 12:00:00+00:00,0.49846501932610854,0.6360431909561157,0.08573050443608694,5.4054055,channelafrica.co.za,Sa President To Undertake State Visit To Brazil,https://www.channelafrica.co.za/channelafrica/news/sa-president-to-undertake-state-visit-to-brazil/,,
2026-03-08,27,2026-03-08 19:00:00+00:00,0.49828907400909717,0.6414525508880615,0.06879864337220418,2.5735295,eturbonews.com,Visit India Pm Us Expected Boost Tourism,https://eturbonews.com/visit-india-pm-us-expected-boost-tourism/,,
2026-03-08,28,2026-03-08 18:00:00+00:00,0.495028834258904,0.6385184526443481,0.06455997910257151,-1.3043479,geo.tv,654721 King Charles Faces Calls To Cancel State Visit Amid Trump Tirade,https://www.geo.tv/latest/654721-king-charles-faces-calls-to-cancel-state-visit-amid-trump-tirade,,
2026-03-08,29,2026-03-08 23:00:00+00:00,0.49315717904204337,0.6191411018371582,0.11520541065669879,-5.081496,rawstory.com,Trump 2675862667,https://www.rawstory.com/trump-2675862667/,,
2026-03-08,30,2026-03-08 00:00:00+00:00,0.4915271166402306,0.6239373683929443,0.09429636138208929,0.2528445,ibtimes.co.uk,Melania Trump Language Skills Vatican Visit 1783880,https://www.ibtimes.co.uk/melania-trump-language-skills-vatican-visit-1783880,,
2026-03-08,31,2026-03-08 08:00:00+00:00,0.49144458854067136,0.6191178560256958,0.10842478608559808,-1.6260163,sitkasentinel.com,"China Hopes 2026 Will Be A Landmark Year For Relationship With Us,123985","http://www.sitkasentinel.com/stories/china-hopes-2026-will-be-a-landmark-year-for-relationship-with-us,123985",,
2026-03-08,32,2026-03-08 07:00:00+00:00,0.48844252610075284,0.6151151061058044,0.10842478608559808,-1.6260163,morningsun.net,"China Hopes 2026 Will Be A Landmark Year For Relationship With Us,318050","http://www.morningsun.net/stories/china-hopes-2026-will-be-a-landmark-year-for-relationship-with-us,318050",,
2026-03-08,33,2026-03-08 01:00:00+00:00,0.48817291943663566,0.6124954223632812,0.11520541065669879,-2.1978023,rawstory.com,Trump 2675780226,https://www.rawstory.com/trump-2675780226/,,
2026-03-08,34,2026-03-08 20:00:00+00:00,0.48693597737249955,0.6126326322555542,0.10984601272333565,3.9215686,theborneopost.com,China Will Remain Most Stable Engine Of Global Economy Fm,https://www.theborneopost.com/2026/03/08/china-will-remain-most-stable-engine-of-global-economy-fm/,,
2026-03-08,35,2026-03-08 01:00:00+00:00,0.4861293297736763,0.6217939257621765,0.07913554180817557,-4.7619047,middleeasteye.net,Trump Says Irans Map Will Probably Not Look Same After War,https://www.middleeasteye.net/live-blog/live-blog-update/trump-says-irans-map-will-probably-not-look-same-after-war,,
2026-03-08,36,2026-03-08 00:00:00+00:00,0.48430883972281424,0.607343316078186,0.11520541065669879,-7.441016,alternet.org,Trump Nukes,https://www.alternet.org/trump-nukes/,,
2026-03-08,37,2026-03-08 09:00:00+00:00,0.4841191533855954,0.6124951839447021,0.09899106170827517,3.9408867,shanghainews.net,Update China Will Remain Most Stable Engine Of Global Economy Fm,http://www.shanghainews.net/news/278908527/update-china-will-remain-most-stable-engine-of-global-economy-fm,,
2026-03-08,38,2026-03-08 13:00:00+00:00,0.4828380008219702,0.6165146827697754,0.08180795497855461,5.107527,techradar.com,Travel In China Without The Roaming Shock Thanks To Jetpacs China Esim,https://www.techradar.com/pro/travel-in-china-without-the-roaming-shock-thanks-to-jetpacs-china-esim,,
2026-03-08,39,2026-03-08 23:00:00+00:00,0.4813652494394204,0.6034185290336609,0.11520541065669879,-3.2432432,rawstory.com,Trump 2675864185,https://www.rawstory.com/trump-2675864185/,,
2026-03-08,40,2026-03-08 06:00:00+00:00,0.47969555057831426,0.6126447916030884,0.08084782750399187,1.1152416,theweek.in,Will Remember Trump Threatens Uk Over Lack Of Support In Iran War,https://www.theweek.in/news/middle-east/2026/03/08/will-remember-trump-threatens-uk-over-lack-of-support-in-iran-war.html,,
2026-03-08,41,2026-03-08 21:00:00+00:00,0.4757647818460306,0.6107728481292725,0.07074058299630503,-1.7985611,dailycaller.com,China Iran America Israel Trump Diplomacy,https://dailycaller.com/2026/03/08/china-iran-america-israel-trump-diplomacy/,,
2026-03-09,1,2026-03-09 00:00:00+00:00,0.6781488893474603,0.8606696724891663,0.13058653992234226,-1.2820513,aol.com,Trumps China Visit Likely Wont 230437497,https://www.aol.com/articles/trumps-china-visit-likely-wont-230437497.html,,
2026-03-09,2,2026-03-09 16:00:00+00:00,0.6502469865526224,0.8234671354293823,0.13058653992234226,-1.3452915,fultonsun.com,Trumps China Visit Likely Wont Yield Breakthrough,https://www.fultonsun.com/news/2026/mar/09/trumps-china-visit-likely-wont-yield-breakthrough/,,
2026-03-09,3,2026-03-09 10:00:00+00:00,0.6502469865526224,0.8234671354293823,0.13058653992234226,-1.3452915,newstribune.com,Trumps China Visit Likely Wont Yield Breakthrough,https://www.newstribune.com/news/2026/mar/09/trumps-china-visit-likely-wont-yield-breakthrough/,,
2026-03-09,4,2026-03-09 01:00:00+00:00,0.6022223548321334,0.7578213214874268,0.13542545486625315,0.0,japantimes.co.jp,Trump China Visit Stability,https://www.japantimes.co.jp/news/2026/03/09/asia-pacific/politics/trump-china-visit-stability/,,
2026-03-09,5,2026-03-09 04:00:00+00:00,0.6000256255667986,0.7688400149345398,0.093582457463575,0.0,chinatechnews.com,116776 Trumps China Visit Likely Wont Yield Breakthrough Aims To Maintain Stability,https://www.chinatechnews.com/2026/03/09/116776-trumps-china-visit-likely-wont-yield-breakthrough-aims-to-maintain-stability,,
2026-03-09,6,2026-03-09 10:00:00+00:00,0.5919964289065606,0.758873701095581,0.0913646123394991,-0.8733624,firstpost.com,Trumps China Visit Unlikely To Yield Breakthrough Focus Likely On Stability In Ties 13987664,https://www.firstpost.com/business/trumps-china-visit-unlikely-to-yield-breakthrough-focus-likely-on-stability-in-ties-13987664.html,,
2026-03-09,7,2026-03-09 13:00:00+00:00,0.5905627092698822,0.7606958150863647,0.08016339182043453,-1.2269939,scmp.com,Trumps China Visit Limited Beijing Due Tight Schedule And Security Needs Sources,https://www.scmp.com/news/china/politics/article/3345970/trumps-china-visit-limited-beijing-due-tight-schedule-and-security-needs-sources,,
2026-03-09,8,2026-03-09 00:00:00+00:00,0.5831413433354677,0.7463276386260986,0.093582457463575,-1.0245901,koreatimes.co.kr,Trumps China Visit Likely Wont Yield Breakthrough Aims To Maintain Stability,https://www.koreatimes.co.kr/world/20260309/trumps-china-visit-likely-wont-yield-breakthrough-aims-to-maintain-stability,,
2026-03-09,9,2026-03-09 11:00:00+00:00,0.579094749210125,0.6761108636856079,0.2880464057836764,-3.9787798,leftfootforward.org,Calls Grow For King Charles Unthinkable Donald Trump Visit To Be Cancelled,https://leftfootforward.org/2026/03/calls-grow-for-king-charles-unthinkable-donald-trump-visit-to-be-cancelled/,,
2026-03-09,10,2026-03-09 16:00:00+00:00,0.55554459383615,0.6314598321914673,0.32779887877019787,-2.6778884,lfpress.com,Dimanche Will Trump Slump Continue To Hit U S Tourism In 2026,https://lfpress.com/opinion/columnists/dimanche-will-trump-slump-continue-to-hit-u-s-tourism-in-2026,,
2026-03-09,11,2026-03-09 03:00:00+00:00,0.5553265029115467,0.6245927810668945,0.3475276684455032,1.980198,13abc.com,President Trump Visit Ohio This Week,https://www.13abc.com/2026/03/09/president-trump-visit-ohio-this-week/,,
2026-03-09,12,2026-03-09 14:00:00+00:00,0.5475806410840962,0.7071507573127747,0.06887029239806097,-3.196347,thetimes.com,China Taiwan Trump Invasion L8Xwr2Fr0,https://www.thetimes.com/world/asia/article/china-taiwan-trump-invasion-l8xwr2fr0,,
2026-03-09,13,2026-03-09 23:00:00+00:00,0.5336627423148764,0.6158733367919922,0.2870309588835291,2.4390244,channel4.com,Will Trump Face Any Backlash In Us Over Spiralling Cost Of War In Iran,https://www.channel4.com/news/will-trump-face-any-backlash-in-us-over-spiralling-cost-of-war-in-iran,,
2026-03-09,14,2026-03-09 07:00:00+00:00,0.5283559125992671,0.6809808015823364,0.07048124565005914,-2.4590163,dailycaller.com,Opinion Trump Checkmates China With Oil Steve Milloy,https://dailycaller.com/2026/03/08/opinion-trump-checkmates-china-with-oil-steve-milloy/,,
2026-03-09,15,2026-03-09 08:00:00+00:00,0.5271746053173557,0.6085200309753418,0.28313832834339747,-3.6065574,irishtimes.com,China Condemns Us War On Iran But Keeps Welcome Extended For Trump Visit,https://www.irishtimes.com/world/2026/03/09/china-condemns-us-war-on-iran-but-keeps-welcome-extended-for-trump-visit/,,
2026-03-09,16,2026-03-09 00:00:00+00:00,0.522324503301261,0.6602910757064819,0.10842478608559808,-1.2598425,lex18.com,China Hopes 2026 Will Be A Landmark Year For Relationship With Us,https://www.lex18.com/world-news/china-hopes-2026-will-be-a-landmark-year-for-relationship-with-us,,
2026-03-09,17,2026-03-09 13:00:00+00:00,0.5219463792962253,0.6707298755645752,0.07559589049117571,0.9009009,wuky.org,President Donald Trump To Visit Northern Kentucky,https://www.wuky.org/wuky-news/2026-03-09/president-donald-trump-to-visit-northern-kentucky,,
2026-03-09,18,2026-03-09 11:00:00+00:00,0.5205748229797583,0.6715523600578308,0.06764221174554072,-1.8754187,victorygirlsblog.com,Will Cuba Make A Deal With Trump To Begin Regime Change,https://victorygirlsblog.com/will-cuba-make-a-deal-with-trump-to-begin-regime-change/,,
2026-03-09,19,2026-03-09 10:00:00+00:00,0.5085339094215052,0.6001989841461182,0.23353868524766624,-0.5904059,globalsecurity.org,China 260309 Globaltimes01,https://www.globalsecurity.org/wmd/library/news/china/2026/03/china-260309-globaltimes01.htm,,
2026-03-09,20,2026-03-09 19:00:00+00:00,0.5037976369800801,0.6347137093544006,0.11104941985711841,-2.46114,greanvillepost.com,China Rejects A Joint Us China Hegemony,https://www.greanvillepost.com/2026/03/09/china-rejects-a-joint-us-china-hegemony/,,
2026-03-09,21,2026-03-09 16:00:00+00:00,0.5037976369800801,0.6347137093544006,0.11104941985711841,-2.2031825,dissidentvoice.org,China Rejects A Joint Us China Hegemony,https://dissidentvoice.org/2026/03/china-rejects-a-joint-us-china-hegemony/,,
2026-03-09,22,2026-03-09 06:00:00+00:00,0.49884061379047445,0.6360538005828857,0.08720105341324065,-3.8317056,express.co.uk,China Nostradamus Trump Presidency Iran War,https://www.express.co.uk/news/us/2179078/china-nostradamus-trump-presidency-iran-war,,
2026-03-09,23,2026-03-09 22:00:00+00:00,0.4968962867309692,0.6178674101829529,0.13398291637501814,-0.95238096,japantimes.co.jp,China Condemns Taiwan Premier Visit,https://www.japantimes.co.jp/news/2026/03/09/japan/politics/china-condemns-taiwan-premier-visit/,,
2026-03-09,24,2026-03-09 12:00:00+00:00,0.4968962867309692,0.6178674101829529,0.13398291637501814,-0.95238096,japantimes.co.jp,China Condemns Taiwan Premier Visit,https://www.japantimes.co.jp/news/2026/03/09/asia-pacific/china-condemns-taiwan-premier-visit/,,
2026-03-09,25,2026-03-09 22:00:00+00:00,0.49114831163811057,0.6188491582870483,0.10804577169129723,-4.643963,spacewar.com,China Slams Taiwan Pm Visit To Japan 999,https://www.spacewar.com/reports/China_slams_Taiwan_PM_visit_to_Japan_999.html,,
2026-03-09,26,2026-03-09 23:00:00+00:00,0.49077859608763663,0.6159696578979492,0.11520541065669879,-3.2258065,alternet.org,Carville Trump,https://www.alternet.org/carville-trump/,,
2026-03-09,27,2026-03-09 04:00:00+00:00,0.49067175476187674,0.615827202796936,0.11520541065669879,1.3392857,rawstory.com,Trump 2675870463,https://www.rawstory.com/trump-2675870463/,,
2026-03-09,28,2026-03-09 07:00:00+00:00,0.49048109992675754,0.6132391691207886,0.12220689234466435,-1.2618296,asiaone.com,China Hopes 2026 Will Be Landmark Year Relationship Us,https://www.asiaone.com:443/china/china-hopes-2026-will-be-landmark-year-relationship-us,,
2026-03-09,29,2026-03-09 04:00:00+00:00,0.49048109992675754,0.6132391691207886,0.12220689234466435,-1.2618296,asiaone.com,China Hopes 2026 Will Be Landmark Year Relationship Us,https://www.asiaone.com/china/china-hopes-2026-will-be-landmark-year-relationship-us,,
2026-03-09,30,2026-03-09 00:00:00+00:00,0.48693597737249955,0.6126326322555542,0.10984601272333565,3.960396,hellenicshippingnews.com,China Will Remain Most Stable Engine Of Global Economy Fm,https://www.hellenicshippingnews.com/china-will-remain-most-stable-engine-of-global-economy-fm/,,
2026-03-09,31,2026-03-09 13:00:00+00:00,0.4852230259620568,0.6085622310638428,0.11520541065669879,-1.6181229,alternet.org,Trump Investments,https://www.alternet.org/trump-investments/,,
2026-03-09,32,2026-03-09 12:00:00+00:00,0.4848281600462179,0.6102959513664246,0.10842478608559808,-1.242236,theitem.com,"China Hopes 2026 Will Be A Landmark Year For Relationship With Us,440472","http://www.theitem.com/stories/china-hopes-2026-will-be-a-landmark-year-for-relationship-with-us,440472",,
2026-03-09,33,2026-03-09 16:00:00+00:00,0.4830879541154496,0.6195023059844971,0.07384489850830715,-1.1470282,shanghainews.net,China Reaffirms Peaceful Development Amid Heightened Global Volatility,http://www.shanghainews.net/news/278911550/china-reaffirms-peaceful-development-amid-heightened-global-volatility,,
2026-03-09,34,2026-03-09 15:00:00+00:00,0.4830879541154496,0.6195023059844971,0.07384489850830715,-1.1470282,heraldglobe.com,China Reaffirms Peaceful Development Amid Heightened Global Volatility,http://www.heraldglobe.com/news/278911550/china-reaffirms-peaceful-development-amid-heightened-global-volatility,,
2026-03-09,35,2026-03-09 15:00:00+00:00,0.4830879541154496,0.6195023059844971,0.07384489850830715,-1.1470282,chinanationalnews.com,China Reaffirms Peaceful Development Amid Heightened Global Volatility,http://www.chinanationalnews.com/news/278911550/china-reaffirms-peaceful-development-amid-heightened-global-volatility,,
2026-03-09,36,2026-03-09 15:00:00+00:00,0.4830879541154496,0.6195023059844971,0.07384489850830715,-1.1470282,kenyastar.com,China Reaffirms Peaceful Development Amid Heightened Global Volatility,http://www.kenyastar.com/news/278911550/china-reaffirms-peaceful-development-amid-heightened-global-volatility,,
2026-03-09,37,2026-03-09 15:00:00+00:00,0.4830879541154496,0.6195023059844971,0.07384489850830715,-1.1470282,australiannews.net,China Reaffirms Peaceful Development Amid Heightened Global Volatility,http://www.australiannews.net/news/278911550/china-reaffirms-peaceful-development-amid-heightened-global-volatility,,
2026-03-09,38,2026-03-09 18:00:00+00:00,0.4813109794103524,0.6033461689949036,0.11520541065669879,-4.797048,rawstory.com,Trump 2675926101,https://www.rawstory.com/trump-2675926101/,,
2026-03-09,39,2026-03-09 17:00:00+00:00,0.4792464831315896,0.6005935072898865,0.11520541065669879,-4.455446,rawstory.com,Trump 2675913034,https://www.rawstory.com/trump-2675913034/,,
2026-03-09,40,2026-03-09 23:00:00+00:00,0.4776553475139289,0.602104663848877,0.10430739850908476,-1.2820513,digg.com,Trump Says Iran War Will Be,https://digg.com/news/aTJmoKG/trump-says-iran-war-will-be,,
2026-03-09,41,2026-03-09 14:00:00+00:00,0.4695755961774799,0.6010420322418213,0.0751762879844558,-1.6771488,latintimes.com,Trump Appears Hint Attacks Against Cartels Mexico Will Do Whatever Necessary Defend Our 595439,https://www.latintimes.com/trump-appears-hint-attacks-against-cartels-mexico-will-do-whatever-necessary-defend-our-595439,,
2026-03-09,42,2026-03-09 17:00:00+00:00,0.4684999204149006,0.6034753918647766,0.06357350606527246,-5.3291535,independent.co.uk,King Charles Us State Visit Trump Starmer B2934893,https://www.independent.co.uk/news/uk/home-news/king-charles-us-state-visit-trump-starmer-b2934893.html,,
2026-03-10,1,2026-03-10 20:00:00+00:00,0.6125502716488862,0.6408904194831848,0.5275298281459904,-2.8288543,al-monitor.com,Will Trump Taco Iran,https://www.al-monitor.com/originals/2026/03/will-trump-taco-iran,,
2026-03-10,2,2026-03-10 02:00:00+00:00,0.597455176940115,0.7596052289009094,0.11100502105773158,-1.2684989,zerohedge.com,Security Fears Suddenly Emerge Over Trumps Visit China,https://www.zerohedge.com/geopolitical/security-fears-suddenly-emerge-over-trumps-visit-china,,
2026-03-10,3,2026-03-10 16:00:00+00:00,0.5479180614078627,0.6298435926437378,0.3021414677002373,-6.8421054,benzinga.com,Will Trump Cripple Irans Oil Exports By Targeting Kharg Island,https://www.benzinga.com/news/politics/26/03/51152780/will-trump-cripple-irans-oil-exports-by-targeting-kharg-island,,
2026-03-10,4,2026-03-10 16:00:00+00:00,0.5297927822743157,0.6844705939292908,0.06575934730939052,-1.4336917,dailycaller.com,Iran China Europe Donald Trump Spain Germany Ports,https://dailycaller.com/2026/03/10/iran-china-europe-donald-trump-spain-germany-ports/,,
2026-03-10,5,2026-03-10 08:00:00+00:00,0.5284897149623756,0.6734638214111328,0.09356739561610393,-5.1546392,moneycontrol.com,Why China Still Wants Donald Trump To Visit Despite The Iran War Article 13855788,https://www.moneycontrol.com/world/why-china-still-wants-donald-trump-to-visit-despite-the-iran-war-article-13855788.html,,
2026-03-10,6,2026-03-10 21:00:00+00:00,0.5241963040635012,0.6731663942337036,0.07728603355289357,-4.5521293,dailycaller.com,Donald Trump Iran War America Strikes China,https://dailycaller.com/2026/03/10/donald-trump-iran-war-america-strikes-china/,,
2026-03-10,7,2026-03-10 09:00:00+00:00,0.5068085692723585,0.6433428525924683,0.09720571931202904,4.188482,businessghana.com,Why Is China,http://www.businessghana.com/site/news/business/344757/Why-is-China,,
2026-03-10,8,2026-03-10 00:00:00+00:00,0.5020119116249318,0.6323327422142029,0.11104941985711841,-2.4111676,greanvillepost.com,China Rejects A Joint Us China Hegemony 2,https://www.greanvillepost.com/2026/03/09/china-rejects-a-joint-us-china-hegemony-2/,,
2026-03-10,9,2026-03-10 03:00:00+00:00,0.4959649154388329,0.6228847503662109,0.11520541065669879,-3.7181995,alternet.org,Trump Incpmpetence,https://www.alternet.org/trump-incpmpetence/,,
2026-03-10,10,2026-03-10 15:00:00+00:00,0.4924615453367651,0.6309232711791992,0.0770763678094628,-0.9722222,lbc.co.uk,King Us Visit Uk Donald Trump 5Hjdw8F 2,https://www.lbc.co.uk/article/king-us-visit-uk-donald-trump-5HjdW8f_2/,,
2026-03-10,11,2026-03-10 00:00:00+00:00,0.4916126405674724,0.6321606040000916,0.06996875026961498,0.0,en.apa.az,War Will Not End This Week But Very Soon Trump 495811,https://en.apa.az/america/war-will-not-end-this-week-but-very-soon-trump-495811,,
2026-03-10,12,2026-03-10 11:00:00+00:00,0.4885475772390704,0.6224476099014282,0.08684747925199693,3.138528,nextbigwhat.com,China Ai Policy,https://nextbigwhat.com/china-ai-policy/,,
2026-03-10,13,2026-03-10 18:00:00+00:00,0.4852127452317249,0.6245561838150024,0.06718242948189236,-0.37593985,townandcountrymag.com,King Charles 2026 State Visit Us Trump Debate,https://www.townandcountrymag.com/society/tradition/a70696505/king-charles-2026-state-visit-us-trump-debate/,,
2026-03-10,14,2026-03-10 18:00:00+00:00,0.4830879541154496,0.6195023059844971,0.07384489850830715,-1.1305242,antaranews.com,China Reaffirms Peaceful Development Amid Heightened Global Volatility,https://en.antaranews.com/news/407871/china-reaffirms-peaceful-development-amid-heightened-global-volatility,,
2026-03-10,15,2026-03-10 23:00:00+00:00,0.48207599012488334,0.6043661832809448,0.11520541065669879,2.5531914,rawstory.com,Trump 2676013685,https://www.rawstory.com/trump-2676013685/,,
2026-03-10,16,2026-03-10 19:00:00+00:00,0.48181518550687646,0.6194460988044739,0.06892244561408432,1.3452915,dailysabah.com,Un Chief Guterres To Visit Turkiye For Annual Ramadan Solidarity Trip,https://www.dailysabah.com/politics/diplomacy/un-chief-guterres-to-visit-turkiye-for-annual-ramadan-solidarity-trip,,
2026-03-10,17,2026-03-10 19:00:00+00:00,0.48153869895571677,0.6036497950553894,0.11520541065669879,-2.0057306,rawstory.com,Trump 2675997428,https://www.rawstory.com/trump-2675997428/,,
2026-03-10,18,2026-03-10 12:00:00+00:00,0.48105943290823905,0.6030107736587524,0.11520541065669879,-2.9925187,rawstory.com,Trump 2675985590,https://www.rawstory.com/trump-2675985590/,,
2026-03-10,19,2026-03-10 15:00:00+00:00,0.48010816542206813,0.6084998846054077,0.09493300787204947,-4.6666665,blueprint.ng,When Us Iran War Will End Trump,https://blueprint.ng/when-us-iran-war-will-end-trump/,,
2026-03-10,20,2026-03-10 15:00:00+00:00,0.47904571978682486,0.6003258228302002,0.11520541065669879,-5.5096416,rawstory.com,Trump 2675988775,https://www.rawstory.com/trump-2675988775/,,
2026-03-10,21,2026-03-10 02:00:00+00:00,0.47638500625821695,0.610323429107666,0.0745697377098697,-3.1880977,bostonglobe.com,After Global Economy Shudders Trump Zigzags Whether War Will End Soon,https://www.bostonglobe.com/2026/03/09/world/after-global-economy-shudders-trump-zigzags-whether-war-will-end-soon/,,
2026-03-10,22,2026-03-10 17:00:00+00:00,0.4753253662435265,0.6068358421325684,0.08079393857640094,-4.5454545,npr.org,Will Trumps Shipping Insurance Plan Work,https://www.npr.org/2026/03/10/nx-s1-5742757/will-trumps-shipping-insurance-plan-work,,
2026-03-10,23,2026-03-10 05:00:00+00:00,0.4686813414107643,0.6036127805709839,0.0638870239301055,-5.732484,yalibnan.com,Oil Falls Over 6 As Trump Predicts War Will End Soon,https://yalibnan.com/2026/03/10/oil-falls-over-6-as-trump-predicts-war-will-end-soon/,,
2026-03-11,1,2026-03-11 18:00:00+00:00,0.6371000713885886,0.6715002059936523,0.5338996675733974,0.0,rawstory.com,Trump Visit Kentucky Disloyal,https://www.rawstory.com/trump-visit-kentucky-disloyal/,,
2026-03-11,2,2026-03-11 19:00:00+00:00,0.6215316161211115,0.6978849172592163,0.3924717127067971,3.8461537,baltimoresun.com,Will Trump Stand Up To Putin,https://www.baltimoresun.com/2026/03/11/will-trump-stand-up-to-putin/,,
2026-03-11,3,2026-03-11 12:00:00+00:00,0.617453460298449,0.7838265299797058,0.11833425125467896,-3.6723163,athens-times.com,Amid Gulf Chaos Trump Prepares For Pivotal China Visit,https://athens-times.com/amid-gulf-chaos-trump-prepares-for-pivotal-china-visit/,,
2026-03-11,4,2026-03-11 23:00:00+00:00,0.603985310682964,0.6472539901733398,0.47417927221183676,2.2222223,wn.com,Will Trump Taco On Iran,https://article.wn.com/view/2026/03/11/Will_Trump_TACO_on_Iran/,,
2026-03-11,5,2026-03-11 02:00:00+00:00,0.5997397960553618,0.6636650562286377,0.4079640155355341,-4.255319,canadiandimension.com,Will Trump Chicken Out Of Iran Invasion,https://canadiandimension.com/articles/view/will-trump-chicken-out-of-iran-invasion,,
2026-03-11,6,2026-03-11 21:00:00+00:00,0.563337006676068,0.627290666103363,0.37147602839418276,-4.6153846,socialistworker.co.uk,Alex Callinicos Will Trump Chicken Out Of Iran Invasion,https://socialistworker.co.uk/alex-callinicos/alex-callinicos-will-trump-chicken-out-of-iran-invasion/,,
2026-03-11,7,2026-03-11 20:00:00+00:00,0.5631462777667658,0.6730154752731323,0.23353868524766624,2.4691358,asiaasset.com,Greater China,https://www.asiaasset.com/greater-china/,,
2026-03-11,8,2026-03-11 06:00:00+00:00,0.5521970298682988,0.609568178653717,0.3800835835120442,-4.2105265,yahoo.com,Trump Visit Ohio Kentucky Downplay 040322348,https://www.yahoo.com/news/articles/trump-visit-ohio-kentucky-downplay-040322348.html,,
2026-03-11,9,2026-03-11 20:00:00+00:00,0.5457561804047297,0.6910848617553711,0.10977013635280576,-4.464286,pakistantoday.com.pk,Trump A Bull In The China Shop,https://www.pakistantoday.com.pk/2026/03/11/trump-a-bull-in-the-china-shop,,
2026-03-11,10,2026-03-11 07:00:00+00:00,0.5357315851450577,0.6132554411888123,0.3031600170137938,-4.159132,abcnews.com,Trump Visit Ohio Kentucky Downplay Wars Effect Economy 130956833,https://abcnews.com/Politics/wireStory/trump-visit-ohio-kentucky-downplay-wars-effect-economy-130956833,,
2026-03-11,11,2026-03-11 18:00:00+00:00,0.5272515425547829,0.6466401219367981,0.16908580440873744,-0.18248175,windsorstar.com,Will China Evs Earn Canadas Trust,https://windsorstar.com:443/commodities/energy/electric-vehicles/will-china-evs-earn-canadas-trust,,
2026-03-11,12,2026-03-11 16:00:00+00:00,0.5272515425547829,0.6466401219367981,0.16908580440873744,0.47694755,financialpost.com,Will China Evs Earn Canadas Trust,https://financialpost.com/commodities/energy/electric-vehicles/will-china-evs-earn-canadas-trust,,
2026-03-11,13,2026-03-11 20:00:00+00:00,0.5230001355224269,0.6194872856140137,0.23353868524766624,-6.2043796,philstar.com,Lacson Marcoletas Echoing China Narratives Unsettling,https://www.philstar.com/headlines/2026/03/12/2513647/lacson-marcoletas-echoing-china-narratives-unsettling,,
2026-03-11,14,2026-03-11 23:00:00+00:00,0.5225446392540019,0.6006815433502197,0.2881339269653484,-2.0682523,kfvs12.com,Trump Visit Ohio Kentucky Discuss Wars Effect Economy,https://www.kfvs12.com/2026/03/11/trump-visit-ohio-kentucky-discuss-wars-effect-economy/,,
2026-03-11,15,2026-03-11 17:00:00+00:00,0.5225446392540019,0.6006815433502197,0.2881339269653484,-4.3333335,wtap.com,Trump Visit Ohio Kentucky Discuss Wars Effect Economy,https://www.wtap.com/2026/03/11/trump-visit-ohio-kentucky-discuss-wars-effect-economy/,,
2026-03-11,16,2026-03-11 17:00:00+00:00,0.5225446392540019,0.6006815433502197,0.2881339269653484,-4.3333335,wsaz.com,Trump Visit Ohio Kentucky Discuss Wars Effect Economy,https://www.wsaz.com/2026/03/11/trump-visit-ohio-kentucky-discuss-wars-effect-economy/,,
2026-03-11,17,2026-03-11 16:00:00+00:00,0.5225446392540019,0.6006815433502197,0.2881339269653484,-4.3333335,kwtx.com,Trump Visit Ohio Kentucky Discuss Wars Effect Economy,https://www.kwtx.com/2026/03/11/trump-visit-ohio-kentucky-discuss-wars-effect-economy/,,
2026-03-11,18,2026-03-11 16:00:00+00:00,0.5225446392540019,0.6006815433502197,0.2881339269653484,-4.3333335,cleveland19.com,Trump Visit Ohio Kentucky Discuss Wars Effect Economy,https://www.cleveland19.com/2026/03/11/trump-visit-ohio-kentucky-discuss-wars-effect-economy/,,
2026-03-11,19,2026-03-11 16:00:00+00:00,0.5225446392540019,0.6006815433502197,0.2881339269653484,-4.3333335,wibw.com,Trump Visit Ohio Kentucky Discuss Wars Effect Economy,https://www.wibw.com/2026/03/11/trump-visit-ohio-kentucky-discuss-wars-effect-economy/,,
2026-03-11,20,2026-03-11 14:00:00+00:00,0.5225446392540019,0.6006815433502197,0.2881339269653484,-4.3333335,ky3.com,Trump Visit Ohio Kentucky Discuss Wars Effect Economy,https://www.ky3.com/2026/03/11/trump-visit-ohio-kentucky-discuss-wars-effect-economy/,,
2026-03-11,21,2026-03-11 07:00:00+00:00,0.5117529944098983,0.651057779788971,0.09383863827268035,0.3472222,scmp.com,Webinar Two Sessions 2026 How Will China Pivot Its Economy Under Trumps Pressure,https://www.scmp.com/news/china/article/3346168/webinar-two-sessions-2026-how-will-china-pivot-its-economy-under-trumps-pressure,,
2026-03-11,22,2026-03-11 18:00:00+00:00,0.5017993411503737,0.6440779566764832,0.07496349457204564,-1.3245033,fox19.com,Parts I 75 Be Closed During President Trumps Visit,https://www.fox19.com/2026/03/11/parts-i-75-be-closed-during-president-trumps-visit/,,
2026-03-11,23,2026-03-11 12:00:00+00:00,0.5016717621528527,0.6304938793182373,0.11520541065669879,-0.82304525,newstribune.com,Warmonger Trump,https://www.newstribune.com/news/2026/mar/11/warmonger-trump/,,
2026-03-11,24,2026-03-11 21:00:00+00:00,0.5012253386266102,0.6464481353759766,0.06555694837851136,2.5,wtvq.com,Donald Trump Scheduled To Visit Boone County Logistics Facility,https://www.wtvq.com/donald-trump-scheduled-to-visit-boone-county-logistics-facility/,,
2026-03-11,25,2026-03-11 11:00:00+00:00,0.4907745167116575,0.6106647253036499,0.1311038909356804,-4.255319,ktsa.com,Trump To Visit Ohio And Kentucky Wednesday Will Target A Top Gop Antagonist,https://www.ktsa.com/trump-to-visit-ohio-and-kentucky-wednesday-will-target-a-top-gop-antagonist/,,
2026-03-11,26,2026-03-11 08:00:00+00:00,0.4874493587822223,0.6088836193084717,0.12314657720347406,3.2786884,novinite.com,Bulgaria+Notifies+Us+It+Will+Delay+Trump,https://www.novinite.com/articles/237428/Bulgaria+Notifies+US+It+Will+Delay+Trump,,
2026-03-11,27,2026-03-11 14:00:00+00:00,0.48528733920932765,0.6139721870422363,0.09923279571060153,-1.6949153,washingtonexaminer.com,Trump Administration China Pharma Death Grip,https://www.washingtonexaminer.com/policy/healthcare/4486791/trump-administration-china-pharma-death-grip/,,
2026-03-11,28,2026-03-11 07:00:00+00:00,0.4830879541154496,0.6195023059844971,0.07384489850830715,-5.8139534,thestar.com.my,China Reaffirms Peaceful Development Amid Heightened Global Volatility,https://www.thestar.com.my/opinion/columnists/comment/2026/03/11/china-reaffirms-peaceful-development-amid-heightened-global-volatility,,
2026-03-11,29,2026-03-11 21:00:00+00:00,0.4823100575649163,0.6046782732009888,0.11520541065669879,0.78431374,rawstory.com,Trump 2676085325,https://www.rawstory.com/trump-2676085325/,,
2026-03-11,30,2026-03-11 23:00:00+00:00,0.48167700447482437,0.6167364120483398,0.07649878175427803,0.78740156,politicalwire.com,Trump Will Tap Strategic Petroleum Reserve,https://politicalwire.com/2026/03/11/trump-will-tap-strategic-petroleum-reserve/,,
2026-03-11,31,2026-03-11 17:00:00+00:00,0.4803071379463485,0.6178196668624878,0.06776955119793068,-3.5639412,the-independent.com,King Charles Us State Visit Royal Trump B2936543,https://www.the-independent.com/life-style/royal-family/king-charles-us-state-visit-royal-trump-b2936543.html,,
2026-03-11,32,2026-03-11 23:00:00+00:00,0.48018601624602286,0.6018462181091309,0.11520541065669879,1.8427519,dailymail.co.uk,Margaret Cho Trump Apprentice Pursuit,https://www.dailymail.co.uk/tvshowbiz/article-15637231/margaret-cho-trump-apprentice-pursuit.html,,
2026-03-11,33,2026-03-11 08:00:00+00:00,0.47890300784441486,0.6170753836631775,0.0643858803881269,-1.3311148,lewrockwell.com,China Watching The Missiles Flow,https://www.lewrockwell.com/2026/03/no_author/china-watching-the-missiles-flow/,,
2026-03-11,34,2026-03-11 04:00:00+00:00,0.47670795991349196,0.6138477921485901,0.0652884632081976,-0.93457943,tribune.com.pk,China N Korea Trains To Resume,https://tribune.com.pk/story/2596911/china-n-korea-trains-to-resume,,
2026-03-11,35,2026-03-11 03:00:00+00:00,0.4742683266904522,0.6102480292320251,0.06632921906573339,0.0,newstodaynet.com,Modi To Visit Trichy Today Cops Maintain Vigil Drones Banned,https://newstodaynet.com/2026/03/11/modi-to-visit-trichy-today-cops-maintain-vigil-drones-banned/,,
2026-03-11,36,2026-03-11 06:00:00+00:00,0.46834918338024545,0.6010841131210327,0.07014439415788354,-7.439825,thedailyblog.co.nz,Trump Is Beginning To Panic Iran Will Never Allow The Straits To Reopen,https://thedailyblog.co.nz/trump-is-beginning-to-panic-iran-will-never-allow-the-straits-to-reopen/,,
2026-03-12,1,2026-03-12 15:00:00+00:00,0.5919912732832948,0.6884379982948303,0.3026510982486882,0.0,wcsmradio.com,Trump Cincy Visit,https://www.wcsmradio.com/index.php/news/81940/15/TRUMP-CINCY-VISIT,,
2026-03-12,2,2026-03-12 00:00:00+00:00,0.5766169097125707,0.7398219108581543,0.0870019062758201,-3.5294118,straitstimes.com,Will Xi Shine The Spotlight On Trump In Beijing,https://www.straitstimes.com/opinion/will-xi-shine-the-spotlight-on-trump-in-beijing,,
2026-03-12,3,2026-03-12 11:00:00+00:00,0.542241733588847,0.6819653511047363,0.12307088104117908,-1.5267175,scmp.com,Trumps Tariff Investigation Bluff Will Not Work China Analysts Warn,https://www.scmp.com/economy/china-economy/article/3346365/trumps-tariff-investigation-bluff-will-not-work-china-analysts-warn,,
2026-03-12,4,2026-03-12 22:00:00+00:00,0.5363565849728601,0.6845464706420898,0.09178692796517086,0.5249344,clickondetroit.com,Bessent Will Meet Chinas Vice Premier In Paris Ahead Of Trumps Visit To Beijing,https://www.clickondetroit.com/business/2026/03/12/bessent-will-meet-chinas-vice-premier-in-paris-ahead-of-trumps-visit-to-beijing/,,
2026-03-12,5,2026-03-12 21:00:00+00:00,0.5363565849728601,0.6845464706420898,0.09178692796517086,0.5249344,clickorlando.com,Bessent Will Meet Chinas Vice Premier In Paris Ahead Of Trumps Visit To Beijing,https://www.clickorlando.com/business/2026/03/12/bessent-will-meet-chinas-vice-premier-in-paris-ahead-of-trumps-visit-to-beijing/,,
2026-03-12,6,2026-03-12 21:00:00+00:00,0.5363565849728601,0.6845464706420898,0.09178692796517086,0.25974026,mymotherlode.com,Bessent Will Meet Chinas Vice Premier In Paris Ahead Of Trumps Visit To Beijing,https://mymotherlode.com/news/national/10624163/bessent-will-meet-chinas-vice-premier-in-paris-ahead-of-trumps-visit-to-beijing.html,,
2026-03-12,7,2026-03-12 20:00:00+00:00,0.5363565849728601,0.6845464706420898,0.09178692796517086,0.5249344,news4jax.com,Bessent Will Meet Chinas Vice Premier In Paris Ahead Of Trumps Visit To Beijing,https://www.news4jax.com/business/2026/03/12/bessent-will-meet-chinas-vice-premier-in-paris-ahead-of-trumps-visit-to-beijing/,,
2026-03-12,8,2026-03-12 20:00:00+00:00,0.5363565849728601,0.6845464706420898,0.09178692796517086,0.5249344,wsls.com,Bessent Will Meet Chinas Vice Premier In Paris Ahead Of Trumps Visit To Beijing,https://www.wsls.com/business/2026/03/12/bessent-will-meet-chinas-vice-premier-in-paris-ahead-of-trumps-visit-to-beijing/,,
2026-03-12,9,2026-03-12 19:00:00+00:00,0.5363565849728601,0.6845464706420898,0.09178692796517086,0.5,winnipegfreepress.com,Bessent Will Meet Chinas Vice Premier In Paris Ahead Of Trumps Visit To Beijing,https://www.winnipegfreepress.com/world/2026/03/12/bessent-will-meet-chinas-vice-premier-in-paris-ahead-of-trumps-visit-to-beijing,,
2026-03-12,10,2026-03-12 01:00:00+00:00,0.5225446392540019,0.6006815433502197,0.2881339269653484,-2.8846154,14news.com,Trump Visit Ohio Kentucky Discuss Wars Effect Economy,https://www.14news.com/2026/03/11/trump-visit-ohio-kentucky-discuss-wars-effect-economy/,,
2026-03-12,11,2026-03-12 00:00:00+00:00,0.5225446392540019,0.6006815433502197,0.2881339269653484,-2.8846154,wcax.com,Trump Visit Ohio Kentucky Discuss Wars Effect Economy,https://www.wcax.com/2026/03/11/trump-visit-ohio-kentucky-discuss-wars-effect-economy/,,
2026-03-12,12,2026-03-12 20:00:00+00:00,0.5169960105938358,0.6603779792785645,0.08685010453964977,3.7037036,ctvnews.ca,Us Treasury Secretary Will Meet Chinas Vice Premier In Paris Ahead Of Trumps Visit To Beijing,https://www.ctvnews.ca/world/article/us-treasury-secretary-will-meet-chinas-vice-premier-in-paris-ahead-of-trumps-visit-to-beijing/,,
2026-03-12,13,2026-03-12 14:00:00+00:00,0.5166301573329585,0.6109939813613892,0.23353868524766624,2.629108,globalsecurity.org,China 260312 Globaltimes01,https://www.globalsecurity.org/wmd/library/news/china/2026/03/china-260312-globaltimes01.htm,,
2026-03-12,14,2026-03-12 14:00:00+00:00,0.5100796664767878,0.6022599935531616,0.23353868524766624,4.7524753,globalsecurity.org,China 260310 Globaltimes02,https://www.globalsecurity.org/wmd/library/news/china/2026/03/china-260310-globaltimes02.htm,,
2026-03-12,15,2026-03-12 13:00:00+00:00,0.5042577406405898,0.6415239572525024,0.09245909080485208,-3.7790697,livemint.com,Xitrump Meeting Us Launches Trade Probe Against China Over Unfair Practices Will It Worsen Ties 11773315859936,https://www.livemint.com/news/us-news/xitrump-meeting-us-launches-trade-probe-against-china-over-unfair-practices-will-it-worsen-ties-11773315859936.html,,
2026-03-12,16,2026-03-12 01:00:00+00:00,0.503185408511586,0.6448729038238525,0.07812292257478652,-1.5706806,eenews.net,Burgum Trump Will Decide Whether The Us Participates In International Oil Release,https://www.eenews.net/articles/burgum-trump-will-decide-whether-the-us-participates-in-international-oil-release/,,
2026-03-12,17,2026-03-12 20:00:00+00:00,0.5023954406695333,0.6470320224761963,0.06848569524954451,-4.8698573,thetimes.com,Iran War Trump Xi China Vhlm7Dspp,https://www.thetimes.com/world/asia/article/iran-war-trump-xi-china-vhlm7dspp,,
2026-03-12,18,2026-03-12 03:00:00+00:00,0.4987319475343061,0.6409002542495728,0.07222702738850623,0.0,spotlightnepal.com,Trump Says Will End Conflict When He Wants,https://www.spotlightnepal.com/2026/03/12/trump-says-will-end-conflict-when-he-wants/,,
2026-03-12,19,2026-03-12 17:00:00+00:00,0.4913153595085997,0.6316512823104858,0.07030759110294148,-2.1482277,neweasterneurope.eu,Trumps Dealmaking Will Not Work With Putin A Ceasefire Must Come First,https://neweasterneurope.eu/2026/03/12/trumps-dealmaking-will-not-work-with-putin-a-ceasefire-must-come-first/,,
2026-03-12,20,2026-03-12 11:00:00+00:00,0.4894500855635215,0.6315983533859253,0.0630052820963101,0.7821229,aol.com,China Positions Itself Force Global 072129387,https://www.aol.com/articles/china-positions-itself-force-global-072129387.html,,
2026-03-12,21,2026-03-12 13:00:00+00:00,0.4857185729272909,0.6251580119132996,0.06740025596926492,-0.5,tibet.net,Australian Chinese Cheng Lei And Badiucao Visit Tibetan Parliament In Exile,https://tibet.net/australian-chinese-cheng-lei-and-badiucao-visit-tibetan-parliament-in-exile/,,
2026-03-12,22,2026-03-12 02:00:00+00:00,0.4846245804273507,0.6077643036842346,0.11520541065669879,-4.8582997,rawstory.com,Trump 2676086445,https://www.rawstory.com/trump-2676086445/,,
2026-03-12,23,2026-03-12 03:00:00+00:00,0.48422354547614066,0.6072295904159546,0.11520541065669879,-10.252366,alternet.org,Trump 2676086253,https://www.alternet.org/trump-2676086253/,,
2026-03-12,24,2026-03-12 15:00:00+00:00,0.4821851113283059,0.6045116782188416,0.11520541065669879,-6.751055,rawstory.com,Trump 2676088202,https://www.rawstory.com/trump-2676088202/,,
2026-03-12,25,2026-03-12 01:00:00+00:00,0.48211736650769943,0.6191484928131104,0.07102398759146657,6.2827225,travelweekly.com.au,Wendy Wu Tours Launches Full Inclusive China Uncovered,https://travelweekly.com.au/wendy-wu-tours-launches-full-inclusive-china-uncovered/,,
2026-03-12,26,2026-03-12 21:00:00+00:00,0.4819237566322274,0.618975043296814,0.07076989663846767,0.2624672,lasvegassun.com,Bessent Will Meet Chinas Vice Premier In Paris Ahe,https://lasvegassun.com/news/2026/mar/12/bessent-will-meet-chinas-vice-premier-in-paris-ahe/,,
2026-03-12,27,2026-03-12 02:00:00+00:00,0.4797583827220818,0.6012760400772095,0.11520541065669879,-8.444445,rawstory.com,Trump 2676086598,https://www.rawstory.com/trump-2676086598/,,
2026-03-12,28,2026-03-12 19:00:00+00:00,0.4725336316263594,0.6098086833953857,0.06070847631928042,-1.5318334,china-briefing.com,Germany China Relations Under Merz What The First Official Visit To Beijing Means For Business,https://www.china-briefing.com/news/germany-china-relations-under-merz-what-the-first-official-visit-to-beijing-means-for-business/,,
2026-03-12,29,2026-03-12 21:00:00+00:00,0.4673742941234487,0.6027389764785767,0.06128024705806497,0.62240666,nypost.com,Scott Bessent Meeting Chinas Vice Premier In Paris For Trade Talks Ahead Of Trumps Visit To China,https://nypost.com/2026/03/12/us-news/scott-bessent-meeting-chinas-vice-premier-in-paris-for-trade-talks-ahead-of-trumps-visit-to-china/,,
2026-03-13,1,2026-03-13 18:00:00+00:00,0.5712275906022836,0.7397160530090332,0.0657622033820348,-2.1814008,jdsupra.com,Trump Targets China Europe And 14 Other 8372163,https://www.jdsupra.com/legalnews/trump-targets-china-europe-and-14-other-8372163/,,
2026-03-13,2,2026-03-13 08:00:00+00:00,0.5675589144329971,0.610643744468689,0.43830442432592176,-4.0942926,yahoo.com,Trump Visit El Arepazo Won 181024418,https://www.yahoo.com/news/articles/trump-visit-el-arepazo-won-181024418.html,,
2026-03-13,3,2026-03-13 08:00:00+00:00,0.5627383705480379,0.6197342276573181,0.3917507992201971,0.0,wvxu.org,Trump Visit Cincinnati City Manager Review,https://www.wvxu.org/show/cincinnati-edition/2026-03-13/trump-visit-cincinnati-city-manager-review,,
2026-03-13,4,2026-03-13 10:00:00+00:00,0.5363565849728601,0.6845464706420898,0.09178692796517086,0.18050541,ksat.com,Bessent Will Meet Chinas Vice Premier In Paris Ahead Of Trumps Visit To Beijing,https://www.ksat.com/business/2026/03/12/bessent-will-meet-chinas-vice-premier-in-paris-ahead-of-trumps-visit-to-beijing/,,
2026-03-13,5,2026-03-13 14:00:00+00:00,0.5318759102228261,0.6840492486953735,0.07535589480518365,-1.7699115,washingtonexaminer.com,Trump Most Favored Nation Threatens Us Competitiveness China,https://www.washingtonexaminer.com/op-eds/4488743/trump-most-favored-nation-threatens-us-competitiveness-china/,,
2026-03-13,6,2026-03-13 12:00:00+00:00,0.5268214400873759,0.6232343912124634,0.23758258671211335,-8.144796,scmp.com,Beijing Warns Us Over Jimmy Lai Hong Kong And Taiwan Arms Sales Ahead Trump Visit,https://www.scmp.com/news/china/diplomacy/article/3346526/beijing-warns-us-over-jimmy-lai-hong-kong-and-taiwan-arms-sales-ahead-trump-visit,,
2026-03-13,7,2026-03-13 11:00:00+00:00,0.5226101139032265,0.6584116816520691,0.11520541065669879,-3.9927404,alternet.org,Cornered Trump,https://www.alternet.org/cornered-trump/,,
2026-03-13,8,2026-03-13 22:00:00+00:00,0.5192759406303171,0.670862078666687,0.0645175265212073,-2.479339,radaronline.com,Nuclear Doomsday China Trump War World 3,https://radaronline.com/p/nuclear-doomsday-china-trump-war-world-3/,,
2026-03-13,9,2026-03-13 13:00:00+00:00,0.5152932200917709,0.6411261558532715,0.1377944128072694,-0.41666666,scmp.com,Will Paracels Dispute Overshadow China And Vietnams Drive Stronger Strategic Ties,https://www.scmp.com/news/china/diplomacy/article/3346539/will-paracels-dispute-overshadow-china-and-vietnams-drive-stronger-strategic-ties,,
2026-03-13,10,2026-03-13 05:00:00+00:00,0.5060727413195624,0.6424852609634399,0.09683518238792956,-1.7142857,channelnewsasia.com,Japan Us Takaichi Visit Trump Iran War 5991056,https://www.channelnewsasia.com/east-asia/japan-us-takaichi-visit-trump-iran-war-5991056,,
2026-03-13,11,2026-03-13 02:00:00+00:00,0.5049484359796406,0.644121527671814,0.08742916090312022,1.9212296,kathmandupost.com,Embracing China Embracing Opportunities,https://kathmandupost.com/columns/2026/03/12/embracing-china-embracing-opportunities,,
2026-03-13,12,2026-03-13 12:00:00+00:00,0.5047908005499959,0.6486173868179321,0.07331104174618745,-2.6190476,news18.com,Despite Chinese Sanctions Marco Rubio Set To Visit China With Trump What We Know Ws L 9959137,https://www.news18.com/world/despite-chinese-sanctions-marco-rubio-set-to-visit-china-with-trump-what-we-know-ws-l-9959137.html,,
2026-03-13,13,2026-03-13 20:00:00+00:00,0.5016261023070694,0.6236677765846252,0.13550107947440165,-4.4790654,breitbart.com,China Linked Peoples Forum Communists Visit Cuba,https://www.breitbart.com/national-security/2026/03/13/china-linked-peoples-forum-communists-visit-cuba/,,
2026-03-13,14,2026-03-13 17:00:00+00:00,0.5012650981027473,0.6458879709243774,0.06739647963785701,0.798722,dailydot.com,Trump White House Prayer Parody Trend China,https://dailydot.com/trump-white-house-prayer-parody-trend-china,,
2026-03-13,15,2026-03-13 10:00:00+00:00,0.49596531204602784,0.640731930732727,0.0616654559859301,-2.0833333,theguardian.com,King Charles State Visit Us Donald Trump Military,https://www.theguardian.com/commentisfree/2026/mar/13/king-charles-state-visit-us-donald-trump-military,,
2026-03-13,16,2026-03-13 07:00:00+00:00,0.4935845443450829,0.6197109222412109,0.11520541065669879,-3.8170974,juancole.com,Horror Trump Burden,https://www.juancole.com/2026/03/horror-trump-burden.html,,
2026-03-13,17,2026-03-13 10:00:00+00:00,0.4925145440165593,0.6298414468765259,0.08053383543665955,-1.312336,slguardian.org,Taiwan Accelerates 40 Billion U S Arms Deal Ahead Of Trumps China Visit,https://slguardian.org/taiwan-accelerates-40-billion-u-s-arms-deal-ahead-of-trumps-china-visit/,,
2026-03-13,18,2026-03-13 10:00:00+00:00,0.48961471057303524,0.6244025826454163,0.08525109435589213,1.7064847,econotimes.com,Us Prepares Record 14 Billion Taiwan Arms Deal Pending Trumps China Visit 1736191,http://www.econotimes.com/US-Prepares-Record-14-Billion-Taiwan-Arms-Deal-Pending-Trumps-China-Visit-1736191,,
2026-03-13,19,2026-03-13 07:00:00+00:00,0.4873277938789741,0.6287814974784851,0.06296668308044127,-3.8684719,express.co.uk,Russia China Flood Airwaves World,https://www.express.co.uk/news/politics/2181531/russia-china-flood-airwaves-world,,
2026-03-13,20,2026-03-13 12:00:00+00:00,0.4846276202642342,0.6077683568000793,0.11520541065669879,-3.3033032,rawstory.com,Trump 2676098342,https://www.rawstory.com/trump-2676098342/,,
2026-03-13,21,2026-03-13 22:00:00+00:00,0.4843286022448639,0.6195743083953857,0.0785914837932983,-3.72549,newsghana.com.gh,Chinas Nostradamus Predicts Us Will Lose The Iran War,https://www.newsghana.com.gh/chinas-nostradamus-predicts-us-will-lose-the-iran-war/,,
2026-03-13,22,2026-03-13 10:00:00+00:00,0.4816275929340455,0.6207972168922424,0.06411872105945475,1.6666666,irishtimes.com,China And The Oireachtas,https://www.irishtimes.com/opinion/letters/2026/03/13/china-and-the-oireachtas/,,
2026-03-13,23,2026-03-13 02:00:00+00:00,0.48093587247961966,0.6028460264205933,0.11520541065669879,-1.843318,rawstory.com,Trump 2676097250,https://www.rawstory.com/trump-2676097250/,,
2026-03-13,24,2026-03-13 14:00:00+00:00,0.4786830211556028,0.6080862283706665,0.09047339951041175,-1.4563106,bgnes.com,China Moves Closer To Crewed Moon Landing,http://www.bgnes.com/science/china-moves-closer-to-crewed-moon-landing,,
2026-03-13,25,2026-03-13 16:00:00+00:00,0.4776921124180102,0.6040645241737366,0.0985748771508311,-0.99502486,dailypost.ng,Iran Govt Will Fall Maybe Not Immediately Trump,https://dailypost.ng/2026/03/13/iran-govt-will-fall-maybe-not-immediately-trump/,,
2026-03-13,26,2026-03-13 00:00:00+00:00,0.4759312439525537,0.6071723103523254,0.08220804475323844,-4.597701,drudge.com,China Irked Last Minute Scramble Plan,https://drudge.com/news/290628/china-irked-last-minute-scramble-plan,,
2026-03-13,27,2026-03-13 10:00:00+00:00,0.4757140391425628,0.6114010810852051,0.06865291331463583,8.053691,phnompenhpost.com,Thai King And Queen To Visit Laos Next Week,https://www.phnompenhpost.com/international/thai-king-and-queen-to-visit-laos-next-week,,
2026-03-13,28,2026-03-13 08:00:00+00:00,0.4671284238477181,0.6015241742134094,0.06394117275064412,-3.3898306,express.co.uk,China S Nostradamus Who Predicted Trump Iran War Warns How Ends,https://www.express.co.uk/news/weird/2181410/china-s-nostradamus-who-predicted-trump-iran-war-warns-how-ends,,
2026-03-14,1,2026-03-14 12:00:00+00:00,0.5829278979257059,0.6257842183113098,0.4543589367688941,-1.0928962,thetimes.com,King Iran Trump Visit Us Dxggddm77,https://www.thetimes.com/uk/royal-family/article/king-iran-trump-visit-us-dxggddm77,,
2026-03-14,2,2026-03-14 04:00:00+00:00,0.529496568062007,0.6824663281440735,0.07058728781580727,1.1764706,dailymail.co.uk,Donald Trump Tiktok Deal Us China,https://www.dailymail.co.uk/news/article-15644941/Donald-Trump-TikTok-deal-US-China.html,,
2026-03-14,3,2026-03-14 17:00:00+00:00,0.5028317555172471,0.641145646572113,0.08789008235264952,-4.0358744,athens-times.com,Trump We Will Open The Strait Of Hormuz Call To Uk China And Allies,https://athens-times.com/trump-we-will-open-the-strait-of-hormuz-call-to-uk-china-and-allies/,,
2026-03-14,4,2026-03-14 19:00:00+00:00,0.4918900874064432,0.629265546798706,0.07976370922965464,-4.1666665,wn.com,Trump Says Many Countries Will Send War Ships To Patrol Stra,https://article.wn.com/view/2026/03/14/Trump_says_many_countries_will_send_war_ships_to_patrol_Stra/,,
2026-03-14,5,2026-03-14 15:00:00+00:00,0.4891910859786889,0.6138529777526855,0.11520541065669879,0.0,rawstory.com,Trump 2676103078,https://www.rawstory.com/trump-2676103078/,,
2026-03-14,6,2026-03-14 15:00:00+00:00,0.4882379183017632,0.6125820875167847,0.11520541065669879,-7.352941,rawstory.com,Trump 2676105566,https://www.rawstory.com/trump-2676105566/,,
2026-03-14,7,2026-03-14 16:00:00+00:00,0.4858778659462299,0.6170110106468201,0.09247843184445942,-3.7974684,cnbctv18.com,Trump Hopes Us Uk China France Will Send Warships To Free Strait Of Hormuz Ws L 19868459,https://www.cnbctv18.com/world/trump-hopes-us-uk-china-france-will-send-warships-to-free-strait-of-hormuz-ws-l-19868459.htm,,
2026-03-14,8,2026-03-14 16:00:00+00:00,0.48396658985251395,0.6068869829177856,0.11520541065669879,-6.3131313,rawstory.com,Trump 2676108497,https://www.rawstory.com/trump-2676108497/,,
2026-03-14,9,2026-03-14 15:00:00+00:00,0.483027235552015,0.6056345105171204,0.11520541065669879,-5.6603775,rawstory.com,Trump 2676102711,https://www.rawstory.com/trump-2676102711/,,
2026-03-14,10,2026-03-14 18:00:00+00:00,0.4820806989336739,0.6192655563354492,0.07052612672834785,-1.2738854,gazetaexpress.com,Trump Says The Us Will Definitely Open The Strait Of Hormuz,https://www.gazetaexpress.com/en/Trump-says-the-US-will-definitely-open-the-Strait-of-Hormuz/,,
2026-03-14,11,2026-03-14 20:00:00+00:00,0.48188638025677333,0.6192904710769653,0.0696741077961972,-1.6736401,heraldglobe.com,Trump Says Many Countries Will Send Warships To Hormuz Strait,http://www.heraldglobe.com/news/278922245/trump-says-many-countries-will-send-warships-to-hormuz-strait,,
2026-03-14,12,2026-03-14 19:00:00+00:00,0.48188638025677333,0.6192904710769653,0.0696741077961972,-1.6736401,calcuttanews.net,Trump Says Many Countries Will Send Warships To Hormuz Strait,http://www.calcuttanews.net/news/278922245/trump-says-many-countries-will-send-warships-to-hormuz-strait,,
2026-03-14,13,2026-03-14 14:00:00+00:00,0.4801234915093957,0.6201762557029724,0.05996519892866558,-2.9239767,express.co.uk,King Charles Us State Visit Latest,https://www.express.co.uk/news/royal/2182211/king-charles-us-state-visit-latest,,
2026-03-14,14,2026-03-14 07:00:00+00:00,0.4726477453134206,0.603469729423523,0.08018179298311344,-3.4246576,news.az,Russell Claims Thrilling China Sprint Victory,https://news.az/news/russell-claims-thrilling-china-sprint-victory,,
2026-03-14,15,2026-03-14 19:00:00+00:00,0.4719064616880207,0.606226921081543,0.06894508350745387,-4.432133,newindianexpress.com,Trump Says World Powers Will Hopefully Send Ships To Secure Strait Of Hormuz,https://www.newindianexpress.com/world/2026/Mar/14/trump-says-world-powers-will-hopefully-send-ships-to-secure-strait-of-hormuz,,
2026-03-15,1,2026-03-15 08:00:00+00:00,0.5897195751619171,0.6665678024291992,0.35917489336007086,-5.239688,countercurrents.org,How Will Trump Get Out Of This War,https://countercurrents.org/2026/03/how-will-trump-get-out-of-this-war/,,
2026-03-15,2,2026-03-15 16:00:00+00:00,0.559156374021711,0.7071400284767151,0.11520541065669879,-5.382131,alternet.org,Trump Turkey,https://www.alternet.org/trump-turkey/,,
2026-03-15,3,2026-03-15 00:00:00+00:00,0.5444300890870591,0.6941813230514526,0.09517638719387872,0.0,dailykos.com,Trump Getting Desperate The Domino Theory Might Have Been Right Or China Will Own The Ev Market,https://www.dailykos.com/stories/2026/3/14/2373195/-Trump-getting-Desperate-The-Domino-Theory-might-have-been-right-Or-China-will-own-the-EV-market,,
2026-03-15,4,2026-03-15 21:00:00+00:00,0.5245478864625717,0.6718283295631409,0.08270655716086407,-0.7751938,columbian.com,U S China Discuss Trade,https://www.columbian.com/news/2026/mar/15/u-s-china-discuss-trade/,,
2026-03-15,5,2026-03-15 14:00:00+00:00,0.5167740506642116,0.6670317053794861,0.06600108651838794,3.8461537,theepochtimes.com,Top Us China Trade Negotiators Meet In Paris Ahead Of Trumps Visit To Beijing 5999018,https://www.theepochtimes.com/china/top-us-china-trade-negotiators-meet-in-paris-ahead-of-trumps-visit-to-beijing-5999018,,
2026-03-15,6,2026-03-15 10:00:00+00:00,0.5165125522065007,0.642457902431488,0.1386765015315386,-2.2891567,gatestoneinstitute.org,Trump Iran China Dream,https://www.gatestoneinstitute.org/22341/trump-iran-china-dream,,
2026-03-15,7,2026-03-15 16:00:00+00:00,0.5029028960906884,0.6321353912353516,0.11520541065669879,-1.340559,alternet.org,Trump Connections,https://www.alternet.org/alternet-exclusives/trump-connections/,,
2026-03-15,8,2026-03-15 01:00:00+00:00,0.5029028960906884,0.6321353912353516,0.11520541065669879,-1.340559,alternet.org,Trump Connections,https://www.alternet.org/trump-connections/,,
2026-03-15,9,2026-03-15 09:00:00+00:00,0.49359936245239866,0.6371206641197205,0.06303545745043336,-4.402516,scmp.com,Tariffs Stockpiles Distrust Eus Messy Bid Ditch China Hits Capacity Problems,https://www.scmp.com/news/china/diplomacy/article/3346639/tariffs-stockpiles-distrust-eus-messy-bid-ditch-china-hits-capacity-problems,,
2026-03-15,10,2026-03-15 16:00:00+00:00,0.4922868199972502,0.6272658705711365,0.08734966827559154,0.0,dailykos.com,Trump Will Feel It In His Bones,https://www.dailykos.com/stories/2026/3/15/2373275/-Trump-will-feel-it-in-his-bones,,
2026-03-15,11,2026-03-15 21:00:00+00:00,0.4899932005845925,0.6149224638938904,0.11520541065669879,-4.897959,rawstory.com,Trump 2676167014,https://www.rawstory.com/trump-2676167014/,,
2026-03-15,12,2026-03-15 14:00:00+00:00,0.4882906158288036,0.6285544633865356,0.06749907315560764,-6.4356437,ariananews.af,China Offers To Mediate Between Kabul And Islamabad,https://www.ariananews.af/china-offers-to-mediate-between-kabul-and-islamabad/,,
2026-03-15,13,2026-03-15 17:00:00+00:00,0.48818597285384147,0.6125128269195557,0.11520541065669879,1.8927444,rawstory.com,Trump 2676155446,https://www.rawstory.com/trump-2676155446/,,
2026-03-15,14,2026-03-15 13:00:00+00:00,0.48799347965353934,0.6122561693191528,0.11520541065669879,-2.2167487,rawstory.com,Trump 2676147666,https://www.rawstory.com/trump-2676147666/,,
2026-03-15,15,2026-03-15 17:00:00+00:00,0.4865198293172738,0.6102913022041321,0.11520541065669879,0.872093,rawstory.com,Trump 2676159147,https://www.rawstory.com/trump-2676159147/,,
2026-03-15,16,2026-03-15 01:00:00+00:00,0.4854768523418328,0.6089006662368774,0.11520541065669879,-8.494208,rawstory.com,Trump 2676116020,https://www.rawstory.com/trump-2676116020/,,
2026-03-15,17,2026-03-15 18:00:00+00:00,0.4841423639499566,0.6071213483810425,0.11520541065669879,-3.9215686,rawstory.com,Trump 2676159479,https://www.rawstory.com/trump-2676159479/,,
2026-03-15,18,2026-03-15 21:00:00+00:00,0.4837419548475167,0.6065874695777893,0.11520541065669879,-4.3636365,rawstory.com,Trump 2676160204,https://www.rawstory.com/trump-2676160204/,,
2026-03-15,19,2026-03-15 17:00:00+00:00,0.4832304128848931,0.6059054136276245,0.11520541065669879,-6.589147,rawstory.com,Trump 2676151611,https://www.rawstory.com/trump-2676151611/,,
2026-03-15,20,2026-03-15 16:00:00+00:00,0.4814972588264367,0.6035945415496826,0.11520541065669879,-2.9185867,alternet.org,Cornered Trump 2676148831,https://www.alternet.org/cornered-trump-2676148831/,,
2026-03-15,21,2026-03-15 14:00:00+00:00,0.4747631706168164,0.6102794408798218,0.0682143598278002,-6.060606,wn.com,Will Bomb The Hell Out Of The Shoreline Trump Vows To Reopen,https://article.wn.com/view/2026/03/15/Will_Bomb_The_Hell_Out_Of_The_Shoreline_Trump_Vows_To_Reopen/,,
2026-03-16,1,2026-03-16 09:00:00+00:00,0.6780712639659398,0.74650639295578,0.4727658769964188,-0.7692308,channelnewsasia.com,China Us Trump Visit Maintaining Communication 5996136,https://www.channelnewsasia.com/east-asia/china-us-trump-visit-maintaining-communication-5996136,,
2026-03-16,2,2026-03-16 10:00:00+00:00,0.671237061559106,0.7490668892860413,0.43774757837830014,-0.78125,punchng.com,China Maintaining Communication With Us Over Trump Visit,https://punchng.com/china-maintaining-communication-with-us-over-trump-visit/,,
2026-03-16,3,2026-03-16 13:00:00+00:00,0.6686138942086173,0.7569050192832947,0.40374051898458496,-1.2802275,theguardian.com,China Us Trump Visit Strait Of Hormuz,https://www.theguardian.com/world/2026/mar/16/china-us-trump-visit-strait-of-hormuz,,
2026-03-16,4,2026-03-16 20:00:00+00:00,0.6673465840214199,0.7599219083786011,0.38962061094987627,-3.1298904,al-monitor.com,Us China Hold Constructive Talks Trade Trump Visit Doubt,https://www.al-monitor.com/originals/2026/03/us-china-hold-constructive-talks-trade-trump-visit-doubt,,
2026-03-16,5,2026-03-16 14:00:00+00:00,0.6654286763894074,0.779316246509552,0.3237659660289735,0.0,scmp.com,China And Us End Trade Talks Doubts Form Over Trump Visit,https://www.scmp.com/economy/global-economy/article/3346787/china-and-us-end-trade-talks-doubts-form-over-trump-visit,,
2026-03-16,6,2026-03-16 14:00:00+00:00,0.6622349967981103,0.7540755271911621,0.3867134056189549,-3.6630037,thefrontierpost.com,China Says Maintaining Communication With Us Over Trump Visit,https://thefrontierpost.com/china-says-maintaining-communication-with-us-over-trump-visit/,,
2026-03-16,7,2026-03-16 12:00:00+00:00,0.6622349967981103,0.7540755271911621,0.3867134056189549,-3.1847134,ewn.co.za,China Says Maintaining Communication With Us Over Trump Visit,https://www.ewn.co.za/2026/03/16/china-says-maintaining-communication-with-us-over-trump-visit,,
2026-03-16,8,2026-03-16 10:00:00+00:00,0.6610192345097539,0.765648365020752,0.3471318429767594,-0.7936508,freemalaysiatoday.com,China Says In Communication With Us Over Trump Visit,https://www.freemalaysiatoday.com/category/world/2026/03/16/china-says-in-communication-with-us-over-trump-visit,,
2026-03-16,9,2026-03-16 21:00:00+00:00,0.65007347127803,0.7569947838783264,0.3293095334771404,-3.125,freemalaysiatoday.com,Us China Hold Constructive Talks On Trade But Trump Visit In Doubt,https://www.freemalaysiatoday.com/category/highlight/2026/03/17/us-china-hold-constructive-talks-on-trade-but-trump-visit-in-doubt,,
2026-03-16,10,2026-03-16 14:00:00+00:00,0.6243391503453721,0.7277279496192932,0.314172752523609,-1.1727079,indianexpress.com,China This Week Delay Trump Visit Fdi Five Year Plan 10585087,https://indianexpress.com/article/explained/explained-global/china-this-week-delay-trump-visit-fdi-five-year-plan-10585087/,,
2026-03-16,11,2026-03-16 14:00:00+00:00,0.6243391503453721,0.7277279496192932,0.314172752523609,0.0,indianexpress.com,China This Week Delay Trump Visit Fdi Five Year Plan 10585087,https://indianexpress.com/shorts/explained/explained-global/china-this-week-delay-trump-visit-fdi-five-year-plan-10585087/,,
2026-03-16,12,2026-03-16 11:00:00+00:00,0.6088911871188067,0.7847422361373901,0.08133804006305642,-3.256445,theglobeandmail.com,Article China Urges Trump Not To Delay Planned State Visit,https://www.theglobeandmail.com/world/article-china-urges-trump-not-to-delay-planned-state-visit/,,
2026-03-16,13,2026-03-16 12:00:00+00:00,0.5952196697827986,0.7703495025634766,0.06983017144076488,-0.40281975,nepalitimes.com,Trump S China Trip Aiming For Deliverables,https://nepalitimes.com/opinion/trump-s-china-trip-aiming-for-deliverables,,
2026-03-16,14,2026-03-16 09:00:00+00:00,0.5855012614232101,0.749793529510498,0.09262445716134621,-1.1111112,yahoo.com,Donald Trump Might Postpone China 083227964,https://www.yahoo.com/news/articles/donald-trump-might-postpone-china-083227964.html,,
2026-03-16,15,2026-03-16 11:00:00+00:00,0.5839933873313419,0.7495414018630981,0.08734934373607289,-0.31948882,investinglive.com,China Reaffirms That They Are In Communication With Us On Trumps Visit 20260316,https://investinglive.com:443/news/china-reaffirms-that-they-are-in-communication-with-us-on-trumps-visit-20260316/,,
2026-03-16,16,2026-03-16 06:00:00+00:00,0.5746599272655629,0.7283726334571838,0.11352180869070032,-1.826484,marketscreener.com,Trump Could Postpone China Visit If Hormuz Situation Remains Unchanged Ce7E5Edad88Cf525,https://www.marketscreener.com/news/trump-could-postpone-china-visit-if-hormuz-situation-remains-unchanged-ce7e5edad88cf525,,
2026-03-16,17,2026-03-16 11:00:00+00:00,0.5471881059900134,0.6979002952575684,0.09505153818734877,-2.3809524,yahoo.com,Trump Needs China Help Fixing 085504367,https://www.yahoo.com/news/articles/trump-needs-china-help-fixing-085504367.html,,
2026-03-16,18,2026-03-16 10:00:00+00:00,0.5376751048910607,0.695763349533081,0.06341037096499987,-2.5099075,aol.co.uk,Trump Hints Delaying China Summit 101143679,https://www.aol.co.uk/articles/trump-hints-delaying-china-summit-101143679.html,,
2026-03-16,19,2026-03-16 15:00:00+00:00,0.5357965138913708,0.6894806623458862,0.07474406852782466,-3.9215686,scmp.com,Beijing Iran War Trumps China Trade Plan New Ai Arena 7 Us China Relations Reads,https://www.scmp.com/news/china/article/3346569/beijing-iran-war-trumps-china-trade-plan-new-ai-arena-7-us-china-relations-reads,,
2026-03-16,20,2026-03-16 22:00:00+00:00,0.5354811535457016,0.6836711764335632,0.09091108488211679,-0.79113925,newkerala.com,Trump May Delay China Visit Amid Iran War 241,https://www.newkerala.com/news/a/trump-may-delay-china-visit-amid-iran-war-241.htm,,
2026-03-16,21,2026-03-16 21:00:00+00:00,0.5354346257964602,0.6863878965377808,0.08257481357249848,-4.0,marketscreener.com,Will The Trump Xi Summit Go Ahead Ce7E5Edbd98Dff2D,https://www.marketscreener.com/news/will-the-trump-xi-summit-go-ahead-ce7e5edbd98dff2d,,
2026-03-16,22,2026-03-16 17:00:00+00:00,0.5272758638992097,0.6708713173866272,0.09648950343695693,-2.1806853,washingtonexaminer.com,Donald Trump Strait Of Hormuz China Visit Xi Jinping,https://www.washingtonexaminer.com/news/world/4492633/donald-trump-strait-of-hormuz-china-visit-xi-jinping/,,
2026-03-16,23,2026-03-16 15:00:00+00:00,0.5244250320820794,0.6769824028015137,0.0667529199237763,-2.6449645,chicagotribune.com,Trump China Bessent Strait Hormuz,https://www.chicagotribune.com/2026/03/16/trump-china-bessent-strait-hormuz/,,
2026-03-16,24,2026-03-16 14:00:00+00:00,0.5208809036135895,0.6709495186805725,0.07067505841264063,-1.1571255,americasquarterly.org,Mexico China Strategy,https://www.americasquarterly.org/article/mexico-china-strategy/,,
2026-03-16,25,2026-03-16 11:00:00+00:00,0.5181146706157344,0.6129733324050903,0.23353868524766624,0.0,globalsecurity.org,China 260313 Globaltimes05,https://www.globalsecurity.org/wmd/library/news/china/2026/03/china-260313-globaltimes05.htm,,
2026-03-16,26,2026-03-16 11:00:00+00:00,0.5171070540958064,0.611629843711853,0.23353868524766624,-3.8709676,globalsecurity.org,China 260313 Globaltimes03,https://www.globalsecurity.org/wmd/library/news/china/2026/03/china-260313-globaltimes03.htm,,
2026-03-16,27,2026-03-16 11:00:00+00:00,0.5135474945121424,0.6068837642669678,0.23353868524766624,-7.0833335,globalsecurity.org,China 260313 Globaltimes04,https://www.globalsecurity.org/wmd/library/news/china/2026/03/china-260313-globaltimes04.htm,,
2026-03-16,28,2026-03-16 11:00:00+00:00,0.5127263809257167,0.6057889461517334,0.23353868524766624,-1.6877637,globalsecurity.org,China 260314 Globaltimes01,https://www.globalsecurity.org/wmd/library/news/china/2026/03/china-260314-globaltimes01.htm,,
2026-03-16,29,2026-03-16 11:00:00+00:00,0.5115597988181727,0.6042335033416748,0.23353868524766624,-4.0,globalsecurity.org,China 260313 Globaltimes06,https://www.globalsecurity.org/wmd/library/news/china/2026/03/china-260313-globaltimes06.htm,,
2026-03-16,30,2026-03-16 18:00:00+00:00,0.5099417104524369,0.6575520634651184,0.06711065141439221,-1.5584415,foreignpolicy.com,Trump China Investment Manufacturing,https://foreignpolicy.com/2026/03/16/trump-china-investment-manufacturing/,,
2026-03-16,31,2026-03-16 14:00:00+00:00,0.5052635418446165,0.6515179872512817,0.06650020562462072,-3.113553,newrepublic.com,Donald Trump Begs Nato China Iran Strait Hormuz,https://newrepublic.com/post/207795/donald-trump-begs-nato-china-iran-strait-hormuz,,
2026-03-16,32,2026-03-16 12:00:00+00:00,0.5048540478504518,0.6507096290588379,0.06728730422529376,-3.9426522,cnbc.com,Bessent Trump Xi China Iran War,https://www.cnbc.com/2026/03/16/bessent-trump-xi-china-iran-war.html,,
2026-03-16,33,2026-03-16 14:00:00+00:00,0.5036048538546116,0.6475224494934082,0.07185206693822184,-2.4182076,independent.co.uk,Trump China Jinping Iran War B2939256,https://www.independent.co.uk/news/world/americas/us-politics/trump-china-jinping-iran-war-b2939256.html,,
2026-03-16,34,2026-03-16 10:00:00+00:00,0.5020073966411055,0.6446337699890137,0.07412827659738101,-2.486911,fortune.com,Trump Asia Section 301 Probes China Malaysia Tariffs,https://fortune.com/2026/03/16/trump-asia-section-301-probes-china-malaysia-tariffs/,,
2026-03-16,35,2026-03-16 16:00:00+00:00,0.5005592525431896,0.644629955291748,0.06834714429751414,0.7117438,theweek.com,Trump Demands Allies China Hormuz Escort,https://theweek.com/world-news/trump-demands-allies-china-hormuz-escort,,
2026-03-16,36,2026-03-16 06:00:00+00:00,0.5000041753331702,0.6380226016044617,0.08594889651929592,-1.2269939,scmp.com,Trumps China Visit Limited Beijing Due Tight Schedule And Security Needs Sources?Module=Series Trump%E2%80%99S 2026 Trip To China&Pgtype=Homepage,https://www.scmp.com/news/china/politics/article/3345970/trumps-china-visit-limited-beijing-due-tight-schedule-and-security-needs-sources?module=series_trump%E2%80%99s_2026_trip_to_china&pgtype=homepage,,
2026-03-16,37,2026-03-16 17:00:00+00:00,0.499816574378312,0.642757773399353,0.070992977315189,-4.063861,washingtonexaminer.com,Truth China Organ Harvest Inconvenient Source,https://www.washingtonexaminer.com/news/washington-secrets/4492695/truth-china-organ-harvest-inconvenient-source/,,
2026-03-16,38,2026-03-16 22:00:00+00:00,0.49835362634135316,0.6443477869033813,0.0603711446552687,2.6666667,businesstimes.com.sg,Deals Over Principles Trumps China Gambit Shadow Iran,https://www.businesstimes.com.sg/opinion-features/deals-over-principles-trumps-china-gambit-shadow-iran,,
2026-03-16,39,2026-03-16 12:00:00+00:00,0.4899451890432259,0.6148584485054016,0.11520541065669879,-1.5345268,rawstory.com,Trump 2676100623,https://www.rawstory.com/raw-investigates/trump-2676100623/,,
2026-03-16,40,2026-03-16 22:00:00+00:00,0.48958009033850586,0.6282360553741455,0.0736121952315869,-2.7863777,cnbc.com,Trump China Iran Xi War Trade,https://www.cnbc.com/2026/03/16/trump-china-iran-xi-war-trade.html,,
2026-03-16,41,2026-03-16 08:00:00+00:00,0.48952913478770776,0.6231531500816345,0.08865708890592748,-4.0,firstpost.com,China Resumes Taiwan Overflights Ahead Of Trumps Beijing Visit Is It A Warning Or A Warm Up 13989923,https://www.firstpost.com/world/china-resumes-taiwan-overflights-ahead-of-trumps-beijing-visit-is-it-a-warning-or-a-warm-up-13989923.html,,
2026-03-16,42,2026-03-16 11:00:00+00:00,0.4889325324377717,0.6300195455551147,0.0656714930857424,-1.968504,benzinga.com,Trump May Delay China Visit As He Urges Beijings Action In The Strait Of Hormuz In Two Weeks,https://www.benzinga.com/news/politics/26/03/51262729/trump-may-delay-china-visit-as-he-urges-beijings-action-in-the-strait-of-hormuz-in-two-weeks,,
2026-03-16,43,2026-03-16 17:00:00+00:00,0.48885232298010795,0.6134012937545776,0.11520541065669879,0.27322406,rawstory.com,Trump 2676214324,https://www.rawstory.com/trump-2676214324/,,
2026-03-16,44,2026-03-16 12:00:00+00:00,0.4875797042095086,0.6117044687271118,0.11520541065669879,-3.323263,rawstory.com,Trump 2676204643,https://www.rawstory.com/trump-2676204643/,,
2026-03-16,45,2026-03-16 02:00:00+00:00,0.48618710128897635,0.6098476648330688,0.11520541065669879,-6.6666665,rawstory.com,Trump 2676180240,https://www.rawstory.com/trump-2676180240/,,
2026-03-16,46,2026-03-16 21:00:00+00:00,0.48534864275092093,0.6087297201156616,0.11520541065669879,-7.5324674,rawstory.com,Trump 2676207491,https://www.rawstory.com/trump-2676207491/,,
2026-03-16,47,2026-03-16 20:00:00+00:00,0.48476432438384626,0.6252540946006775,0.06329501373335256,-2.8070176,alternet.org,Trump Isolated Iran,https://www.alternet.org/trump-isolated-iran/,,
2026-03-16,48,2026-03-16 17:00:00+00:00,0.4828002312623879,0.6053318381309509,0.11520541065669879,-5.3254437,rawstory.com,Trump 2676206896,https://www.rawstory.com/trump-2676206896/,,
2026-03-16,49,2026-03-16 14:00:00+00:00,0.48148466783061006,0.6180033087730408,0.07192874500331783,0.0,channelnewsasia.com,Us Treasury Chief Discusses New Tariff Regime Beijing Trump Warns He May Delay China Visit 5996536,https://www.channelnewsasia.com/watch/us-treasury-chief-discusses-new-tariff-regime-beijing-trump-warns-he-may-delay-china-visit-5996536,,
2026-03-16,50,2026-03-16 17:00:00+00:00,0.48053690721930564,0.6111947894096375,0.08856326064831022,3.081914,news.az,Why Is China Important For Kazakhstan,https://news.az/news/why-is-china-important-for-kazakhstan,,
2026-03-16,51,2026-03-16 21:00:00+00:00,0.48049312917822806,0.6022557020187378,0.11520541065669879,-3.8997214,rawstory.com,Trump 2676221565,https://www.rawstory.com/trump-2676221565/,,
2026-03-16,52,2026-03-16 17:00:00+00:00,0.48017537681693045,0.6018320322036743,0.11520541065669879,0.37453184,rawstory.com,Trump 2676219892,https://www.rawstory.com/trump-2676219892/,,
2026-03-16,53,2026-03-16 05:00:00+00:00,0.47995089455559786,0.6143413186073303,0.07677962240040041,-2.096774,newsday.com,Trump China Iran Strait Hormuz I75743,https://www.newsday.com/news/nation/trump-china-iran-strait-hormuz-i75743,,
2026-03-16,54,2026-03-16 17:00:00+00:00,0.4798548975431344,0.6014047265052795,0.11520541065669879,-0.73800737,rawstory.com,Trump 2676222511,https://www.rawstory.com/trump-2676222511/,,
2026-03-16,55,2026-03-16 16:00:00+00:00,0.477862593928616,0.6083182692527771,0.08649556795613286,-5.194805,theepochtimes.com,Bessent Says Iran War Not Trade May Delay Trumps China Visit 5999303,https://www.theepochtimes.com/world/bessent-says-iran-war-not-trade-may-delay-trumps-china-visit-5999303,,
2026-03-16,56,2026-03-16 20:00:00+00:00,0.47400574584263144,0.6054434776306152,0.07969255047868011,-4.7311826,irishmirror.ie,Ireland Will Not Involved Trumps 36876600,https://www.irishmirror.ie/news/irish-news/politics/ireland-will-not-involved-trumps-36876600,,
2026-03-16,57,2026-03-16 20:00:00+00:00,0.46809569175731275,0.6030292510986328,0.06329501373335256,-3.3333333,alternet.org,Trump Shocked Iran,https://www.alternet.org/trump-shocked-iran/,,
2026-03-16,58,2026-03-16 23:00:00+00:00,0.46807812399789467,0.6020146012306213,0.06626869229971458,3.5789473,blueprint.ng,Tinubu Begins Historic Visit To United Kingdom,https://blueprint.ng/tinubu-begins-historic-visit-to-united-kingdom/,,
2026-03-16,59,2026-03-16 13:00:00+00:00,0.467224606081441,0.6024912595748901,0.06142464560109354,0.65789473,washingtonexaminer.com,Japan Takaichi Golden Dome White House Visit,https://www.washingtonexaminer.com/news/world/4491484/japan-takaichi-golden-dome-white-house-visit/,,
2026-03-17,1,2026-03-17 13:00:00+00:00,0.6464181885787555,0.7452465295791626,0.3499331655775344,-1.7985611,thestar.com.my,China Says Takes Note Of Us 039Clarifications039 On Possible Trump Visit Delay,https://www.thestar.com.my/aseanplus/aseanplus-news/2026/03/17/china-says-takes-note-of-us-039clarifications039-on-possible-trump-visit-delay,,
2026-03-17,2,2026-03-17 15:00:00+00:00,0.6177271605022039,0.7922766804695129,0.09407860060027663,-2.2857144,athens-times.com,The Reason Behind Trumps Postponed China Visit And What To Expect Next,https://athens-times.com/the-reason-behind-trumps-postponed-china-visit-and-what-to-expect-next/,,
2026-03-17,3,2026-03-17 05:00:00+00:00,0.6077849572183678,0.7751057147979736,0.10582268447955033,-1.3888888,spotlightnepal.com,Trump Asks China Delay His Planned Visit About Month,https://www.spotlightnepal.com/2026/03/17/trump-asks-china-delay-his-planned-visit-about-month/,,
2026-03-17,4,2026-03-17 08:00:00+00:00,0.5963359586108538,0.6928495168685913,0.30679528383764093,-3.1007752,bignewsnetwork.com,China Us In Communication Regarding Date Of Trump Visit Spokesperson,http://www.bignewsnetwork.com/news/278926940/china-us-in-communication-regarding-date-of-trump-visit-spokesperson,,
2026-03-17,5,2026-03-17 11:00:00+00:00,0.588795920291766,0.712594747543335,0.2173994385370589,-1.7301039,aawsat.com,5252171 China Says Takes Note Us %E2%80%98Clarifications%E2%80%99 Possible Trump Visit Delay,https://english.aawsat.com/world/5252171-china-says-takes-note-us-%E2%80%98clarifications%E2%80%99-possible-trump-visit-delay,,
2026-03-17,6,2026-03-17 23:00:00+00:00,0.5869293529003062,0.7573832273483276,0.07556772955624183,-1.4553014,newyorktelegraph.com,Trump Postpones China Visit By Five Or Six Weeks,http://www.newyorktelegraph.com/news/278928094/trump-postpones-china-visit-by-five-or-six-weeks,,
2026-03-17,7,2026-03-17 22:00:00+00:00,0.5869293529003062,0.7573832273483276,0.07556772955624183,-1.4553014,shanghainews.net,Trump Postpones China Visit By Five Or Six Weeks,http://www.shanghainews.net/news/278928094/trump-postpones-china-visit-by-five-or-six-weeks,,
2026-03-17,8,2026-03-17 20:00:00+00:00,0.5869293529003062,0.7573832273483276,0.07556772955624183,-1.4553014,chinanationalnews.com,Trump Postpones China Visit By Five Or Six Weeks,http://www.chinanationalnews.com/news/278928094/trump-postpones-china-visit-by-five-or-six-weeks,,
2026-03-17,9,2026-03-17 20:00:00+00:00,0.5869293529003062,0.7573832273483276,0.07556772955624183,-1.4553014,heraldglobe.com,Trump Postpones China Visit By Five Or Six Weeks,http://www.heraldglobe.com/news/278928094/trump-postpones-china-visit-by-five-or-six-weeks,,
2026-03-17,10,2026-03-17 20:00:00+00:00,0.5869293529003062,0.7573832273483276,0.07556772955624183,-1.4553014,newyorkstatesman.com,Trump Postpones China Visit By Five Or Six Weeks,http://www.newyorkstatesman.com/news/278928094/trump-postpones-china-visit-by-five-or-six-weeks,,
2026-03-17,11,2026-03-17 20:00:00+00:00,0.5869293529003062,0.7573832273483276,0.07556772955624183,-1.4553014,russiaherald.com,Trump Postpones China Visit By Five Or Six Weeks,http://www.russiaherald.com/news/278928094/trump-postpones-china-visit-by-five-or-six-weeks,,
2026-03-17,12,2026-03-17 20:00:00+00:00,0.5869293529003062,0.7573832273483276,0.07556772955624183,-1.4553014,asiabulletin.com,Trump Postpones China Visit By Five Or Six Weeks,http://www.asiabulletin.com/news/278928094/trump-postpones-china-visit-by-five-or-six-weeks,,
2026-03-17,13,2026-03-17 19:00:00+00:00,0.5869293529003062,0.7573832273483276,0.07556772955624183,-1.4553014,newzealandstar.com,Trump Postpones China Visit By Five Or Six Weeks,http://www.newzealandstar.com/news/278928094/trump-postpones-china-visit-by-five-or-six-weeks,,
2026-03-17,14,2026-03-17 19:00:00+00:00,0.5869293529003062,0.7573832273483276,0.07556772955624183,-1.4553014,arabherald.com,Trump Postpones China Visit By Five Or Six Weeks,http://www.arabherald.com/news/278928094/trump-postpones-china-visit-by-five-or-six-weeks,,
2026-03-17,15,2026-03-17 19:00:00+00:00,0.5869293529003062,0.7573832273483276,0.07556772955624183,-1.4553014,iraqsun.com,Trump Postpones China Visit By Five Or Six Weeks,http://www.iraqsun.com/news/278928094/trump-postpones-china-visit-by-five-or-six-weeks,,
2026-03-17,16,2026-03-17 17:00:00+00:00,0.5846580581785549,0.7524605989456177,0.08125043587736663,-3.8699691,yahoo.com,Trump Requests Delay Planned China 122752843,https://www.yahoo.com/news/articles/trump-requests-delay-planned-china-122752843.html,,
2026-03-17,17,2026-03-17 00:00:00+00:00,0.5776606457877584,0.7362830638885498,0.10179339148538441,-1.875,en.apa.az,Trump Says His Visit To China Can Be Delayed By About A Month 497170,https://en.apa.az/america/trump-says-his-visit-to-china-can-be-delayed-by-about-a-month-497170,,
2026-03-17,18,2026-03-17 20:00:00+00:00,0.5725006548679368,0.6687096357345581,0.283873712268073,-2.9585798,chinanationalnews.com,Trump Visit Has Nothing To Do With Strait Of Hormuz Closure China Mfa,http://www.chinanationalnews.com/news/278927853/trump-visit-has-nothing-to-do-with-strait-of-hormuz-closure-china-mfa,,
2026-03-17,19,2026-03-17 20:00:00+00:00,0.5725006548679368,0.6687096357345581,0.283873712268073,-2.9585798,newyorkstatesman.com,Trump Visit Has Nothing To Do With Strait Of Hormuz Closure China Mfa,http://www.newyorkstatesman.com/news/278927853/trump-visit-has-nothing-to-do-with-strait-of-hormuz-closure-china-mfa,,
2026-03-17,20,2026-03-17 18:00:00+00:00,0.5725006548679368,0.6687096357345581,0.283873712268073,-2.9585798,newyorktelegraph.com,Trump Visit Has Nothing To Do With Strait Of Hormuz Closure China Mfa,http://www.newyorktelegraph.com/news/278927853/trump-visit-has-nothing-to-do-with-strait-of-hormuz-closure-china-mfa,,
2026-03-17,21,2026-03-17 17:00:00+00:00,0.5725006548679368,0.6687096357345581,0.283873712268073,-2.9585798,shanghainews.net,Trump Visit Has Nothing To Do With Strait Of Hormuz Closure China Mfa,http://www.shanghainews.net/news/278927853/trump-visit-has-nothing-to-do-with-strait-of-hormuz-closure-china-mfa,,
2026-03-17,22,2026-03-17 17:00:00+00:00,0.5725006548679368,0.6687096357345581,0.283873712268073,-2.9498525,bignewsnetwork.com,Trump Visit Has Nothing To Do With Strait Of Hormuz Closure China Mfa,http://www.bignewsnetwork.com/news/278927853/trump-visit-has-nothing-to-do-with-strait-of-hormuz-closure-china-mfa,,
2026-03-17,23,2026-03-17 14:00:00+00:00,0.5721934362032313,0.7418611645698547,0.06319025110336102,-4.347826,theamericanconservative.com,Trump To Reschedule China Summit With Xi,https://www.theamericanconservative.com/trump-to-reschedule-china-summit-with-xi/,,
2026-03-17,24,2026-03-17 21:00:00+00:00,0.5689245231088113,0.7287324666976929,0.08950069234216622,-2.5316455,hudson.org,Can Trump Beat China Winning Iran Zineb Riboua,https://www.hudson.org/foreign-policy/can-trump-beat-china-winning-iran-zineb-riboua,,
2026-03-17,25,2026-03-17 14:00:00+00:00,0.5677464724231305,0.7238085269927979,0.09956030871412815,-2.9761906,newkerala.com,Trumps Visit Nothing Do Strait Hormuz Closure China 980,https://www.newkerala.com/news/a/trumps-visit-nothing-do-strait-hormuz-closure-china-980.htm,,
2026-03-17,26,2026-03-17 22:00:00+00:00,0.565842177308593,0.6186323761940002,0.40747158065237127,1.6393442,actionnews5.com,President Trump Visit Memphis Monday,https://www.actionnews5.com/2026/03/17/president-trump-visit-memphis-monday/,,
2026-03-17,27,2026-03-17 18:00:00+00:00,0.562455576623569,0.718789279460907,0.09345446811155525,-1.4613779,newkerala.com,Trump Postpones China Visit Five Six Weeks 931,https://www.newkerala.com/news/a/trump-postpones-china-visit-five-six-weeks-931.htm,,
2026-03-17,28,2026-03-17 20:00:00+00:00,0.5623443696306495,0.7257094979286194,0.07224898473673992,-1.7964072,koreatimes.co.kr,Trump Says His Meeting With Chinas Xi Will Take Place In 5 Or 6 Weeks,https://www.koreatimes.co.kr/world/20260318/trump-says-his-meeting-with-chinas-xi-will-take-place-in-5-or-6-weeks,,
2026-03-17,29,2026-03-17 00:00:00+00:00,0.5619955160880868,0.7117916941642761,0.11260698185951881,-5.5555553,theepochtimes.com,Trump Puts China Visit On Hold Amid Iran War 5999624,https://www.theepochtimes.com/us/trump-puts-china-visit-on-hold-amid-iran-war-5999624,,
2026-03-17,30,2026-03-17 05:00:00+00:00,0.5592066518926376,0.7095016837120056,0.10832155643453362,-0.40983605,en.tempo.co,Trump Delays China Visit Over Iran War,https://en.tempo.co/read/2093141/trump-delays-china-visit-over-iran-war,,
2026-03-17,31,2026-03-17 00:00:00+00:00,0.5548118275630481,0.7183114290237427,0.06431302318096466,-5.994898,bangkokpost.com,Trump Shows China How To Handle Taiwan,https://www.bangkokpost.com/opinion/opinion/3218135/trump-shows-china-how-to-handle-taiwan,,
2026-03-17,32,2026-03-17 16:00:00+00:00,0.5418340694816864,0.6881465911865234,0.10289650436717543,-2.0771513,virginiabusiness.com,Trump Proposes Delay China Visit Iran War,http://virginiabusiness.com/trump-proposes-delay-china-visit-iran-war/,,
2026-03-17,33,2026-03-17 19:00:00+00:00,0.5397023185027138,0.6955687999725342,0.07210287409325246,-2.8962188,straitstimes.com,Delay In Trumps China Visit Gives Both Sides Time To Hammer Out Trade Deal,https://www.straitstimes.com/asia/east-asia/delay-in-trumps-china-visit-gives-both-sides-time-to-hammer-out-trade-deal,,
2026-03-17,34,2026-03-17 19:00:00+00:00,0.5392901285839937,0.6917247176170349,0.08198636148487026,-1.6032064,aninews.in,Trump Postpones China Visit By Five Or Six Weeks20260317225535,https://aninews.in/news/world/us/trump-postpones-china-visit-by-five-or-six-weeks20260317225535/,,
2026-03-17,35,2026-03-17 03:00:00+00:00,0.5376360244368126,0.6690798997879028,0.1433043983835419,-3.0821917,businesstimes.com.sg,Will China Send Warships Strait Hormuz,https://www.businesstimes.com.sg/international/will-china-send-warships-strait-hormuz,,
2026-03-17,36,2026-03-17 20:00:00+00:00,0.535144996697467,0.6926173567771912,0.06272791645829416,-3.5386631,express.co.uk,Poll Should King Charles Still Visit Us,https://www.express.co.uk/news/royal/2183364/poll-should-king-charles-still-visit-US,,
2026-03-17,37,2026-03-17 08:00:00+00:00,0.5337475717741282,0.686639666557312,0.07507128742457683,-2.8608582,openthemagazine.com,Iran Conflict Could End Soon Says Trump Signals Possible Delay Of China Visit,https://openthemagazine.com/world/iran-conflict-could-end-soon-says-trump-signals-possible-delay-of-china-visit,,
2026-03-17,38,2026-03-17 20:00:00+00:00,0.532499228785839,0.6762058138847351,0.10137947348915057,-1.1904762,chicagotribune.com,Trump China Iran,https://www.chicagotribune.com/2026/03/17/trump-china-iran/,,
2026-03-17,39,2026-03-17 16:00:00+00:00,0.5311731132391279,0.6843177676200867,0.07173915009625155,-7.5757575,worldpoliticsreview.com,China Xi Us Trump Iran War,https://www.worldpoliticsreview.com/china-xi-us-trump-iran-war/,,
2026-03-17,40,2026-03-17 18:00:00+00:00,0.5252441071988695,0.6731313467025757,0.08158238868775089,-2.6190476,pakistantoday.com.pk,China Steps In,https://www.pakistantoday.com.pk/2026/03/17/china-steps-in,,
2026-03-17,41,2026-03-17 01:00:00+00:00,0.5240199166980035,0.6777079105377197,0.06295593517885506,-2.1118011,theguardian.com,Trump China Summit Iran War,https://www.theguardian.com/us-news/2026/mar/16/trump-china-summit-iran-war,,
2026-03-17,42,2026-03-17 17:00:00+00:00,0.5198727135740695,0.6709869503974915,0.06653000310380376,-1.2326657,inquirer.com,President Trump China Iran 20260317,https://www.inquirer.com/news/nation-world/president-trump-china-iran-20260317.html,,
2026-03-17,43,2026-03-17 02:00:00+00:00,0.5167168536626717,0.6505540013313293,0.11520541065669879,-7.7490773,rawstory.com,Columbia Trump,https://www.rawstory.com/columbia-trump/,,
2026-03-17,44,2026-03-17 14:00:00+00:00,0.5155964513943935,0.6606504321098328,0.08043450924807566,-1.4925373,express.co.uk,King Charles State Visit Donald Trump,https://www.express.co.uk/news/royal/2183255/king-charles-state-visit-donald-trump,,
2026-03-17,45,2026-03-17 13:00:00+00:00,0.5126525165988987,0.6449553966522217,0.11574387643892954,-3.961965,metro.co.uk,Will Take Trump End Nationwide Blackout Cuba 27487494,https://metro.co.uk/2026/03/17/will-take-trump-end-nationwide-blackout-cuba-27487494/,,
2026-03-17,46,2026-03-17 11:00:00+00:00,0.5108933592849391,0.6033449172973633,0.23353868524766624,5.194805,globalsecurity.org,China 260316 Globaltimes01,https://www.globalsecurity.org/wmd/library/news/china/2026/03/china-260316-globaltimes01.htm,,
2026-03-17,47,2026-03-17 03:00:00+00:00,0.5033496273220276,0.6451675891876221,0.07789574172524429,-6.042296,firstpost.com,Xi Can Wait Trump Delays China Visit An Admission That Iran War Is Far From Over 13990198,https://www.firstpost.com/world/xi-can-wait-trump-delays-china-visit-an-admission-that-iran-war-is-far-from-over-13990198.html,,
2026-03-17,48,2026-03-17 18:00:00+00:00,0.5012064743952338,0.6457046270370483,0.06771201646979016,-1.6260163,globalnews.ca,Trump China Meeting Delayed Iran,https://globalnews.ca/news/11734683/trump-china-meeting-delayed-iran/,,
2026-03-17,49,2026-03-17 06:00:00+00:00,0.5007850238525292,0.6293115615844727,0.11520541065669879,0.0,politicaldog101.com,Syrians Trump,https://politicaldog101.com/tag/syrians-trump/,,
2026-03-17,50,2026-03-17 22:00:00+00:00,0.5000411327336929,0.6405481696128845,0.07852002209611812,-2.617801,10news.com,Trump Delays His China Visit By About 5 Or 6 Weeks To Focus On The War In Iran,https://www.10news.com/politics/the-president/trump-delays-his-china-visit-by-about-5-or-6-weeks-to-focus-on-the-war-in-iran,,
2026-03-17,51,2026-03-17 20:00:00+00:00,0.5000411327336929,0.6405481696128845,0.07852002209611812,-2.617801,koaa.com,Trump Delays His China Visit By About 5 Or 6 Weeks To Focus On The War In Iran,https://www.koaa.com/politics/the-president/trump-delays-his-china-visit-by-about-5-or-6-weeks-to-focus-on-the-war-in-iran,,
2026-03-17,52,2026-03-17 19:00:00+00:00,0.5000411327336929,0.6405481696128845,0.07852002209611812,-2.617801,katc.com,Trump Delays His China Visit By About 5 Or 6 Weeks To Focus On The War In Iran,https://www.katc.com/politics/the-president/trump-delays-his-china-visit-by-about-5-or-6-weeks-to-focus-on-the-war-in-iran,,
2026-03-17,53,2026-03-17 18:00:00+00:00,0.498696443952928,0.64116370677948,0.07129465547327214,0.0,newstalkkit.com,China Buying More Ag,https://newstalkkit.com/ixp/1144/p/china-buying-more-ag/,,
2026-03-17,54,2026-03-17 13:00:00+00:00,0.4968688076625428,0.6416229009628296,0.06260652776168252,-1.4984227,livemint.com,Trump Shifts Us China Strategy On Trade To Dealmaking 11773749452454,https://www.livemint.com/global/trump-shifts-us-china-strategy-on-trade-to-dealmaking-11773749452454.html,,
2026-03-17,55,2026-03-17 22:00:00+00:00,0.491041982110508,0.6303457021713257,0.07313082192805476,-3.1884058,heraldglobe.com,They Will Do Nothing For Us Trump On Nato,http://www.heraldglobe.com/news/278928217/they-will-do-nothing-for-us-trump-on-nato,,
2026-03-17,56,2026-03-17 22:00:00+00:00,0.491041982110508,0.6303457021713257,0.07313082192805476,-3.2069972,heraldglobe.com,They Will Do Nothing For Us Trump On Nato,http://www.heraldglobe.com/news/278928229/they-will-do-nothing-for-us-trump-on-nato,,
2026-03-17,57,2026-03-17 22:00:00+00:00,0.491041982110508,0.6303457021713257,0.07313082192805476,-3.1884058,iranherald.com,They Will Do Nothing For Us Trump On Nato,http://www.iranherald.com/news/278928217/they-will-do-nothing-for-us-trump-on-nato,,
2026-03-17,58,2026-03-17 22:00:00+00:00,0.491041982110508,0.6303457021713257,0.07313082192805476,-3.1791906,bignewsnetwork.com,They Will Do Nothing For Us Trump On Nato,http://www.bignewsnetwork.com/news/278928217/they-will-do-nothing-for-us-trump-on-nato,,
2026-03-17,59,2026-03-17 12:00:00+00:00,0.4906178794499116,0.6277984380722046,0.0790762035830325,-1.7647059,scmp.com,Will Postponed Trump Xi Summit Affect Us Arms Sales Taiwan,https://www.scmp.com/news/china/politics/article/3346914/will-postponed-trump-xi-summit-affect-us-arms-sales-taiwan,,
2026-03-17,60,2026-03-17 03:00:00+00:00,0.4883226241830687,0.6150758266448975,0.10806301679758235,-0.92378753,newsweek.com,Trump Will Negotiate Cuba Condition Report 11687159,https://www.newsweek.com/trump-will-negotiate-cuba-condition-report-11687159,,
2026-03-17,61,2026-03-17 02:00:00+00:00,0.487625167652311,0.6117650866508484,0.11520541065669879,-2.8169014,rawstory.com,Trump 2676238175,https://www.rawstory.com/trump-2676238175/,,
2026-03-17,62,2026-03-17 05:00:00+00:00,0.48600761680239646,0.6096083521842957,0.11520541065669879,-4.6728973,rawstory.com,Trump 2676258535,https://www.rawstory.com/trump-2676258535/,,
2026-03-17,63,2026-03-17 02:00:00+00:00,0.4846654394113442,0.6078187823295593,0.11520541065669879,-1.1235955,rawstory.com,Trump 2676247953,https://www.rawstory.com/trump-2676247953/,,
2026-03-17,64,2026-03-17 20:00:00+00:00,0.48466439599013195,0.6028141975402832,0.1302149913396782,-2.7027028,nikkei.com,Takaichi S Us Visit What Will Japan Say To Trump On Iran,https://asia.nikkei.com/spotlight/iran-tensions/takaichi-s-us-visit-what-will-japan-say-to-trump-on-iran,,
2026-03-17,65,2026-03-17 20:00:00+00:00,0.48465028493041007,0.6077985763549805,0.11520541065669879,-2.4691358,rawstory.com,Trump 2676264818,https://www.rawstory.com/trump-2676264818/,,
2026-03-17,66,2026-03-17 11:00:00+00:00,0.4842277476035973,0.6072351932525635,0.11520541065669879,1.3215859,rawstory.com,Trump 2676262645,https://www.rawstory.com/trump-2676262645/,,
2026-03-17,67,2026-03-17 16:00:00+00:00,0.48180204717749564,0.6040009260177612,0.11520541065669879,-3.7037036,rawstory.com,Trump 2676264296,https://www.rawstory.com/trump-2676264296/,,
2026-03-17,68,2026-03-17 05:00:00+00:00,0.4817749552972361,0.6105005741119385,0.09559809885312885,1.7674419,spotlightnepal.com,New Government How It Will Deal India China And United States,https://www.spotlightnepal.com/2026/03/17/new-government-how-it-will-deal-india-china-and-united-states/,,
2026-03-17,69,2026-03-17 16:00:00+00:00,0.48126797465914695,0.6032888293266296,0.11520541065669879,-0.5050505,rawstory.com,Trump 2676264498,https://www.rawstory.com/trump-2676264498/,,
2026-03-17,70,2026-03-17 05:00:00+00:00,0.48116886703604667,0.6031566858291626,0.11520541065669879,-1.5873016,rawstory.com,Trump 2676259393,https://www.rawstory.com/trump-2676259393/,,
2026-03-17,71,2026-03-17 17:00:00+00:00,0.48115496059180424,0.6137144565582275,0.08347647269253436,-2.3980815,aol.co.uk,Delay Kings Visit America Says 165901682,https://www.aol.co.uk/articles/delay-kings-visit-america-says-165901682.html,,
2026-03-17,72,2026-03-17 14:00:00+00:00,0.48031700438332303,0.6203480958938599,0.06022372985171259,-3.033839,elpais.com,Trump Says He Will Be Having The Honor Of Taking Cuba,https://english.elpais.com/usa/2026-03-17/trump-says-he-will-be-having-the-honor-of-taking-cuba.html,,
2026-03-17,73,2026-03-17 08:00:00+00:00,0.47116174738860606,0.6065419912338257,0.06502101585294723,-1.3605442,irishtimes.com,Trump Says He Will Have The Honour Of Taking Cuba Amid Power Blackout,https://www.irishtimes.com/world/americas/2026/03/17/trump-says-he-will-have-the-honour-of-taking-cuba-amid-power-blackout/,,
2026-03-18,1,2026-03-18 05:00:00+00:00,0.663060348844716,0.7023192644119263,0.5452836021430852,-16.32653,businessghana.com,Will Trump Help Or Hinder Zimbabwe,http://www.businessghana.com/site/news/politics/345210/Will-Trump-help-or-hinder-Zimbabwe,,
2026-03-18,2,2026-03-18 08:00:00+00:00,0.6396378702932317,0.7444330453872681,0.3252523450111227,4.1666665,bignewsnetwork.com,China To Continue Maintaining Communication With Us Regarding Trump Visit Spokesperson,http://www.bignewsnetwork.com/news/278929212/china-to-continue-maintaining-communication-with-us-regarding-trump-visit-spokesperson,,
2026-03-18,3,2026-03-18 05:00:00+00:00,0.6303388827577641,0.7440979480743408,0.2890616868080336,-1.8050542,dawn.com,China Says Delay In Trump Visit Not Linked To Hormuz Closure,https://www.dawn.com/news/1983256/china-says-delay-in-trump-visit-not-linked-to-hormuz-closure,,
2026-03-18,4,2026-03-18 08:00:00+00:00,0.5764402921078258,0.7312624454498291,0.11197383208181558,-2.9498525,wsgw.com,Trump Says China Trip Will Be Delayed Because Of Iran War,https://www.wsgw.com/trump-says-china-trip-will-be-delayed-because-of-iran-war/,,
2026-03-18,5,2026-03-18 15:00:00+00:00,0.5719460486544053,0.7350390553474426,0.08266702857529339,-2.7113237,businesstimes.com.sg,Delay Trumps China Visit Gives Both Sides Time Hammer Out Trade Deal,https://www.businesstimes.com.sg/international/delay-trumps-china-visit-gives-both-sides-time-hammer-out-trade-deal,,
2026-03-18,6,2026-03-18 20:00:00+00:00,0.5699070109871305,0.6064093112945557,0.460400110064855,-5.1122193,aawsat.com,5252763 Will Trump Abandon War And Drag Gulf It,https://english.aawsat.com/opinion/5252763-will-trump-abandon-war-and-drag-gulf-it,,
2026-03-18,7,2026-03-18 05:00:00+00:00,0.565842177308593,0.6186323761940002,0.40747158065237127,1.6393442,kait8.com,President Trump Visit Memphis Monday,https://www.kait8.com/2026/03/17/president-trump-visit-memphis-monday/,,
2026-03-18,8,2026-03-18 01:00:00+00:00,0.565842177308593,0.6186323761940002,0.40747158065237127,1.6393442,wsmv.com,President Trump Visit Memphis Monday,https://www.wsmv.com/2026/03/17/president-trump-visit-memphis-monday/,,
2026-03-18,9,2026-03-18 03:00:00+00:00,0.5527942258498139,0.7092518210411072,0.0834214402759337,-2.8846154,asianews.network,China Us Stay In Touch On Date Of President Trumps Visit Says Chinese Foreign Ministry,https://asianews.network/china-us-stay-in-touch-on-date-of-president-trumps-visit-says-chinese-foreign-ministry/,,
2026-03-18,10,2026-03-18 19:00:00+00:00,0.5373158314901926,0.6925227642059326,0.07169503334297224,-0.65789473,vanityfair.com,King Charles Donald Trump State Visit,https://www.vanityfair.com/style/story/king-charles-donald-trump-state-visit,,
2026-03-18,11,2026-03-18 16:00:00+00:00,0.5343326082194984,0.675313413143158,0.11139019344851944,0.0,yahoo.com,Us Assesses China Not Currently 151356368,https://www.yahoo.com/news/articles/us-assesses-china-not-currently-151356368.html,,
2026-03-18,12,2026-03-18 20:00:00+00:00,0.5336620407648182,0.6902154684066772,0.06400175783924084,-4.347826,wn.com,Trump Talk About Taking Over Countries Will Come Back To Bit,https://article.wn.com/view/2026/03/18/Trump_talk_about_taking_over_countries_will_come_back_to_bit/,,
2026-03-18,13,2026-03-18 05:00:00+00:00,0.5259287055463354,0.6763598322868347,0.07463532532483763,-4.8076925,scmp.com,Delayed Us China Summit Raises Stakes Takaichi Ahead White House Visit,https://www.scmp.com/news/china/diplomacy/article/3346959/delayed-us-china-summit-raises-stakes-takaichi-ahead-white-house-visit,,
2026-03-18,14,2026-03-18 14:00:00+00:00,0.5257238027299604,0.679183840751648,0.06534368866489808,1.6949153,newkerala.com,Japanese Pm Takaichi Visit Us Hold Talks Trump 902,https://www.newkerala.com/news/a/japanese-pm-takaichi-visit-us-hold-talks-trump-902.htm,,
2026-03-18,15,2026-03-18 19:00:00+00:00,0.5235385441956851,0.6763063073158264,0.06523525483526128,0.7534984,thetimes.com,King Charles Us State Visit Schedule Trump 0X9Pb0L5G,https://www.thetimes.com/uk/royal-family/article/king-charles-us-state-visit-schedule-trump-0x9pb0l5g,,
2026-03-18,16,2026-03-18 15:00:00+00:00,0.5215526632164381,0.6638420224189758,0.09468458560882478,-2.4546425,prescottenews.com,Trump Puts China Visit On Hold Amid Iran War The Epoch Times,https://prescottenews.com/2026/03/16/trump-puts-china-visit-on-hold-amid-iran-war-the-epoch-times/,,
2026-03-18,17,2026-03-18 01:00:00+00:00,0.519049920082498,0.6712614893913269,0.06241521215601097,8.256881,dealstreetasia.com,Greater China Deal Review Q4 2025,https://www.dealstreetasia.com/reports/greater-china-deal-review-q4-2025,,
2026-03-18,18,2026-03-18 08:00:00+00:00,0.5159689890414648,0.6626080274581909,0.07605187379128657,-3.1837916,express.co.uk,Donald Trump King Charles State Visit Latest,https://www.express.co.uk/news/royal/2183475/donald-trump-king-charles-state-visit-latest,,
2026-03-18,19,2026-03-18 07:00:00+00:00,0.5156716521346411,0.6624009013175964,0.07548390458577481,-2.9810297,cnn.com,Trump King Charles Visit Iran Intl,https://us.cnn.com/2026/03/18/europe/trump-king-charles-visit-iran-intl,,
2026-03-18,20,2026-03-18 07:00:00+00:00,0.5156716521346411,0.6624009013175964,0.07548390458577481,-2.9810297,cnn.com,Trump King Charles Visit Iran Intl,https://edition.cnn.com/2026/03/18/europe/trump-king-charles-visit-iran-intl,,
2026-03-18,21,2026-03-18 04:00:00+00:00,0.5156716521346411,0.6624009013175964,0.07548390458577481,-2.9810297,cnn.com,Trump King Charles Visit Iran Intl,https://www.cnn.com/2026/03/18/europe/trump-king-charles-visit-iran-intl,,
2026-03-18,22,2026-03-18 12:00:00+00:00,0.5144978588357872,0.6616096496582031,0.07316248636853959,-0.6289308,time.com,Iran Israel China India Trump War,https://time.com/article/2026/03/18/iran-israel-china-india-trump-war/,,
2026-03-18,23,2026-03-18 15:00:00+00:00,0.5115529138096628,0.6560720205307007,0.07799559364654915,-2.7888446,theweek.com,King Charles State Visit Us America Trump,https://theweek.com/world-news/king-charles-state-visit-us-america-trump,,
2026-03-18,24,2026-03-18 14:00:00+00:00,0.5102791781240122,0.6025260090827942,0.23353868524766624,4.916201,globalsecurity.org,China 260317 Globaltimes02,https://www.globalsecurity.org/wmd/library/news/china/2026/03/china-260317-globaltimes02.htm,,
2026-03-18,25,2026-03-18 15:00:00+00:00,0.5085966226102636,0.6555793285369873,0.06764850483009263,-3.524229,cbc.ca,Trump China Summit Negotation 9.7133084,https://www.cbc.ca/news/world/trump-china-summit-negotation-9.7133084,,
2026-03-18,26,2026-03-18 02:00:00+00:00,0.5029551097595116,0.6322050094604492,0.11520541065669879,-3.4140968,alternet.org,Wsj Trump,https://www.alternet.org/wsj-trump/,,
2026-03-18,27,2026-03-18 13:00:00+00:00,0.4955909068040162,0.6353511214256287,0.07631026293917867,-2.4663677,newsday.com,Trump Tariffs Manufacturing China K94725,https://www.newsday.com/news/nation/trump-tariffs-manufacturing-china-k94725,,
2026-03-18,28,2026-03-18 11:00:00+00:00,0.49265844793266445,0.6232814788818359,0.10078935508515001,0.466563,sun-sentinel.com,History Will Judge Trump Harshly Letters To The Editor,https://www.sun-sentinel.com/2026/03/18/history-will-judge-trump-harshly-letters-to-the-editor/,,
2026-03-18,29,2026-03-18 02:00:00+00:00,0.4919681557857415,0.6175557374954224,0.11520541065669879,-4.0,rawstory.com,Trump 2676269234,https://www.rawstory.com/trump-2676269234/,,
2026-03-18,30,2026-03-18 05:00:00+00:00,0.491041982110508,0.6303457021713257,0.07313082192805476,-3.1791906,2lt.com.au,They Will Do Nothing For Us Trump On Nato,https://www.2lt.com.au/they-will-do-nothing-for-us-trump-on-nato/,,
2026-03-18,31,2026-03-18 01:00:00+00:00,0.491041982110508,0.6303457021713257,0.07313082192805476,-3.1884058,australiannews.net,They Will Do Nothing For Us Trump On Nato,http://www.australiannews.net/news/278928217/they-will-do-nothing-for-us-trump-on-nato,,
2026-03-18,32,2026-03-18 01:00:00+00:00,0.491041982110508,0.6303457021713257,0.07313082192805476,-3.1884058,sydneysun.com,They Will Do Nothing For Us Trump On Nato,http://www.sydneysun.com/news/278928217/they-will-do-nothing-for-us-trump-on-nato,,
2026-03-18,33,2026-03-18 00:00:00+00:00,0.491041982110508,0.6303457021713257,0.07313082192805476,-3.1884058,philippinetimes.com,They Will Do Nothing For Us Trump On Nato,http://www.philippinetimes.com/news/278928217/they-will-do-nothing-for-us-trump-on-nato,,
2026-03-18,34,2026-03-18 05:00:00+00:00,0.4875248977386376,0.6116313934326172,0.11520541065669879,-3.5335689,rawstory.com,Trump 2676269480,https://www.rawstory.com/trump-2676269480/,,
2026-03-18,35,2026-03-18 12:00:00+00:00,0.4869370916330239,0.6108476519584656,0.11520541065669879,-2.6548672,rawstory.com,Trump 2676270565,https://www.rawstory.com/trump-2676270565/,,
2026-03-18,36,2026-03-18 12:00:00+00:00,0.4867249736034295,0.6105648279190063,0.11520541065669879,-1.9230769,rawstory.com,Trump 2676270405,https://www.rawstory.com/trump-2676270405/,,
2026-03-18,37,2026-03-18 12:00:00+00:00,0.48346188752287833,0.6062140464782715,0.11520541065669879,-1.8609207,rawstory.com,Trump Tantrum,https://www.rawstory.com/raw-investigates/trump-tantrum/,,
2026-03-18,38,2026-03-18 19:00:00+00:00,0.48013085214728324,0.601772665977478,0.11520541065669879,-2.3715415,rawstory.com,Trump 2676291001,https://www.rawstory.com/trump-2676291001/,,
2026-03-18,39,2026-03-18 05:00:00+00:00,0.4783725517727972,0.6093975305557251,0.08529761542401354,4.884319,newscentralasia.net,National Leader Of The Turkmen People Pays Friendly Visit To China,https://www.newscentralasia.net/2026/03/18/national-leader-of-the-turkmen-people-pays-friendly-visit-to-china/,,
2026-03-18,40,2026-03-18 02:00:00+00:00,0.4748376063372293,0.6064324975013733,0.08005293284479746,-5.037037,thedailybeast.com,Political Strategist James Carville Predicts When Donald Trump Will Quit Presidency,https://www.thedailybeast.com/political-strategist-james-carville-predicts-when-donald-trump-will-quit-presidency/,,
2026-03-19,1,2026-03-19 18:00:00+00:00,0.6199698446529037,0.6642285585403442,0.48719370299058234,-5.8510637,consortiumnews.com,Will Trump Break The Nuclear Taboo,https://consortiumnews.com/2026/03/19/will-trump-break-the-nuclear-taboo/,,
2026-03-19,2,2026-03-19 14:00:00+00:00,0.5603466917387248,0.6171738505363464,0.3898652153458595,-2.7729635,fortune.com,Will Trump Commit Ground Troops Iran War Nuclear,https://fortune.com/2026/03/19/will-trump-commit-ground-troops-iran-war-nuclear/,,
2026-03-19,3,2026-03-19 23:00:00+00:00,0.5523729004679576,0.6378922462463379,0.29581486313281674,-8.125,wowo.com,Will Trump Deploy Us Troops To Seize Irans Uranium,https://wowo.com/will-trump-deploy-us-troops-to-seize-irans-uranium/,,
2026-03-19,4,2026-03-19 13:00:00+00:00,0.5334202680385276,0.6904079914093018,0.062457097926205324,-3.930131,scmp.com,Uncompromising Takaichis Meeting Trump Seen Key China Japan Ties,https://www.scmp.com/news/china/diplomacy/article/3347188/uncompromising-takaichis-meeting-trump-seen-key-china-japan-ties,,
2026-03-19,5,2026-03-19 13:00:00+00:00,0.5257950669060215,0.6596684455871582,0.12417493086261132,2.9585798,clarechampion.ie,Donald Trump Says He Will Try To Visit Clare This September,https://clarechampion.ie/donald-trump-says-he-will-try-to-visit-clare-this-september/,,
2026-03-19,6,2026-03-19 12:00:00+00:00,0.525778725654187,0.65328449010849,0.14326143229127802,-7.6923075,wn.com,Us Intel Doubts China Will Invade Taiwan In 2027,https://article.wn.com/view/2026/03/19/US_intel_doubts_China_will_invade_Taiwan_in_2027/,,
2026-03-19,7,2026-03-19 11:00:00+00:00,0.5248931584648499,0.6763920783996582,0.07039639866042491,1.1494253,dailymail.co.uk,King Charles State Visit America Donald Trump Poll,https://www.dailymail.co.uk/news/royals/article-15657193/King-Charles-state-visit-America-Donald-Trump-poll.html,,
2026-03-19,8,2026-03-19 12:00:00+00:00,0.5036022132869186,0.643817663192749,0.08295586356942734,-3.9334342,npr.org,Japan Takaichi Visit White House,https://www.npr.org/2026/03/19/g-s1-114405/japan-takaichi-visit-white-house,,
2026-03-19,9,2026-03-19 04:00:00+00:00,0.4975380310260674,0.6249822378158569,0.11520541065669879,-1.5317286,rawstory.com,Trump Ufo,https://www.rawstory.com/trump-ufo/,,
2026-03-19,10,2026-03-19 08:00:00+00:00,0.4952322193262242,0.6378293037414551,0.0674409660805315,0.48038432,cbc.ca,China Canada Business Trump Tariffs Pork 9.7133378,https://www.cbc.ca/news/world/china-canada-business-trump-tariffs-pork-9.7133378,,
2026-03-19,11,2026-03-19 14:00:00+00:00,0.49156504593278527,0.6163392066955566,0.11724256364447111,0.0,middleeasteye.net,China Says Reunification Will Solve Taiwans Energy Crisis Amid Iran War,https://www.middleeasteye.net/live-blog/live-blog-update/china-says-reunification-will-solve-taiwans-energy-crisis-amid-iran-war,,
2026-03-19,12,2026-03-19 21:00:00+00:00,0.49068791610231577,0.6268925666809082,0.08207396436653858,0.32258064,spokesman.com,Americans Believe Trump Will Send Troops Into Iran,https://www.spokesman.com/stories/2026/mar/19/americans-believe-trump-will-send-troops-into-iran/,,
2026-03-19,13,2026-03-19 20:00:00+00:00,0.49068791610231577,0.6268925666809082,0.08207396436653858,0.78740156,politicalwire.com,Americans Believe Trump Will Send Troops Into Iran,https://politicalwire.com/2026/03/19/americans-believe-trump-will-send-troops-into-iran/,,
2026-03-19,14,2026-03-19 23:00:00+00:00,0.48701956956023185,0.6109576225280762,0.11520541065669879,-1.8315018,rawstory.com,Trump 2676388164,https://www.rawstory.com/trump-2676388164/,,
2026-03-19,15,2026-03-19 10:00:00+00:00,0.4856883532033538,0.6043163537979126,0.1298043514196773,-0.26917902,gizmodo.com,Will China Beat The Us Back To The Moon 2000733544,https://gizmodo.com/will-china-beat-the-us-back-to-the-moon-2000733544,,
2026-03-19,16,2026-03-19 05:00:00+00:00,0.48441131691766465,0.6072502136230469,0.115894626801518,-1.4440433,jewishworldreview.com,China Cuba,https://jewishworldreview.com/0326/china_cuba.php,,
2026-03-19,17,2026-03-19 16:00:00+00:00,0.4836382427656075,0.6064491868019104,0.11520541065669879,-2.631579,alternet.org,Trump 2676360554,https://www.alternet.org/trump-2676360554/,,
2026-03-19,18,2026-03-19 18:00:00+00:00,0.4830423279280845,0.6221222877502441,0.06580244846160556,2.712264,pagesix.com,King Charles Queen Camilla To Visit Donald Trump Melania Trump In Washington D C,https://pagesix.com/2026/03/19/royal-family/king-charles-queen-camilla-to-visit-donald-trump-melania-trump-in-washington-d-c/,,
2026-03-20,1,2026-03-20 12:00:00+00:00,0.6382832746155123,0.6992174386978149,0.45548078236860406,-5.714286,scmp.com,China Offers Us Olive Branch Fentanyl Raids Ahead Possible Trump Visit,https://www.scmp.com/news/china/diplomacy/article/3347368/china-offers-us-olive-branch-fentanyl-raids-ahead-possible-trump-visit,,
2026-03-20,2,2026-03-20 12:00:00+00:00,0.6199698446529037,0.6642285585403442,0.48719370299058234,-7.017544,wn.com,Will Trump Break The Nuclear Taboo,https://article.wn.com/view/2026/03/20/Will_Trump_Break_the_Nuclear_Taboo/,,
2026-03-20,3,2026-03-20 09:00:00+00:00,0.6066751775169693,0.6788699626922607,0.39009082199109496,-5.394525,armstrongeconomics.com,When Will Trump Declare Victory,https://www.armstrongeconomics.com/world-news/war/when-will-trump-declare-victory/,,
2026-03-20,4,2026-03-20 09:00:00+00:00,0.591139690242095,0.6331539750099182,0.46509683593862533,-4.9396267,graphic.com.gh,Ghanas Presidential Jet Will Trump Triumph,https://www.graphic.com.gh/features/opinion/ghanas-presidential-jet-will-trump-triumph.html,,
2026-03-20,5,2026-03-20 09:00:00+00:00,0.591139690242095,0.6331539750099182,0.46509683593862533,-4.9396267,ghanamma.com,Ghanas Presidential Jet Will Trump Triumph,https://www.ghanamma.com/2026/03/20/ghanas-presidential-jet-will-trump-triumph/,,
2026-03-20,6,2026-03-20 06:00:00+00:00,0.5892678996379805,0.659883975982666,0.37741967060392406,0.0,wn.com,When Will Trump Declare Victory Will He Send In Troops,https://article.wn.com/view/2026/03/20/When_Will_Trump_Declare_Victory_Will_He_Send_In_Troops/,,
2026-03-20,7,2026-03-20 20:00:00+00:00,0.565842177308593,0.6186323761940002,0.40747158065237127,1.3513514,kfvs12.com,President Trump Visit Memphis Monday,https://www.kfvs12.com/2026/03/20/president-trump-visit-memphis-monday/,,
2026-03-20,8,2026-03-20 22:00:00+00:00,0.5521155236004887,0.7100725173950195,0.07824454221689593,-7.920792,scmp.com,What Are Real Reasons Behind Change Date Trumps China Visit,https://www.scmp.com/news/china/diplomacy/article/3347008/what-are-real-reasons-behind-change-date-trumps-china-visit,,
2026-03-20,9,2026-03-20 01:00:00+00:00,0.5315967918128,0.6779290437698364,0.09260003594169032,-1.1363636,dotchuoinon.com,Its Not China Suddenly Becoming Greater,https://dotchuoinon.com/2026/03/19/its-not-china-suddenly-becoming-greater/,,
2026-03-20,10,2026-03-20 13:00:00+00:00,0.5181560208498515,0.6607238054275513,0.09045266711675191,-2.466793,newstribune.com,Poll Americans Believe Trump Will Send Troops,https://www.newstribune.com/news/2026/mar/20/poll-americans-believe-trump-will-send-troops/,,
2026-03-20,11,2026-03-20 09:00:00+00:00,0.5159207223904764,0.6486061215400696,0.11786452494169676,-6.9491525,dailystar.co.uk,Donald Trump Will Not Hesitate 36897039,https://www.dailystar.co.uk/news/us-news/donald-trump-will-not-hesitate-36897039,,
2026-03-20,12,2026-03-20 07:00:00+00:00,0.5158518506143966,0.6673861742019653,0.06124887985169072,-0.090211995,businesstimes.com.sg,Chinas Tourists Turn Japan South East Asia Will Momentum Last,https://www.businesstimes.com.sg/opinion-features/chinas-tourists-turn-japan-south-east-asia-will-momentum-last,,
2026-03-20,13,2026-03-20 21:00:00+00:00,0.5060079874996485,0.6519080996513367,0.06830765104458406,-0.6374502,csmonitor.com,Japan Us Meeting China Security,https://www.csmonitor.com/World/Asia-Pacific/2026/0320/japan-us-meeting-china-security,,
2026-03-20,14,2026-03-20 18:00:00+00:00,0.5032934257232567,0.6326560974121094,0.11520541065669879,0.0,dailykos.com,Fawlty Trump,https://www.dailykos.com/stories/2026/3/20/2374047/-Fawlty-Trump,,
2026-03-20,15,2026-03-20 03:00:00+00:00,0.49625539857587725,0.625156044960022,0.10955345942344312,-3.7037036,yahoo.com,China Poses Pressing Threat Deterrence 022557928,https://www.yahoo.com/news/articles/china-poses-pressing-threat-deterrence-022557928.html,,
2026-03-20,16,2026-03-20 15:00:00+00:00,0.4934548107597287,0.6214032173156738,0.10960959109189326,-4.0,cnbc.com,Tim Cooks China Visit Reinforces Countrys Importance To Apple,https://www.cnbc.com/2026/03/20/tim-cooks-china-visit-reinforces-countrys-importance-to-apple-.html,,
2026-03-20,17,2026-03-20 11:00:00+00:00,0.49288645474547355,0.6187801361083984,0.11520541065669879,-4.92126,alternet.org,Trump 2676401372,https://www.alternet.org/trump-2676401372/,,
2026-03-20,18,2026-03-20 18:00:00+00:00,0.4927716270914007,0.6188616752624512,0.11450148257824931,-3.6761053,salon.com,Who Will Stop Trump On Iran,https://www.salon.com/2026/03/20/who-will-stop-trump-on-iran/,,
2026-03-20,19,2026-03-20 16:00:00+00:00,0.4923336514675042,0.618043065071106,0.11520541065669879,2.580645,rawstory.com,Trump 2676453025,https://www.rawstory.com/trump-2676453025/,,
2026-03-20,20,2026-03-20 18:00:00+00:00,0.4908249237171359,0.6338648796081543,0.06170505604408063,0.0,wn.com,Is China Finally Regretting Its Iron Brotherhood With Pakist,https://article.wn.com/view/2026/03/20/Is_China_finally_regretting_its_iron_brotherhood_with_Pakist/,,
2026-03-20,21,2026-03-20 02:00:00+00:00,0.4907456943237206,0.6159257888793945,0.11520541065669879,-0.6430868,rawstory.com,Trump 2676404605,https://www.rawstory.com/trump-2676404605/,,
2026-03-20,22,2026-03-20 03:00:00+00:00,0.4906069794141671,0.6157408356666565,0.11520541065669879,-4.0,rawstory.com,Trump 2676406051,https://www.rawstory.com/trump-2676406051/,,
2026-03-20,23,2026-03-20 14:00:00+00:00,0.48973924009436576,0.6145838499069214,0.11520541065669879,-5.490196,rawstory.com,Trump 2676449214,https://www.rawstory.com/trump-2676449214/,,
2026-03-20,24,2026-03-20 02:00:00+00:00,0.48807363299960105,0.6123630404472351,0.11520541065669879,1.0638298,rawstory.com,Trump 2676400032,https://www.rawstory.com/trump-2676400032/,,
2026-03-20,25,2026-03-20 09:00:00+00:00,0.48530034292373925,0.6113995313644409,0.10700277760163414,-1.4662757,scmp.com,Trump Ally Steve Daines Will Be First Sitting Us Senator Visit Hong Kong 2019,https://www.scmp.com/news/china/politics/article/3347302/trump-ally-steve-daines-will-be-first-sitting-us-senator-visit-hong-kong-2019,,
2026-03-20,26,2026-03-20 00:00:00+00:00,0.48245453922385184,0.6048709154129028,0.11520541065669879,-1.0256411,rawstory.com,Trump 2676398069,https://www.rawstory.com/msn/trump-2676398069/,,
2026-03-20,27,2026-03-20 12:00:00+00:00,0.48183673760268975,0.6145880222320557,0.0835828837145921,-6.736842,asiaasset.com,Will Bond Markets Bring Trump To His Senses About Costly Middle East War,https://www.asiaasset.com/analysis/will-bond-markets-bring-trump-to-his-senses-about-costly-middle-east-war/,,
2026-03-20,28,2026-03-20 16:00:00+00:00,0.4804353918431052,0.6158446073532104,0.07420774531278948,-4.0,wn.com,Most Believe Trump Will Send Us Troops Into Iran Survey,https://article.wn.com/view/2026/03/20/Most_believe_Trump_will_send_US_troops_into_Iran_Survey/,,
2026-03-20,29,2026-03-20 18:00:00+00:00,0.4799154260599038,0.6014854311943054,0.11520541065669879,-7.7702703,rawstory.com,Trump 2676451001,https://www.rawstory.com/trump-2676451001/,,
2026-03-20,30,2026-03-20 10:00:00+00:00,0.46844567136319615,0.6039390563964844,0.06196551626333153,-0.61113626,smallwarsjournal.com,A Contest Of Wills China And The Quad,https://smallwarsjournal.com/2026/03/20/a-contest-of-wills-china-and-the-quad/,,
2026-03-21,1,2026-03-21 07:00:00+00:00,0.6179266685261123,0.6947068572044373,0.3875861024911376,-0.111856826,winnipegfreepress.com,Will Trump Try The Venezuela Method In Cuba,https://www.winnipegfreepress.com/opinion/analysis/2026/03/21/will-trump-try-the-venezuela-method-in-cuba,,
2026-03-21,2,2026-03-21 22:00:00+00:00,0.6065774221942445,0.6797938942909241,0.3869280059042059,0.0,relevantradio.com,Will Trump Take Cuba And Four Films For Lent,https://relevantradio.com/2026/03/will-trump-take-cuba-and-four-films-for-lent/,,
2026-03-21,3,2026-03-21 14:00:00+00:00,0.5651516579023417,0.6328951716423035,0.36192111668245647,-3.3742332,alltoc.com,Will Trump Wind Down The Iran War,https://alltoc.com/world/will-trump-wind-down-the-iran-war,,
2026-03-21,4,2026-03-21 03:00:00+00:00,0.5492174722882386,0.6483319401741028,0.25187406863064593,-4.845815,theweek.in,Blockade Invasion Or Destruction How Far Will Trump Go To Control Kharg Island,https://www.theweek.in/news/middle-east/2026/03/21/blockade-invasion-or-destruction-how-far-will-trump-go-to-control-kharg-island.html,,
2026-03-21,5,2026-03-21 13:00:00+00:00,0.5109858153230951,0.6032830476760864,0.2340941182641208,0.0,wn.com,Trump S Recklessness Will Haunt Us For A Generation,https://article.wn.com/view/2026/03/21/Trump_s_Recklessness_Will_Haunt_Us_for_a_Generation/,,
2026-03-21,6,2026-03-21 02:00:00+00:00,0.5050388286844726,0.6511834263801575,0.06660503559741787,4.347826,dailypioneer.com,China Welcomes Vikram Appointment,https://dailypioneer.com/news/china-welcomes-vikram-appointment,,
2026-03-21,7,2026-03-21 17:00:00+00:00,0.4917673924409768,0.6172880530357361,0.11520541065669879,-7.1017275,rawstory.com,Trump 2676465361,https://www.rawstory.com/raw-investigates/trump-2676465361/,,
2026-03-21,8,2026-03-21 19:00:00+00:00,0.48985260812872855,0.6147350072860718,0.11520541065669879,-5.3846154,rawstory.com,Trump 2676524960,https://www.rawstory.com/trump-2676524960/,,
2026-03-21,9,2026-03-21 22:00:00+00:00,0.4893187789300236,0.6253964900970459,0.08108564542895676,-2.4248302,bostonglobe.com,Trump Is Finally Eyeing An Exit Iran Will He Take It,https://www.bostonglobe.com/2026/03/21/world/trump-is-finally-eyeing-an-exit-iran-will-he-take-it/,,
2026-03-21,10,2026-03-21 13:00:00+00:00,0.4891527303897759,0.6138018369674683,0.11520541065669879,-1.421801,rawstory.com,Trump 2676508703,https://www.rawstory.com/trump-2676508703/,,
2026-03-21,11,2026-03-21 17:00:00+00:00,0.4852515467845818,0.6086002588272095,0.11520541065669879,-3.3980582,rawstory.com,Trump 2676520958,https://www.rawstory.com/trump-2676520958/,,
2026-03-21,12,2026-03-21 19:00:00+00:00,0.4811869219337913,0.6184380054473877,0.06943367139300212,0.9708738,southeastagnet.com,Asa Urges Trump Prioritize Soybean Exports China Tariffs,https://southeastagnet.com/2026/03/20/asa-urges-trump-prioritize-soybean-exports-china-tariffs/,,
2026-03-21,13,2026-03-21 02:00:00+00:00,0.4737761578749068,0.6109231114387512,0.06233529718337347,4.1666665,thegamenashville.com,Okc Wont Make White House Visit Cites Timing,https://www.thegamenashville.com/2026/03/20/okc-wont-make-white-house-visit-cites-timing/,,
2026-03-22,1,2026-03-22 12:00:00+00:00,0.6514614844265969,0.671450674533844,0.5914939141048559,-0.79113925,irishcentral.com,Donald Trump Visit Logistical Nightmare,https://www.irishcentral.com/news/politics/donald-trump-visit-logistical-nightmare,,
2026-03-22,2,2026-03-22 10:00:00+00:00,0.5711340025594868,0.6879202127456665,0.22077537200094763,2.4425287,koreatimes.co.kr,Will China Ask For Samsungs Investment During Chairmans Visit,https://www.koreatimes.co.kr/business/tech-science/20260322/will-china-ask-for-samsungs-investment-during-chairmans-visit,,
2026-03-22,3,2026-03-22 00:00:00+00:00,0.5601210696649958,0.7234066724777222,0.07026426122681632,0.71770334,watchingamerica.com,China Advances Washington Worries,https://watchingamerica.com/2026/03/21/china-advances-washington-worries/,,
2026-03-22,4,2026-03-22 14:00:00+00:00,0.49632111279601066,0.6233596801757812,0.11520541065669879,4.735376,rawstory.com,Sclossberg Trump,https://www.rawstory.com/sclossberg-trump/,,
2026-03-22,5,2026-03-22 15:00:00+00:00,0.49489728789757415,0.630845308303833,0.08705322667879753,-2.1818182,battellemedia.com,Google China Congress Wakes Up,https://battellemedia.com/archives/2006/01/google_china_congress_wakes_up,,
2026-03-22,6,2026-03-22 00:00:00+00:00,0.4907996961318871,0.6159977912902832,0.11520541065669879,-3.652968,rawstory.com,Trump 2676536458,https://www.rawstory.com/trump-2676536458/,,
2026-03-22,7,2026-03-22 14:00:00+00:00,0.4901281604015252,0.6151024103164673,0.11520541065669879,-3.4782608,rawstory.com,Trump 2676570842,https://www.rawstory.com/trump-2676570842/,,
2026-03-22,8,2026-03-22 14:00:00+00:00,0.48991282458793256,0.6321187615394592,0.06329501373335256,-4.6434493,alternet.org,Trump Trapped Iran,https://www.alternet.org/trump-trapped-iran/,,
2026-03-22,9,2026-03-22 00:00:00+00:00,0.4865316310369393,0.6103070378303528,0.11520541065669879,-2.9850745,rawstory.com,Trump 2676535520,https://www.rawstory.com/trump-2676535520/,,
2026-03-22,10,2026-03-22 19:00:00+00:00,0.4834713646613976,0.6062266826629639,0.11520541065669879,-5.263158,rawstory.com,Trump 2676572416,https://www.rawstory.com/trump-2676572416/,,
2026-03-22,11,2026-03-22 15:00:00+00:00,0.4815917294076999,0.6132773756980896,0.08653479053653088,1.3089005,crooksandliars.com,Trump Strait Hormuz Will Open Itself,https://crooksandliars.com/2026/03/trump-strait-hormuz-will-open-itself,,
2026-03-22,12,2026-03-22 11:00:00+00:00,0.4804150657082119,0.6172080039978027,0.0700362508394394,-1.1494253,yahoo.com,China Pledges More Balanced Trade 110948847,https://finance.yahoo.com/economy/policy/articles/china-pledges-more-balanced-trade-110948847.html,,
2026-03-22,13,2026-03-22 23:00:00+00:00,0.4782705485453784,0.6154178380966187,0.0668286798916578,3.821656,thestar.com.my,Festive Warmth Delights Muslim Visitors From China,https://www.thestar.com.my/news/nation/2026/03/23/festive-warmth-delights-muslim-visitors-from-china,,
2026-03-22,14,2026-03-22 12:00:00+00:00,0.4754147981187881,0.6109595894813538,0.06878042403109119,1.0582011,vietnamtribune.com,China Focus China Southern Frontier Region Emerges As Medical Ai Gateway To Asean,http://www.vietnamtribune.com/news/278936560/china-focus-china-southern-frontier-region-emerges-as-medical-ai-gateway-to-asean,,
2026-03-22,15,2026-03-22 11:00:00+00:00,0.4754147981187881,0.6109595894813538,0.06878042403109119,1.0582011,myanmarnews.net,China Focus China Southern Frontier Region Emerges As Medical Ai Gateway To Asean,http://www.myanmarnews.net/news/278936560/china-focus-china-southern-frontier-region-emerges-as-medical-ai-gateway-to-asean,,
2026-03-22,16,2026-03-22 07:00:00+00:00,0.4754147981187881,0.6109595894813538,0.06878042403109119,1.0582011,laosnews.net,China Focus China Southern Frontier Region Emerges As Medical Ai Gateway To Asean,http://www.laosnews.net/news/278936560/china-focus-china-southern-frontier-region-emerges-as-medical-ai-gateway-to-asean,,
2026-03-23,1,2026-03-23 09:00:00+00:00,0.6421525287957692,0.8278017044067383,0.08520500196286229,-3.3507073,warontherocks.com,Trumps Visit To China Wont Fix Much If It Even Happens,https://warontherocks.com/2026/03/trumps-visit-to-china-wont-fix-much-if-it-even-happens/,,
2026-03-23,2,2026-03-23 16:00:00+00:00,0.5248452644378991,0.6779440641403198,0.06554886533063731,-3.6764705,time.com,China America Trump Xi War Iran,https://time.com/article/2026/03/20/china-america-trump-xi-war-iran/,,
2026-03-23,3,2026-03-23 14:00:00+00:00,0.5246406355344674,0.6611190438270569,0.11520541065669879,-4.5751634,crooksandliars.com,Talarico Terrifies Trump,https://crooksandliars.com/2026/03/talarico-terrifies-trump,,
2026-03-23,4,2026-03-23 16:00:00+00:00,0.5226142988708606,0.6682774424552917,0.0856248681175674,-5.7894735,thelocal.es,Spains Pm To Visit China For Fourth Time In As Many Years,https://www.thelocal.es/20260323/spains-pm-to-visit-china-for-fourth-time-in-as-many-years,,
2026-03-23,5,2026-03-23 06:00:00+00:00,0.5199473793741853,0.6647689342498779,0.08548271474710777,-5.487805,channelnewsasia.com,China United States Trump Xi Jinping Summit Visit Postpone Reasons Iran War Geopolitics 6010686,https://www.channelnewsasia.com/east-asia/china-united-states-trump-xi-jinping-summit-visit-postpone-reasons-iran-war-geopolitics-6010686,,
2026-03-23,6,2026-03-23 09:00:00+00:00,0.5051797980239565,0.6501611471176147,0.07023575074298175,-2.625,foxnews.com,Chad Wolf Trump Serious About China Threat Rebuilding Our Arsenal,https://www.foxnews.com/opinion/chad-wolf-trump-serious-about-china-threat-rebuilding-our-arsenal,,
2026-03-23,7,2026-03-23 15:00:00+00:00,0.4934858390533349,0.6195793151855469,0.11520541065669879,-3.7344398,rawstory.com,Trump 2676577525,https://www.rawstory.com/trump-2676577525/,,
2026-03-23,8,2026-03-23 19:00:00+00:00,0.4911429294788262,0.6164554357528687,0.11520541065669879,-0.4347826,rawstory.com,Trump 2676577503,https://www.rawstory.com/trump-2676577503/,,
2026-03-23,9,2026-03-23 19:00:00+00:00,0.49029781012171714,0.6153286099433899,0.11520541065669879,-3.187251,rawstory.com,Trump 2676579633,https://www.rawstory.com/trump-2676579633/,,
2026-03-23,10,2026-03-23 04:00:00+00:00,0.4871362456523797,0.6111131906509399,0.11520541065669879,-4.6961327,nationalmemo.com,Trump 2676573393,https://www.nationalmemo.com/trump-2676573393,,
2026-03-23,11,2026-03-23 04:00:00+00:00,0.48704817978972403,0.6109957695007324,0.11520541065669879,-4.4155846,rawstory.com,Trump 2676573296,https://www.rawstory.com/trump-2676573296/,,
2026-03-23,12,2026-03-23 10:00:00+00:00,0.4859965750419518,0.6095936298370361,0.11520541065669879,-3.8197846,rawstory.com,Trump 2676468756,https://www.rawstory.com/raw-investigates/trump-2676468756/,,
2026-03-23,13,2026-03-23 23:00:00+00:00,0.4854778268446314,0.6102308034896851,0.11121889690947043,-2.1686747,dailysignal.com,Trump Won The Battle But Will He Takeiran,https://www.dailysignal.com/2026/03/23/trump-won-the-battle-but-will-he-takeiran/,,
2026-03-23,14,2026-03-23 23:00:00+00:00,0.4736673495283975,0.600871741771698,0.09205417279849609,2.237927,eastbayri.com,"The World Will Be Visiting,138579","http://www.eastbayri.com/stories/the-world-will-be-visiting,138579",,
2026-03-23,15,2026-03-23 23:00:00+00:00,0.4735495056795109,0.603607714176178,0.08337488018950957,-6.500956,virginislandsnewsonline.com,Trump Says Ice Will Make Arrests Airports,https://www.virginislandsnewsonline.com/en/news/trump-says-ice-will-make-arrests-airports,,
2026-03-23,16,2026-03-23 23:00:00+00:00,0.4735495056795109,0.603607714176178,0.08337488018950957,-6.500956,virginislandsnewsonline.com,Trump Says Ice Will Make Arrests Airports,https://www.virginislandsnewsonline.com/en/news/trump-says-ice-will-make-arrests-airports/,,
2026-03-23,17,2026-03-23 07:00:00+00:00,0.47107150079327165,0.6047711968421936,0.06997241264650571,-3.4965036,newstatesman.com,Donald Trumps Oil Crisis Will Come For You Too,https://www.newstatesman.com/world/middle-east/2026/03/donald-trumps-oil-crisis-will-come-for-you-too,,
2026-03-23,18,2026-03-23 05:00:00+00:00,0.4670260429586897,0.6014403700828552,0.06378306158619314,3.1561463,newscentralasia.net,Turkmenistan And China A Partnership In Motion,https://www.newscentralasia.net/2026/03/23/turkmenistan-and-china-a-partnership-in-motion/,,
2026-03-23,19,2026-03-23 21:00:00+00:00,0.466669427862779,0.6008373498916626,0.06416566177612809,-0.71684587,scmp.com,Former Biden Official Says Trump Xi Summit Will Go Well Amid Unusual Circumstances,https://www.scmp.com/news/china/diplomacy/article/3347642/former-biden-official-says-trump-xi-summit-will-go-well-amid-unusual-circumstances,,
2026-03-23,20,2026-03-23 11:00:00+00:00,0.4654229152883729,0.6004202365875244,0.06043095139091815,-2.9748285,cajnewsafrica.com,Cps Backs One China Stance,https://cajnewsafrica.com/2026/03/23/cps-backs-one-china-stance/,,
2026-03-24,1,2026-03-24 01:00:00+00:00,0.5894103666670623,0.6552678346633911,0.39183796267807564,-7.7681875,americanthinker.com,Will Trump Make A Deal With Iran,https://www.americanthinker.com/blog/2026/03/will_trump_make_a_deal_with_iran.html,,
2026-03-24,2,2026-03-24 03:00:00+00:00,0.5173534319177928,0.6550303101539612,0.10432279720928758,-5.8252425,afr.com,How Trump S War On Iran Will Affect China S Taiwan Calculations 20260323 P5Rny3,https://www.afr.com/policy/foreign-affairs/how-trump-s-war-on-iran-will-affect-china-s-taiwan-calculations-20260323-p5rny3,,
2026-03-24,3,2026-03-24 05:00:00+00:00,0.5169495799981972,0.65086430311203,0.11520541065669879,-3.0558484,lewrockwell.com,Seeing Trump Clearly,https://www.lewrockwell.com/2026/03/no_author/seeing-trump-clearly/,,
2026-03-24,4,2026-03-24 20:00:00+00:00,0.5146937081062218,0.6478564739227295,0.11520541065669879,-4.328018,alternet.org,Trump Isolated,https://www.alternet.org/trump-isolated/,,
2026-03-24,5,2026-03-24 13:00:00+00:00,0.512872382503094,0.6059836149215698,0.23353868524766624,-0.78125,globalsecurity.org,China 260323 Globaltimes01,https://www.globalsecurity.org/wmd/library/news/china/2026/03/china-260323-globaltimes01.htm,,
2026-03-24,6,2026-03-24 22:00:00+00:00,0.5004115769105568,0.6446431279182434,0.0677169238874971,-1.4881743,wlrn.org,Will President Trump Act On His Threat To Take Cuba,https://www.wlrn.org/npr-breaking-news/2026-03-24/will-president-trump-act-on-his-threat-to-take-cuba,,
2026-03-24,7,2026-03-24 20:00:00+00:00,0.5004115769105568,0.6446431279182434,0.0677169238874971,-5.5555553,wcsufm.org,Will President Trump Act On His Threat To Take Cuba,https://www.wcsufm.org/latest-from-npr/2026-03-24/will-president-trump-act-on-his-threat-to-take-cuba,,
2026-03-24,8,2026-03-24 20:00:00+00:00,0.5004115769105568,0.6446431279182434,0.0677169238874971,-5.5555553,redriverradio.org,Will President Trump Act On His Threat To Take Cuba,https://www.redriverradio.org/2026-03-24/will-president-trump-act-on-his-threat-to-take-cuba,,
2026-03-24,9,2026-03-24 20:00:00+00:00,0.5004115769105568,0.6446431279182434,0.0677169238874971,-5.5555553,ksmu.org,Will President Trump Act On His Threat To Take Cuba,https://www.ksmu.org/2026-03-24/will-president-trump-act-on-his-threat-to-take-cuba,,
2026-03-24,10,2026-03-24 18:00:00+00:00,0.5004115769105568,0.6446431279182434,0.0677169238874971,-5.5555553,wwno.org,Will President Trump Act On His Threat To Take Cuba,https://www.wwno.org/npr-news/2026-03-24/will-president-trump-act-on-his-threat-to-take-cuba,,
2026-03-24,11,2026-03-24 18:00:00+00:00,0.5004115769105568,0.6446431279182434,0.0677169238874971,-5.5555553,kunc.org,Will President Trump Act On His Threat To Take Cuba,https://www.kunc.org/npr-news/2026-03-24/will-president-trump-act-on-his-threat-to-take-cuba,,
2026-03-24,12,2026-03-24 18:00:00+00:00,0.5004115769105568,0.6446431279182434,0.0677169238874971,-5.5555553,wjct.org,Will President Trump Act On His Threat To Take Cuba,https://news.wjct.org/national-news/2026-03-24/will-president-trump-act-on-his-threat-to-take-cuba,,
2026-03-24,13,2026-03-24 18:00:00+00:00,0.5004115769105568,0.6446431279182434,0.0677169238874971,-5.5555553,kvnf.org,Will President Trump Act On His Threat To Take Cuba,https://www.kvnf.org/npr-news/2026-03-24/will-president-trump-act-on-his-threat-to-take-cuba,,
2026-03-24,14,2026-03-24 18:00:00+00:00,0.5004115769105568,0.6446431279182434,0.0677169238874971,-5.5555553,wxxinews.org,Will President Trump Act On His Threat To Take Cuba,https://www.wxxinews.org/npr-news/2026-03-24/will-president-trump-act-on-his-threat-to-take-cuba,,
2026-03-24,15,2026-03-24 18:00:00+00:00,0.5004115769105568,0.6446431279182434,0.0677169238874971,-5.5555553,ketr.org,Will President Trump Act On His Threat To Take Cuba,https://www.ketr.org/2026-03-24/will-president-trump-act-on-his-threat-to-take-cuba,,
2026-03-24,16,2026-03-24 18:00:00+00:00,0.5004115769105568,0.6446431279182434,0.0677169238874971,-5.5555553,kunr.org,Will President Trump Act On His Threat To Take Cuba,https://www.kunr.org/world-headlines/2026-03-24/will-president-trump-act-on-his-threat-to-take-cuba,,
2026-03-24,17,2026-03-24 18:00:00+00:00,0.5004115769105568,0.6446431279182434,0.0677169238874971,-5.5555553,ualrpublicradio.org,Will President Trump Act On His Threat To Take Cuba,https://www.ualrpublicradio.org/npr-news/2026-03-24/will-president-trump-act-on-his-threat-to-take-cuba,,
2026-03-24,18,2026-03-24 17:00:00+00:00,0.5004115769105568,0.6446431279182434,0.0677169238874971,-5.5555553,iowapublicradio.org,Will President Trump Act On His Threat To Take Cuba,https://www.iowapublicradio.org/news-from-npr/2026-03-24/will-president-trump-act-on-his-threat-to-take-cuba,,
2026-03-24,19,2026-03-24 17:00:00+00:00,0.5004115769105568,0.6446431279182434,0.0677169238874971,-5.5555553,wutc.org,Will President Trump Act On His Threat To Take Cuba,https://www.wutc.org/2026-03-24/will-president-trump-act-on-his-threat-to-take-cuba,,
2026-03-24,20,2026-03-24 17:00:00+00:00,0.5004115769105568,0.6446431279182434,0.0677169238874971,-5.5555553,kwbu.org,Will President Trump Act On His Threat To Take Cuba,https://www.kwbu.org/latest-from-npr/2026-03-24/will-president-trump-act-on-his-threat-to-take-cuba,,
2026-03-24,21,2026-03-24 17:00:00+00:00,0.5004115769105568,0.6446431279182434,0.0677169238874971,-5.5555553,kasu.org,Will President Trump Act On His Threat To Take Cuba,https://www.kasu.org/2026-03-24/will-president-trump-act-on-his-threat-to-take-cuba,,
2026-03-24,22,2026-03-24 17:00:00+00:00,0.5004115769105568,0.6446431279182434,0.0677169238874971,-5.5555553,wsiu.org,Will President Trump Act On His Threat To Take Cuba,https://www.wsiu.org/2026-03-24/will-president-trump-act-on-his-threat-to-take-cuba,,
2026-03-24,23,2026-03-24 17:00:00+00:00,0.5004115769105568,0.6446431279182434,0.0677169238874971,-5.5555553,wcbe.org,Will President Trump Act On His Threat To Take Cuba,https://www.wcbe.org/npr-news/2026-03-24/will-president-trump-act-on-his-threat-to-take-cuba,,
2026-03-24,24,2026-03-24 17:00:00+00:00,0.5004115769105568,0.6446431279182434,0.0677169238874971,-5.5555553,publicradiotulsa.org,Will President Trump Act On His Threat To Take Cuba,https://www.publicradiotulsa.org/npr-national-news/2026-03-24/will-president-trump-act-on-his-threat-to-take-cuba,,
2026-03-24,25,2026-03-24 16:00:00+00:00,0.5004115769105568,0.6446431279182434,0.0677169238874971,-5.5555553,wkyufm.org,Will President Trump Act On His Threat To Take Cuba,https://www.wkyufm.org/news/2026-03-24/will-president-trump-act-on-his-threat-to-take-cuba,,
2026-03-24,26,2026-03-24 16:00:00+00:00,0.5004115769105568,0.6446431279182434,0.0677169238874971,-5.5555553,kuaf.com,Will President Trump Act On His Threat To Take Cuba,https://www.kuaf.com/npr-news/2026-03-24/will-president-trump-act-on-his-threat-to-take-cuba,,
2026-03-24,27,2026-03-24 16:00:00+00:00,0.5004115769105568,0.6446431279182434,0.0677169238874971,-5.5555553,klcc.org,Will President Trump Act On His Threat To Take Cuba,https://www.klcc.org/npr-news/2026-03-24/will-president-trump-act-on-his-threat-to-take-cuba,,
2026-03-24,28,2026-03-24 16:00:00+00:00,0.5004115769105568,0.6446431279182434,0.0677169238874971,-5.5555553,kacu.org,Will President Trump Act On His Threat To Take Cuba,https://www.kacu.org/2026-03-24/will-president-trump-act-on-his-threat-to-take-cuba,,
2026-03-24,29,2026-03-24 16:00:00+00:00,0.5004115769105568,0.6446431279182434,0.0677169238874971,-5.5555553,wglt.org,Will President Trump Act On His Threat To Take Cuba,https://www.wglt.org/2026-03-24/will-president-trump-act-on-his-threat-to-take-cuba,,
2026-03-24,30,2026-03-24 16:00:00+00:00,0.5004115769105568,0.6446431279182434,0.0677169238874971,-5.5555553,knpr.org,Will President Trump Act On His Threat To Take Cuba,https://knpr.org/npr/2026-03-24/will-president-trump-act-on-his-threat-to-take-cuba,,
2026-03-24,31,2026-03-24 16:00:00+00:00,0.5004115769105568,0.6446431279182434,0.0677169238874971,-6.060606,npr.org,Will President Trump Act On His Threat To Take Cuba,https://www.npr.org/2026/03/24/nx-s1-5759180/will-president-trump-act-on-his-threat-to-take-cuba,,
2026-03-24,32,2026-03-24 04:00:00+00:00,0.491039217396917,0.6163171529769897,0.11520541065669879,-5.6603775,rawstory.com,Trump 2676580725,https://www.rawstory.com/trump-2676580725/,,
2026-03-24,33,2026-03-24 04:00:00+00:00,0.48970321649862825,0.626076340675354,0.08058384396845099,1.5050167,cleantechnica.com,China Flexes Its Global Green Hydrogen Muscles Trump Or No Trump,https://cleantechnica.com/2026/03/23/china-flexes-its-global-green-hydrogen-muscles-trump-or-no-trump/,,
2026-03-24,34,2026-03-24 18:00:00+00:00,0.4894778637786503,0.6296840906143188,0.0688591832716448,-0.2988643,yahoo.com,Could China Strategy Paralyze Pentagon 143800053,https://finance.yahoo.com/sectors/energy/articles/could-china-strategy-paralyze-pentagon-143800053.html,,
2026-03-24,35,2026-03-24 13:00:00+00:00,0.4831558027707955,0.6058059334754944,0.11520541065669879,-4.531722,rawstory.com,Trump 2676611889,https://www.rawstory.com/trump-2676611889/,,
2026-03-24,36,2026-03-24 05:00:00+00:00,0.48016626786583294,0.6189907789230347,0.06369273469422773,-4.83871,thenationalnews.com,How Far Will Donald Trump Test The Madman Theory In The Us Israel War Against Iran,https://www.thenationalnews.com/opinion/comment/2026/03/24/how-far-will-donald-trump-test-the-madman-theory-in-the-us-israel-war-against-iran/,,
2026-03-24,37,2026-03-24 20:00:00+00:00,0.4788146990176202,0.6136074066162109,0.07443657622184789,-1.7015706,thedailybeast.com,Trump Puts War On Back Burner To Visit Tacky Tourist Spot,https://www.thedailybeast.com/trump-puts-war-on-back-burner-to-visit-tacky-tourist-spot/,,
2026-03-24,38,2026-03-24 16:00:00+00:00,0.47261009601596576,0.6082892417907715,0.06557265869154856,-0.5820722,bignewsnetwork.com,China Focus How China Is Making Tangible Progress In Tb Control,http://www.bignewsnetwork.com/news/278941526/china-focus-how-china-is-making-tangible-progress-in-tb-control,,
2026-03-24,39,2026-03-24 02:00:00+00:00,0.4663059430886421,0.6006429195404053,0.06329501373335256,-6.0240965,alternet.org,Trump Mess Iran,https://www.alternet.org/trump-mess-iran/,,
2026-03-25,1,2026-03-25 20:00:00+00:00,0.6886878222596892,0.8399778604507446,0.23481770768652296,0.78740156,politicalwire.com,Trump Will Visit China In May,https://politicalwire.com/2026/03/25/trump-will-visit-china-in-may/,,
2026-03-25,2,2026-03-25 17:00:00+00:00,0.6659829099469787,0.7482365965843201,0.4192218500349547,-2.012987,marinij.com,King Charles Trump Visit,https://www.marinij.com/2026/03/25/king-charles-trump-visit/,,
2026-03-25,3,2026-03-25 16:00:00+00:00,0.6659829099469787,0.7482365965843201,0.4192218500349547,-2.0103762,eastbaytimes.com,King Charles Trump Visit,https://www.eastbaytimes.com/2026/03/25/king-charles-trump-visit/,,
2026-03-25,4,2026-03-25 13:00:00+00:00,0.6659829099469787,0.7482365965843201,0.4192218500349547,-2.0116808,mercurynews.com,King Charles Trump Visit,https://www.mercurynews.com/2026/03/25/king-charles-trump-visit/,,
2026-03-25,5,2026-03-25 22:00:00+00:00,0.6248892124171624,0.7958729267120361,0.11193806953254126,-1.9559902,lasvegassun.com,Trump Will Travel To Beijing For Rescheduled China,https://lasvegassun.com/news/2026/mar/25/trump-will-travel-to-beijing-for-rescheduled-china/,,
2026-03-25,6,2026-03-25 23:00:00+00:00,0.608031429425644,0.7805206775665283,0.09056368500299122,-1.9607843,ironmountaindailynews.com,Trump Will Travel To Beijing In May,https://www.ironmountaindailynews.com/news/2026/03/trump-will-travel-to-beijing-in-may/,,
2026-03-25,7,2026-03-25 20:00:00+00:00,0.6077456852738381,0.776164174079895,0.10249021885566728,-7.142857,wn.com,Trump To Visit China On May 1415 After Delay Over Iran War,https://article.wn.com/view/2026/03/25/Trump_to_visit_China_on_May_1415_after_delay_over_Iran_war/,,
2026-03-25,8,2026-03-25 19:00:00+00:00,0.5960536655706394,0.7569776773452759,0.11328163024672999,-1.7006803,channelnewsasia.com,Iran China Trump Us Jinping Visit Beijing Trip War 6017171,https://www.channelnewsasia.com/world/iran-china-trump-us-jinping-visit-beijing-trip-war-6017171,,
2026-03-25,9,2026-03-25 23:00:00+00:00,0.5926701268706651,0.7561436891555786,0.10224944001592472,-0.8108108,heraldglobe.com,Trump To Visit China On May 14 15 After Iran War Delay,http://www.heraldglobe.com/news/278944214/trump-to-visit-china-on-may-14-15-after-iran-war-delay,,
2026-03-25,10,2026-03-25 23:00:00+00:00,0.5926701268706651,0.7561436891555786,0.10224944001592472,-0.8108108,chinanationalnews.com,Trump To Visit China On May 14 15 After Iran War Delay,http://www.chinanationalnews.com/news/278944214/trump-to-visit-china-on-may-14-15-after-iran-war-delay,,
2026-03-25,11,2026-03-25 23:00:00+00:00,0.5926701268706651,0.7561436891555786,0.10224944001592472,-0.8108108,australiannews.net,Trump To Visit China On May 14 15 After Iran War Delay,http://www.australiannews.net/news/278944214/trump-to-visit-china-on-may-14-15-after-iran-war-delay,,
2026-03-25,12,2026-03-25 23:00:00+00:00,0.5926701268706651,0.7561436891555786,0.10224944001592472,-0.8108108,hongkongherald.com,Trump To Visit China On May 14 15 After Iran War Delay,http://www.hongkongherald.com/news/278944214/trump-to-visit-china-on-may-14-15-after-iran-war-delay,,
2026-03-25,13,2026-03-25 23:00:00+00:00,0.5926701268706651,0.7561436891555786,0.10224944001592472,-0.8108108,taiwansun.com,Trump To Visit China On May 14 15 After Iran War Delay,http://www.taiwansun.com/news/278944214/trump-to-visit-china-on-may-14-15-after-iran-war-delay,,
2026-03-25,14,2026-03-25 22:00:00+00:00,0.5926701268706651,0.7561436891555786,0.10224944001592472,-0.8108108,russiaherald.com,Trump To Visit China On May 14 15 After Iran War Delay,http://www.russiaherald.com/news/278944214/trump-to-visit-china-on-may-14-15-after-iran-war-delay,,
2026-03-25,15,2026-03-25 22:00:00+00:00,0.5926701268706651,0.7561436891555786,0.10224944001592472,-0.8108108,asiabulletin.com,Trump To Visit China On May 14 15 After Iran War Delay,http://www.asiabulletin.com/news/278944214/trump-to-visit-china-on-may-14-15-after-iran-war-delay,,
2026-03-25,16,2026-03-25 22:00:00+00:00,0.5901183650869819,0.7488457560539246,0.11393619218615378,-4.255319,wn.com,Trump To Visit Xi In China Midmay After Iran Delay,https://article.wn.com/view/2026/03/25/Trump_to_visit_Xi_in_China_midMay_after_Iran_delay/,,
2026-03-25,17,2026-03-25 23:00:00+00:00,0.5875227954533755,0.7465399503707886,0.11047133070113621,1.2944983,fox35orlando.com,President Trumps Visit China Set May After Being Postponed Iran War,https://www.fox35orlando.com/news/president-trumps-visit-china-set-may-after-being-postponed-iran-war,,
2026-03-25,18,2026-03-25 22:00:00+00:00,0.5875227954533755,0.7465399503707886,0.11047133070113621,1.2944983,fox10phoenix.com,President Trumps Visit China Set May After Being Postponed Iran War,https://www.fox10phoenix.com/news/president-trumps-visit-china-set-may-after-being-postponed-iran-war,,
2026-03-25,19,2026-03-25 21:00:00+00:00,0.5875227954533755,0.7465399503707886,0.11047133070113621,1.2944983,fox7austin.com,President Trumps Visit China Set May After Being Postponed Iran War,https://www.fox7austin.com/news/president-trumps-visit-china-set-may-after-being-postponed-iran-war,,
2026-03-25,20,2026-03-25 21:00:00+00:00,0.5875227954533755,0.7465399503707886,0.11047133070113621,1.2944983,fox13news.com,President Trumps Visit China Set May After Being Postponed Iran War,https://www.fox13news.com/news/president-trumps-visit-china-set-may-after-being-postponed-iran-war,,
2026-03-25,21,2026-03-25 20:00:00+00:00,0.5875227954533755,0.7465399503707886,0.11047133070113621,1.2944983,fox26houston.com,President Trumps Visit China Set May After Being Postponed Iran War,https://www.fox26houston.com/news/president-trumps-visit-china-set-may-after-being-postponed-iran-war,,
2026-03-25,22,2026-03-25 03:00:00+00:00,0.5873181846926244,0.6762228608131409,0.3206041563310749,-4.5801525,alltoc.com,Will Trump Deploy Ice Agents To Airports,https://alltoc.com/politics/will-trump-deploy-ice-agents-to-airports,,
2026-03-25,23,2026-03-25 22:00:00+00:00,0.5871662019573773,0.7628281116485596,0.06018047288383087,-1.9138756,pasadenastarnews.com,Trump China Trip Rescheduled,https://www.pasadenastarnews.com/2026/03/25/trump-china-trip-rescheduled/,,
2026-03-25,24,2026-03-25 20:00:00+00:00,0.5871662019573773,0.7628281116485596,0.06018047288383087,-1.9138756,capitalgazette.com,Trump China Trip Rescheduled,https://www.capitalgazette.com/2026/03/25/trump-china-trip-rescheduled/,,
2026-03-25,25,2026-03-25 20:00:00+00:00,0.5871662019573773,0.7628281116485596,0.06018047288383087,-1.9138756,pilotonline.com,Trump China Trip Rescheduled,https://www.pilotonline.com/2026/03/25/trump-china-trip-rescheduled/,,
2026-03-25,26,2026-03-25 20:00:00+00:00,0.5871662019573773,0.7628281116485596,0.06018047288383087,-1.9138756,twincities.com,Trump China Trip Rescheduled,https://www.twincities.com/2026/03/25/trump-china-trip-rescheduled/,,
2026-03-25,27,2026-03-25 20:00:00+00:00,0.5871662019573773,0.7628281116485596,0.06018047288383087,-1.9138756,dailybreeze.com,Trump China Trip Rescheduled,https://www.dailybreeze.com/2026/03/25/trump-china-trip-rescheduled/,,
2026-03-25,28,2026-03-25 20:00:00+00:00,0.5871662019573773,0.7628281116485596,0.06018047288383087,-1.9138756,advocate-news.com,Trump China Trip Rescheduled,https://www.advocate-news.com/2026/03/25/trump-china-trip-rescheduled/,,
2026-03-25,29,2026-03-25 19:00:00+00:00,0.5871662019573773,0.7628281116485596,0.06018047288383087,-1.9138756,troyrecord.com,Trump China Trip Rescheduled,https://www.troyrecord.com/2026/03/25/trump-china-trip-rescheduled/,,
2026-03-25,30,2026-03-25 19:00:00+00:00,0.5871662019573773,0.7628281116485596,0.06018047288383087,-1.9138756,citizensvoice.com,Trump China Trip Rescheduled,https://www.citizensvoice.com/2026/03/25/trump-china-trip-rescheduled/,,
2026-03-25,31,2026-03-25 19:00:00+00:00,0.5871662019573773,0.7628281116485596,0.06018047288383087,-1.9138756,fortmorgantimes.com,Trump China Trip Rescheduled,https://www.fortmorgantimes.com/2026/03/25/trump-china-trip-rescheduled/,,
2026-03-25,32,2026-03-25 19:00:00+00:00,0.5871662019573773,0.7628281116485596,0.06018047288383087,-1.9138756,ocregister.com,Trump China Trip Rescheduled,https://www.ocregister.com/2026/03/25/trump-china-trip-rescheduled/,,
2026-03-25,33,2026-03-25 19:00:00+00:00,0.5871662019573773,0.7628281116485596,0.06018047288383087,-1.9138756,news-herald.com,Trump China Trip Rescheduled,https://www.news-herald.com/2026/03/25/trump-china-trip-rescheduled/,,
2026-03-25,34,2026-03-25 19:00:00+00:00,0.5871662019573773,0.7628281116485596,0.06018047288383087,-1.9138756,sun-sentinel.com,Trump China Trip Rescheduled,https://www.sun-sentinel.com/2026/03/25/trump-china-trip-rescheduled/,,
2026-03-25,35,2026-03-25 19:00:00+00:00,0.5871662019573773,0.7628281116485596,0.06018047288383087,-1.9138756,courant.com,Trump China Trip Rescheduled,https://www.courant.com/2026/03/25/trump-china-trip-rescheduled/,,
2026-03-25,36,2026-03-25 18:00:00+00:00,0.5871662019573773,0.7628281116485596,0.06018047288383087,-1.9390582,sandiegouniontribune.com,Trump China Trip Rescheduled,https://www.sandiegouniontribune.com/2026/03/25/trump-china-trip-rescheduled/,,
2026-03-25,37,2026-03-25 22:00:00+00:00,0.5868792055927838,0.7624454498291016,0.06018047288383087,-1.9138756,sgvtribune.com,Trump China Trip Rescheduled,https://www.sgvtribune.com/2026/03/25/trump-china-trip-rescheduled/,,
2026-03-25,38,2026-03-25 22:00:00+00:00,0.5868792055927838,0.7624454498291016,0.06018047288383087,-1.9138756,dailypress.com,Trump China Trip Rescheduled,https://www.dailypress.com/2026/03/25/trump-china-trip-rescheduled/,,
2026-03-25,39,2026-03-25 21:00:00+00:00,0.5868792055927838,0.7624454498291016,0.06018047288383087,-1.9138756,presstelegram.com,Trump China Trip Rescheduled,https://www.presstelegram.com/2026/03/25/trump-china-trip-rescheduled/,,
2026-03-25,40,2026-03-25 21:00:00+00:00,0.5868792055927838,0.7624454498291016,0.06018047288383087,-1.9138756,orlandosentinel.com,Trump China Trip Rescheduled,https://www.orlandosentinel.com/2026/03/25/trump-china-trip-rescheduled/,,
2026-03-25,41,2026-03-25 21:00:00+00:00,0.5868792055927838,0.7624454498291016,0.06018047288383087,-1.9138756,dailybulletin.com,Trump China Trip Rescheduled,https://www.dailybulletin.com/2026/03/25/trump-china-trip-rescheduled/,,
2026-03-25,42,2026-03-25 21:00:00+00:00,0.5868792055927838,0.7624454498291016,0.06018047288383087,-1.9138756,morningjournal.com,Trump China Trip Rescheduled,https://www.morningjournal.com/2026/03/25/trump-china-trip-rescheduled/,,
2026-03-25,43,2026-03-25 20:00:00+00:00,0.5868792055927838,0.7624454498291016,0.06018047288383087,-1.9138756,dailynews.com,Trump China Trip Rescheduled,https://www.dailynews.com/2026/03/25/trump-china-trip-rescheduled/,,
2026-03-25,44,2026-03-25 20:00:00+00:00,0.5868792055927838,0.7624454498291016,0.06018047288383087,-1.9138756,whittierdailynews.com,Trump China Trip Rescheduled,https://www.whittierdailynews.com/2026/03/25/trump-china-trip-rescheduled/,,
2026-03-25,45,2026-03-25 20:00:00+00:00,0.5868792055927838,0.7624454498291016,0.06018047288383087,-1.9138756,sbsun.com,Trump China Trip Rescheduled,https://www.sbsun.com/2026/03/25/trump-china-trip-rescheduled/,,
2026-03-25,46,2026-03-25 20:00:00+00:00,0.5868792055927838,0.7624454498291016,0.06018047288383087,-1.9138756,redlandsdailyfacts.com,Trump China Trip Rescheduled,https://www.redlandsdailyfacts.com/2026/03/25/trump-china-trip-rescheduled/,,
2026-03-25,47,2026-03-25 20:00:00+00:00,0.5868792055927838,0.7624454498291016,0.06018047288383087,-1.9138756,journal-advocate.com,Trump China Trip Rescheduled,https://www.journal-advocate.com/2026/03/25/trump-china-trip-rescheduled/,,
2026-03-25,48,2026-03-25 20:00:00+00:00,0.5868792055927838,0.7624454498291016,0.06018047288383087,-1.9138756,republicanherald.com,Trump China Trip Rescheduled,https://www.republicanherald.com/2026/03/25/trump-china-trip-rescheduled/,,
2026-03-25,49,2026-03-25 18:00:00+00:00,0.5868792055927838,0.7624454498291016,0.06018047288383087,-1.9390582,mainlinemedianews.com,Trump China Trip Rescheduled,https://www.mainlinemedianews.com/2026/03/25/trump-china-trip-rescheduled/,,
2026-03-25,50,2026-03-25 23:00:00+00:00,0.5851072037064657,0.7529982328414917,0.08143411630138771,-3.3986928,dominicanrepublicpost.com,Trump To Visit Xi Jinping In China On May 14 And 15 After Iran War Delay,https://dominicanrepublicpost.com/trump-to-visit-xi-jinping-in-china-on-may-14-and-15-after-iran-war-delay/,,
2026-03-25,51,2026-03-25 23:00:00+00:00,0.5851072037064657,0.7529982328414917,0.08143411630138771,-3.3986928,grenadachronicle.com,Trump To Visit Xi Jinping In China On May 14 And 15 After Iran War Delay,https://grenadachronicle.com/trump-to-visit-xi-jinping-in-china-on-may-14-and-15-after-iran-war-delay/,,
2026-03-25,52,2026-03-25 21:00:00+00:00,0.5851072037064657,0.7529982328414917,0.08143411630138771,-3.3986928,aljazeera.com,Trump To Visit Xi Jinping In China On May 14 And 15 After Iran War Delay,https://www.aljazeera.com/news/2026/3/25/trump-to-visit-xi-jinping-in-china-on-may-14-and-15-after-iran-war-delay,,
2026-03-25,53,2026-03-25 20:00:00+00:00,0.58445894452491,0.7464524507522583,0.09847842584286506,-2.5641026,dailysabah.com,Trump To Visit Xi In China Mid May After Iran Delay,https://www.dailysabah.com/world/americas/trump-to-visit-xi-in-china-mid-may-after-iran-delay,,
2026-03-25,54,2026-03-25 23:00:00+00:00,0.5734042453313013,0.7307018637657166,0.10151139002805551,-3.6745408,washingtonexaminer.com,Trump China Visit Xi Jinping May Iran War,https://www.washingtonexaminer.com/policy/foreign-policy/4503597/trump-china-visit-xi-jinping-may-iran-war/,,
2026-03-25,55,2026-03-25 11:00:00+00:00,0.5684092249307731,0.7328356504440308,0.07512994839099986,-2.3765996,americanthinker.com,Trump S Trifecta Advancement For America And Setbacks For China,https://www.americanthinker.com/articles/2026/03/trump_s_trifecta_advancement_for_america_and_setbacks_for_china.html,,
2026-03-25,56,2026-03-25 09:00:00+00:00,0.5658212933280473,0.6084601879119873,0.4379046095762275,-5.08647,firstthings.com,Will Trump Need To Compromise With Iran,https://firstthings.com/will-trump-need-to-compromise-with-iran/,,
2026-03-25,57,2026-03-25 21:00:00+00:00,0.5586145151477416,0.6964566707611084,0.14508804830764113,0.1908397,aol.co.uk,Trump 15Bn Plan Beat China 211527980,https://www.aol.co.uk/articles/trump-15bn-plan-beat-china-211527980.html,,
2026-03-25,58,2026-03-25 21:00:00+00:00,0.5542037153720408,0.7024445533752441,0.109481201362431,-0.8108108,aninews.in,Trump To Visit China On May 14 15 After Iran War Delay20260326024204,https://aninews.in/news/world/us/trump-to-visit-china-on-may-14-15-after-iran-war-delay20260326024204/,,
2026-03-25,59,2026-03-25 22:00:00+00:00,0.5541432614462861,0.7144181728363037,0.07331852727623346,-1.9656019,ksat.com,Trump Will Travel To Beijing For Rescheduled China Trip May 14 15 After Delay Due To Iran War,https://www.ksat.com/news/politics/2026/03/25/trump-will-travel-to-beijing-for-rescheduled-china-trip-may-14-15-after-delay-due-to-iran-war/,,
2026-03-25,60,2026-03-25 22:00:00+00:00,0.5541432614462861,0.7144181728363037,0.07331852727623346,-1.5384616,panow.com,Trump Will Travel To Beijing For Rescheduled China Trip May 14 15 After Delay Due To Iran War,https://panow.com/2026/03/25/trump-will-travel-to-beijing-for-rescheduled-china-trip-may-14-15-after-delay-due-to-iran-war/,,
2026-03-25,61,2026-03-25 22:00:00+00:00,0.5541432614462861,0.7144181728363037,0.07331852727623346,-1.9656019,latimes.com,Trump Will Travel To Beijing For Rescheduled China Trip May 14 15 After Delay Due To Iran War,https://www.latimes.com/world-nation/story/2026-03-25/trump-will-travel-to-beijing-for-rescheduled-china-trip-may-14-15-after-delay-due-to-iran-war,,
2026-03-25,62,2026-03-25 21:00:00+00:00,0.5541432614462861,0.7144181728363037,0.07331852727623346,-1.8691589,wdio.com,Trump Will Travel To Beijing For Rescheduled China Trip May 14 15 After Delay Due To Iran War,https://www.wdio.com/ap-top-news/ap-top-news-us-headlines/trump-will-travel-to-beijing-for-rescheduled-china-trip-may-14-15-after-delay-due-to-iran-war/,,
2026-03-25,63,2026-03-25 20:00:00+00:00,0.5541432614462861,0.7144181728363037,0.07331852727623346,3.7037036,ctvnews.ca,Trump Will Travel To Beijing For Rescheduled China Trip May 14 15 After Delay Due To Iran War,https://www.ctvnews.ca/world/article/trump-will-travel-to-beijing-for-rescheduled-china-trip-may-14-15-after-delay-due-to-iran-war/,,
2026-03-25,64,2026-03-25 19:00:00+00:00,0.5541432614462861,0.7144181728363037,0.07331852727623346,-1.6877637,brandonsun.com,Trump Will Travel To Beijing For Rescheduled China Trip May 14 15 After Delay Due To Iran War,https://www.brandonsun.com/world/2026/03/25/trump-will-travel-to-beijing-for-rescheduled-china-trip-may-14-15-after-delay-due-to-iran-war,,
2026-03-25,65,2026-03-25 19:00:00+00:00,0.5418099279540071,0.6979737281799316,0.07331852727623346,-2.2727273,semissourian.com,Trump Will Travel To Beijing For Rescheduled China Trip May 14 15 After Delay Due To Iran War Dff1Cbc1,https://www.semissourian.com/world/trump-will-travel-to-beijing-for-rescheduled-china-trip-may-14-15-after-delay-due-to-iran-war-dff1cbc1,,
2026-03-25,66,2026-03-25 18:00:00+00:00,0.5373457952760837,0.6942315101623535,0.06668865061727422,-1.5625,newsday.com,Trump China Trip Iran War E62627,https://www.newsday.com/news/nation/trump-china-trip-iran-war-e62627,,
2026-03-25,67,2026-03-25 16:00:00+00:00,0.5245335014063721,0.666176438331604,0.09960469063067666,-4.4014087,washingtonexaminer.com,Pollution Trump Tariffs China,https://www.washingtonexaminer.com/op-eds/4502069/pollution-trump-tariffs-china/,,
2026-03-25,68,2026-03-25 23:00:00+00:00,0.5233827440922896,0.6708241105079651,0.08105864484526308,-3.0219781,pakobserver.net,White House Confirms Trumps Mid May China Visit Despite Global Tensions,https://pakobserver.net/white-house-confirms-trumps-mid-may-china-visit-despite-global-tensions/,,
2026-03-25,69,2026-03-25 19:00:00+00:00,0.5223221803759401,0.6744199991226196,0.06602872413590187,-1.6746411,theglobeandmail.com,Article Trump Xi China Beijing Iran War,https://www.theglobeandmail.com/world/article-trump-xi-china-beijing-iran-war/,,
2026-03-25,70,2026-03-25 12:00:00+00:00,0.5107250953727381,0.6031205654144287,0.23353868524766624,-5.570652,globalsecurity.org,China 260325 Globaltimes01,https://www.globalsecurity.org/wmd/library/news/china/2026/03/china-260325-globaltimes01.htm,,
2026-03-25,71,2026-03-25 23:00:00+00:00,0.5053343437770464,0.63579261302948,0.11395953601974605,-0.9174312,dailysignal.com,Trump Reschedules Iran Delayed China Visit For May 14 15,https://www.dailysignal.com/2026/03/25/trump-reschedules-iran-delayed-china-visit-for-may-14-15/,,
2026-03-25,72,2026-03-25 16:00:00+00:00,0.49710379431618945,0.62574303150177,0.1111860827594477,11.111111,bloomberg.com,Putin Says He Will Visit Vietnam In 2026 At Talks With Premier,https://www.bloomberg.com:443/news/articles/2026-03-25/putin-says-he-will-visit-vietnam-in-2026-at-talks-with-premier,,
2026-03-25,73,2026-03-25 02:00:00+00:00,0.49347970839192384,0.6318450570106506,0.07838366253574343,5.3418803,traveldailynews.asia,China Inbound Tourism Policy,https://www.traveldailynews.asia/asia-pacific/china-inbound-tourism-policy/,,
2026-03-25,74,2026-03-25 23:00:00+00:00,0.49271129857492785,0.6311242580413818,0.07747242017556588,8.116883,travelweekly.com.au,Visit China Easier Than Ever For Australians With New 30 Day Visa Free Policy,https://travelweekly.com.au/visit-china-easier-than-ever-for-australians-with-new-30-day-visa-free-policy/,,
2026-03-25,75,2026-03-25 19:00:00+00:00,0.49231396848516135,0.6176652312278748,0.1162601802570211,-0.8064516,al-monitor.com,Trump Reschedules Iran Delayed China Visit May 14 15,https://www.al-monitor.com/originals/2026/03/trump-reschedules-iran-delayed-china-visit-may-14-15,,
2026-03-25,76,2026-03-25 12:00:00+00:00,0.4921122351133248,0.6177478432655334,0.11520541065669879,-4.347826,rawstory.com,Trump 2676616830,https://www.rawstory.com/msn/trump-2676616830/,,
2026-03-25,77,2026-03-25 01:00:00+00:00,0.4899989673339745,0.6149301528930664,0.11520541065669879,-3.75,rawstory.com,Trump 2676615768,https://www.rawstory.com/trump-2676615768/,,
2026-03-25,78,2026-03-25 19:00:00+00:00,0.48883506743544547,0.6133782863616943,0.11520541065669879,-5.291005,rawstory.com,Trump 2676618077,https://www.rawstory.com/trump-2676618077/,,
2026-03-25,79,2026-03-25 19:00:00+00:00,0.48623019544714896,0.6099051237106323,0.11520541065669879,-5.460751,rawstory.com,Trump 2676618400,https://www.rawstory.com/trump-2676618400/,,
2026-03-25,80,2026-03-25 22:00:00+00:00,0.485204683014334,0.6257346868515015,0.06361467150283157,-1.2345679,gazetaexpress.com,The Trump Xi Meeting In May Will Be A Monumental Event For The American President.,https://www.gazetaexpress.com/en/The-Trump-Xi-meeting-in-May-will-be-a-monumental-event-for-the-American-president./,,
2026-03-25,81,2026-03-25 15:00:00+00:00,0.4844078132354638,0.6074752807617188,0.11520541065669879,-4.109589,rawstory.com,Trump 2676617111,https://www.rawstory.com/trump-2676617111/,,
2026-03-25,82,2026-03-25 19:00:00+00:00,0.4827991136752984,0.6053303480148315,0.11520541065669879,-6.405694,rawstory.com,Trump 2676619033,https://www.rawstory.com/trump-2676619033/,,
2026-03-25,83,2026-03-25 21:00:00+00:00,0.4815271906713107,0.6040497422218323,0.11395953601974605,-0.90909094,en.apa.az,Trump Reschedules Iran Delayed China Visit For May 14 15 498287,https://en.apa.az/america/trump-reschedules-iran-delayed-china-visit-for-may-14-15-498287,,
2026-03-25,84,2026-03-25 16:00:00+00:00,0.47089103726144615,0.6078449487686157,0.06002930273993744,-1.004016,philstar.com,Marcos Talks China Joint Energy Exploration Possible,https://www.philstar.com/headlines/2026/03/26/2516882/marcos-talks-china-joint-energy-exploration-possible,,
2026-03-25,85,2026-03-25 08:00:00+00:00,0.47072588885377253,0.600601851940155,0.08109799959462496,-3.2024794,yahoo.com,Taiwan Wary China Could Exploit 080255538,https://www.yahoo.com/news/articles/taiwan-wary-china-could-exploit-080255538.html,,
2026-03-25,86,2026-03-25 06:00:00+00:00,0.4698086230420413,0.6025446653366089,0.07160049615833843,-5.0916495,miningjournal.net,Why Trump Will Surrender Soon But Hell Call It A Great Victory,https://www.miningjournal.net/opinion/2026/03/why-trump-will-surrender-soon-but-hell-call-it-a-great-victory/,,
